candidate_id,channel,catalog_label,url,source,result,skip_condition,access_classification,http_status,redirect_destination,response_headers,detected_stream_format,reason,retest_advice,published_query_keys,skip_code_condition
ff9771d7fcc7d4ef8d76,beIN SPORTS NEWS,beIN SPORTS NEWS,http://194.88.104.57:8108/LQ-AR-Bein-News/index.m3u8,https://github.com/jerradi/mtv,TIMEOUT,,TEMPORARY_FAILURE,,,{},unknown,Stream timeout: timed out,,[],
8db1d7b2ee0548b158e9,beIN SPORTS NEWS,beIN Sports News SD,http://forevertv.me/[access-controlled],https://raw.githubusercontent.com/ktkooot1/Ustream/HEAD/Forever%20Sport.m3u,SKIPPED_ACCESS,ACCOUNT_PATH,UNKNOWN,,,{},NOT_REQUESTED,Credential-shaped IPTV line,Find a credential-free distribution or obtain provider documentation. No HTTP request made with copied account/access parameters; subscription/geo status unconfirmed.,[],"re.search(/(?:live|iptv)/[^/]+/[^/]+/\d+(?:[./]|$), path) or re.fullmatch(/[A-Za-z0-9]{6,}/[A-Za-z0-9]{6,}/\d+(?:\.[A-Za-z0-9]+)?/?, path) and any(character.isdigit() for part in path.strip(/).split(/)[:2] for character in part)"
47cbb521415099b35b9c,beIN SPORTS NEWS,beIN Sports News 4K,http://forevertv.me/[access-controlled],https://raw.githubusercontent.com/ktkooot1/Ustream/HEAD/Forever%20Sport.m3u,SKIPPED_ACCESS,ACCOUNT_PATH,UNKNOWN,,,{},NOT_REQUESTED,Credential-shaped IPTV line,Find a credential-free distribution or obtain provider documentation. No HTTP request made with copied account/access parameters; subscription/geo status unconfirmed.,[],"re.search(/(?:live|iptv)/[^/]+/[^/]+/\d+(?:[./]|$), path) or re.fullmatch(/[A-Za-z0-9]{6,}/[A-Za-z0-9]{6,}/\d+(?:\.[A-Za-z0-9]+)?/?, path) and any(character.isdigit() for part in path.strip(/).split(/)[:2] for character in part)"
11ae35392a958e3954d1,beIN SPORTS NEWS,beIN Sports News,http://forevertv.me/[access-controlled],https://raw.githubusercontent.com/ktkooot1/Ustream/HEAD/Forever%20Sport.m3u,SKIPPED_ACCESS,ACCOUNT_PATH,UNKNOWN,,,{},NOT_REQUESTED,Credential-shaped IPTV line,Find a credential-free distribution or obtain provider documentation. No HTTP request made with copied account/access parameters; subscription/geo status unconfirmed.,[],"re.search(/(?:live|iptv)/[^/]+/[^/]+/\d+(?:[./]|$), path) or re.fullmatch(/[A-Za-z0-9]{6,}/[A-Za-z0-9]{6,}/\d+(?:\.[A-Za-z0-9]+)?/?, path) and any(character.isdigit() for part in path.strip(/).split(/)[:2] for character in part)"
0bcb964f0bac96f07d56,beIN SPORTS NEWS,beIN Sports News HD,http://forevertv.me/[access-controlled],https://raw.githubusercontent.com/ktkooot1/Ustream/HEAD/Forever%20Sport.m3u,SKIPPED_ACCESS,ACCOUNT_PATH,UNKNOWN,,,{},NOT_REQUESTED,Credential-shaped IPTV line,Find a credential-free distribution or obtain provider documentation. No HTTP request made with copied account/access parameters; subscription/geo status unconfirmed.,[],"re.search(/(?:live|iptv)/[^/]+/[^/]+/\d+(?:[./]|$), path) or re.fullmatch(/[A-Za-z0-9]{6,}/[A-Za-z0-9]{6,}/\d+(?:\.[A-Za-z0-9]+)?/?, path) and any(character.isdigit() for part in path.strip(/).split(/)[:2] for character in part)"
4f8387d5ce495eaf736a,beIN SPORTS NEWS,beIN SPORTS NEWS,http://goiptv.co:8080/live:56eed56608b644dbF/ZCjlyc8M9S/2,https://raw.githubusercontent.com/sasuki2/IPTV/HEAD/NEdaLJB.m3u,GEO_BLOCKED_OR_FORBIDDEN,,AUTH_REQUIRED,401,http://goiptv.co:8080/live:56eed56608b644dbF/ZCjlyc8M9S/2,"{""access-control-allow-origin"": ""*"", ""cf-cache-status"": ""DYNAMIC"", ""cf-ray"": ""a48703c24904b7cd-ORD"", ""connection"": ""close"", ""content-type"": ""text/html; charset=UTF-8"", ""date"": ""Sat, 10 Oct 2026 16:31:19 GMT"", ""nel"": ""{\""report_to\"":\""cf-nel\"",\""success_fraction\"":0.0,\""max_age\"":604800}"", ""report-to"": ""{\""group\"":\""cf-nel\"",\""max_age\"":604800,\""endpoints\"":[{\""url\"":\""https://a.nel.cloudflare.com/report/v4?s=ltLQyYz1NPWEXhr7%2Bd08tRkQZW0GtC0seFAk3SlDYGi2gT60Gf8q7XiQhYf1633ec453n6BX6m4jAA42ngG06ib4Pw%2BmtteQJSCt0kRX1wN1QugVXVWcF9yS25U%3D\""}]}"", ""server"": ""envoy"", ""transfer-encoding"": ""chunked"", ""x-envoy-upstream-service-time"": ""81""}",text/html; charset=UTF-8,Stream returned HTTP 401,,[],
6b695e19b6d9b4866769,beIN SPORTS NEWS,bein sports news,http://listatv.cf/prem.php?id=beinsportsnews&tk=january&f=.m3u8,https://raw.githubusercontent.com/TVCABLEAR/VIP/HEAD/PAIS/USA/2018-USA.m3u,GEO_BLOCKED_OR_FORBIDDEN,,UNKNOWN,403,http://listatv.cf/prem.php?id=beinsportsnews&tk=january&f=.m3u8,"{""connection"": ""close"", ""content-length"": ""33"", ""content-type"": ""text/plain"", ""date"": ""Sat, 10 Oct 2026 16:31:19 GMT"", ""server"": ""envoy""}",text/plain,Stream returned HTTP 403,,"['f', 'id', 'tk']",
b083ed8dd6952212cfb0,beIN SPORTS NEWS,BEIN SPORTS NEWS HD,http://m1.webvps.de/[access-controlled],https://raw.githubusercontent.com/mchoumi/mchoumi.github.io/HEAD/IPTVsports.m3u,SKIPPED_ACCESS,ACCOUNT_PATH,UNKNOWN,,,{},NOT_REQUESTED,Credential-shaped IPTV line,Find a credential-free distribution or obtain provider documentation. No HTTP request made with copied account/access parameters; subscription/geo status unconfirmed.,[],"re.search(/(?:live|iptv)/[^/]+/[^/]+/\d+(?:[./]|$), path) or re.fullmatch(/[A-Za-z0-9]{6,}/[A-Za-z0-9]{6,}/\d+(?:\.[A-Za-z0-9]+)?/?, path) and any(character.isdigit() for part in path.strip(/).split(/)[:2] for character in part)"
79798e720ca0a0589ec6,beIN SPORTS NEWS,BEIN SPORTS NEWS HD,http://m1.webvps.de/[access-controlled],https://raw.githubusercontent.com/mchoumi/mchoumi.github.io/HEAD/IPTVsports.m3u,SKIPPED_ACCESS,ACCOUNT_PATH,UNKNOWN,,,{},NOT_REQUESTED,Credential-shaped IPTV line,Find a credential-free distribution or obtain provider documentation. No HTTP request made with copied account/access parameters; subscription/geo status unconfirmed.,[],"re.search(/(?:live|iptv)/[^/]+/[^/]+/\d+(?:[./]|$), path) or re.fullmatch(/[A-Za-z0-9]{6,}/[A-Za-z0-9]{6,}/\d+(?:\.[A-Za-z0-9]+)?/?, path) and any(character.isdigit() for part in path.strip(/).split(/)[:2] for character in part)"
39a22051df8fda60571a,beIN SPORTS NEWS,BEIN SPORTS NEWS FHD ,http://m1.webvps.de/[access-controlled],https://raw.githubusercontent.com/mchoumi/mchoumi.github.io/HEAD/IPTVsports.m3u,SKIPPED_ACCESS,ACCOUNT_PATH,UNKNOWN,,,{},NOT_REQUESTED,Credential-shaped IPTV line,Find a credential-free distribution or obtain provider documentation. No HTTP request made with copied account/access parameters; subscription/geo status unconfirmed.,[],"re.search(/(?:live|iptv)/[^/]+/[^/]+/\d+(?:[./]|$), path) or re.fullmatch(/[A-Za-z0-9]{6,}/[A-Za-z0-9]{6,}/\d+(?:\.[A-Za-z0-9]+)?/?, path) and any(character.isdigit() for part in path.strip(/).split(/)[:2] for character in part)"
cfa6f4adad68331e9908,beIN SPORTS NEWS,BEIN SPORTS NEWS HD,http://sky-tv.org/[access-controlled],https://raw.githubusercontent.com/mchoumi/mchoumi.github.io/HEAD/IPTVara.m3u,SKIPPED_ACCESS,ACCOUNT_PATH,UNKNOWN,,,{},NOT_REQUESTED,Credential-shaped IPTV line,Find a credential-free distribution or obtain provider documentation. No HTTP request made with copied account/access parameters; subscription/geo status unconfirmed.,[],"re.search(/(?:live|iptv)/[^/]+/[^/]+/\d+(?:[./]|$), path) or re.fullmatch(/[A-Za-z0-9]{6,}/[A-Za-z0-9]{6,}/\d+(?:\.[A-Za-z0-9]+)?/?, path) and any(character.isdigit() for part in path.strip(/).split(/)[:2] for character in part)"
63b169eeb94dd13fab77,beIN SPORTS NEWS, beIN Sports NEWS ᴴᴰ,http://vpro.viptvclub.com/[access-controlled],https://raw.githubusercontent.com/yoyo82520/huaiptv/HEAD/HuaTV.m3u,SKIPPED_ACCESS,ACCOUNT_PATH,UNKNOWN,,,{},NOT_REQUESTED,Credential-shaped IPTV line,Find a credential-free distribution or obtain provider documentation. No HTTP request made with copied account/access parameters; subscription/geo status unconfirmed.,[],"re.search(/(?:live|iptv)/[^/]+/[^/]+/\d+(?:[./]|$), path) or re.fullmatch(/[A-Za-z0-9]{6,}/[A-Za-z0-9]{6,}/\d+(?:\.[A-Za-z0-9]+)?/?, path) and any(character.isdigit() for part in path.strip(/).split(/)[:2] for character in part)"
343b7a31cbbf44a202d4,beIN SPORTS XTRA (FAST),BEIN Sports Extra,http://104.238.222.251:9090/279422_.m3u8,https://gist.githubusercontent.com/R03nDL03n1/e3f461a6e39f8bdc3e9bf96df638fd44/raw,UNKNOWN,,TEMPORARY_FAILURE,503,http://104.238.222.251:9090/279422_.m3u8,"{""connection"": ""close"", ""content-length"": ""95"", ""content-type"": ""text/plain"", ""date"": ""Sat, 10 Oct 2026 16:31:19 GMT"", ""server"": ""envoy""}",text/plain,Mixed or insufficient failure evidence: Stream returned HTTP 503; Stream returned HTTP 503,,[],
8eaeee7cc3eb7bc290b1,beIN SPORTS XTRA (FAST),Bein Sports Xtra 1,http://b.banourahga.xyz:80/live/996256440/index.m3u8,https://raw.githubusercontent.com/idhanmario/iptv/HEAD/README.md,GEO_BLOCKED_OR_FORBIDDEN,,UNKNOWN,403,http://b.banourahga.xyz:80/live/996256440/index.m3u8,"{""connection"": ""close"", ""content-length"": ""33"", ""content-type"": ""text/plain"", ""date"": ""Sat, 10 Oct 2026 16:24:00 GMT"", ""server"": ""envoy""}",text/plain,Stream returned HTTP 403,,[],
2e8560ef49d694ce53cc,beIN SPORTS XTRA (FAST),- 🔘 Bein Sports Xtra (USA) (🇺🇸),http://bein-xtra-xumo.amagi.tv/playlist.m3u8,https://raw.githubusercontent.com/miltonja/winsports/HEAD/WINSPORTS,VIDEO_VERIFIED_PENDING_IDENTITY,,UNKNOWN,200,http://bein-xtra-xumo.amagi.tv/playlist.m3u8,"{""accept-ranges"": ""bytes"", ""cache-control"": ""max-age=3"", ""connection"": ""close"", ""content-length"": ""1170"", ""content-type"": ""application/vnd.apple.mpegurl"", ""date"": ""Sat, 10 Oct 2026 16:29:08 GMT"", ""etag"": ""\""4ab418403beba5963914398afab83fd4\"""", ""last-modified"": ""Fri, 17 Jul 2026 18:27:21 GMT"", ""server"": ""envoy"", ""via"": ""1.1 f235ff5e05e22774012a9cfbb6b38c40.cloudfront.net (CloudFront)"", ""x-amz-cf-id"": ""QuUJSF62QdFWKcrTODnjO7aVTK3kNDSvICpsHGpiTmdJ-LlUYIu2lw=="", ""x-amz-cf-pop"": ""ORD56-P17"", ""x-amz-server-side-encryption"": ""AES256"", ""x-cache"": ""RefreshHit from cloudfront"", ""x-envoy-upstream-service-time"": ""184""}",hls-master,FFprobe found video and FFmpeg decoded three frames; editorial channel identity check pending,,[],
b8b1f6ce81cc86e70ccb,beIN SPORTS XTRA (FAST),beIN SPORTS XTRA 1,http://goiptv.co:8080/live:56eed56608b644dbF/ZCjlyc8M9S/1272,https://raw.githubusercontent.com/sasuki2/IPTV/HEAD/NEdaLJB.m3u,GEO_BLOCKED_OR_FORBIDDEN,,AUTH_REQUIRED,401,http://goiptv.co:8080/live:56eed56608b644dbF/ZCjlyc8M9S/1272,"{""access-control-allow-origin"": ""*"", ""cf-cache-status"": ""DYNAMIC"", ""cf-ray"": ""a486fa82fed8f32d-ORD"", ""connection"": ""close"", ""content-type"": ""text/html; charset=UTF-8"", ""date"": ""Sat, 10 Oct 2026 16:25:00 GMT"", ""nel"": ""{\""report_to\"":\""cf-nel\"",\""success_fraction\"":0.0,\""max_age\"":604800}"", ""report-to"": ""{\""group\"":\""cf-nel\"",\""max_age\"":604800,\""endpoints\"":[{\""url\"":\""https://a.nel.cloudflare.com/report/v4?s=4CFTfo6Xp2ZTcFcWxpQscB2x2Ys47bv4HELuR0Hch4ZVH8RBw5fvebWcs%2Bkz0JCHra3AJSzY0lGdFj7oP0wgp9ORCsu2UkntFBhLfteJwrv3CZwmhydouwE5U2Q%3D\""}]}"", ""server"": ""envoy"", ""transfer-encoding"": ""chunked"", ""x-envoy-upstream-service-time"": ""63""}",text/html; charset=UTF-8,Stream returned HTTP 401,,[],
b682514aac9cdf828391,beIN SPORTS XTRA (FAST),BEIN SPORTS XTRA 1 HD,http://m1.webvps.de/[access-controlled],https://raw.githubusercontent.com/mchoumi/mchoumi.github.io/HEAD/IPTVsports.m3u,SKIPPED_ACCESS,ACCOUNT_PATH,UNKNOWN,,,{},NOT_REQUESTED,Credential-shaped IPTV line,Find a credential-free distribution or obtain provider documentation. No HTTP request made with copied account/access parameters; subscription/geo status unconfirmed.,[],"re.search(/(?:live|iptv)/[^/]+/[^/]+/\d+(?:[./]|$), path) or re.fullmatch(/[A-Za-z0-9]{6,}/[A-Za-z0-9]{6,}/\d+(?:\.[A-Za-z0-9]+)?/?, path) and any(character.isdigit() for part in path.strip(/).split(/)[:2] for character in part)"
743979120abde61c0c2b,beIN SPORTS XTRA (FAST), beIN Sports XTRA 1 ᴴᴰ,http://vpro.viptvclub.com/[access-controlled],https://raw.githubusercontent.com/yoyo82520/huaiptv/HEAD/HuaTV.m3u,SKIPPED_ACCESS,ACCOUNT_PATH,UNKNOWN,,,{},NOT_REQUESTED,Credential-shaped IPTV line,Find a credential-free distribution or obtain provider documentation. No HTTP request made with copied account/access parameters; subscription/geo status unconfirmed.,[],"re.search(/(?:live|iptv)/[^/]+/[^/]+/\d+(?:[./]|$), path) or re.fullmatch(/[A-Za-z0-9]{6,}/[A-Za-z0-9]{6,}/\d+(?:\.[A-Za-z0-9]+)?/?, path) and any(character.isdigit() for part in path.strip(/).split(/)[:2] for character in part)"
cf1272266f5dbd844bbd,beIN SPORTS XTRA (FAST),BEIN SPORTS XTRA 1 [AR],http://xown.site/[access-controlled],https://raw.githubusercontent.com/bugsfreeweb/LiveTVCollector/HEAD/LiveTV/Bangladesh/LiveTV.m3u,SKIPPED_ACCESS,ACCESS_QUERY_KEYS,UNKNOWN,,,{},NOT_REQUESTED,Credential/token/session-specific published URL; not reusable without access tokens,Find a credential-free distribution or obtain provider documentation. No HTTP request made with copied account/access parameters; subscription/geo status unconfirmed.,"['id', 'token']","query keys intersect {token,ticket,password,username,mac,play_token,wmsauthsign,hdnts,hdnea,auth}"
6c1518799f61aba9304a,beIN SPORTS XTRA (FAST),BeIN SPORTS XTRA (720p) [US],https://aegis-cloudfront-1.tubi.video/651ee7d3-e75b-4748-be86-422d43ff24b6/playlist.m3u8,https://raw.githubusercontent.com/connectfazla/livetv/HEAD/android/football_cricket.m3u,VIDEO_VERIFIED_PENDING_IDENTITY,,UNKNOWN,200,https://aegis-cloudfront-1.tubi.video/651ee7d3-e75b-4748-be86-422d43ff24b6/playlist.m3u8,"{""accept-ranges"": ""bytes"", ""age"": ""1"", ""cache-control"": ""no-cache, no-store"", ""connection"": ""close"", ""content-length"": ""1170"", ""content-type"": ""application/vnd.apple.mpegurl"", ""date"": ""Sat, 10 Oct 2026 16:23:36 GMT"", ""etag"": ""\""4ab418403beba5963914398afab83fd4\"""", ""last-modified"": ""Fri, 17 Jul 2026 18:27:21 GMT"", ""server"": ""envoy"", ""vary"": ""Origin"", ""via"": ""1.1 d4998a91f031605ae65d0bc2f0798e54.cloudfront.net (CloudFront), 1.1 d6177b660ed5ae016ca5eae463a91fb0.cloudfront.net (CloudFront)"", ""x-amz-cf-id"": ""XEZ3tcYccOYWMyLWD_2y2JvYbjJng8i4tlSYxJ-fCN4vhjjuIxJX9A=="", ""x-amz-cf-pop"": ""ORD51-P1"", ""x-amz-server-side-encryption"": ""AES256"", ""x-cache"": ""Hit from cloudfront"", ""x-envoy-upstream-service-time"": ""198"", ""x-tubi-cdn-provider"": ""aws_cloudfront""}",hls-master,FFprobe found video and FFmpeg decoded three frames; editorial channel identity check pending,,[],
3379d9f09789daf22163,beIN SPORTS XTRA (FAST),BEIN Sports xtra1,https://airmax.boats:443/airmaxtvMAX/airmaxtvXAM/618.ts,https://raw.githubusercontent.com/yousseffaouzi/playbein/HEAD/plbein.m3u,UNKNOWN,,UNKNOWN,,,{},unknown,Mixed or insufficient failure evidence: Stream connection error: Tunnel connection failed: 403 Forbidden; Stream connection error: Tunnel connection failed: 403 Forbidden,,[],
04cdb702d468f93e4edd,beIN SPORTS XTRA (FAST),BeIN Sports Xtra,https://amg01334-beinsportsllc-beinxtra-localnow-kcy6r.amagi.tv/playlist.m3u8,https://gist.githubusercontent.com/sh400sp-ctrl/6bbd74b685e6bd0b79d329767e237949/raw,VIDEO_VERIFIED_PENDING_IDENTITY,,UNKNOWN,200,https://amg01334-beinsportsllc-beinxtra-localnow-kcy6r.amagi.tv/playlist.m3u8,"{""accept-ranges"": ""bytes"", ""cache-control"": ""max-age=3"", ""connection"": ""close"", ""content-length"": ""1170"", ""content-type"": ""application/vnd.apple.mpegurl"", ""date"": ""Sat, 10 Oct 2026 16:23:39 GMT"", ""etag"": ""\""4ab418403beba5963914398afab83fd4\"""", ""last-modified"": ""Fri, 17 Jul 2026 18:27:21 GMT"", ""server"": ""envoy"", ""via"": ""1.1 452324c4cfd54555e3a2d8c074edaf78.cloudfront.net (CloudFront)"", ""x-amz-cf-id"": ""5bMqReKGV7V0TDXHboUXt7FbYYCyYSxKvd6JJDcg3Fr2cMygkUJqEg=="", ""x-amz-cf-pop"": ""ORD58-P1"", ""x-amz-server-side-encryption"": ""AES256"", ""x-cache"": ""RefreshHit from cloudfront"", ""x-envoy-upstream-service-time"": ""243""}",hls-master,FFprobe found video and FFmpeg decoded three frames; editorial channel identity check pending,,[],
03c0067e13adc6010699,beIN SPORTS XTRA (FAST),BeIN SPORTS XTRA (1080p) [Geo-blocked] [US],https://amg01334-beinsportsllc-beinxtra-samsungau-eiyvc.amagi.tv/playlist/amg01334-beinsportsllc-beinxtra-samsungau/playlist.m3u8,https://raw.githubusercontent.com/connectfazla/livetv/HEAD/android/football_cricket.m3u,GEO_BLOCKED_OR_FORBIDDEN,,UNKNOWN,403,https://amg01334-beinsportsllc-beinxtra-samsungau-eiyvc.amagi.tv/playlist/amg01334-beinsportsllc-beinxtra-samsungau/playlist.m3u8,"{""connection"": ""close"", ""content-length"": ""986"", ""content-type"": ""text/html"", ""date"": ""Sat, 10 Oct 2026 16:23:36 GMT"", ""server"": ""envoy"", ""via"": ""1.1 baa6b9a6f47a5321710f02c64abd306a.cloudfront.net (CloudFront)"", ""x-amz-cf-id"": ""pp3t3CqUElvF-SNRSup6KJ5kPbEOCfy5Kp_3QSBMhRIcYmgsDRZT9A=="", ""x-amz-cf-pop"": ""ORD58-P14"", ""x-cache"": ""Error from cloudfront"", ""x-envoy-upstream-service-time"": ""146""}",text/html,Stream returned HTTP 403,,[],
ff28bebbbc92c188d6d3,beIN SPORTS XTRA (FAST),⚽| BEIN SPORTS EXTRA hd,https://amg01334-beinsportsllc-beinxtraesp-localnow-aekzc.amagi.tv/playlist.m3u8,https://raw.githubusercontent.com/miltonja/winsports/HEAD/WINSPORTS,VIDEO_VERIFIED_PENDING_IDENTITY,,UNKNOWN,200,https://amg01334-beinsportsllc-beinxtraesp-localnow-aekzc.amagi.tv/playlist.m3u8,"{""accept-ranges"": ""bytes"", ""cache-control"": ""max-age=3"", ""connection"": ""close"", ""content-length"": ""1170"", ""content-type"": ""application/vnd.apple.mpegurl"", ""date"": ""Sat, 10 Oct 2026 16:29:09 GMT"", ""etag"": ""\""fe9ea2b0b74f527b882a85175565198f\"""", ""last-modified"": ""Fri, 14 Aug 2026 19:04:51 GMT"", ""server"": ""envoy"", ""via"": ""1.1 1a4a180d7b0f7a2c10cb34c8a8ac4d9a.cloudfront.net (CloudFront)"", ""x-amz-cf-id"": ""qRuyQvOAkN3Mx-tw39y8rPAyZm28v9lSRNwzxHLhPgd6C8LA1EynKQ=="", ""x-amz-cf-pop"": ""ORD58-P17"", ""x-amz-server-side-encryption"": ""AES256"", ""x-cache"": ""RefreshHit from cloudfront"", ""x-envoy-upstream-service-time"": ""187""}",hls-master,FFprobe found video and FFmpeg decoded three frames; editorial channel identity check pending,,[],
addb65f2e496c76b4bdc,beIN SPORTS XTRA (FAST),BeIN Sports XTRA (1080p) [US],https://bein-beinxtrasports-firetv.amagi.tv/playlist.m3u8,https://raw.githubusercontent.com/connectfazla/livetv/HEAD/android/football_cricket.m3u,VIDEO_VERIFIED_PENDING_IDENTITY,,UNKNOWN,200,https://bein-beinxtrasports-firetv.amagi.tv/playlist.m3u8,"{""accept-ranges"": ""bytes"", ""cache-control"": ""max-age=3"", ""connection"": ""close"", ""content-length"": ""1170"", ""content-type"": ""application/vnd.apple.mpegurl"", ""date"": ""Sat, 10 Oct 2026 16:23:37 GMT"", ""etag"": ""\""4ab418403beba5963914398afab83fd4\"""", ""last-modified"": ""Fri, 17 Jul 2026 18:27:21 GMT"", ""server"": ""envoy"", ""via"": ""1.1 0a85584d489a88112611dc750d430e96.cloudfront.net (CloudFront)"", ""x-amz-cf-id"": ""Zb7w38eUMjZMtk79M7_UBnL9wprgxagyqGFp1Jn8vKv-LuRq84bK1g=="", ""x-amz-cf-pop"": ""ORD56-P16"", ""x-amz-server-side-encryption"": ""AES256"", ""x-cache"": ""RefreshHit from cloudfront"", ""x-envoy-upstream-service-time"": ""230""}",hls-master,FFprobe found video and FFmpeg decoded three frames; editorial channel identity check pending,,[],
edd45c6071b123114501,beIN SPORTS XTRA (FAST),BeIN Sports Extra,https://bein-esp-xumo.amagi.tv/playlistR1080p.m3u8,https://gist.githubusercontent.com/sh400sp-ctrl/6bbd74b685e6bd0b79d329767e237949/raw,VERIFIED_DIFFERENT_EDITION_NOT_ADDED,,UNKNOWN,200,https://bein-esp-xumo.amagi.tv/playlistR1080p.m3u8,"{""accept-ranges"": ""bytes"", ""access-control-allow-methods"": ""GET,OPTIONS,HEAD"", ""access-control-allow-origin"": ""*"", ""access-control-max-age"": ""600"", ""age"": ""1"", ""cache-control"": ""max-age=3"", ""cloudfront-functions"": ""generated-by-CloudFront-Functions"", ""connection"": ""close"", ""content-length"": ""559"", ""content-type"": ""application/vnd.apple.mpegurl"", ""date"": ""Sat, 10 Oct 2026 16:23:36 GMT"", ""etag"": ""\""939695d7b9e3bb9b9517dc2faaa47093\"""", ""last-modified"": ""Sat, 10 Oct 2026 16:23:31 GMT"", ""server"": ""envoy"", ""via"": ""1.1 e747aac4641ba66807ca51b3febe7518.cloudfront.net (CloudFront)"", ""x-amz-cf-id"": ""kJ6Kb6q3-Vm9kjG_fBrhH9qa_974kir9wQ9TzqIHuk8S569xyJkKBQ=="", ""x-amz-cf-pop"": ""ORD51-P1"", ""x-amz-server-side-encryption"": ""AES256"", ""x-cache"": ""Hit from cloudfront"", ""x-envoy-upstream-service-time"": ""143""}",hls-media,"Spanish FAST edition, not numbered beIN Sports 2. Not added as a substitute; existing English XTRA preserved.",,[],
11e156d9d86f4045e682,beIN SPORTS XTRA (FAST),BeiN Sports Extra,https://bein-esp-xumo.amagi.tv/playlistR720P.m3u8,https://raw.githubusercontent.com/manikiptv/freecatv.github.io/HEAD/freecatv.m3u8,VERIFIED_DIFFERENT_EDITION_NOT_ADDED,,UNKNOWN,200,https://bein-esp-xumo.amagi.tv/playlistR720P.m3u8,"{""accept-ranges"": ""bytes"", ""access-control-allow-methods"": ""GET,OPTIONS,HEAD"", ""access-control-allow-origin"": ""*"", ""access-control-max-age"": ""600"", ""cache-control"": ""max-age=3"", ""cloudfront-functions"": ""generated-by-CloudFront-Functions"", ""connection"": ""close"", ""content-length"": ""549"", ""content-type"": ""application/vnd.apple.mpegurl"", ""date"": ""Sat, 10 Oct 2026 16:23:37 GMT"", ""etag"": ""\""c752ac379375e35021321930b2b3621e\"""", ""last-modified"": ""Sat, 10 Oct 2026 16:23:31 GMT"", ""server"": ""envoy"", ""via"": ""1.1 c883a27f520435a54b37fa4a6e2aab3c.cloudfront.net (CloudFront)"", ""x-amz-cf-id"": ""26v-yR7BCP-L5oGbDTPxyJgP-hwdDtpOeV-HyNa8Jc9Emy7K70T6sg=="", ""x-amz-cf-pop"": ""ORD51-P1"", ""x-amz-server-side-encryption"": ""AES256"", ""x-cache"": ""Miss from cloudfront"", ""x-envoy-upstream-service-time"": ""216""}",hls-media,"Spanish FAST edition, not numbered beIN Sports 2. Not added as a substitute; existing English XTRA preserved.",,[],
b0bb43693f88b159b7b3,beIN SPORTS XTRA (FAST),beIN SPORTS XTRA (1080p) [US],https://bein-xtra-bein.amagi.tv/playlist.m3u8,https://raw.githubusercontent.com/connectfazla/livetv/HEAD/android/football_cricket.m3u,VIDEO_VERIFIED_PENDING_IDENTITY,,UNKNOWN,200,https://bein-xtra-bein.amagi.tv/playlist.m3u8,"{""accept-ranges"": ""bytes"", ""cache-control"": ""max-age=3"", ""connection"": ""close"", ""content-length"": ""1170"", ""content-type"": ""application/vnd.apple.mpegurl"", ""date"": ""Sat, 10 Oct 2026 16:23:37 GMT"", ""etag"": ""\""4ab418403beba5963914398afab83fd4\"""", ""last-modified"": ""Fri, 17 Jul 2026 18:27:21 GMT"", ""server"": ""envoy"", ""via"": ""1.1 13341cbef8f057f8f84fbd4017843500.cloudfront.net (CloudFront)"", ""x-amz-cf-id"": ""WUiSBUtpRGm-94da0CwLNkkD6_rTQEJVDKs6koW6pBrcc10QWFaCXw=="", ""x-amz-cf-pop"": ""ORD58-P2"", ""x-amz-server-side-encryption"": ""AES256"", ""x-cache"": ""RefreshHit from cloudfront"", ""x-envoy-upstream-service-time"": ""211""}",hls-master,FFprobe found video and FFmpeg decoded three frames; editorial channel identity check pending,,[],
b09f4cbbadffec9fe12d,beIN SPORTS XTRA (FAST),beIN.SPORTS.XTRA,https://bein-xtra-xumo.amagi.tv/hls/amagi_hls_data_beinAAAAA-bein-xtra-xumoA/CDN/master.m3u8,https://raw.githubusercontent.com/iprtl/m3u/HEAD/Freetv.m3u,NO_VERIFIED_VIDEO,,UNKNOWN,200,https://bein-xtra-xumo.amagi.tv/ts-us-e2-n1/playlist/beinAAAAA-bein-xtra-xumoA/playlist.m3u8,"{""access-control-allow-credentials"": ""true"", ""access-control-allow-methods"": ""GET, OPTIONS"", ""access-control-allow-origin"": ""*"", ""cache-control"": ""max-age=0"", ""connection"": ""close"", ""content-length"": ""5438"", ""content-type"": ""application/vnd.apple.mpegurl"", ""date"": ""Sat, 10 Oct 2026 16:25:01 GMT"", ""server"": ""envoy"", ""via"": ""1.1 bf4d82ed0541e8e80440125c2f76d772.cloudfront.net (CloudFront), 1.1 e881b2099b9763a06f320c7f8d87d20e.cloudfront.net (CloudFront)"", ""x-amz-cf-id"": ""70111TVIAgI1PkB_kEtxpw7Y7S5B0DCMfZr0ITHjomql7I5t3Dddwg=="", ""x-amz-cf-pop"": ""ORD56-P17"", ""x-cache"": ""Miss from cloudfront"", ""x-envoy-upstream-service-time"": ""122""}",hls-master,FFprobe found no decodable video stream,,[],
1202e14ee114264656e3,beIN SPORTS XTRA (FAST),BeIN Sports XTRA (1080p) [US],https://bein-xtra-xumo.amagi.tv/playlist.m3u8,https://raw.githubusercontent.com/connectfazla/livetv/HEAD/android/football_cricket.m3u,VIDEO_VERIFIED_PENDING_IDENTITY,,UNKNOWN,200,https://bein-xtra-xumo.amagi.tv/playlist.m3u8,"{""accept-ranges"": ""bytes"", ""cache-control"": ""max-age=3"", ""connection"": ""close"", ""content-length"": ""1170"", ""content-type"": ""application/vnd.apple.mpegurl"", ""date"": ""Sat, 10 Oct 2026 16:23:37 GMT"", ""etag"": ""\""4ab418403beba5963914398afab83fd4\"""", ""last-modified"": ""Fri, 17 Jul 2026 18:27:21 GMT"", ""server"": ""envoy"", ""via"": ""1.1 ecc125e78ea7dd71727b1585beb50aa2.cloudfront.net (CloudFront)"", ""x-amz-cf-id"": ""1M7KbJjTdz_2YMTof7wRrMEZIMChCub2VflX2xxd5wOd8vxwv00gTg=="", ""x-amz-cf-pop"": ""ORD56-P17"", ""x-amz-server-side-encryption"": ""AES256"", ""x-cache"": ""RefreshHit from cloudfront"", ""x-envoy-upstream-service-time"": ""138""}",hls-master,FFprobe found video and FFmpeg decoded three frames; editorial channel identity check pending,,[],
e8e8c256ebf5fd00bea3,beIN SPORTS XTRA (FAST),157.Bein Sports Xtra HD,https://chostv.mobie.in/choos/sports/beinxtra.m3u8,https://raw.githubusercontent.com/Shadmanislam/bdiptv/HEAD/BD%20IPTV.m3u,UNKNOWN,,UNKNOWN,200,https://chostv.mobie.in/choos/sports/beinxtra.m3u8,"{""connection"": ""close"", ""content-type"": ""text/plain;charset=UTF-8"", ""date"": ""Sat, 10 Oct 2026 16:23:36 GMT"", ""server"": ""envoy"", ""transfer-encoding"": ""chunked"", ""vary"": ""Accept-Encoding"", ""x-envoy-upstream-service-time"": ""526""}",hls-master,Mixed or insufficient failure evidence: Selected HLS rendition connection error: Tunnel connection failed: 403 Forbidden; Selected HLS rendition connection error: Tunnel connection failed: 403 Forbidden,,[],
a4f188b2f88465e92b09,beIN SPORTS XTRA (FAST),beIN SPORTS Xtra (1080p) [US],https://d35j504z0x2vu2.cloudfront.net/v1/master/0bc8e8376bd8417a1b6761138aa41c26c7309312/bein-sports-xtra/playlist.m3u8?ads.vf=kBQplLldqQO,https://raw.githubusercontent.com/connectfazla/livetv/HEAD/android/football_cricket.m3u,UNKNOWN,,UNKNOWN,,,{},unknown,Mixed or insufficient failure evidence: Stream connection error: Tunnel connection failed: 403 Forbidden; Stream connection error: Tunnel connection failed: 403 Forbidden,,['ads.vf'],
a4f188b2f88465e92b09,beIN SPORTS XTRA (FAST),beIN SPORTS Xtra (1080p),https://d35j504z0x2vu2.cloudfront.net/v1/master/0bc8e8376bd8417a1b6761138aa41c26c7309312/bein-sports-xtra/playlist.m3u8?ads.vf=kBQplLldqQO,https://gist.githubusercontent.com/Book3434/66ff3b639fb75e36c1479cd5021a8d20/raw,UNKNOWN,,UNKNOWN,,,{},unknown,Mixed or insufficient failure evidence: Stream connection error: Tunnel connection failed: 403 Forbidden; Stream connection error: Tunnel connection failed: 403 Forbidden,,['ads.vf'],
016b329c3ddf06c68a1f,beIN SPORTS XTRA (FAST),beIN SPORTS XTRA (1080p) [US],https://d9ssxzmclhfo4.cloudfront.net/bein_sports.m3u8,https://raw.githubusercontent.com/connectfazla/livetv/HEAD/android/football_cricket.m3u,VIDEO_VERIFIED_PENDING_IDENTITY,,UNKNOWN,200,https://d9ssxzmclhfo4.cloudfront.net/bein_sports.m3u8,"{""accept-ranges"": ""bytes"", ""age"": ""1"", ""cache-control"": ""max-age=3"", ""connection"": ""close"", ""content-length"": ""870"", ""content-type"": ""application/vnd.apple.mpegurl"", ""date"": ""Sat, 10 Oct 2026 16:23:36 GMT"", ""etag"": ""\""bc49054fcbb9051c85085c903dd6a2bb\"""", ""last-modified"": ""Fri, 17 Jul 2026 18:27:21 GMT"", ""referrer-policy"": ""strict-origin-when-cross-origin"", ""server"": ""envoy"", ""strict-transport-security"": ""max-age=31536000"", ""vary"": ""Origin"", ""via"": ""1.1 bdd9848f34eb88032ec7c0a5683b797a.cloudfront.net (CloudFront)"", ""x-amz-cf-id"": ""P1HJ7gZpvsfuSh-Z6F65Y0X1TYpjhGfMptKhWHswAuuyyrRp0UTe6Q=="", ""x-amz-cf-pop"": ""ORD58-P4"", ""x-amz-server-side-encryption"": ""AES256"", ""x-cache"": ""Hit from cloudfront"", ""x-content-type-options"": ""nosniff"", ""x-envoy-upstream-service-time"": ""190"", ""x-frame-options"": ""SAMEORIGIN"", ""x-xss-protection"": ""1; mode=block""}",hls-master,FFprobe found video and FFmpeg decoded three frames; editorial channel identity check pending,,[],
79a41669d17f95bdc4d5,beIN SPORTS XTRA (FAST),beIN SPORTS XTRA 1,https://ddy6new.newkso.ru/ddy6/premium100/mono.m3u8,https://raw.githubusercontent.com/nightah/daddylive/HEAD/daddylive-channels.m3u8,GEO_BLOCKED_OR_FORBIDDEN,,UNKNOWN,403,https://ddy6new.newkso.ru/ddy6/premium100/mono.m3u8,"{""access-control-allow-origin"": ""*"", ""alt-svc"": ""h3=\"":443\""; ma=86400"", ""cache-control"": ""no-cache, no-store, must-revalidate"", ""cf-ray"": ""a48701fc7a2352ca-ORD"", ""connection"": ""close"", ""content-type"": ""text/html; charset=UTF-8"", ""date"": ""Sat, 10 Oct 2026 16:30:06 GMT"", ""expires"": ""Thu, 01 Jan 1970 00:00:01 GMT"", ""nel"": ""{\""report_to\"":\""cf-nel\"",\""success_fraction\"":0.0,\""max_age\"":604800}"", ""no-cache"": ""no-cache"", ""referrer-policy"": ""same-origin"", ""report-to"": ""{\""group\"":\""cf-nel\"",\""max_age\"":604800,\""endpoints\"":[{\""url\"":\""https://a.nel.cloudflare.com/report/v4?s=53ruF9f4ZzvZZgQ3txHQnIiLquzfzqPuQ1k11u2PxyKp%2BiIb6C3UgPFwBkXMswUleQO3Jy1zO15Dhab6p2u08zgpb5R36L6ALO9y13f2%2ByZeFmTj1mKPdrGw7QPtJKoBjcv4GA%3D%3D\""}]}"", ""server"": ""envoy"", ""transfer-encoding"": ""chunked"", ""x-envoy-upstream-service-time"": ""82"", ""x-frame-options"": ""SAMEORIGIN""}",text/html; charset=UTF-8,Stream returned HTTP 403,,[],
365efbc578fe4ebdf6fc,beIN SPORTS XTRA (FAST),beIN SPORTS XTRA,https://epg.provider.plex.tv/library/parts/6a1610bebdf296985fd95603-60a53634126de9002e694bc4/?X-Plex-Token=nmSQoa2bdCmWwzMVF2Ev,https://gist.githubusercontent.com/ZeiTeria/68851fb02bbb95525d89ff0ff0afceae/raw,BROKEN,,UNKNOWN,404,https://epg.provider.plex.tv/library/parts/6a1610bebdf296985fd95603-60a53634126de9002e694bc4/?X-Plex-Token=nmSQoa2bdCmWwzMVF2Ev,"{""access-control-allow-origin"": ""*"", ""cache-control"": ""no-store"", ""cf-cache-status"": ""BYPASS"", ""cf-ray"": ""a4870672ecfdfa1d-ORD"", ""connection"": ""close"", ""content-language"": ""en"", ""content-length"": ""95"", ""content-type"": ""application/xml; charset=utf-8"", ""cross-origin-resource-policy"": ""cross-origin"", ""date"": ""Sat, 10 Oct 2026 16:33:09 GMT"", ""etag"": ""W/\""5f-9vjz0GBdrSMtzbokqu510xrrHTk\"""", ""origin-agent-cluster"": ""?1"", ""referrer-policy"": ""no-referrer"", ""server"": ""envoy"", ""strict-transport-security"": ""max-age=31536000; includeSubDomains; preload"", ""vary"": ""Accept-Encoding"", ""x-content-type-options"": ""nosniff"", ""x-dns-prefetch-control"": ""off"", ""x-download-options"": ""noopen"", ""x-envoy-upstream-service-time"": ""165"", ""x-frame-options"": ""SAMEORIGIN"", ""x-permitted-cross-domain-policies"": ""none"", ""x-plex-timestamp"": ""1791649989"", ""x-plex-version"": ""3f896cb86ffadc7ad7af0e386693fcf6c78fffa5"", ""x-response-time"": ""39.031"", ""x-xss-protection"": ""1; mode=block""}",application/xml; charset=utf-8,Stream returned HTTP 404,,['X-Plex-Token'],
ee60ebfccecd9ca9d313,beIN SPORTS XTRA (FAST),BeIN SPORTS XTRA (720p),https://lnc-bein.tubi.video/playlist.m3u8,https://raw.githubusercontent.com/kilirushi/iptv/HEAD/cate/sports.m3u,UNKNOWN,,UNKNOWN,,,{},unknown,Mixed or insufficient failure evidence: Stream connection error: Tunnel connection failed: 403 Forbidden; Stream connection error: Tunnel connection failed: 403 Forbidden,,[],
bf7ba078bb125e303146,beIN SPORTS XTRA (FAST),beIN SPORTS XTRA 1,https://ondemand.st/papi/tv/dlhd/100/playlist.m3u8,https://raw.githubusercontent.com/BuddyChewChew/My-Streams/HEAD/Backup/dami-tv.m3u,GEO_BLOCKED_OR_FORBIDDEN,,UNKNOWN,403,https://ondemand.st/papi/tv/dlhd/100/playlist.m3u8,"{""access-control-allow-origin"": ""*"", ""connection"": ""close"", ""content-length"": ""146"", ""content-type"": ""text/html"", ""date"": ""Sat, 10 Oct 2026 16:29:47 GMT"", ""server"": ""envoy"", ""x-envoy-upstream-service-time"": ""331""}",text/html,Stream returned HTTP 403,,[],
16a7a66064a48ff3b2a3,beIN SPORTS XTRA (FAST),BeIN Sports Xtra,https://service-stitcher.clusters.pluto.tv/stitch/hls/channel/5df975e2b27cf5000921c102/master.m3u8?deviceType=web&deviceMake=Opera&deviceModel=Opera&sid=855d6801-c912-428d-b620-ede4dd0c3b15&deviceId=b702181a-c1d6-4ee2-9481-753f471e2ce7&deviceVersion=66.0.3515.44&appVersion=2.9.3-b879e400d5df7a969d4bff8863fe5cb02c7120e6&deviceDNT=0&userId=&advertisingId=&deviceLat=40.8364&deviceLon=-74.1403&app_name=&appName=web&buildVersion=&appStoreUrl=&architecture=&includeExtendedEvents=false&serverSideAds=true,https://raw.githubusercontent.com/niaoda/IPTV/HEAD/IPTV.m3u,IDENTITY_REJECTED_PLACEHOLDER,,UNKNOWN,200,https://service-stitcher.clusters.pluto.tv/stitch/hls/channel/5df975e2b27cf5000921c102/master.m3u8?deviceType=web&deviceMake=Opera&deviceModel=Opera&sid=855d6801-c912-428d-b620-ede4dd0c3b15&deviceId=b702181a-c1d6-4ee2-9481-753f471e2ce7&deviceVersion=66.0.3515.44&appVersion=2.9.3-b879e400d5df7a969d4bff8863fe5cb02c7120e6&deviceDNT=0&userId=&advertisingId=&deviceLat=40.8364&deviceLon=-74.1403&app_name=&appName=web&buildVersion=&appStoreUrl=&architecture=&includeExtendedEvents=false&serverSideAds=true,"{""access-control-allow-credentials"": ""true"", ""access-control-allow-headers"": ""Content-Type, X-Requested-With, Authorization, X-B3-TraceId, X-B3-ParentSpanId, X-B3-SpanId, X-B3-Sampled, X-B3-Flags"", ""access-control-allow-methods"": ""GET,OPTIONS"", ""access-control-allow-origin"": ""http://pluto.tv"", ""access-control-max-age"": ""1728000"", ""cache-control"": ""no-cache, no-store, must-revalidate"", ""connection"": ""close"", ""content-length"": ""2480"", ""content-type"": ""application/x-mpegurl; charset=utf-8"", ""date"": ""Sat, 10 Oct 2026 16:25:17 GMT"", ""etag"": ""W/\""9b0-zsV54Klca6quFtAdJUXWNjrU6Jc\"""", ""expires"": ""Thu Jan 01 1970 00:00:00 GMT+0000 (Coordinated Universal Time)"", ""server"": ""envoy"", ""via"": ""1.1 9341ad42b1f7997a37c250a950421dba.cloudfront.net (CloudFront)"", ""x-amz-cf-id"": ""JIX1hesSip1OyOhpUFKFEUY_97jh8ugpNg4PrqtiJs_OP4SfglML5Q=="", ""x-amz-cf-pop"": ""ORD56-P5"", ""x-cache"": ""Miss from cloudfront"", ""x-envoy-upstream-service-time"": ""149""}",hls-master,"Pluto media URL points to ptv_takedownslates_all, not verified sports programming.",,"['appName', 'appVersion', 'deviceDNT', 'deviceId', 'deviceLat', 'deviceLon', 'deviceMake', 'deviceModel', 'deviceType', 'deviceVersion', 'includeExtendedEvents', 'serverSideAds', 'sid']",
67a06ffb8be2ce41aa83,beIN SPORTS XTRA (FAST),Bein Sports Xtra,https://tv4.live/api/stream/robert.goldsby50@gmail.com/629662/livetv.epg/bein.sports.xtra.us.m3u8,https://raw.githubusercontent.com/BahyOsama/dinurunn/HEAD/oo.m3u,UNKNOWN,,UNKNOWN,,,{},unknown,Mixed or insufficient failure evidence: Stream connection error: Tunnel connection failed: 403 Forbidden; Stream connection error: Tunnel connection failed: 403 Forbidden,,[],
80f2e4931212f42bba80,beIN SPORTS XTRA 2,BEIN SPORTS XTRA 2 HD,http://m1.webvps.de/[access-controlled],https://raw.githubusercontent.com/mchoumi/mchoumi.github.io/HEAD/IPTVsports.m3u,SKIPPED_ACCESS,ACCOUNT_PATH,UNKNOWN,,,{},NOT_REQUESTED,Credential-shaped IPTV line,Find a credential-free distribution or obtain provider documentation. No HTTP request made with copied account/access parameters; subscription/geo status unconfirmed.,[],"re.search(/(?:live|iptv)/[^/]+/[^/]+/\d+(?:[./]|$), path) or re.fullmatch(/[A-Za-z0-9]{6,}/[A-Za-z0-9]{6,}/\d+(?:\.[A-Za-z0-9]+)?/?, path) and any(character.isdigit() for part in path.strip(/).split(/)[:2] for character in part)"
ae46a9a00ba50b6d04a1,beIN SPORTS XTRA 2, beIN Sports XTRA 2 ᴴᴰ,http://vpro.viptvclub.com/[access-controlled],https://raw.githubusercontent.com/yoyo82520/huaiptv/HEAD/HuaTV.m3u,SKIPPED_ACCESS,ACCOUNT_PATH,UNKNOWN,,,{},NOT_REQUESTED,Credential-shaped IPTV line,Find a credential-free distribution or obtain provider documentation. No HTTP request made with copied account/access parameters; subscription/geo status unconfirmed.,[],"re.search(/(?:live|iptv)/[^/]+/[^/]+/\d+(?:[./]|$), path) or re.fullmatch(/[A-Za-z0-9]{6,}/[A-Za-z0-9]{6,}/\d+(?:\.[A-Za-z0-9]+)?/?, path) and any(character.isdigit() for part in path.strip(/).split(/)[:2] for character in part)"
5149b386637a49b7d68e,beIN SPORTS XTRA 2,BEIN SPORTS XTRA 2 [AR],http://xown.site/[access-controlled],https://raw.githubusercontent.com/bugsfreeweb/LiveTVCollector/HEAD/LiveTV/Bangladesh/LiveTV.m3u,SKIPPED_ACCESS,ACCESS_QUERY_KEYS,UNKNOWN,,,{},NOT_REQUESTED,Credential/token/session-specific published URL; not reusable without access tokens,Find a credential-free distribution or obtain provider documentation. No HTTP request made with copied account/access parameters; subscription/geo status unconfirmed.,"['id', 'token']","query keys intersect {token,ticket,password,username,mac,play_token,wmsauthsign,hdnts,hdnea,auth}"
ff3823ea88bd5fce4609,beIN SPORTS XTRA 2,Bein Sports Extra 2,https://bein-esp-xumo.amagi.tv/playlistR1080p.m3u8,https://raw.githubusercontent.com/judy-gotv/iptv/HEAD/BD.m3u,VERIFIED_DIFFERENT_EDITION_NOT_ADDED,,UNKNOWN,200,https://bein-esp-xumo.amagi.tv/playlistR1080p.m3u8,"{""accept-ranges"": ""bytes"", ""access-control-allow-methods"": ""GET,OPTIONS,HEAD"", ""access-control-allow-origin"": ""*"", ""access-control-max-age"": ""600"", ""age"": ""1"", ""cache-control"": ""max-age=3"", ""cloudfront-functions"": ""generated-by-CloudFront-Functions"", ""connection"": ""close"", ""content-length"": ""559"", ""content-type"": ""application/vnd.apple.mpegurl"", ""date"": ""Sat, 10 Oct 2026 16:23:36 GMT"", ""etag"": ""\""939695d7b9e3bb9b9517dc2faaa47093\"""", ""last-modified"": ""Sat, 10 Oct 2026 16:23:31 GMT"", ""server"": ""envoy"", ""via"": ""1.1 7da197cee11a161a59d631c97f14074e.cloudfront.net (CloudFront)"", ""x-amz-cf-id"": ""3YnzwjOj-gRHr2Wk75_EShSkiIuRreJKtFVU0uheCz89U2ETSiDsfA=="", ""x-amz-cf-pop"": ""ORD51-P1"", ""x-amz-server-side-encryption"": ""AES256"", ""x-cache"": ""Hit from cloudfront"", ""x-envoy-upstream-service-time"": ""146""}",hls-media,"Spanish FAST edition, not numbered beIN Sports 2. Not added as a substitute; existing English XTRA preserved.",,[],
9c6bf73b4fd862ad063c,beIN Sports (unnumbered),BEIN SPORTS,http://209.205.221.74:130/R3$3202/3R1W3$32/1608_.m3u8,https://raw.githubusercontent.com/WMF2020/IPTV/HEAD/IPTV,TIMEOUT,,TEMPORARY_FAILURE,,,{},unknown,Stream timeout: timed out,,[],
32654f3d76ac83ef7e5f,beIN Sports (unnumbered),BEIN SPORTS,http://209.205.221.74:130/R3$3202/3R1W3$32/1609_.m3u8,https://raw.githubusercontent.com/WMF2020/IPTV/HEAD/IPTV,TIMEOUT,,TEMPORARY_FAILURE,,,{},unknown,Stream timeout: timed out,,[],
3d04ceacdb25af29c61f,beIN Sports (unnumbered),BEIN SPORTS Ñ,http://209.205.221.74:130/R3$3202/3R1W3$32/1610_.m3u8,https://raw.githubusercontent.com/WMF2020/IPTV/HEAD/IPTV,TIMEOUT,,TEMPORARY_FAILURE,,,{},unknown,Stream timeout: timed out,,[],
20253f103721c56ff6a3,beIN Sports (unnumbered),BEIN SPORTS,http://209.205.221.74:130/R3$3202/3R1W3$32/3831_.m3u8,https://raw.githubusercontent.com/WMF2020/IPTV/HEAD/IPTV,TIMEOUT,,TEMPORARY_FAILURE,,,{},unknown,Stream timeout: timed out,,[],
17f82a789964b833a3af,beIN Sports (unnumbered),bein sport,http://95.170.215.118/hls/m3u8/Kurd-Goal.m3u8,https://raw.githubusercontent.com/m3and88/iptv.m3u/HEAD/khalifa%20alshamsi.m3u,BROKEN,,UNKNOWN,404,http://95.170.215.118/hls/m3u8/Kurd-Goal.m3u8,"{""connection"": ""close"", ""content-length"": ""10"", ""date"": ""Sat, 10 Oct 2026 16:25:17 GMT"", ""server"": ""envoy"", ""x-envoy-upstream-service-time"": ""413""}",unknown,Stream returned HTTP 404,,[],
6a5cf21e5e9e14882387,beIN Sports (unnumbered),Bein Sports,http://fl1.moveonjoy.com/BEIN_SPORTS/index.m3u8,https://raw.githubusercontent.com/konanda-sg/Mrgify-Tv/HEAD/playlist.m3u,UNKNOWN,,TEMPORARY_FAILURE,503,http://fl1.moveonjoy.com/BEIN_SPORTS/index.m3u8,"{""connection"": ""close"", ""content-length"": ""95"", ""content-type"": ""text/plain"", ""date"": ""Sat, 10 Oct 2026 16:29:07 GMT"", ""server"": ""envoy""}",text/plain,Mixed or insufficient failure evidence: Stream returned HTTP 503; Stream returned HTTP 503,,[],
6db4879e896b1424fc1d,beIN Sports (unnumbered),Bein Sports 🇬🇧,http://fl2.moveonjoy.com/BEIN_SPORTS/index.m3u8,https://raw.githubusercontent.com/manikiptv/freecatv.github.io/HEAD/freecatv.m3u8,BROKEN,,UNKNOWN,404,http://fl2.moveonjoy.com/BEIN_SPORTS/index.m3u8,"{""access-control-allow-headers"": ""x-vsaas-session, x-no-redirect, origin, authorization, accept, range, content-type, x-add-effective, session, x-originator, x-sid, traceparent, x-request-id"", ""access-control-allow-methods"": ""GET, PUT, DELETE, OPTIONS"", ""access-control-allow-origin"": ""*"", ""access-control-expose-headers"": ""Server, range, X-Run-Time, X-Sid, Content-Length, Location"", ""cache-control"": ""no-cache"", ""connection"": ""close"", ""content-length"": ""10"", ""date"": ""Sat, 10 Oct 2026 16:23:36 GMT"", ""pragma"": ""no-cache"", ""server"": ""envoy"", ""timing-allow-origin"": ""*"", ""x-envoy-upstream-service-time"": ""107""}",unknown,Stream returned HTTP 404,,[],
a87f3297c86edd9cc85b,beIN Sports (unnumbered),beIN Sports USA,http://fl3.moveonjoy.com/BEIN_SPORTS/index.m3u8,https://gist.githubusercontent.com/Xo-Richie-Baldeo-oX/ac1a002b5c442908f134dd4958579ec2/raw,GEO_BLOCKED_OR_FORBIDDEN,,UNKNOWN,403,http://fl3.moveonjoy.com/BEIN_SPORTS/index.m3u8,"{""connection"": ""close"", ""content-length"": ""33"", ""content-type"": ""text/plain"", ""date"": ""Sat, 10 Oct 2026 16:33:09 GMT"", ""server"": ""envoy""}",text/plain,Stream returned HTTP 403,,[],
b951e4b0341c766737e2,beIN Sports (unnumbered),Beinsports HD,http://fm1077.serv00.net/Smart.php?id=Besports,https://raw.githubusercontent.com/jk2024988/TV2024/HEAD/tw2.m3u,BROKEN,,UNKNOWN,404,http://fm1077.serv00.net/Smart.php?id=Besports,"{""connection"": ""close"", ""content-length"": ""2645"", ""content-type"": ""text/html"", ""date"": ""Sat, 10 Oct 2026 16:29:46 GMT"", ""etag"": ""\""6695c3fb-a55\"""", ""server"": ""envoy"", ""x-envoy-upstream-service-time"": ""333""}",text/html,Stream returned HTTP 404,,['id'],
7d7f360e49f9582c809a,beIN Sports (unnumbered),Bein Sports USA,http://iptvcanales.com/xw/cable.php?canal=57&player=playlist.m3u8,https://gist.githubusercontent.com/ItsRandall/3119615c8b4732d7b56e5217d66edbab/raw,BROKEN,,UNKNOWN,200,https://www.hugedomains.com/domain_profile.cfm?d=iptvcanales.com,"{""cache-control"": ""private"", ""cf-cache-status"": ""DYNAMIC"", ""cf-ray"": ""a486f9701f6361d9-ORD"", ""connection"": ""close"", ""content-type"": ""text/html; charset=utf-8"", ""date"": ""Sat, 10 Oct 2026 16:24:16 GMT"", ""lb"": ""TclPrdLbHdZ1"", ""nel"": ""{\""report_to\"":\""cf-nel\"",\""success_fraction\"":0.0,\""max_age\"":604800}"", ""report-to"": ""{\""group\"":\""cf-nel\"",\""max_age\"":604800,\""endpoints\"":[{\""url\"":\""https://a.nel.cloudflare.com/report/v4?s=ArFrGg8umkd%2FTwf0zdkj1a8dH%2FQVnBjllvoQxIlJMAlB2%2FxAuZHSbFurBdioNtk1QsR2Fhig%2Btr6r2RO%2BGCTvTDrLiq9RQRJs4s3CUG0GQfdqoQ6%2BY7NUcWV0jiU%2FN14%2Bg9UjzI%3D\""}]}"", ""server"": ""envoy"", ""transfer-encoding"": ""chunked"", ""vary"": ""Accept-Encoding"", ""x-envoy-upstream-service-time"": ""104"", ""x-powered-by"": ""ASP.NET""}",text/html; charset=utf-8,Response was not a recognized playlist or media stream,,"['canal', 'player']",
1e1f42870d760b4dfe09,beIN Sports (unnumbered),Bein Sport HD (EN),http://listplay4k.live:8080/play/sEqGlXBK924GUbV9yuY_SAK1RwPLDfDa4ef8_84d1zk/ts,https://raw.githubusercontent.com/BahyOsama/dinurunn/HEAD/oo.m3u,TIMEOUT,,TEMPORARY_FAILURE,,,{},unknown,Stream timeout: timed out,,[],
dd09320b4638bd222d82,beIN Sports (unnumbered),Bein Sports HD,http://listplay4k.live:8080/play/sEqGlXBK924GUbV9yuY_SHVRmvqStYiAZb5NRAl1rj0/ts,https://raw.githubusercontent.com/BahyOsama/dinurunn/HEAD/oo.m3u,TIMEOUT,,TEMPORARY_FAILURE,,,{},unknown,Stream timeout: timed out,,[],
ea7ea50cb2804dc14d50,beIN Sports (unnumbered),beIN Sports USA,http://misterich.megatv.fun/[access-controlled],https://raw.githubusercontent.com/tibby0413/Tv/HEAD/Tv-usb.m3u,SKIPPED_ACCESS,ACCOUNT_TOKEN_PATH,UNKNOWN,,,{},NOT_REQUESTED,Account-token-shaped IPTV line,Find a credential-free distribution or obtain provider documentation. No HTTP request made with copied account/access parameters; subscription/geo status unconfirmed.,[],"path matches /iptv/[A-Z0-9]{10,}/\d+/"
3c99e1f239b607b3344e,beIN Sports (unnumbered),beIN Sports HD,http://obsfullhd.tv:25461/Sonixex/PkhE2LfUBn3L/41976,https://raw.githubusercontent.com/BahyOsama/dinurunn/HEAD/oo.m3u,GEO_BLOCKED_OR_FORBIDDEN,,UNKNOWN,403,http://obsfullhd.tv:25461/Sonixex/PkhE2LfUBn3L/41976,"{""connection"": ""close"", ""content-length"": ""33"", ""content-type"": ""text/plain"", ""date"": ""Sat, 10 Oct 2026 16:37:40 GMT"", ""server"": ""envoy""}",text/plain,Stream returned HTTP 403,,[],
8988f9cb535bde42b9ac,beIN Sports (unnumbered),beIN Sports,http://php.jdshipin.com:8880/xsj.php?id=beinsports,https://raw.githubusercontent.com/jk2024988/TV2024/HEAD/tw2.m3u,UNKNOWN,,UNKNOWN,,,{},unknown,Mixed or insufficient failure evidence: Stream connection error: Tunnel connection failed: 403 Forbidden; Stream connection error: Tunnel connection failed: 403 Forbidden,,['id'],
af741de97c62afef1714,beIN Sports (unnumbered),Bein Sports,http://premiumtvs.space/[access-controlled],https://raw.githubusercontent.com/sm-monirulislam/SM-IPTV/HEAD/Combined_Live_TV.m3u,SKIPPED_ACCESS,ACCOUNT_PATH,UNKNOWN,,,{},NOT_REQUESTED,Credential-shaped IPTV line,Find a credential-free distribution or obtain provider documentation. No HTTP request made with copied account/access parameters; subscription/geo status unconfirmed.,[],"re.search(/(?:live|iptv)/[^/]+/[^/]+/\d+(?:[./]|$), path) or re.fullmatch(/[A-Za-z0-9]{6,}/[A-Za-z0-9]{6,}/\d+(?:\.[A-Za-z0-9]+)?/?, path) and any(character.isdigit() for part in path.strip(/).split(/)[:2] for character in part)"
fbb3f95e7611f829d70b,beIN Sports (unnumbered),Bein Sports,http://ua.online24.pm/play/1101/350B326FB34F4B8/video.m3u8,https://gist.githubusercontent.com/sh400sp-ctrl/6bbd74b685e6bd0b79d329767e237949/raw,IDENTITY_REJECTED_ACCESS_SLATE,,AUTH_REQUIRED,200,https://de5.seeetv.cc:8443/9999/video.m3u8,"{""access-control-allow-headers"": ""x-vsaas-session, x-no-redirect, origin, authorization, accept, range, content-type, x-add-effective, session, x-originator, x-sid"", ""access-control-allow-methods"": ""GET, PUT, DELETE, OPTIONS"", ""access-control-allow-origin"": ""*"", ""access-control-expose-headers"": ""Server, range, X-Run-Time, X-Sid, Content-Length, Location"", ""cache-control"": ""no-cache"", ""connection"": ""close"", ""content-length"": ""165"", ""content-type"": ""application/vnd.apple.mpegurl"", ""date"": ""Sat, 10 Oct 2026 16:23:41 GMT"", ""pragma"": ""no-cache"", ""server"": ""envoy"", ""x-envoy-upstream-service-time"": ""610"", ""x-media-info-time"": ""11"", ""x-prepare-time"": ""44"", ""x-route-time"": ""346"", ""x-run-time"": ""57"", ""x-sid"": ""6aca668d-322b-46ae-991c-15d18f6a8deb""}",hls-master,"Provider subscription error slate, not playable beIN programming.",,[],
6aa1e549224a11c0d5a9,beIN Sports (unnumbered), beIN Sports,http://vpro.viptvclub.com/[access-controlled],https://raw.githubusercontent.com/yoyo82520/huaiptv/HEAD/HuaTV.m3u,SKIPPED_ACCESS,ACCOUNT_PATH,UNKNOWN,,,{},NOT_REQUESTED,Credential-shaped IPTV line,Find a credential-free distribution or obtain provider documentation. No HTTP request made with copied account/access parameters; subscription/geo status unconfirmed.,[],"re.search(/(?:live|iptv)/[^/]+/[^/]+/\d+(?:[./]|$), path) or re.fullmatch(/[A-Za-z0-9]{6,}/[A-Za-z0-9]{6,}/\d+(?:\.[A-Za-z0-9]+)?/?, path) and any(character.isdigit() for part in path.strip(/).split(/)[:2] for character in part)"
45f85f4dc6a89b073d99,beIN Sports (unnumbered), BEIN SPORT 4K ,http://vpro.viptvclub.com/[access-controlled],https://raw.githubusercontent.com/yoyo82520/huaiptv/HEAD/HuaTV.m3u,SKIPPED_ACCESS,ACCOUNT_PATH,UNKNOWN,,,{},NOT_REQUESTED,Credential-shaped IPTV line,Find a credential-free distribution or obtain provider documentation. No HTTP request made with copied account/access parameters; subscription/geo status unconfirmed.,[],"re.search(/(?:live|iptv)/[^/]+/[^/]+/\d+(?:[./]|$), path) or re.fullmatch(/[A-Za-z0-9]{6,}/[A-Za-z0-9]{6,}/\d+(?:\.[A-Za-z0-9]+)?/?, path) and any(character.isdigit() for part in path.strip(/).split(/)[:2] for character in part)"
84cd6b9b0772ccae39f2,beIN Sports (unnumbered),bein sport,http://vstreamgz.hadara.ps:8081/AlfajertvHD1_web/web/playlist.m3u8,https://raw.githubusercontent.com/m3and88/iptv.m3u/HEAD/khalifa%20alshamsi.m3u,TIMEOUT,,TEMPORARY_FAILURE,,,{},unknown,Stream timeout: timed out,,[],
a69aead0c405b0c51ad6,beIN Sports (unnumbered),bein sport,http://vstreamgz.hadara.ps:8081/AlfajertvHD2_web/web/playlist.m3u8,https://raw.githubusercontent.com/m3and88/iptv.m3u/HEAD/khalifa%20alshamsi.m3u,TIMEOUT,,TEMPORARY_FAILURE,,,{},unknown,Stream timeout: timed out,,[],
c7ac72fa55fddf6f56ca,beIN Sports (unnumbered),bein sport,http://vstreamgz.hadara.ps:8081/AlfajertvHD2_web/web1/playlist.m3u8,https://raw.githubusercontent.com/m3and88/iptv.m3u/HEAD/khalifa%20alshamsi.m3u,TIMEOUT,,TEMPORARY_FAILURE,,,{},unknown,Stream timeout: timed out,,[],
844abaad0fe93b454898,beIN Sports (unnumbered),BEIN SPORTS HD,http://www.r56mail.bingo/[access-controlled],https://raw.githubusercontent.com/mchoumi/mchoumi.github.io/HEAD/IPTVara.m3u,SKIPPED_ACCESS,ACCOUNT_PATH,UNKNOWN,,,{},NOT_REQUESTED,Credential-shaped IPTV line,Find a credential-free distribution or obtain provider documentation. No HTTP request made with copied account/access parameters; subscription/geo status unconfirmed.,[],"re.search(/(?:live|iptv)/[^/]+/[^/]+/\d+(?:[./]|$), path) or re.fullmatch(/[A-Za-z0-9]{6,}/[A-Za-z0-9]{6,}/\d+(?:\.[A-Za-z0-9]+)?/?, path) and any(character.isdigit() for part in path.strip(/).split(/)[:2] for character in part)"
dc71134b758a1dfc831e,beIN Sports (unnumbered),beIN Sports HD,https://012v4.goiptv.us.ci/stream/starhub/beinsportshd/,https://raw.githubusercontent.com/judy-gotv/iptv/HEAD/StarHub.m3u,TIMEOUT,,TEMPORARY_FAILURE,,,{},unknown,Stream timeout: The read operation timed out,,[],
e2c0a4ea168b5db99aa9,beIN Sports (unnumbered),beIN SPORTS,https://12mumdur.online/701/index.m3u8,https://raw.githubusercontent.com/Lunedor/iptvTR/HEAD/iptv_tum_kanallar.m3u,UNKNOWN,,UNKNOWN,,,{},unknown,Mixed or insufficient failure evidence: Stream connection error: Tunnel connection failed: 403 Forbidden; Stream connection error: Tunnel connection failed: 403 Forbidden,,[],
955272d24e8794de5ddd,beIN Sports (unnumbered),beIN SPORTS,https://ancient-shape-c20a.yedekbirkankam.workers.dev/https://cinque.c53af06fa4e55583.click/p/selcuksportshd1611.xyz/601/a.cf-worker-f1a2134fd551fa4b.workers.dev/chunklist_hd.m3u8,https://raw.githubusercontent.com/Lunedor/iptvTR/HEAD/iptv_tum_kanallar.m3u,UNKNOWN,,TEMPORARY_FAILURE,530,https://ancient-shape-c20a.yedekbirkankam.workers.dev/https://cinque.c53af06fa4e55583.click/p/selcuksportshd1611.xyz/601/a.cf-worker-f1a2134fd551fa4b.workers.dev/chunklist_hd.m3u8,"{""access-control-allow-origin"": ""*"", ""alt-svc"": ""h3=\"":443\""; ma=86400"", ""cache-control"": ""public, max-age=1"", ""cf-ray"": ""a486f95f79f661dc-ORD"", ""connection"": ""close"", ""content-type"": ""text/html; charset=UTF-8"", ""date"": ""Sat, 10 Oct 2026 16:24:14 GMT"", ""nel"": ""{\""report_to\"":\""cf-nel\"",\""success_fraction\"":0.0,\""max_age\"":604800}"", ""report-to"": ""{\""group\"":\""cf-nel\"",\""max_age\"":604800,\""endpoints\"":[{\""url\"":\""https://a.nel.cloudflare.com/report/v4?s=WPp1mz%2Fnnvt91md7oG%2B8DZUztl%2FzX7SFb7Zn82ul%2BXirrrWNssG%2BEXiIjv8I%2FqRaW8bB%2BPzDaCz%2FgkYS8X6zq3bHSOXkMERbK6ZfxFRYBDbT2wugE7uW2RjY1v9dEPBNYO3gFbn%2BSMVZ3h604YONSvVxdVu9%2FGsa1n8o0mRYEys%3D\""}]}"", ""server"": ""envoy"", ""transfer-encoding"": ""chunked"", ""x-envoy-upstream-service-time"": ""171""}",text/html; charset=UTF-8,Mixed or insufficient failure evidence: Stream returned HTTP 530; Stream returned HTTP 530,,[],
d57af039f641901aa36d,beIN Sports (unnumbered),beIN SPORTS,https://cinque.c53af06fa4e55583.click/p/f2XX9QypQfMaQ5rX1zA/601/a.cf-worker-f1a2134fd551fa4b.workers.dev/chunklist_hd.m3u8,https://raw.githubusercontent.com/Lunedor/iptvTR/HEAD/iptv_tum_kanallar.m3u,UNKNOWN,,UNKNOWN,,,{},unknown,Mixed or insufficient failure evidence: Stream connection error: Tunnel connection failed: 403 Forbidden; Stream connection error: Tunnel connection failed: 403 Forbidden,,[],
63ff6a952dec00ba81e6,beIN Sports (unnumbered),beIN SPORTS,https://due.7cbd07151f7a2d82.click/itis/8c1437d28413db5112720e3ce0579154/playlist.m3u8,https://raw.githubusercontent.com/Lunedor/iptvTR/HEAD/iptv_tum_kanallar.m3u,UNKNOWN,,UNKNOWN,,,{},unknown,Mixed or insufficient failure evidence: Stream connection error: Tunnel connection failed: 403 Forbidden; Stream connection error: Tunnel connection failed: 403 Forbidden,,[],
b8d820000160a5bc975c,beIN Sports (unnumbered),beIN SPORTS,https://due.c53af06fa4e55583.click/p/limontv.xyz/601/a.cf-worker-f1a2134fd551fa4b.workers.dev/chunklist_hd.m3u8,https://raw.githubusercontent.com/Lunedor/iptvTR/HEAD/iptv_tum_kanallar.m3u,UNKNOWN,,UNKNOWN,,,{},unknown,Mixed or insufficient failure evidence: Stream connection error: Tunnel connection failed: 403 Forbidden; Stream connection error: Tunnel connection failed: 403 Forbidden,,[],
8e4481d8ad78ef2544cf,beIN Sports (unnumbered),beIN SPORTS,https://g0.b4c8d3e9f1a2b7c5d24.cfd/yayinzirve.m3u8,https://raw.githubusercontent.com/Lunedor/iptvTR/HEAD/iptv_tum_kanallar.m3u,UNKNOWN,,UNKNOWN,,,{},unknown,Mixed or insufficient failure evidence: Stream connection error: Tunnel connection failed: 403 Forbidden; Stream connection error: Tunnel connection failed: 403 Forbidden,,[],
93d2a483579ea77726b1,beIN Sports (unnumbered),beIN Sports,https://histar.zapi.us.kg/?id=beinsports,https://raw.githubusercontent.com/Py95888/777/HEAD/77.m3u,UNKNOWN,,UNKNOWN,,,{},unknown,Mixed or insufficient failure evidence: Stream connection error: Tunnel connection failed: 403 Forbidden; Stream connection error: Tunnel connection failed: 403 Forbidden,,['id'],
22f3cea40fc8f7c12033,beIN Sports (unnumbered),beIN SPORTS,https://k0.b4c8d3e9f1a2b7c5d28.cfd/yayinzirve.m3u8,https://raw.githubusercontent.com/Lunedor/iptvTR/HEAD/iptv_tum_kanallar.m3u,UNKNOWN,,UNKNOWN,,,{},unknown,Mixed or insufficient failure evidence: Stream connection error: Tunnel connection failed: 403 Forbidden; Stream connection error: Tunnel connection failed: 403 Forbidden,,[],
462aa1fb7c0daef2f8f8,beIN Sports (unnumbered),beIN Sports (IS),https://k100streymi.mbl.is/beint/k100/index.m3u8,https://raw.githubusercontent.com/xOdis/stremio-dev-features-opened/HEAD/WATCHIT/arabic-bein.m3u,BROKEN,,UNKNOWN,200,https://k100streymi.mbl.is/beint/k100/index.m3u8,"{""access-control-allow-credentials"": ""true"", ""access-control-allow-origin"": ""*"", ""access-control-expose-headers"": ""Content-Length, Content-Range, Server, Range, X-Run-Time, Content-Length, Location, Date"", ""cache-control"": ""no-cache"", ""connection"": ""close"", ""content-length"": ""699"", ""content-type"": ""application/vnd.apple.mpegurl"", ""date"": ""Sat, 10 Oct 2026 16:30:05 GMT"", ""pragma"": ""no-cache"", ""server"": ""envoy"", ""x-cache-status"": ""EXPIRED"", ""x-envoy-upstream-service-time"": ""478"", ""x-media-info-time"": ""11"", ""x-prepare-time"": ""75"", ""x-sid"": ""6ac9baf5-36cc-448a-a240-82652d5e09a2""}",hls-master,HLS rendition was not an M3U playlist,,[],
645256c18d96e873b56f,beIN Sports (unnumbered),beINSports,https://linearjitp-playback.astro.com.my/[access-controlled],https://raw.githubusercontent.com/chengxue2020/Cat-ports/HEAD/tv/SGTV.m3u,SKIPPED_ACCESS,DRM_OPTIONS,DRM_PROTECTED,,,{},NOT_REQUESTED,DRM/license parameters required,Find a credential-free distribution or obtain provider documentation. No HTTP request made with copied account/access parameters; subscription/geo status unconfirmed.,[],options match license_key|license_type|drmlicense=|drmscheme=
1b726e470af3165ac13a,beIN Sports (unnumbered),beIN Sports USA,https://messi.damitv.st/papi/ts/beinsports-usa/playlist.m3u8,https://raw.githubusercontent.com/xOdis/stremio-dev-features-opened/HEAD/WATCHIT/arabic-bein.m3u,UNKNOWN,,TEMPORARY_FAILURE,502,https://messi.damitv.st/papi/ts/beinsports-usa/playlist.m3u8,"{""access-control-allow-origin"": ""*"", ""connection"": ""close"", ""content-length"": ""150"", ""content-type"": ""text/html"", ""date"": ""Sat, 10 Oct 2026 16:30:04 GMT"", ""server"": ""envoy"", ""x-envoy-upstream-service-time"": ""606""}",text/html,Mixed or insufficient failure evidence: Stream returned HTTP 502; Stream returned HTTP 502,,[],
30d9e9cff43ddb9451be,beIN Sports (unnumbered),BeIN SPORTS USA,https://ondemand.st/papi/tv/dlhd/425/playlist.m3u8,https://raw.githubusercontent.com/BuddyChewChew/My-Streams/HEAD/Backup/dami-tv.m3u,GEO_BLOCKED_OR_FORBIDDEN,,UNKNOWN,403,https://ondemand.st/papi/tv/dlhd/425/playlist.m3u8,"{""access-control-allow-origin"": ""*"", ""connection"": ""close"", ""content-length"": ""146"", ""content-type"": ""text/html"", ""date"": ""Sat, 10 Oct 2026 16:29:47 GMT"", ""server"": ""envoy"", ""x-envoy-upstream-service-time"": ""249""}",text/html,Stream returned HTTP 403,,[],
990670a77034a62051e8,beIN Sports (unnumbered),Bein Sports HD,https://ott.udptv.xyz/stream/udptvus/beinsports/master.m3u8?u=cocked&p=dd0abb52723d22acc0f97fe0336480feaa88a37ecda55a138a8d5e0ee14b0664,https://raw.githubusercontent.com/judy-gotv/iptv/HEAD/UDPTV.m3u,UNKNOWN,,UNKNOWN,,,{},unknown,Mixed or insufficient failure evidence: Stream connection error: Tunnel connection failed: 403 Forbidden; Stream connection error: Tunnel connection failed: 403 Forbidden,,"['p', 'u']",
7ba1e45443656ffa735d,beIN Sports (unnumbered),beIN SPORTS,https://p0.b4c8d3e9f1a2b7c5d33.cfd/yayininat.m3u8,https://raw.githubusercontent.com/Lunedor/iptvTR/HEAD/iptv_tum_kanallar.m3u,UNKNOWN,,UNKNOWN,,,{},unknown,Mixed or insufficient failure evidence: Stream connection error: Tunnel connection failed: 403 Forbidden; Stream connection error: Tunnel connection failed: 403 Forbidden,,[],
14ee96b36964ceb0f2ea,beIN Sports (unnumbered),beIN SPORTS,https://pp.centtv38.live/yayinzirve.m3u8,https://raw.githubusercontent.com/Lunedor/iptvTR/HEAD/iptv_tum_kanallar.m3u,UNKNOWN,,UNKNOWN,,,{},unknown,Mixed or insufficient failure evidence: Stream connection error: Tunnel connection failed: 403 Forbidden; Stream connection error: Tunnel connection failed: 403 Forbidden,,[],
2d20b10393f3b33d6a73,beIN Sports (unnumbered),beIN SPORTS,https://quattro.facd2855b1fdc415.click/i/neden/601/playlist.m3u8,https://raw.githubusercontent.com/Lunedor/iptvTR/HEAD/iptv_tum_kanallar.m3u,UNKNOWN,,UNKNOWN,,,{},unknown,Mixed or insufficient failure evidence: Stream connection error: Tunnel connection failed: 403 Forbidden; Stream connection error: Tunnel connection failed: 403 Forbidden,,[],
0491d4e55a9f62ec295f,beIN Sports (unnumbered),beIN SPORTS,https://steep-tooth-6534.1ff056997784445.workers.dev/static/bs1.m3u8,https://raw.githubusercontent.com/Lunedor/iptvTR/HEAD/iptv_tum_kanallar.m3u,UNKNOWN,,UNKNOWN,,,{},unknown,Mixed or insufficient failure evidence: Stream connection error: Tunnel connection failed: 403 Forbidden; Stream connection error: Tunnel connection failed: 403 Forbidden,,[],
f60abc6bcead8d362a5f,beIN Sports (unnumbered),beIN SPORTS,https://tre.c53af06fa4e55583.click/p/f2XX9QypQfMaQ5rX1zA/601/a.cf-worker-f1a2134fd551fa4b.workers.dev/chunklist_hd.m3u8,https://raw.githubusercontent.com/Lunedor/iptvTR/HEAD/iptv_tum_kanallar.m3u,UNKNOWN,,UNKNOWN,,,{},unknown,Mixed or insufficient failure evidence: Stream connection error: Tunnel connection failed: 403 Forbidden; Stream connection error: Tunnel connection failed: 403 Forbidden,,[],
b7cfb1fd23cf4183ef92,beIN Sports (unnumbered),Bein Sports,https://tvsen6.aynaott.com/[access-controlled],https://raw.githubusercontent.com/bugsfreeweb/LiveTVCollector/HEAD/LiveTV/Bangladesh/LiveTV.m3u,SKIPPED_ACCESS,ACCESS_QUERY_KEYS,UNKNOWN,,,{},NOT_REQUESTED,Credential/token/session-specific published URL; not reusable without access tokens,Find a credential-free distribution or obtain provider documentation. No HTTP request made with copied account/access parameters; subscription/geo status unconfirmed.,"['e', 'token', 'u']","query keys intersect {token,ticket,password,username,mac,play_token,wmsauthsign,hdnts,hdnea,auth}"
e0ea836642048ac25dbd,beIN Sports (unnumbered),beIN SPORTS,https://uno.c53af06fa4e55583.click/p/f2XX9QypQfMaQ5rX1zA/601/a.cf-worker-f1a2134fd551fa4b.workers.dev/chunklist_hd.m3u8,https://raw.githubusercontent.com/Lunedor/iptvTR/HEAD/iptv_tum_kanallar.m3u,UNKNOWN,,UNKNOWN,,,{},unknown,Mixed or insufficient failure evidence: Stream connection error: Tunnel connection failed: 403 Forbidden; Stream connection error: Tunnel connection failed: 403 Forbidden,,[],
0ac686df0286abe47814,beIN Sports (unnumbered),BeIN SPORTS,https://world-proxifier.xyz/daddylive/p/QQZITBAUEU8TFRQRFhRAEWlpEFJRVA==/index.m3u8,https://raw.githubusercontent.com/Josh9456/IPTV-m3u/HEAD/all_channels/tivimate_playlist.m3u8,UNKNOWN,,UNKNOWN,,,{},unknown,Mixed or insufficient failure evidence: Stream connection error: Tunnel connection failed: 403 Forbidden; Stream connection error: Tunnel connection failed: 403 Forbidden,,[],
c34e59aeb37c57351819,beIN Sports (unnumbered),beIN SPORTS,https://za.mevzuhls15.cfd/yayinzirve.m3u8,https://raw.githubusercontent.com/Lunedor/iptvTR/HEAD/iptv_tum_kanallar.m3u,UNKNOWN,,UNKNOWN,,,{},unknown,Mixed or insufficient failure evidence: Stream connection error: Tunnel connection failed: 403 Forbidden; Stream connection error: Tunnel connection failed: 403 Forbidden,,[],
c34e59aeb37c57351819,beIN Sports (unnumbered),beIN SPORTS,https://za.mevzuhls15.cfd/yayinzirve.m3u8,https://raw.githubusercontent.com/Lunedor/iptvTR/HEAD/iptv_tum_kanallar.m3u,UNKNOWN,,UNKNOWN,,,{},unknown,Mixed or insufficient failure evidence: Stream connection error: Tunnel connection failed: 403 Forbidden; Stream connection error: Tunnel connection failed: 403 Forbidden,,[],
80f6f4c54adeeda2059a,beIN Sports (unnumbered),BeIN SPORTS USA,https://zekonew.newkso.ru/zeko/premium425/mono.m3u8,https://raw.githubusercontent.com/nightah/daddylive/HEAD/daddylive-channels.m3u8,GEO_BLOCKED_OR_FORBIDDEN,,UNKNOWN,403,https://zekonew.newkso.ru/zeko/premium425/mono.m3u8,"{""access-control-allow-origin"": ""*"", ""alt-svc"": ""h3=\"":443\""; ma=86400"", ""cache-control"": ""no-cache, no-store, must-revalidate"", ""cf-ray"": ""a48701f9fc5f7d78-ORD"", ""connection"": ""close"", ""content-type"": ""text/html; charset=UTF-8"", ""date"": ""Sat, 10 Oct 2026 16:30:06 GMT"", ""expires"": ""Thu, 01 Jan 1970 00:00:01 GMT"", ""nel"": ""{\""report_to\"":\""cf-nel\"",\""success_fraction\"":0.0,\""max_age\"":604800}"", ""no-cache"": ""no-cache"", ""referrer-policy"": ""same-origin"", ""report-to"": ""{\""group\"":\""cf-nel\"",\""max_age\"":604800,\""endpoints\"":[{\""url\"":\""https://a.nel.cloudflare.com/report/v4?s=2kWc5iUtLLoStdFivULE29twWRgs8bFrYBRW7urkgA6waAYgA%2FvxF4zTHQruxasYQ0NK6DZ%2BfNMLQ2JJgwOu7MOfkWMDyWQBKZaprW2wq084DR%2FGvO%2FK1r8IgMq%2B9zaEXyONyQ%3D%3D\""}]}"", ""server"": ""envoy"", ""transfer-encoding"": ""chunked"", ""x-envoy-upstream-service-time"": ""47"", ""x-frame-options"": ""SAMEORIGIN""}",text/html; charset=UTF-8,Stream returned HTTP 403,,[],
7a1de00d3a7268f89e36,beIN Sports 1,BEIN 1 FHD,http://1.la5liga.store:80/play/oOuLyOr0l4zfSQqe-48swyrUC_d5JG7Wj1gX3MfuOaHcCaCD-hqEbP027yBVHqJ4,https://raw.githubusercontent.com/sni2007/WC2026/HEAD/2026,GEO_BLOCKED_OR_FORBIDDEN,,UNKNOWN,403,http://1.la5liga.store:80/play/oOuLyOr0l4zfSQqe-48swyrUC_d5JG7Wj1gX3MfuOaHcCaCD-hqEbP027yBVHqJ4,"{""connection"": ""close"", ""content-length"": ""33"", ""content-type"": ""text/plain"", ""date"": ""Sat, 10 Oct 2026 16:31:19 GMT"", ""server"": ""envoy""}",text/plain,Stream returned HTTP 403,,[],
90c7bd06662dbe2756ab,beIN Sports 1,BEIN SPORTS 1 FHD,http://103.100.169.51/[access-controlled],https://raw.githubusercontent.com/mchoumi/mchoumi.github.io/HEAD/IPTVara.m3u,SKIPPED_ACCESS,ACCOUNT_PATH,UNKNOWN,,,{},NOT_REQUESTED,Credential-shaped IPTV line,Find a credential-free distribution or obtain provider documentation. No HTTP request made with copied account/access parameters; subscription/geo status unconfirmed.,[],"re.search(/(?:live|iptv)/[^/]+/[^/]+/\d+(?:[./]|$), path) or re.fullmatch(/[A-Za-z0-9]{6,}/[A-Za-z0-9]{6,}/\d+(?:\.[A-Za-z0-9]+)?/?, path) and any(character.isdigit() for part in path.strip(/).split(/)[:2] for character in part)"
0d25ce9479d95c418480,beIN Sports 1,Bein Sports 1,http://103.161.153.165:8000/play/a03z/index.m3u8,https://gist.githubusercontent.com/sh400sp-ctrl/6bbd74b685e6bd0b79d329767e237949/raw,UNKNOWN,,TEMPORARY_FAILURE,503,http://103.161.153.165:8000/play/a03z/index.m3u8,"{""connection"": ""close"", ""content-length"": ""95"", ""content-type"": ""text/plain"", ""date"": ""Sat, 10 Oct 2026 16:23:36 GMT"", ""server"": ""envoy""}",text/plain,Mixed or insufficient failure evidence: Stream returned HTTP 503; Stream returned HTTP 503,,[],
905b922697dd3c575d8d,beIN Sports 1,AR | BEIN SPORTS 1 FHD,http://116.202.165.211/[access-controlled],https://raw.githubusercontent.com/raid35/channel-links/HEAD/ALWAN.m3u,SKIPPED_ACCESS,ACCOUNT_PATH,UNKNOWN,,,{},NOT_REQUESTED,Credential-shaped IPTV line,Find a credential-free distribution or obtain provider documentation. No HTTP request made with copied account/access parameters; subscription/geo status unconfirmed.,[],"re.search(/(?:live|iptv)/[^/]+/[^/]+/\d+(?:[./]|$), path) or re.fullmatch(/[A-Za-z0-9]{6,}/[A-Za-z0-9]{6,}/\d+(?:\.[A-Za-z0-9]+)?/?, path) and any(character.isdigit() for part in path.strip(/).split(/)[:2] for character in part)"
c97665865d2bb8033277,beIN Sports 1,AR | BEIN SPORTS 1 FHD,http://116.202.165.211/[access-controlled],https://raw.githubusercontent.com/raid35/channel-links/HEAD/ALWAN.m3u,SKIPPED_ACCESS,ACCOUNT_PATH,UNKNOWN,,,{},NOT_REQUESTED,Credential-shaped IPTV line,Find a credential-free distribution or obtain provider documentation. No HTTP request made with copied account/access parameters; subscription/geo status unconfirmed.,[],"re.search(/(?:live|iptv)/[^/]+/[^/]+/\d+(?:[./]|$), path) or re.fullmatch(/[A-Za-z0-9]{6,}/[A-Za-z0-9]{6,}/\d+(?:\.[A-Za-z0-9]+)?/?, path) and any(character.isdigit() for part in path.strip(/).split(/)[:2] for character in part)"
8d443f90151fcaae88c9,beIN Sports 1,Bein Sports 1,http://125.209.88.166:45793/BRN/beINSP11.stream/playlist.m3u8,https://raw.githubusercontent.com/manikiptv/freecatv.github.io/HEAD/freecatv.m3u8,UNKNOWN,,TEMPORARY_FAILURE,503,http://125.209.88.166:45793/BRN/beINSP11.stream/playlist.m3u8,"{""connection"": ""close"", ""content-length"": ""95"", ""content-type"": ""text/plain"", ""date"": ""Sat, 10 Oct 2026 16:23:40 GMT"", ""server"": ""envoy""}",text/plain,Mixed or insufficient failure evidence: Stream returned HTTP 503; Stream returned HTTP 503,,[],
901d8519896dec14a7d2,beIN Sports 1,beinsport1,http://135.125.109.73:9000/beinsport1_.m3u8,https://raw.githubusercontent.com/mazenghannam16/my-iptv-lists/HEAD/super.m3u,UNKNOWN,,TEMPORARY_FAILURE,503,http://135.125.109.73:9000/beinsport1_.m3u8,"{""connection"": ""close"", ""content-length"": ""95"", ""content-type"": ""text/plain"", ""date"": ""Sat, 10 Oct 2026 16:25:01 GMT"", ""server"": ""envoy""}",text/plain,Mixed or insufficient failure evidence: Stream returned HTTP 503; Stream returned HTTP 503,,[],
902923eecb246b9b84ef,beIN Sports 1,BEIN SPORT 1,http://163.172.105.25:80/live?channelId=178&uid=2454&deviceMac=00:1A:79:3C:C9:29,https://raw.githubusercontent.com/SulukNew/SMART-IPTV/HEAD/IPTV%20SMART,BROKEN,,UNKNOWN,404,http://163.172.105.25:80/live?channelId=178&uid=2454&deviceMac=00:1A:79:3C:C9:29,"{""connection"": ""close"", ""content-length"": ""276"", ""content-type"": ""text/html; charset=iso-8859-1"", ""date"": ""Sat, 10 Oct 2026 16:24:11 GMT"", ""server"": ""envoy"", ""x-envoy-upstream-service-time"": ""285""}",text/html; charset=iso-8859-1,Stream returned HTTP 404,,"['channelId', 'deviceMac', 'uid']",
dbde9405a7530bc6585d,beIN Sports 1,beIN Sports 1 HD,http://169.45.89.106:1935/app/bein1frlsh58/playlist.m3u8,https://gist.githubusercontent.com/ItsRandall/3119615c8b4732d7b56e5217d66edbab/raw,TIMEOUT,,TEMPORARY_FAILURE,,,{},unknown,Stream timeout: timed out,,[],
79ed7f456d065d2a689f,beIN Sports 1,Bein Sports 1ᴴᴰ,http://185.160.192.64:80/mangin15/85784/13682,https://gist.githubusercontent.com/R03nDL03n1/e3f461a6e39f8bdc3e9bf96df638fd44/raw,TIMEOUT,,TEMPORARY_FAILURE,,,{},unknown,Stream timeout: timed out,,[],
200a43394905d6d8a128,beIN Sports 1,beIN Sport 1,http://185.93.3.84:5000/play/a01v,https://raw.githubusercontent.com/SulukNew/SMART-IPTV/HEAD/IPTV%20SMART,UNKNOWN,,TEMPORARY_FAILURE,503,http://185.93.3.84:5000/play/a01v,"{""connection"": ""close"", ""content-length"": ""95"", ""content-type"": ""text/plain"", ""date"": ""Sat, 10 Oct 2026 16:24:12 GMT"", ""server"": ""envoy""}",text/plain,Mixed or insufficient failure evidence: Stream returned HTTP 503; Stream returned HTTP 503,,[],
d9d90753b515bd5f5d0d,beIN Sports 1,BEIN SPORTS 1 HD,http://195.128.24.55/[access-controlled],https://raw.githubusercontent.com/mchoumi/mchoumi.github.io/HEAD/IPTVara.m3u,SKIPPED_ACCESS,ACCESS_QUERY_KEYS,UNKNOWN,,,{},NOT_REQUESTED,Credential/token/session-specific published URL; not reusable without access tokens,Find a credential-free distribution or obtain provider documentation. No HTTP request made with copied account/access parameters; subscription/geo status unconfirmed.,"['extension', 'mac', 'play_token', 'stream']","query keys intersect {token,ticket,password,username,mac,play_token,wmsauthsign,hdnts,hdnea,auth}"
d04dfbf9a91f0604ec90,beIN Sports 1,beINSport 1,http://195.154.156.28:80/wXQcdtDuYt/zQFbKU48fL/48,https://raw.githubusercontent.com/ajonx/Ambyar-TV/HEAD/Sports.m3u,TIMEOUT,,TEMPORARY_FAILURE,,,{},unknown,Stream timeout: timed out,,[],
934744966676c1017e3e,beIN Sports 1,beIN Sports 1,http://202.75.23.37/live/ch18/04.m3u8,https://raw.githubusercontent.com/hmemar/husham.com/HEAD/Lists/chimpsmithlist-znE9BaL9.txt,TIMEOUT,,TEMPORARY_FAILURE,,,{},unknown,Stream timeout: timed out,,[],
7eab7144f7c3bc0279d0,beIN Sports 1,beIN Sports 1,http://212.224.98.207:2200/EX/bein1hd-ar/index.m3u8?token=,https://gist.githubusercontent.com/motib09/b97539fc67f9a89d5f090359a2d29a9e/raw,TIMEOUT,,TEMPORARY_FAILURE,,,{},unknown,Stream timeout: timed out,,[],
84c27e24e0dcc5cfd8c5,beIN Sports 1,beIN SPORTS 1 HD,http://2756d46c.akciatv.ru/[access-controlled],https://gist.githubusercontent.com/bdrajgaming654-byte/11d59f64cea2abb66c2b547dd6b9c208/raw,SKIPPED_ACCESS,ACCOUNT_TOKEN_PATH,UNKNOWN,,,{},NOT_REQUESTED,Account-token-shaped IPTV line,Find a credential-free distribution or obtain provider documentation. No HTTP request made with copied account/access parameters; subscription/geo status unconfirmed.,[],"path matches /iptv/[A-Z0-9]{10,}/\d+/"
4d2c79e1548588e73439,beIN Sports 1,- 🔘 Bein Sports 1 (Francia) (🇫🇷),http://41.205.70.146/BEINSPORT1/index.m3u8,https://raw.githubusercontent.com/miltonja/winsports/HEAD/WINSPORTS,UNKNOWN,,TEMPORARY_FAILURE,503,http://41.205.70.146/BEINSPORT1/index.m3u8,"{""connection"": ""close"", ""content-length"": ""95"", ""content-type"": ""text/plain"", ""date"": ""Sat, 10 Oct 2026 16:29:08 GMT"", ""server"": ""envoy""}",text/plain,Mixed or insufficient failure evidence: Stream returned HTTP 503; Stream returned HTTP 503,,[],
b01d3da8ef8d69800f3a,beIN Sports 1,bein sport 1,http://5.39.70.216/buy-IPTV/sports@fontsbay.com/58.ch?12345678,https://raw.githubusercontent.com/hmemar/husham.com/HEAD/Lists/chimpsmithlist-znE9BaL9.txt,TIMEOUT,,TEMPORARY_FAILURE,,,{},unknown,Stream timeout: timed out,,[],
6ef49a01fdd16184b2d0,beIN Sports 1,[AstroGo] beIN Sports 1,http://54.179.169.40:1234/stream/astrogo/beinsports1/master.m3u8?u=saohoa&p=6902ea3a9c264432e241813ada3368d1742ba686e556e74dd30565451eb5e74c,https://raw.githubusercontent.com/element1242/element1242.github.io/HEAD/saohoa/astrogo.m3u,TIMEOUT,,TEMPORARY_FAILURE,,,{},unknown,Stream timeout: timed out,,"['p', 'u']",
d3ca7246694c3c6370b3,beIN Sports 1,AR: beIN Sports 1 HD,http://54.36.61.6/[access-controlled],https://raw.githubusercontent.com/vraomoturi/smartiptv-playlist/HEAD/sports.m3u,SKIPPED_ACCESS,ACCOUNT_PATH,UNKNOWN,,,{},NOT_REQUESTED,Credential-shaped IPTV line,Find a credential-free distribution or obtain provider documentation. No HTTP request made with copied account/access parameters; subscription/geo status unconfirmed.,[],"re.search(/(?:live|iptv)/[^/]+/[^/]+/\d+(?:[./]|$), path) or re.fullmatch(/[A-Za-z0-9]{6,}/[A-Za-z0-9]{6,}/\d+(?:\.[A-Za-z0-9]+)?/?, path) and any(character.isdigit() for part in path.strip(/).split(/)[:2] for character in part)"
f3b58e08b4db8cf4bc37,beIN Sports 1,beIN Sports 1,http://85.237.89.6:9590/ar-s/bein-1-stop-TimeSheft/tracks-v1a1/mono.m3u8,https://t.me/s/connecttechnology?before=9026,BROKEN,,UNKNOWN,404,http://85.237.89.6:9590/ar-s/bein-1-stop-TimeSheft/tracks-v1a1/mono.m3u8,"{""access-control-allow-headers"": ""x-vsaas-session, x-no-redirect, origin, authorization, accept, range, content-type, x-add-effective, session, x-originator, x-sid"", ""access-control-allow-methods"": ""GET, PUT, DELETE, OPTIONS"", ""access-control-allow-origin"": ""*"", ""access-control-expose-headers"": ""Server, range, X-Run-Time, X-Sid, Content-Length, Location"", ""cache-control"": ""no-cache"", ""connection"": ""close"", ""content-length"": ""10"", ""date"": ""Sat, 10 Oct 2026 16:25:27 GMT"", ""pragma"": ""no-cache"", ""server"": ""envoy"", ""x-envoy-upstream-service-time"": ""282""}",unknown,Stream returned HTTP 404,,[],
e26d6dd88a7fdce9aeea,beIN Sports 1,bein sport 1,http://95.170.215.101/hls/m3u8/Bein-S1-a58.m3u8,https://raw.githubusercontent.com/m3and88/iptv.m3u/HEAD/khalifa%20alshamsi.m3u,UNKNOWN,,UNKNOWN,407,http://95.170.215.101/hls/m3u8/Bein-S1-a58.m3u8,"{""access-control-allow-headers"": ""DNT,User-Agent,X-Requested-With,If-Modified-Since,Cache-Control,Content-Type,Range"", ""access-control-allow-methods"": ""GET, POST, OPTIONS"", ""access-control-allow-origin"": ""*"", ""access-control-expose-headers"": ""Content-Length,Content-Range"", ""cache-control"": ""no-cache, no-store, must-revalidate"", ""connection"": ""close"", ""content-type"": ""text/plain; charset=ISO-8859-1"", ""date"": ""Sat, 10 Oct 2026 16:25:18 GMT"", ""expires"": ""Sat, 10 Oct 2026 16:25:18 GMT"", ""last-modified"": ""Sat, 10 Oct 2026 16:25:18 GMT"", ""pragma"": ""no-cache"", ""server"": ""envoy"", ""transfer-encoding"": ""chunked"", ""x-envoy-upstream-service-time"": ""430"", ""x-powered-by"": ""PHP/8.1.33""}",text/plain; charset=ISO-8859-1,Mixed or insufficient failure evidence: Stream returned HTTP 407; Stream returned HTTP 407,,[],
021b989f89b7b109d369,beIN Sports 1,BEIN SPORT 1 HD,http://95.170.215.101/hls/m3u8/Bein-Sport-HD1.m3u8,https://raw.githubusercontent.com/m3and88/iptv.m3u/HEAD/khalifa%20alshamsi.m3u,UNKNOWN,,UNKNOWN,407,http://95.170.215.101/hls/m3u8/Bein-Sport-HD1.m3u8,"{""access-control-allow-headers"": ""DNT,User-Agent,X-Requested-With,If-Modified-Since,Cache-Control,Content-Type,Range"", ""access-control-allow-methods"": ""GET, POST, OPTIONS"", ""access-control-allow-origin"": ""*"", ""access-control-expose-headers"": ""Content-Length,Content-Range"", ""cache-control"": ""no-cache, no-store, must-revalidate"", ""connection"": ""close"", ""content-type"": ""text/plain; charset=ISO-8859-1"", ""date"": ""Sat, 10 Oct 2026 16:25:21 GMT"", ""expires"": ""Sat, 10 Oct 2026 16:25:21 GMT"", ""last-modified"": ""Sat, 10 Oct 2026 16:25:21 GMT"", ""pragma"": ""no-cache"", ""server"": ""envoy"", ""transfer-encoding"": ""chunked"", ""x-envoy-upstream-service-time"": ""199"", ""x-powered-by"": ""PHP/8.1.33""}",text/plain; charset=ISO-8859-1,Mixed or insufficient failure evidence: Stream returned HTTP 407; Stream returned HTTP 407,,[],
ea60eb0ced15f6ea2df0,beIN Sports 1,bein1,http://95.170.215.106/hls/m3u8/Bein-Sport-HD1.m3u8,https://raw.githubusercontent.com/m3and88/iptv.m3u/HEAD/khalifa%20alshamsi.m3u,TIMEOUT,,TEMPORARY_FAILURE,,,{},unknown,Stream timeout: timed out,,[],
6696000284ee582531bd,beIN Sports 1,beIN Sports 1 Arab,http://95.170.215.120:80/hls/m3u8/BeinSport1.m3u8,https://raw.githubusercontent.com/m3and88/iptv.m3u/HEAD/khalifa%20alshamsi.m3u,TIMEOUT,,TEMPORARY_FAILURE,,,{},unknown,Stream timeout: timed out,,[],
4ac010f35752391b635c,beIN Sports 1,BEIN SPORTS 1,http://fariszah.myq-see.com/[access-controlled],https://gist.githubusercontent.com/omarufulislam/e5f79ada3a4f8a377c1b5d74347c08fe/raw,SKIPPED_ACCESS,ACCOUNT_PATH,UNKNOWN,,,{},NOT_REQUESTED,Credential-shaped IPTV line,Find a credential-free distribution or obtain provider documentation. No HTTP request made with copied account/access parameters; subscription/geo status unconfirmed.,[],"re.search(/(?:live|iptv)/[^/]+/[^/]+/\d+(?:[./]|$), path) or re.fullmatch(/[A-Za-z0-9]{6,}/[A-Za-z0-9]{6,}/\d+(?:\.[A-Za-z0-9]+)?/?, path) and any(character.isdigit() for part in path.strip(/).split(/)[:2] for character in part)"
ae48c2289574676b171c,beIN Sports 1,BEIN SPORTS 1 *,http://fariszah.myq-see.com/[access-controlled],https://gist.githubusercontent.com/omarufulislam/e5f79ada3a4f8a377c1b5d74347c08fe/raw,SKIPPED_ACCESS,ACCOUNT_PATH,UNKNOWN,,,{},NOT_REQUESTED,Credential-shaped IPTV line,Find a credential-free distribution or obtain provider documentation. No HTTP request made with copied account/access parameters; subscription/geo status unconfirmed.,[],"re.search(/(?:live|iptv)/[^/]+/[^/]+/\d+(?:[./]|$), path) or re.fullmatch(/[A-Za-z0-9]{6,}/[A-Za-z0-9]{6,}/\d+(?:\.[A-Za-z0-9]+)?/?, path) and any(character.isdigit() for part in path.strip(/).split(/)[:2] for character in part)"
6795b868b8d1f4e1bd6f,beIN Sports 1,BEIN SPORTS 1 **,http://fariszah.myq-see.com/[access-controlled],https://gist.githubusercontent.com/omarufulislam/e5f79ada3a4f8a377c1b5d74347c08fe/raw,SKIPPED_ACCESS,ACCOUNT_PATH,UNKNOWN,,,{},NOT_REQUESTED,Credential-shaped IPTV line,Find a credential-free distribution or obtain provider documentation. No HTTP request made with copied account/access parameters; subscription/geo status unconfirmed.,[],"re.search(/(?:live|iptv)/[^/]+/[^/]+/\d+(?:[./]|$), path) or re.fullmatch(/[A-Za-z0-9]{6,}/[A-Za-z0-9]{6,}/\d+(?:\.[A-Za-z0-9]+)?/?, path) and any(character.isdigit() for part in path.strip(/).split(/)[:2] for character in part)"
cabf0e1c2ce181a3aa74,beIN Sports 1,beIN SPORTS 1 SD,http://forevertv.me/[access-controlled],https://raw.githubusercontent.com/ktkooot1/Ustream/HEAD/Forever%20Sport.m3u,SKIPPED_ACCESS,ACCOUNT_PATH,UNKNOWN,,,{},NOT_REQUESTED,Credential-shaped IPTV line,Find a credential-free distribution or obtain provider documentation. No HTTP request made with copied account/access parameters; subscription/geo status unconfirmed.,[],"re.search(/(?:live|iptv)/[^/]+/[^/]+/\d+(?:[./]|$), path) or re.fullmatch(/[A-Za-z0-9]{6,}/[A-Za-z0-9]{6,}/\d+(?:\.[A-Za-z0-9]+)?/?, path) and any(character.isdigit() for part in path.strip(/).split(/)[:2] for character in part)"
0a8d91d0eadec70c57d6,beIN Sports 1,beIN SPORTS 1 4K,http://forevertv.me/[access-controlled],https://raw.githubusercontent.com/ktkooot1/Ustream/HEAD/Forever%20Sport.m3u,SKIPPED_ACCESS,ACCOUNT_PATH,UNKNOWN,,,{},NOT_REQUESTED,Credential-shaped IPTV line,Find a credential-free distribution or obtain provider documentation. No HTTP request made with copied account/access parameters; subscription/geo status unconfirmed.,[],"re.search(/(?:live|iptv)/[^/]+/[^/]+/\d+(?:[./]|$), path) or re.fullmatch(/[A-Za-z0-9]{6,}/[A-Za-z0-9]{6,}/\d+(?:\.[A-Za-z0-9]+)?/?, path) and any(character.isdigit() for part in path.strip(/).split(/)[:2] for character in part)"
cbb7141d6de64b6b4776,beIN Sports 1,beIN SPORTS 1 EN 4K,http://forevertv.me/[access-controlled],https://raw.githubusercontent.com/ktkooot1/Ustream/HEAD/Forever%20Sport.m3u,SKIPPED_ACCESS,ACCOUNT_PATH,UNKNOWN,,,{},NOT_REQUESTED,Credential-shaped IPTV line,Find a credential-free distribution or obtain provider documentation. No HTTP request made with copied account/access parameters; subscription/geo status unconfirmed.,[],"re.search(/(?:live|iptv)/[^/]+/[^/]+/\d+(?:[./]|$), path) or re.fullmatch(/[A-Za-z0-9]{6,}/[A-Za-z0-9]{6,}/\d+(?:\.[A-Za-z0-9]+)?/?, path) and any(character.isdigit() for part in path.strip(/).split(/)[:2] for character in part)"
8b2a15bca176fb088264,beIN Sports 1,beIN SPORTS 1 FHD,http://forevertv.me/[access-controlled],https://raw.githubusercontent.com/ktkooot1/Ustream/HEAD/Forever%20Sport.m3u,SKIPPED_ACCESS,ACCOUNT_PATH,UNKNOWN,,,{},NOT_REQUESTED,Credential-shaped IPTV line,Find a credential-free distribution or obtain provider documentation. No HTTP request made with copied account/access parameters; subscription/geo status unconfirmed.,[],"re.search(/(?:live|iptv)/[^/]+/[^/]+/\d+(?:[./]|$), path) or re.fullmatch(/[A-Za-z0-9]{6,}/[A-Za-z0-9]{6,}/\d+(?:\.[A-Za-z0-9]+)?/?, path) and any(character.isdigit() for part in path.strip(/).split(/)[:2] for character in part)"
fb8eb71ab44a1af90b76,beIN Sports 1,beIN SPORTS 1 HD,http://forevertv.me/[access-controlled],https://raw.githubusercontent.com/ktkooot1/Ustream/HEAD/Forever%20Sport.m3u,SKIPPED_ACCESS,ACCOUNT_PATH,UNKNOWN,,,{},NOT_REQUESTED,Credential-shaped IPTV line,Find a credential-free distribution or obtain provider documentation. No HTTP request made with copied account/access parameters; subscription/geo status unconfirmed.,[],"re.search(/(?:live|iptv)/[^/]+/[^/]+/\d+(?:[./]|$), path) or re.fullmatch(/[A-Za-z0-9]{6,}/[A-Za-z0-9]{6,}/\d+(?:\.[A-Za-z0-9]+)?/?, path) and any(character.isdigit() for part in path.strip(/).split(/)[:2] for character in part)"
11339e27a9b33728bc7f,beIN Sports 1,bein sports 1 HD,http://goiptv.co:8080/live:56eed56608b644dbF/ZCjlyc8M9S/1825,https://raw.githubusercontent.com/sasuki2/IPTV/HEAD/NEdaLJB.m3u,GEO_BLOCKED_OR_FORBIDDEN,,AUTH_REQUIRED,401,http://goiptv.co:8080/live:56eed56608b644dbF/ZCjlyc8M9S/1825,"{""access-control-allow-origin"": ""*"", ""cf-cache-status"": ""DYNAMIC"", ""cf-ray"": ""a486fa820a73eb6a-ORD"", ""connection"": ""close"", ""content-type"": ""text/html; charset=UTF-8"", ""date"": ""Sat, 10 Oct 2026 16:25:00 GMT"", ""nel"": ""{\""report_to\"":\""cf-nel\"",\""success_fraction\"":0.0,\""max_age\"":604800}"", ""report-to"": ""{\""group\"":\""cf-nel\"",\""max_age\"":604800,\""endpoints\"":[{\""url\"":\""https://a.nel.cloudflare.com/report/v4?s=90SgojPSmm3aHo0E5%2FureVRc2QUkPa8kGrUdp7f8JYpRxA6EOsjb3dsLFvYA%2FKdrVqZsvrJkSeb3%2BcewYUipm6A0tMdzRs7lpNNLeyjcsGUy438LV76J%2FpyKsww%3D\""}]}"", ""server"": ""envoy"", ""transfer-encoding"": ""chunked"", ""x-envoy-upstream-service-time"": ""156""}",text/html; charset=UTF-8,Stream returned HTTP 401,,[],
a2dc0197e3d5769b6ca9,beIN Sports 1,bein sports 1 FHD,http://goiptv.co:8080/live:56eed56608b644dbF/ZCjlyc8M9S/5049,https://raw.githubusercontent.com/sasuki2/IPTV/HEAD/NEdaLJB.m3u,GEO_BLOCKED_OR_FORBIDDEN,,AUTH_REQUIRED,401,http://goiptv.co:8080/live:56eed56608b644dbF/ZCjlyc8M9S/5049,"{""access-control-allow-origin"": ""*"", ""cf-cache-status"": ""DYNAMIC"", ""cf-ray"": ""a486fa820ad5fa21-ORD"", ""connection"": ""close"", ""content-type"": ""text/html; charset=UTF-8"", ""date"": ""Sat, 10 Oct 2026 16:25:00 GMT"", ""nel"": ""{\""report_to\"":\""cf-nel\"",\""success_fraction\"":0.0,\""max_age\"":604800}"", ""report-to"": ""{\""group\"":\""cf-nel\"",\""max_age\"":604800,\""endpoints\"":[{\""url\"":\""https://a.nel.cloudflare.com/report/v4?s=xrxE8q%2BQRF4TGhRfmpWjIMK1Z6AqQgDlPC%2FD91wY%2BaJI3KKhGvsKy1xfjc9LWtkRIXuPABjX5GQSSXpdr4r90T32ltyRUfnVMSMCk8lRxX51zkEkb0ngyTUmWD0%3D\""}]}"", ""server"": ""envoy"", ""transfer-encoding"": ""chunked"", ""x-envoy-upstream-service-time"": ""161""}",text/html; charset=UTF-8,Stream returned HTTP 401,,[],
2540ada23a827d908e50,beIN Sports 1,AR | BEIN SPORTS 1 FHD,http://goldenplayerz.xyz/[access-controlled],https://raw.githubusercontent.com/siksa40/xPola-Player/HEAD/novaler-bein.m3u,SKIPPED_ACCESS,ACCOUNT_PATH,UNKNOWN,,,{},NOT_REQUESTED,Credential-shaped IPTV line,Find a credential-free distribution or obtain provider documentation. No HTTP request made with copied account/access parameters; subscription/geo status unconfirmed.,[],"re.search(/(?:live|iptv)/[^/]+/[^/]+/\d+(?:[./]|$), path) or re.fullmatch(/[A-Za-z0-9]{6,}/[A-Za-z0-9]{6,}/\d+(?:\.[A-Za-z0-9]+)?/?, path) and any(character.isdigit() for part in path.strip(/).split(/)[:2] for character in part)"
a926aff0e028097ff548,beIN Sports 1,BEIN SPORT 1,http://iptv.nonland.net:8080/KING_IPTV_xui/QtChUjfXPF/1313,https://raw.githubusercontent.com/yoyo82520/huaiptv/HEAD/MiTV.m3u,GEO_BLOCKED_OR_FORBIDDEN,,AUTH_REQUIRED,401,http://iptv.nonland.net:8080/KING_IPTV_xui/QtChUjfXPF/1313,"{""access-control-allow-origin"": ""*"", ""connection"": ""close"", ""content-type"": ""text/html; charset=UTF-8"", ""date"": ""Sat, 10 Oct 2026 16:29:48 GMT"", ""server"": ""envoy"", ""transfer-encoding"": ""chunked"", ""x-envoy-upstream-service-time"": ""483""}",text/html; charset=UTF-8,Stream returned HTTP 401,,[],
d581e0989dbcd2b633a9,beIN Sports 1,BEIN Sport 1ᴴᴰ,http://iptv.nonland.net:8080/KING_IPTV_xui/QtChUjfXPF/20066,https://raw.githubusercontent.com/yoyo82520/huaiptv/HEAD/MiTV.m3u,GEO_BLOCKED_OR_FORBIDDEN,,AUTH_REQUIRED,401,http://iptv.nonland.net:8080/KING_IPTV_xui/QtChUjfXPF/20066,"{""access-control-allow-origin"": ""*"", ""connection"": ""close"", ""content-type"": ""text/html; charset=UTF-8"", ""date"": ""Sat, 10 Oct 2026 16:29:48 GMT"", ""server"": ""envoy"", ""transfer-encoding"": ""chunked"", ""x-envoy-upstream-service-time"": ""350""}",text/html; charset=UTF-8,Stream returned HTTP 401,,[],
135ea3e7f4e138665d3d,beIN Sports 1,BEIN SPORTS 1ᴴᴰ,http://iptv.nonland.net:8080/KING_IPTV_xui/QtChUjfXPF/31486,https://raw.githubusercontent.com/yoyo82520/huaiptv/HEAD/MiTV.m3u,GEO_BLOCKED_OR_FORBIDDEN,,AUTH_REQUIRED,401,http://iptv.nonland.net:8080/KING_IPTV_xui/QtChUjfXPF/31486,"{""access-control-allow-origin"": ""*"", ""connection"": ""close"", ""content-type"": ""text/html; charset=UTF-8"", ""date"": ""Sat, 10 Oct 2026 16:29:49 GMT"", ""server"": ""envoy"", ""transfer-encoding"": ""chunked"", ""x-envoy-upstream-service-time"": ""668""}",text/html; charset=UTF-8,Stream returned HTTP 401,,[],
fbdf6606f21ec1bc7a0b,beIN Sports 1,BEIN SPORTS 1ᴴᴰ,http://iptv.nonland.net:8080/KING_IPTV_xui/QtChUjfXPF/31487,https://raw.githubusercontent.com/yoyo82520/huaiptv/HEAD/MiTV.m3u,GEO_BLOCKED_OR_FORBIDDEN,,AUTH_REQUIRED,401,http://iptv.nonland.net:8080/KING_IPTV_xui/QtChUjfXPF/31487,"{""access-control-allow-origin"": ""*"", ""connection"": ""close"", ""content-type"": ""text/html; charset=UTF-8"", ""date"": ""Sat, 10 Oct 2026 16:29:49 GMT"", ""server"": ""envoy"", ""transfer-encoding"": ""chunked"", ""x-envoy-upstream-service-time"": ""636""}",text/html; charset=UTF-8,Stream returned HTTP 401,,[],
8dec2b57dfe6185ae8a5,beIN Sports 1,BEIN SPORTS 1,http://iptv.nonland.net:8080/KING_IPTV_xui/QtChUjfXPF/31488,https://raw.githubusercontent.com/yoyo82520/huaiptv/HEAD/MiTV.m3u,GEO_BLOCKED_OR_FORBIDDEN,,AUTH_REQUIRED,401,http://iptv.nonland.net:8080/KING_IPTV_xui/QtChUjfXPF/31488,"{""access-control-allow-origin"": ""*"", ""connection"": ""close"", ""content-type"": ""text/html; charset=UTF-8"", ""date"": ""Sat, 10 Oct 2026 16:29:49 GMT"", ""server"": ""envoy"", ""transfer-encoding"": ""chunked"", ""x-envoy-upstream-service-time"": ""652""}",text/html; charset=UTF-8,Stream returned HTTP 401,,[],
3611d80297eef5ad75e2,beIN Sports 1,BEIN SPORTS 1 | HD,http://iptv.nonland.net:8080/KING_IPTV_xui/QtChUjfXPF/46931,https://raw.githubusercontent.com/yoyo82520/huaiptv/HEAD/MiTV.m3u,GEO_BLOCKED_OR_FORBIDDEN,,AUTH_REQUIRED,503,http://iptv.nonland.net:8080/KING_IPTV_xui/QtChUjfXPF/46931,"{""connection"": ""close"", ""content-length"": ""190"", ""content-type"": ""text/html"", ""date"": ""Sat, 10 Oct 2026 16:29:48 GMT"", ""server"": ""envoy"", ""x-envoy-upstream-service-time"": ""252""}",text/html,Stream returned HTTP 401,,[],
cf75e26d9db5d1253731,beIN Sports 1,BEIN SPORTS 1 |ᴴᴰ,http://iptv.nonland.net:8080/KING_IPTV_xui/QtChUjfXPF/46932,https://raw.githubusercontent.com/yoyo82520/huaiptv/HEAD/MiTV.m3u,GEO_BLOCKED_OR_FORBIDDEN,,AUTH_REQUIRED,401,http://iptv.nonland.net:8080/KING_IPTV_xui/QtChUjfXPF/46932,"{""access-control-allow-origin"": ""*"", ""connection"": ""close"", ""content-type"": ""text/html; charset=UTF-8"", ""date"": ""Sat, 10 Oct 2026 16:29:49 GMT"", ""server"": ""envoy"", ""transfer-encoding"": ""chunked"", ""x-envoy-upstream-service-time"": ""640""}",text/html; charset=UTF-8,Stream returned HTTP 401,,[],
d5dd50e75c27a3471492,beIN Sports 1,BEIN Sports 1,http://iptv.nonland.net:8080/KING_IPTV_xui/QtChUjfXPF/47502,https://raw.githubusercontent.com/yoyo82520/huaiptv/HEAD/MiTV.m3u,UNKNOWN,,TEMPORARY_FAILURE,503,http://iptv.nonland.net:8080/KING_IPTV_xui/QtChUjfXPF/47502,"{""connection"": ""close"", ""content-length"": ""190"", ""content-type"": ""text/html"", ""date"": ""Sat, 10 Oct 2026 16:29:48 GMT"", ""server"": ""envoy"", ""x-envoy-upstream-service-time"": ""123""}",text/html,Mixed or insufficient failure evidence: Stream returned HTTP 503; Stream returned HTTP 503,,[],
44fda023feb41845d2fd,beIN Sports 1,BEIN SPORTS 1,http://iptv.nonland.net:8080/KING_IPTV_xui/QtChUjfXPF/7340,https://raw.githubusercontent.com/yoyo82520/huaiptv/HEAD/MiTV.m3u,GEO_BLOCKED_OR_FORBIDDEN,,AUTH_REQUIRED,401,http://iptv.nonland.net:8080/KING_IPTV_xui/QtChUjfXPF/7340,"{""access-control-allow-origin"": ""*"", ""connection"": ""close"", ""content-type"": ""text/html; charset=UTF-8"", ""date"": ""Sat, 10 Oct 2026 16:29:49 GMT"", ""server"": ""envoy"", ""transfer-encoding"": ""chunked"", ""x-envoy-upstream-service-time"": ""656""}",text/html; charset=UTF-8,Stream returned HTTP 401,,[],
9d38e2fd75fb8c072b83,beIN Sports 1,BEIN SPORTS 1HD,http://iptv.nonland.net:8080/KING_IPTV_xui/QtChUjfXPF/998,https://raw.githubusercontent.com/yoyo82520/huaiptv/HEAD/MiTV.m3u,GEO_BLOCKED_OR_FORBIDDEN,,AUTH_REQUIRED,401,http://iptv.nonland.net:8080/KING_IPTV_xui/QtChUjfXPF/998,"{""access-control-allow-origin"": ""*"", ""connection"": ""close"", ""content-type"": ""text/html; charset=UTF-8"", ""date"": ""Sat, 10 Oct 2026 16:29:48 GMT"", ""server"": ""envoy"", ""transfer-encoding"": ""chunked"", ""x-envoy-upstream-service-time"": ""354""}",text/html; charset=UTF-8,Stream returned HTTP 401,,[],
2e0ed24dbf4b4fc4dd78,beIN Sports 1,beIN SPORTS 1 4K,http://ktv.im/[access-controlled],https://raw.githubusercontent.com/thermaxy/t/HEAD/e.m3u,SKIPPED_ACCESS,ACCOUNT_PATH,UNKNOWN,,,{},NOT_REQUESTED,Credential-shaped IPTV line,Find a credential-free distribution or obtain provider documentation. No HTTP request made with copied account/access parameters; subscription/geo status unconfirmed.,[],"re.search(/(?:live|iptv)/[^/]+/[^/]+/\d+(?:[./]|$), path) or re.fullmatch(/[A-Za-z0-9]{6,}/[A-Za-z0-9]{6,}/\d+(?:\.[A-Za-z0-9]+)?/?, path) and any(character.isdigit() for part in path.strip(/).split(/)[:2] for character in part)"
2148497fc87220a3d54d,beIN Sports 1,BEIN SPORTS 1,http://laurakaren.serv00.net/TRGoals.php?ID=yayin1&e=.m3u8,https://raw.githubusercontent.com/proefem/titel1/HEAD/TRFTR,GEO_BLOCKED_OR_FORBIDDEN,,UNKNOWN,403,http://laurakaren.serv00.net/TRGoals.php?ID=yayin1&e=.m3u8,"{""connection"": ""close"", ""content-length"": ""2625"", ""content-type"": ""text/html"", ""date"": ""Sat, 10 Oct 2026 16:24:21 GMT"", ""etag"": ""\""6695c3fb-a41\"""", ""server"": ""envoy"", ""x-envoy-upstream-service-time"": ""344""}",text/html,Stream returned HTTP 403,,"['ID', 'e']",
2148497fc87220a3d54d,beIN Sports 1,BEIN SPORTS 1,http://laurakaren.serv00.net/TRGoals.php?ID=yayin1&e=.m3u8,https://raw.githubusercontent.com/proefem/titel1/HEAD/TRFTR,GEO_BLOCKED_OR_FORBIDDEN,,UNKNOWN,403,http://laurakaren.serv00.net/TRGoals.php?ID=yayin1&e=.m3u8,"{""connection"": ""close"", ""content-length"": ""2625"", ""content-type"": ""text/html"", ""date"": ""Sat, 10 Oct 2026 16:24:22 GMT"", ""etag"": ""\""6695c3fb-a41\"""", ""server"": ""envoy"", ""x-envoy-upstream-service-time"": ""147""}",text/html,Stream returned HTTP 403,,"['ID', 'e']",
42b3826cc1ac86664784,beIN Sports 1,BEIN SPORTS 1,http://laurakaren.serv00.net/TRGoals.php?ID=yayininat&e=.m3u8,https://raw.githubusercontent.com/proefem/titel1/HEAD/TRFTR,GEO_BLOCKED_OR_FORBIDDEN,,UNKNOWN,403,http://laurakaren.serv00.net/TRGoals.php?ID=yayininat&e=.m3u8,"{""connection"": ""close"", ""content-length"": ""2625"", ""content-type"": ""text/html"", ""date"": ""Sat, 10 Oct 2026 16:24:21 GMT"", ""etag"": ""\""6695c3fb-a41\"""", ""server"": ""envoy"", ""x-envoy-upstream-service-time"": ""328""}",text/html,Stream returned HTTP 403,,"['ID', 'e']",
42b3826cc1ac86664784,beIN Sports 1,BEIN SPORTS 1,http://laurakaren.serv00.net/TRGoals.php?ID=yayininat&e=.m3u8,https://raw.githubusercontent.com/proefem/titel1/HEAD/TRFTR,GEO_BLOCKED_OR_FORBIDDEN,,UNKNOWN,403,http://laurakaren.serv00.net/TRGoals.php?ID=yayininat&e=.m3u8,"{""connection"": ""close"", ""content-length"": ""2625"", ""content-type"": ""text/html"", ""date"": ""Sat, 10 Oct 2026 16:24:22 GMT"", ""etag"": ""\""6695c3fb-a41\"""", ""server"": ""envoy"", ""x-envoy-upstream-service-time"": ""352""}",text/html,Stream returned HTTP 403,,"['ID', 'e']",
1378867992f0e7eb1897,beIN Sports 1,BEIN SPORTS 1,http://laurakaren.serv00.net/TRGoals.php?ID=yayinstar&e=.m3u8,https://raw.githubusercontent.com/proefem/titel1/HEAD/TRFTR,GEO_BLOCKED_OR_FORBIDDEN,,UNKNOWN,403,http://laurakaren.serv00.net/TRGoals.php?ID=yayinstar&e=.m3u8,"{""connection"": ""close"", ""content-length"": ""2625"", ""content-type"": ""text/html"", ""date"": ""Sat, 10 Oct 2026 16:24:22 GMT"", ""etag"": ""\""6695c3fb-a41\"""", ""server"": ""envoy"", ""x-envoy-upstream-service-time"": ""319""}",text/html,Stream returned HTTP 403,,"['ID', 'e']",
1378867992f0e7eb1897,beIN Sports 1,BEIN SPORTS 1,http://laurakaren.serv00.net/TRGoals.php?ID=yayinstar&e=.m3u8,https://raw.githubusercontent.com/proefem/titel1/HEAD/TRFTR,GEO_BLOCKED_OR_FORBIDDEN,,UNKNOWN,403,http://laurakaren.serv00.net/TRGoals.php?ID=yayinstar&e=.m3u8,"{""connection"": ""close"", ""content-length"": ""2625"", ""content-type"": ""text/html"", ""date"": ""Sat, 10 Oct 2026 16:24:22 GMT"", ""etag"": ""\""6695c3fb-a41\"""", ""server"": ""envoy"", ""x-envoy-upstream-service-time"": ""149""}",text/html,Stream returned HTTP 403,,"['ID', 'e']",
a98256742739e030d1d6,beIN Sports 1,BEIN SPORTS 1,http://laurakaren.serv00.net/TRGoals.php?ID=yayinzirve&e=.m3u8,https://raw.githubusercontent.com/proefem/titel1/HEAD/TRFTR,GEO_BLOCKED_OR_FORBIDDEN,,UNKNOWN,403,http://laurakaren.serv00.net/TRGoals.php?ID=yayinzirve&e=.m3u8,"{""connection"": ""close"", ""content-length"": ""2625"", ""content-type"": ""text/html"", ""date"": ""Sat, 10 Oct 2026 16:24:21 GMT"", ""etag"": ""\""6695c3fb-a41\"""", ""server"": ""envoy"", ""x-envoy-upstream-service-time"": ""323""}",text/html,Stream returned HTTP 403,,"['ID', 'e']",
a98256742739e030d1d6,beIN Sports 1,BEIN SPORTS 1,http://laurakaren.serv00.net/TRGoals.php?ID=yayinzirve&e=.m3u8,https://raw.githubusercontent.com/proefem/titel1/HEAD/TRFTR,GEO_BLOCKED_OR_FORBIDDEN,,UNKNOWN,403,http://laurakaren.serv00.net/TRGoals.php?ID=yayinzirve&e=.m3u8,"{""connection"": ""close"", ""content-length"": ""2625"", ""content-type"": ""text/html"", ""date"": ""Sat, 10 Oct 2026 16:24:22 GMT"", ""etag"": ""\""6695c3fb-a41\"""", ""server"": ""envoy"", ""x-envoy-upstream-service-time"": ""149""}",text/html,Stream returned HTTP 403,,"['ID', 'e']",
c89b5a05b046401b7468,beIN Sports 1,┃AR┃ BEIN SPORTS 1,http://line.goattv-ott.xyz/[access-controlled],https://gist.githubusercontent.com/Xo-Richie-Baldeo-oX/ac1a002b5c442908f134dd4958579ec2/raw,SKIPPED_ACCESS,ACCESS_QUERY_KEYS,UNKNOWN,,,{},NOT_REQUESTED,Credential/token/session-specific published URL; not reusable without access tokens,Find a credential-free distribution or obtain provider documentation. No HTTP request made with copied account/access parameters; subscription/geo status unconfirmed.,"['extension', 'mac', 'play_token', 'stream']","query keys intersect {token,ticket,password,username,mac,play_token,wmsauthsign,hdnts,hdnea,auth}"
6d6d4f3f3ee91dfcc600,beIN Sports 1,┃AR┃ BEIN SPORTS 1 UHD,http://line.goattv-ott.xyz/[access-controlled],https://gist.githubusercontent.com/Xo-Richie-Baldeo-oX/ac1a002b5c442908f134dd4958579ec2/raw,SKIPPED_ACCESS,ACCESS_QUERY_KEYS,UNKNOWN,,,{},NOT_REQUESTED,Credential/token/session-specific published URL; not reusable without access tokens,Find a credential-free distribution or obtain provider documentation. No HTTP request made with copied account/access parameters; subscription/geo status unconfirmed.,"['extension', 'mac', 'play_token', 'stream']","query keys intersect {token,ticket,password,username,mac,play_token,wmsauthsign,hdnts,hdnea,auth}"
740a953b775b7fe7f706,beIN Sports 1,bein Sport 1 FHD,http://line.sweet-4k.cc/[access-controlled],https://raw.githubusercontent.com/proefem/titel1/HEAD/TRFTR,SKIPPED_ACCESS,ACCOUNT_PATH,UNKNOWN,,,{},NOT_REQUESTED,Credential-shaped IPTV line,Find a credential-free distribution or obtain provider documentation. No HTTP request made with copied account/access parameters; subscription/geo status unconfirmed.,[],"re.search(/(?:live|iptv)/[^/]+/[^/]+/\d+(?:[./]|$), path) or re.fullmatch(/[A-Za-z0-9]{6,}/[A-Za-z0-9]{6,}/\d+(?:\.[A-Za-z0-9]+)?/?, path) and any(character.isdigit() for part in path.strip(/).split(/)[:2] for character in part)"
84293c618623f5bf22ae,beIN Sports 1,bein Sport 1 SD,http://line.sweet-4k.cc/[access-controlled],https://raw.githubusercontent.com/proefem/titel1/HEAD/TRFTR,SKIPPED_ACCESS,ACCOUNT_PATH,UNKNOWN,,,{},NOT_REQUESTED,Credential-shaped IPTV line,Find a credential-free distribution or obtain provider documentation. No HTTP request made with copied account/access parameters; subscription/geo status unconfirmed.,[],"re.search(/(?:live|iptv)/[^/]+/[^/]+/\d+(?:[./]|$), path) or re.fullmatch(/[A-Za-z0-9]{6,}/[A-Za-z0-9]{6,}/\d+(?:\.[A-Za-z0-9]+)?/?, path) and any(character.isdigit() for part in path.strip(/).split(/)[:2] for character in part)"
155154e151f6f5855102,beIN Sports 1,bein Sport 1 HD,http://line.sweet-4k.cc/[access-controlled],https://raw.githubusercontent.com/proefem/titel1/HEAD/TRFTR,SKIPPED_ACCESS,ACCOUNT_PATH,UNKNOWN,,,{},NOT_REQUESTED,Credential-shaped IPTV line,Find a credential-free distribution or obtain provider documentation. No HTTP request made with copied account/access parameters; subscription/geo status unconfirmed.,[],"re.search(/(?:live|iptv)/[^/]+/[^/]+/\d+(?:[./]|$), path) or re.fullmatch(/[A-Za-z0-9]{6,}/[A-Za-z0-9]{6,}/\d+(?:\.[A-Za-z0-9]+)?/?, path) and any(character.isdigit() for part in path.strip(/).split(/)[:2] for character in part)"
d8e0029d4a5e76a67936,beIN Sports 1,bein sports 1,http://listatv.cf/prem.php?id=beinsports1&tk=january&f=.m3u8,https://raw.githubusercontent.com/TVCABLEAR/VIP/HEAD/PAIS/USA/2018-USA.m3u,GEO_BLOCKED_OR_FORBIDDEN,,UNKNOWN,403,http://listatv.cf/prem.php?id=beinsports1&tk=january&f=.m3u8,"{""connection"": ""close"", ""content-length"": ""33"", ""content-type"": ""text/plain"", ""date"": ""Sat, 10 Oct 2026 16:30:07 GMT"", ""server"": ""envoy""}",text/plain,Stream returned HTTP 403,,"['f', 'id', 'tk']",
ebe9a08e8012e2b4338f,beIN Sports 1,Bein Sports 1,http://livetv.grabdeal.xyz/beinsport1,https://raw.githubusercontent.com/ajonx/Ambyar-TV/HEAD/Sports.m3u,BROKEN,,UNKNOWN,200,https://livetv.grabdeal.xyz/beinsport1,"{""alt-svc"": ""h3=\"":443\""; ma=86400"", ""cf-cache-status"": ""DYNAMIC"", ""cf-ray"": ""a486fac29aef6881-ORD"", ""connection"": ""close"", ""content-type"": ""text/html; charset=UTF-8"", ""date"": ""Sat, 10 Oct 2026 16:25:10 GMT"", ""nel"": ""{\""report_to\"":\""cf-nel\"",\""success_fraction\"":0.0,\""max_age\"":604800}"", ""report-to"": ""{\""group\"":\""cf-nel\"",\""max_age\"":604800,\""endpoints\"":[{\""url\"":\""https://a.nel.cloudflare.com/report/v4?s=xCNYf78w%2BywtZbmp6huCaJ%2BzAItPUA4M53%2Ff6xPQ7qBE1quqrfd1zfYblAeuixCuWxNvfp%2Bmn8G04Mtd%2BPmEpvF64XXbvpMvibZfX6KDeh1mwywB0eUeVgS5ysw7Avp5cRO68Ih8\""}]}"", ""server"": ""envoy"", ""transfer-encoding"": ""chunked"", ""vary"": ""accept-encoding"", ""x-envoy-upstream-service-time"": ""181"", ""x-powered-by"": ""Nginx""}",text/html; charset=UTF-8,Response was not a recognized playlist or media stream,,[],
6b938835357c96b325a1,beIN Sports 1,BEIN SPORTS 1 SD,http://m1.webvps.de/[access-controlled],https://raw.githubusercontent.com/mchoumi/mchoumi.github.io/HEAD/IPTVsports.m3u,SKIPPED_ACCESS,ACCOUNT_PATH,UNKNOWN,,,{},NOT_REQUESTED,Credential-shaped IPTV line,Find a credential-free distribution or obtain provider documentation. No HTTP request made with copied account/access parameters; subscription/geo status unconfirmed.,[],"re.search(/(?:live|iptv)/[^/]+/[^/]+/\d+(?:[./]|$), path) or re.fullmatch(/[A-Za-z0-9]{6,}/[A-Za-z0-9]{6,}/\d+(?:\.[A-Za-z0-9]+)?/?, path) and any(character.isdigit() for part in path.strip(/).split(/)[:2] for character in part)"
be4e9ccfffecce955523,beIN Sports 1,BEIN SPORTS 1 HD,http://m1.webvps.de/[access-controlled],https://raw.githubusercontent.com/mchoumi/mchoumi.github.io/HEAD/IPTVsports.m3u,SKIPPED_ACCESS,ACCOUNT_PATH,UNKNOWN,,,{},NOT_REQUESTED,Credential-shaped IPTV line,Find a credential-free distribution or obtain provider documentation. No HTTP request made with copied account/access parameters; subscription/geo status unconfirmed.,[],"re.search(/(?:live|iptv)/[^/]+/[^/]+/\d+(?:[./]|$), path) or re.fullmatch(/[A-Za-z0-9]{6,}/[A-Za-z0-9]{6,}/\d+(?:\.[A-Za-z0-9]+)?/?, path) and any(character.isdigit() for part in path.strip(/).split(/)[:2] for character in part)"
38c43a3dc92b2b7680d6,beIN Sports 1,BEIN SPORTS 1 HD,http://m1.webvps.de/[access-controlled],https://raw.githubusercontent.com/mchoumi/mchoumi.github.io/HEAD/IPTVsports.m3u,SKIPPED_ACCESS,ACCOUNT_PATH,UNKNOWN,,,{},NOT_REQUESTED,Credential-shaped IPTV line,Find a credential-free distribution or obtain provider documentation. No HTTP request made with copied account/access parameters; subscription/geo status unconfirmed.,[],"re.search(/(?:live|iptv)/[^/]+/[^/]+/\d+(?:[./]|$), path) or re.fullmatch(/[A-Za-z0-9]{6,}/[A-Za-z0-9]{6,}/\d+(?:\.[A-Za-z0-9]+)?/?, path) and any(character.isdigit() for part in path.strip(/).split(/)[:2] for character in part)"
ba8e9febd1931fb21890,beIN Sports 1,BEIN SPORTS 1 FHD,http://m1.webvps.de/[access-controlled],https://raw.githubusercontent.com/mchoumi/mchoumi.github.io/HEAD/IPTVsports.m3u,SKIPPED_ACCESS,ACCOUNT_PATH,UNKNOWN,,,{},NOT_REQUESTED,Credential-shaped IPTV line,Find a credential-free distribution or obtain provider documentation. No HTTP request made with copied account/access parameters; subscription/geo status unconfirmed.,[],"re.search(/(?:live|iptv)/[^/]+/[^/]+/\d+(?:[./]|$), path) or re.fullmatch(/[A-Za-z0-9]{6,}/[A-Za-z0-9]{6,}/\d+(?:\.[A-Za-z0-9]+)?/?, path) and any(character.isdigit() for part in path.strip(/).split(/)[:2] for character in part)"
fef28b94a88213a6cf4f,beIN Sports 1,BEIN SPORTS 1 FHD 4K,http://m1.webvps.de/[access-controlled],https://raw.githubusercontent.com/mchoumi/mchoumi.github.io/HEAD/IPTVsports.m3u,SKIPPED_ACCESS,ACCOUNT_PATH,UNKNOWN,,,{},NOT_REQUESTED,Credential-shaped IPTV line,Find a credential-free distribution or obtain provider documentation. No HTTP request made with copied account/access parameters; subscription/geo status unconfirmed.,[],"re.search(/(?:live|iptv)/[^/]+/[^/]+/\d+(?:[./]|$), path) or re.fullmatch(/[A-Za-z0-9]{6,}/[A-Za-z0-9]{6,}/\d+(?:\.[A-Za-z0-9]+)?/?, path) and any(character.isdigit() for part in path.strip(/).split(/)[:2] for character in part)"
623bcfa76b96b1ee754a,beIN Sports 1,[FR] beinsport1,http://master2.ipfox.online/[access-controlled],https://raw.githubusercontent.com/jifat1980/Channels-List/HEAD/Sport/kili-beINSPORTS-Fr.m3u,SKIPPED_ACCESS,ACCOUNT_PATH,UNKNOWN,,,{},NOT_REQUESTED,Credential-shaped IPTV line,Find a credential-free distribution or obtain provider documentation. No HTTP request made with copied account/access parameters; subscription/geo status unconfirmed.,[],"re.search(/(?:live|iptv)/[^/]+/[^/]+/\d+(?:[./]|$), path) or re.fullmatch(/[A-Za-z0-9]{6,}/[A-Za-z0-9]{6,}/\d+(?:\.[A-Za-z0-9]+)?/?, path) and any(character.isdigit() for part in path.strip(/).split(/)[:2] for character in part)"
258aff9dd6a7374add6f,beIN Sports 1,BeIn Sports 1 FHD,http://mol-2.com/[access-controlled],https://raw.githubusercontent.com/damadouiawara/M3uSportsFrance/HEAD/M3uSportsFrance.m3u,SKIPPED_ACCESS,ACCESS_QUERY_KEYS,UNKNOWN,,,{},NOT_REQUESTED,Credential/token/session-specific published URL; not reusable without access tokens,Find a credential-free distribution or obtain provider documentation. No HTTP request made with copied account/access parameters; subscription/geo status unconfirmed.,"['extension', 'mac', 'play_token', 'stream']","query keys intersect {token,ticket,password,username,mac,play_token,wmsauthsign,hdnts,hdnea,auth}"
9da2ff08d016ea02b4eb,beIN Sports 1,BeinSports 1,http://platin4k.eu:80/eagleiptv/SsFAljPDDi/2,https://raw.githubusercontent.com/BahyOsama/dinurunn/HEAD/oo.m3u,TIMEOUT,,TEMPORARY_FAILURE,,,{},unknown,Stream timeout: timed out,,[],
f65614cf9325dc7177c8,beIN Sports 1,AR BEIN SPORTS 1 HD,http://pro.netmos.ovh/[access-controlled],https://raw.githubusercontent.com/raid35/channel-links/HEAD/ALWAN.m3u,SKIPPED_ACCESS,ACCOUNT_PATH,UNKNOWN,,,{},NOT_REQUESTED,Credential-shaped IPTV line,Find a credential-free distribution or obtain provider documentation. No HTTP request made with copied account/access parameters; subscription/geo status unconfirmed.,[],"re.search(/(?:live|iptv)/[^/]+/[^/]+/\d+(?:[./]|$), path) or re.fullmatch(/[A-Za-z0-9]{6,}/[A-Za-z0-9]{6,}/\d+(?:\.[A-Za-z0-9]+)?/?, path) and any(character.isdigit() for part in path.strip(/).split(/)[:2] for character in part)"
79e2881d7a5aa4bf1c6a,beIN Sports 1,beIN SPORTS 1 UHD,http://proxpanel.cc/[access-controlled],https://gist.githubusercontent.com/sh400sp-ctrl/6bbd74b685e6bd0b79d329767e237949/raw,SKIPPED_ACCESS,ACCOUNT_PATH,UNKNOWN,,,{},NOT_REQUESTED,Credential-shaped IPTV line,Find a credential-free distribution or obtain provider documentation. No HTTP request made with copied account/access parameters; subscription/geo status unconfirmed.,[],"re.search(/(?:live|iptv)/[^/]+/[^/]+/\d+(?:[./]|$), path) or re.fullmatch(/[A-Za-z0-9]{6,}/[A-Za-z0-9]{6,}/\d+(?:\.[A-Za-z0-9]+)?/?, path) and any(character.isdigit() for part in path.strip(/).split(/)[:2] for character in part)"
3a6d37525e08d2d0a3bd,beIN Sports 1,beIN Sports 1HD,http://s.showplustv.pro/[access-controlled],https://raw.githubusercontent.com/ktkooot1/Ustream/HEAD/Showplus%20Sport.m3u,SKIPPED_ACCESS,ACCOUNT_PATH,UNKNOWN,,,{},NOT_REQUESTED,Credential-shaped IPTV line,Find a credential-free distribution or obtain provider documentation. No HTTP request made with copied account/access parameters; subscription/geo status unconfirmed.,[],"re.search(/(?:live|iptv)/[^/]+/[^/]+/\d+(?:[./]|$), path) or re.fullmatch(/[A-Za-z0-9]{6,}/[A-Za-z0-9]{6,}/\d+(?:\.[A-Za-z0-9]+)?/?, path) and any(character.isdigit() for part in path.strip(/).split(/)[:2] for character in part)"
cce23c1fb0a2e9ef9943,beIN Sports 1,Bein Sports HD1 (H.265),http://s.showplustv.pro/[access-controlled],https://raw.githubusercontent.com/ktkooot1/Ustream/HEAD/Showplus%20Sport.m3u,SKIPPED_ACCESS,ACCOUNT_PATH,UNKNOWN,,,{},NOT_REQUESTED,Credential-shaped IPTV line,Find a credential-free distribution or obtain provider documentation. No HTTP request made with copied account/access parameters; subscription/geo status unconfirmed.,[],"re.search(/(?:live|iptv)/[^/]+/[^/]+/\d+(?:[./]|$), path) or re.fullmatch(/[A-Za-z0-9]{6,}/[A-Za-z0-9]{6,}/\d+(?:\.[A-Za-z0-9]+)?/?, path) and any(character.isdigit() for part in path.strip(/).split(/)[:2] for character in part)"
fa2a67225e60a2823894,beIN Sports 1,beIN Sports 1 4K (H265),http://s.showplustv.pro/[access-controlled],https://raw.githubusercontent.com/ktkooot1/Ustream/HEAD/Showplus%20Sport.m3u,SKIPPED_ACCESS,ACCOUNT_PATH,UNKNOWN,,,{},NOT_REQUESTED,Credential-shaped IPTV line,Find a credential-free distribution or obtain provider documentation. No HTTP request made with copied account/access parameters; subscription/geo status unconfirmed.,[],"re.search(/(?:live|iptv)/[^/]+/[^/]+/\d+(?:[./]|$), path) or re.fullmatch(/[A-Za-z0-9]{6,}/[A-Za-z0-9]{6,}/\d+(?:\.[A-Za-z0-9]+)?/?, path) and any(character.isdigit() for part in path.strip(/).split(/)[:2] for character in part)"
4d7a2584a61b3260917a,beIN Sports 1,beIN SPORTS 1 4K,http://sansatplus.net/[access-controlled],https://raw.githubusercontent.com/raid35/channel-links/HEAD/arab.m3u,SKIPPED_ACCESS,ACCOUNT_PATH,UNKNOWN,,,{},NOT_REQUESTED,Credential-shaped IPTV line,Find a credential-free distribution or obtain provider documentation. No HTTP request made with copied account/access parameters; subscription/geo status unconfirmed.,[],"re.search(/(?:live|iptv)/[^/]+/[^/]+/\d+(?:[./]|$), path) or re.fullmatch(/[A-Za-z0-9]{6,}/[A-Za-z0-9]{6,}/\d+(?:\.[A-Za-z0-9]+)?/?, path) and any(character.isdigit() for part in path.strip(/).split(/)[:2] for character in part)"
69dc339b4bfb0b434e84,beIN Sports 1,BeIn Sports 1 HD,http://satyrnsat.dyndns.org/[access-controlled],https://gist.githubusercontent.com/ItsRandall/3119615c8b4732d7b56e5217d66edbab/raw,SKIPPED_ACCESS,ACCOUNT_PATH,UNKNOWN,,,{},NOT_REQUESTED,Credential-shaped IPTV line,Find a credential-free distribution or obtain provider documentation. No HTTP request made with copied account/access parameters; subscription/geo status unconfirmed.,[],"re.search(/(?:live|iptv)/[^/]+/[^/]+/\d+(?:[./]|$), path) or re.fullmatch(/[A-Za-z0-9]{6,}/[A-Za-z0-9]{6,}/\d+(?:\.[A-Za-z0-9]+)?/?, path) and any(character.isdigit() for part in path.strip(/).split(/)[:2] for character in part)"
bab0fe44e9ed52572204,beIN Sports 1,BEIN SPORTS 1,http://sky-tv.org/[access-controlled],https://raw.githubusercontent.com/mchoumi/mchoumi.github.io/HEAD/IPTVara.m3u,SKIPPED_ACCESS,ACCOUNT_PATH,UNKNOWN,,,{},NOT_REQUESTED,Credential-shaped IPTV line,Find a credential-free distribution or obtain provider documentation. No HTTP request made with copied account/access parameters; subscription/geo status unconfirmed.,[],"re.search(/(?:live|iptv)/[^/]+/[^/]+/\d+(?:[./]|$), path) or re.fullmatch(/[A-Za-z0-9]{6,}/[A-Za-z0-9]{6,}/\d+(?:\.[A-Za-z0-9]+)?/?, path) and any(character.isdigit() for part in path.strip(/).split(/)[:2] for character in part)"
69fcce65de4980eedec2,beIN Sports 1,BeIN Sports 1,http://starshare.net/[access-controlled],https://raw.githubusercontent.com/konanda-sg/Mrgify-Tv/HEAD/playlist.m3u,SKIPPED_ACCESS,URL_USERINFO,UNKNOWN,,,{},NOT_REQUESTED,Embedded credentials,Find a credential-free distribution or obtain provider documentation. No HTTP request made with copied account/access parameters; subscription/geo status unconfirmed.,[],parsed.username or parsed.password
805b6617ce78ffe4d3dc,beIN Sports 1,1080-Bein Sports 1,http://stream.mytvplus.net:7002/sport/ch1/ch1_1080.m3u8,https://gist.githubusercontent.com/mohannad-art/1f08bae8819eb6ced114bc5fd9920dac/raw,GEO_BLOCKED_OR_FORBIDDEN,,UNKNOWN,403,http://stream.mytvplus.net:7002/sport/ch1/ch1_1080.m3u8,"{""connection"": ""close"", ""content-length"": ""33"", ""content-type"": ""text/plain"", ""date"": ""Sat, 10 Oct 2026 16:24:00 GMT"", ""server"": ""envoy""}",text/plain,Stream returned HTTP 403,,[],
38af73c54cc70af4d629,beIN Sports 1,720-Bein Sports 1,http://stream.mytvplus.net:7002/sport/ch1/ch1_720.m3u8,https://gist.githubusercontent.com/mohannad-art/1f08bae8819eb6ced114bc5fd9920dac/raw,GEO_BLOCKED_OR_FORBIDDEN,,UNKNOWN,403,http://stream.mytvplus.net:7002/sport/ch1/ch1_720.m3u8,"{""connection"": ""close"", ""content-length"": ""33"", ""content-type"": ""text/plain"", ""date"": ""Sat, 10 Oct 2026 16:24:01 GMT"", ""server"": ""envoy""}",text/plain,Stream returned HTTP 403,,[],
14a2a8006266c9cd1071,beIN Sports 1,Bein Sports 1,http://streamindo.ddns.net/jhos/beib1_5/streamindo/playlist.m3u8,https://raw.githubusercontent.com/chwlibre/iptv/HEAD/abandonadas/list3.m3u,GEO_BLOCKED_OR_FORBIDDEN,,UNKNOWN,403,http://streamindo.ddns.net/jhos/beib1_5/streamindo/playlist.m3u8,"{""connection"": ""close"", ""content-length"": ""33"", ""content-type"": ""text/plain"", ""date"": ""Sat, 10 Oct 2026 16:25:00 GMT"", ""server"": ""envoy""}",text/plain,Stream returned HTTP 403,,[],
d9d6d2bfe08ae770b6db,beIN Sports 1,beIN SPORTS 1 HD,http://tv.startseven.tn/[access-controlled],https://raw.githubusercontent.com/raid35/channel-links/HEAD/ALWAN.m3u,SKIPPED_ACCESS,ACCOUNT_PATH,UNKNOWN,,,{},NOT_REQUESTED,Credential-shaped IPTV line,Find a credential-free distribution or obtain provider documentation. No HTTP request made with copied account/access parameters; subscription/geo status unconfirmed.,[],"re.search(/(?:live|iptv)/[^/]+/[^/]+/\d+(?:[./]|$), path) or re.fullmatch(/[A-Za-z0-9]{6,}/[A-Za-z0-9]{6,}/\d+(?:\.[A-Za-z0-9]+)?/?, path) and any(character.isdigit() for part in path.strip(/).split(/)[:2] for character in part)"
1ee774dce987a09573c1,beIN Sports 1,beIN SPORTS 1 HD,http://u.goldeniptv.com/[access-controlled],https://raw.githubusercontent.com/raid35/channel-links/HEAD/arab.m3u,SKIPPED_ACCESS,ACCOUNT_PATH,UNKNOWN,,,{},NOT_REQUESTED,Credential-shaped IPTV line,Find a credential-free distribution or obtain provider documentation. No HTTP request made with copied account/access parameters; subscription/geo status unconfirmed.,[],"re.search(/(?:live|iptv)/[^/]+/[^/]+/\d+(?:[./]|$), path) or re.fullmatch(/[A-Za-z0-9]{6,}/[A-Za-z0-9]{6,}/\d+(?:\.[A-Za-z0-9]+)?/?, path) and any(character.isdigit() for part in path.strip(/).split(/)[:2] for character in part)"
7db51daa5c85d581ae2a,beIN Sports 1,beIN SPORTS 1 ғʜᴅ,http://unreal.eztv4you.xyz/[access-controlled],https://raw.githubusercontent.com/Lunedor/iptvTR/HEAD/iptv_tum_kanallar.m3u,SKIPPED_ACCESS,ACCOUNT_PATH,UNKNOWN,,,{},NOT_REQUESTED,Credential-shaped IPTV line,Find a credential-free distribution or obtain provider documentation. No HTTP request made with copied account/access parameters; subscription/geo status unconfirmed.,[],"re.search(/(?:live|iptv)/[^/]+/[^/]+/\d+(?:[./]|$), path) or re.fullmatch(/[A-Za-z0-9]{6,}/[A-Za-z0-9]{6,}/\d+(?:\.[A-Za-z0-9]+)?/?, path) and any(character.isdigit() for part in path.strip(/).split(/)[:2] for character in part)"
a11b1d1dc32a5b2b8fff,beIN Sports 1,BEIN SPORTS 1 SD,http://vpn.modetv.ink/[access-controlled],https://raw.githubusercontent.com/mchoumi/mchoumi.github.io/HEAD/IPTVara.m3u,SKIPPED_ACCESS,ACCESS_QUERY_KEYS,UNKNOWN,,,{},NOT_REQUESTED,Credential/token/session-specific published URL; not reusable without access tokens,Find a credential-free distribution or obtain provider documentation. No HTTP request made with copied account/access parameters; subscription/geo status unconfirmed.,"['extension', 'mac', 'play_token', 'stream']","query keys intersect {token,ticket,password,username,mac,play_token,wmsauthsign,hdnts,hdnea,auth}"
365fa7bd9a3074896aa1,beIN Sports 1, beIN Sports 1,http://vpro.viptvclub.com/[access-controlled],https://raw.githubusercontent.com/yoyo82520/huaiptv/HEAD/HuaTV.m3u,SKIPPED_ACCESS,ACCOUNT_PATH,UNKNOWN,,,{},NOT_REQUESTED,Credential-shaped IPTV line,Find a credential-free distribution or obtain provider documentation. No HTTP request made with copied account/access parameters; subscription/geo status unconfirmed.,[],"re.search(/(?:live|iptv)/[^/]+/[^/]+/\d+(?:[./]|$), path) or re.fullmatch(/[A-Za-z0-9]{6,}/[A-Za-z0-9]{6,}/\d+(?:\.[A-Za-z0-9]+)?/?, path) and any(character.isdigit() for part in path.strip(/).split(/)[:2] for character in part)"
1ad169d63f9ae040651a,beIN Sports 1, beIN Sports 1 ᴴᴰ,http://vpro.viptvclub.com/[access-controlled],https://raw.githubusercontent.com/yoyo82520/huaiptv/HEAD/HuaTV.m3u,SKIPPED_ACCESS,ACCOUNT_PATH,UNKNOWN,,,{},NOT_REQUESTED,Credential-shaped IPTV line,Find a credential-free distribution or obtain provider documentation. No HTTP request made with copied account/access parameters; subscription/geo status unconfirmed.,[],"re.search(/(?:live|iptv)/[^/]+/[^/]+/\d+(?:[./]|$), path) or re.fullmatch(/[A-Za-z0-9]{6,}/[A-Za-z0-9]{6,}/\d+(?:\.[A-Za-z0-9]+)?/?, path) and any(character.isdigit() for part in path.strip(/).split(/)[:2] for character in part)"
485b78ff6b97d38374c5,beIN Sports 1, beIN Sports 1 ᴴᴰ*,http://vpro.viptvclub.com/[access-controlled],https://raw.githubusercontent.com/yoyo82520/huaiptv/HEAD/HuaTV.m3u,SKIPPED_ACCESS,ACCOUNT_PATH,UNKNOWN,,,{},NOT_REQUESTED,Credential-shaped IPTV line,Find a credential-free distribution or obtain provider documentation. No HTTP request made with copied account/access parameters; subscription/geo status unconfirmed.,[],"re.search(/(?:live|iptv)/[^/]+/[^/]+/\d+(?:[./]|$), path) or re.fullmatch(/[A-Za-z0-9]{6,}/[A-Za-z0-9]{6,}/\d+(?:\.[A-Za-z0-9]+)?/?, path) and any(character.isdigit() for part in path.strip(/).split(/)[:2] for character in part)"
0762d3455237d1f85a71,beIN Sports 1, beIN Sports 1¹⁰⁸⁰ᵖ 4K,http://vpro.viptvclub.com/[access-controlled],https://raw.githubusercontent.com/yoyo82520/huaiptv/HEAD/HuaTV.m3u,SKIPPED_ACCESS,ACCOUNT_PATH,UNKNOWN,,,{},NOT_REQUESTED,Credential-shaped IPTV line,Find a credential-free distribution or obtain provider documentation. No HTTP request made with copied account/access parameters; subscription/geo status unconfirmed.,[],"re.search(/(?:live|iptv)/[^/]+/[^/]+/\d+(?:[./]|$), path) or re.fullmatch(/[A-Za-z0-9]{6,}/[A-Za-z0-9]{6,}/\d+(?:\.[A-Za-z0-9]+)?/?, path) and any(character.isdigit() for part in path.strip(/).split(/)[:2] for character in part)"
f0c7948cfad95fcea9ef,beIN Sports 1,BEIN SPORT 1,http://vpro.viptvclub.com/[access-controlled],https://raw.githubusercontent.com/yoyo82520/huaiptv/HEAD/HuaTV.m3u,SKIPPED_ACCESS,ACCOUNT_PATH,UNKNOWN,,,{},NOT_REQUESTED,Credential-shaped IPTV line,Find a credential-free distribution or obtain provider documentation. No HTTP request made with copied account/access parameters; subscription/geo status unconfirmed.,[],"re.search(/(?:live|iptv)/[^/]+/[^/]+/\d+(?:[./]|$), path) or re.fullmatch(/[A-Za-z0-9]{6,}/[A-Za-z0-9]{6,}/\d+(?:\.[A-Za-z0-9]+)?/?, path) and any(character.isdigit() for part in path.strip(/).split(/)[:2] for character in part)"
03b08fc31d37a62272c4,beIN Sports 1,BEIN SPORT 1,http://vpro.viptvclub.com/[access-controlled],https://raw.githubusercontent.com/yoyo82520/huaiptv/HEAD/HuaTV.m3u,SKIPPED_ACCESS,ACCOUNT_PATH,UNKNOWN,,,{},NOT_REQUESTED,Credential-shaped IPTV line,Find a credential-free distribution or obtain provider documentation. No HTTP request made with copied account/access parameters; subscription/geo status unconfirmed.,[],"re.search(/(?:live|iptv)/[^/]+/[^/]+/\d+(?:[./]|$), path) or re.fullmatch(/[A-Za-z0-9]{6,}/[A-Za-z0-9]{6,}/\d+(?:\.[A-Za-z0-9]+)?/?, path) and any(character.isdigit() for part in path.strip(/).split(/)[:2] for character in part)"
c88acdf429106aeb1513,beIN Sports 1,BEIN SPORT 1 ᴴᴰ,http://vpro.viptvclub.com/[access-controlled],https://raw.githubusercontent.com/yoyo82520/huaiptv/HEAD/HuaTV.m3u,SKIPPED_ACCESS,ACCOUNT_PATH,UNKNOWN,,,{},NOT_REQUESTED,Credential-shaped IPTV line,Find a credential-free distribution or obtain provider documentation. No HTTP request made with copied account/access parameters; subscription/geo status unconfirmed.,[],"re.search(/(?:live|iptv)/[^/]+/[^/]+/\d+(?:[./]|$), path) or re.fullmatch(/[A-Za-z0-9]{6,}/[A-Za-z0-9]{6,}/\d+(?:\.[A-Za-z0-9]+)?/?, path) and any(character.isdigit() for part in path.strip(/).split(/)[:2] for character in part)"
2ce655e9ad88e5c736d7,beIN Sports 1,BEIN SPORT 1 ᴴᴰ*,http://vpro.viptvclub.com/[access-controlled],https://raw.githubusercontent.com/yoyo82520/huaiptv/HEAD/HuaTV.m3u,SKIPPED_ACCESS,ACCOUNT_PATH,UNKNOWN,,,{},NOT_REQUESTED,Credential-shaped IPTV line,Find a credential-free distribution or obtain provider documentation. No HTTP request made with copied account/access parameters; subscription/geo status unconfirmed.,[],"re.search(/(?:live|iptv)/[^/]+/[^/]+/\d+(?:[./]|$), path) or re.fullmatch(/[A-Za-z0-9]{6,}/[A-Za-z0-9]{6,}/\d+(?:\.[A-Za-z0-9]+)?/?, path) and any(character.isdigit() for part in path.strip(/).split(/)[:2] for character in part)"
e844b757b2c85c46008d,beIN Sports 1,BEIN SPORTS 1 [AR],http://xown.site/[access-controlled],https://raw.githubusercontent.com/bugsfreeweb/LiveTVCollector/HEAD/LiveTV/Bangladesh/LiveTV.m3u,SKIPPED_ACCESS,ACCESS_QUERY_KEYS,UNKNOWN,,,{},NOT_REQUESTED,Credential/token/session-specific published URL; not reusable without access tokens,Find a credential-free distribution or obtain provider documentation. No HTTP request made with copied account/access parameters; subscription/geo status unconfirmed.,"['id', 'token']","query keys intersect {token,ticket,password,username,mac,play_token,wmsauthsign,hdnts,hdnea,auth}"
856119afc8f85e411f4b,beIN Sports 1,bein sport 1,http://xxx12.trainer.pw/mubasher1/trainer.m3u8,https://raw.githubusercontent.com/m3and88/iptv.m3u/HEAD/khalifa%20alshamsi.m3u,GEO_BLOCKED_OR_FORBIDDEN,,UNKNOWN,403,http://xxx12.trainer.pw/mubasher1/trainer.m3u8,"{""connection"": ""close"", ""content-length"": ""33"", ""content-type"": ""text/plain"", ""date"": ""Sat, 10 Oct 2026 16:25:17 GMT"", ""server"": ""envoy""}",text/plain,Stream returned HTTP 403,,[],
525afb78aeb45fcb936c,beIN Sports 1,Bein Sports 1,https://1nyaler.streamhostingcdn.top/stream/23/index.m3u8,https://raw.githubusercontent.com/judy-gotv/iptv/HEAD/BD.m3u,GEO_BLOCKED_OR_FORBIDDEN,,UNKNOWN,403,https://1nyaler.streamhostingcdn.top/stream/23/index.m3u8,"{""access-control-allow-headers"": ""Range, Origin, Accept, Content-Type"", ""access-control-allow-methods"": ""GET, HEAD, OPTIONS"", ""access-control-allow-origin"": ""*"", ""cache-control"": ""no-cache, no-store, must-revalidate"", ""connection"": ""close"", ""content-type"": ""text/html"", ""date"": ""Sat, 10 Oct 2026 16:23:36 GMT"", ""server"": ""envoy"", ""transfer-encoding"": ""chunked"", ""x-envoy-upstream-service-time"": ""437"", ""x-origin"": ""cc3-via-cc3b""}",text/html,Stream returned HTTP 403,,[],
97c5b04c2158e83279b9,beIN Sports 1,Bein Sports 1 HD,https://2ue.d72577a9dd0ec31.sbs/b1/mono.m3u8,https://raw.githubusercontent.com/kadirsener1/CanliTvListe/HEAD/1.m3u,UNKNOWN,,UNKNOWN,,,{},unknown,Mixed or insufficient failure evidence: Stream connection error: Tunnel connection failed: 403 Forbidden; Stream connection error: Tunnel connection failed: 403 Forbidden,,[],
0dc19e6b9669a9ed4604,beIN Sports 1,Bein Sports 1 HD (VIP),https://2ue.d72577a9dd0ec31.sbs/trgoals/mono.m3u8,https://raw.githubusercontent.com/kadirsener1/CanliTvListe/HEAD/1.m3u,UNKNOWN,,UNKNOWN,,,{},unknown,Mixed or insufficient failure evidence: Stream connection error: Tunnel connection failed: 403 Forbidden; Stream connection error: Tunnel connection failed: 403 Forbidden,,[],
e6ca3238e850d738593b,beIN Sports 1,beIN Sports 1 (DRM Protected),https://49-231-37-235-rewriter.ais-vidnt.com/ais/play/origin/live/eds/S0001/HLS/S0001.m3u8,https://raw.githubusercontent.com/winnie3101/WinnieIPTV/HEAD/WinnieIPTV_AISPlay.m3u,UNKNOWN,,UNKNOWN,,,{},unknown,Mixed or insufficient failure evidence: Stream connection error: Tunnel connection failed: 403 Forbidden; Stream timeout: timed out,,[],
2a33920d100feee16a9d,beIN Sports 1,BEIN SPORTS 1,https://airmax.boats:443/airmaxtvMAX/airmaxtvXAM/306.ts,https://raw.githubusercontent.com/yousseffaouzi/playbein/HEAD/plbein.m3u,UNKNOWN,,UNKNOWN,,,{},unknown,Mixed or insufficient failure evidence: Stream connection error: Tunnel connection failed: 403 Forbidden; Stream connection error: Tunnel connection failed: 403 Forbidden,,[],
0162d64ee1786473b569,beIN Sports 1,Bein Sports 1,https://andro.226503.xyz/checklist/androstreamlivebs1.m3u8,https://raw.githubusercontent.com/M3UCurator/IPTVList/HEAD/All2.m3u,UNKNOWN,,UNKNOWN,,,{},unknown,Mixed or insufficient failure evidence: Stream connection error: Tunnel connection failed: 403 Forbidden; Stream connection error: Tunnel connection failed: 403 Forbidden,,[],
ffdd30c914ef2e6b711f,beIN Sports 1,BeIN Sports 1,https://andro.evrenesoglu121.click/checklist/androstreamlivebs1.m3u8,https://raw.githubusercontent.com/falsisdev/anthology/HEAD/providers/M3U/Liste/canli.m3u,GEO_BLOCKED_OR_FORBIDDEN,,UNKNOWN,403,https://andro.evrenesoglu121.click/checklist/androstreamlivebs1.m3u8,"{""cache-control"": ""private, max-age=0, no-store, no-cache, must-revalidate, post-check=0, pre-check=0"", ""cf-ray"": ""a48701934ace0011-ORD"", ""connection"": ""close"", ""content-type"": ""text/html"", ""date"": ""Sat, 10 Oct 2026 16:29:49 GMT"", ""expires"": ""Thu, 01 Jan 1970 00:00:01 GMT"", ""nel"": ""{\""report_to\"":\""cf-nel\"",\""success_fraction\"":0.0,\""max_age\"":604800}"", ""referrer-policy"": ""same-origin"", ""report-to"": ""{\""group\"":\""cf-nel\"",\""max_age\"":604800,\""endpoints\"":[{\""url\"":\""https://a.nel.cloudflare.com/report/v4?s=kyn7nMSnN7HrEnmRngaxY3kGCO9M9u33u2MtWiNk5ZAXOTV85knUprhnfjYtB36n2Is85mhbDDU35ySH%2BltfCBX8aPj3hUobpcsWpxQeJP1U1DhpB%2FDjYitWZM%2FM3etSJLDr3uR9qDSUTULVzw%3D%3D\""}]}"", ""server"": ""envoy"", ""transfer-encoding"": ""chunked"", ""x-envoy-upstream-service-time"": ""60"", ""x-frame-options"": ""SAMEORIGIN""}",text/html,Stream returned HTTP 403,,[],
734ade6efe26724e71a5,beIN Sports 1,beIN Sports 1 (France),https://api-proxad.dc2.oqee.net/[access-controlled],https://raw.githubusercontent.com/sni2007/WC2026/HEAD/2026,SKIPPED_ACCESS,DRM_OPTIONS,DRM_PROTECTED,,,{},NOT_REQUESTED,DRM/license parameters required,Find a credential-free distribution or obtain provider documentation. No HTTP request made with copied account/access parameters; subscription/geo status unconfirmed.,[],options match license_key|license_type|drmlicense=|drmscheme=
6c6a4d6095bd94ed8b8c,beIN Sports 1,beIN SPORTS 1 ғʜᴅ,https://avyyrtb95k.zortspor1.online/599/index.m3u8,https://raw.githubusercontent.com/Lunedor/iptvTR/HEAD/iptv_tum_kanallar.m3u,UNKNOWN,,UNKNOWN,,,{},unknown,Mixed or insufficient failure evidence: Stream connection error: Tunnel connection failed: 403 Forbidden; Stream connection error: Tunnel connection failed: 403 Forbidden,,[],
9e64be78d61841577158,beIN Sports 1,beIN SPORTS 1 ғʜᴅ,https://avyyrtb95k.zortspor1.online/7000/index.m3u8,https://raw.githubusercontent.com/Lunedor/iptvTR/HEAD/iptv_tum_kanallar.m3u,UNKNOWN,,UNKNOWN,,,{},unknown,Mixed or insufficient failure evidence: Stream connection error: Tunnel connection failed: 403 Forbidden; Stream connection error: Tunnel connection failed: 403 Forbidden,,[],
c0b73b4b422f210b1d4a,beIN Sports 1,Bein 1 🇹🇷,https://biraz.1386503.xyz/checklist/androstreamlivebs1.m3u8,https://raw.githubusercontent.com/M3UCurator/IPTVList/HEAD/All2.m3u,TIMEOUT,,UNKNOWN,,,{},unknown,Stream timeout: timed out,,[],
580ff1979e52433f1249,beIN Sports 1,Bein Sports 1,https://cdn-uw2-prod.tsv2.amagi.tv/linear/amg02873-kravemedia-mtrspt1-distrotv/playlist.m3u8,https://gist.githubusercontent.com/Sk2025365/601c2cb04f4e57c2997bb3bd9362527e/raw,UNKNOWN,,UNKNOWN,,,{},unknown,Mixed or insufficient failure evidence: Stream connection error: Tunnel connection failed: 403 Forbidden; Stream connection error: Tunnel connection failed: 403 Forbidden,,[],
dad909bfb381798da7a1,beIN Sports 1,Bein Sports 1,https://dga1op10s1u3leo.52c26716e2e875.click/live/selcukbeinsports1/playlist.m3u8,https://raw.githubusercontent.com/iprtl/m3u/HEAD/Freetv.m3u,GEO_BLOCKED_OR_FORBIDDEN,,UNKNOWN,200,https://dga1op10s1u3leo.52c26716e2e875.click/live/selcukbeinsports1/playlist.m3u8,"{""access-control-allow-headers"": ""Range, Origin, Accept,DNT,User-Agent,X-Requested-With,If-Modified-Since,Cache-Control,Content-Type,Range"", ""access-control-allow-methods"": ""GET, HEAD, OPTIONS,GET, OPTIONS"", ""access-control-allow-origin"": ""*"", ""access-control-expose-headers"": ""Content-Length, Content-Range,Content-Length,Content-Range"", ""alt-svc"": ""h3=\"":443\""; ma=86400"", ""cache-control"": ""public, s-maxage=2, no-store"", ""cf-cache-status"": ""EXPIRED"", ""cf-ray"": ""a486fa85cc9eeada-ORD"", ""connection"": ""close"", ""content-type"": ""application/vnd.apple.mpegurl"", ""date"": ""Sat, 10 Oct 2026 16:25:01 GMT"", ""last-modified"": ""Sat, 10 Oct 2026 16:25:01 GMT"", ""nel"": ""{\""report_to\"":\""cf-nel\"",\""success_fraction\"":0.0,\""max_age\"":604800}"", ""report-to"": ""{\""group\"":\""cf-nel\"",\""max_age\"":604800,\""endpoints\"":[{\""url\"":\""https://a.nel.cloudflare.com/report/v4?s=o8p%2BuYWV0D%2Bvy0Ab0VK2DmH0bNhumO2ngQXV4ATAFPEtV9LTV%2FFqjWc2KeZ76pDfzwxbBjUC2Z0FIzWn3uSlB8eqcr7Q10munZCdIVJeCmFLonCX85cIn1L8RwgsoYlBQNxMz97YvElgxzRJ9%2BbFo6G1P%2B5%2B4iM%3D\""}]}"", ""server"": ""envoy"", ""strict-transport-security"": ""max-age=15552000; includeSubDomains"", ""transfer-encoding"": ""chunked"", ""x-b-status"": ""disabled"", ""x-cache-status"": ""MISS"", ""x-content-type-options"": ""nosniff"", ""x-e-cache-date"": ""Sat, 10 Oct 2026 16:25:01 GMT"", ""x-e-cache-status"": ""EXPIRED"", ""x-e-server"": ""edge-2"", ""x-envoy-upstream-service-time"": ""386"", ""x-m-rec"": ""829"", ""x-p-bp"": ""0"", ""x-p-to"": ""2to1"", ""x-stream-name"": ""selcukbeinsports1""}",hls-media,HLS media object returned HTTP 403,,[],
465ce4dbbbe1589fc8a2,beIN Sports 1,beIN SPORTS 1 ғʜᴅ,https://fxazuc197k.zortspor1.online/599/index.m3u8,https://raw.githubusercontent.com/Lunedor/iptvTR/HEAD/iptv_tum_kanallar.m3u,UNKNOWN,,UNKNOWN,,,{},unknown,Mixed or insufficient failure evidence: Stream connection error: Tunnel connection failed: 403 Forbidden; Stream connection error: Tunnel connection failed: 403 Forbidden,,[],
45a3368449442c43fcda,beIN Sports 1,beIN SPORTS 1 ғʜᴅ,https://fxazuc197k.zortspor1.online/7000/index.m3u8,https://raw.githubusercontent.com/Lunedor/iptvTR/HEAD/iptv_tum_kanallar.m3u,UNKNOWN,,UNKNOWN,,,{},unknown,Mixed or insufficient failure evidence: Stream connection error: Tunnel connection failed: 403 Forbidden; Stream connection error: Tunnel connection failed: 403 Forbidden,,[],
ac0d033a168d98ce1a97,beIN Sports 1,beIN SPORTS 1 ғʜᴅ,https://j0pgnqplxcrgtwz8ioahynbwnfr3xmij.zortspor1.online/599/index.m3u8,https://raw.githubusercontent.com/Lunedor/iptvTR/HEAD/iptv_tum_kanallar.m3u,UNKNOWN,,UNKNOWN,,,{},unknown,Mixed or insufficient failure evidence: Stream connection error: Tunnel connection failed: 403 Forbidden; Stream connection error: Tunnel connection failed: 403 Forbidden,,[],
497cddb1ad9149e5738f,beIN Sports 1,beIN SPORTS 1 ғʜᴅ,https://j0pgnqplxcrgtwz8ioahynbwnfr3xmij.zortspor1.online/7000/index.m3u8,https://raw.githubusercontent.com/Lunedor/iptvTR/HEAD/iptv_tum_kanallar.m3u,UNKNOWN,,UNKNOWN,,,{},unknown,Mixed or insufficient failure evidence: Stream connection error: Tunnel connection failed: 403 Forbidden; Stream connection error: Tunnel connection failed: 403 Forbidden,,[],
743f25097383a66c3b15,beIN Sports 1,Bein Sports 1,https://liveanevia.mncnow.id/[access-controlled],https://raw.githubusercontent.com/idhanmario/iptv/HEAD/README.md,SKIPPED_ACCESS,DRM_OPTIONS,DRM_PROTECTED,,,{},NOT_REQUESTED,DRM/license parameters required,Find a credential-free distribution or obtain provider documentation. No HTTP request made with copied account/access parameters; subscription/geo status unconfirmed.,[],options match license_key|license_type|drmlicense=|drmscheme=
1e361eccb802680d9ff4,beIN Sports 1,beIN Sports 1,https://liveeu-gcp.alkassdigital.net/alkass1-p/main.m3u8,https://raw.githubusercontent.com/mi3umi/test-iptv-m3u/HEAD/combined.m3u,GEO_BLOCKED_OR_FORBIDDEN,,UNKNOWN,403,https://liveeu-gcp.alkassdigital.net/alkass1-p/main.m3u8,"{""access-control-allow-credentials"": ""true"", ""access-control-allow-headers"": ""origin,range,hdntl,hdnts,CMCD-Request,CMCD-Object,CMCD-Status,CMCD-Session"", ""access-control-allow-methods"": ""GET,POST,OPTIONS"", ""access-control-allow-origin"": ""https://shoof.alkass.net"", ""access-control-expose-headers"": ""Server,range,hdntl,hdnts,Akamai-Mon-Iucid-Ing,Akamai-Mon-Iucid-Del,Akamai-Request-BC"", ""access-control-max-age"": ""86400"", ""akamai-mon-iucid-del"": ""1901643"", ""alt-svc"": ""h3=\"":443\""; ma=93600,h3-29=\"":443\""; ma=93600"", ""cache-control"": ""max-age=0, no-cache, no-store"", ""connection"": ""close"", ""content-length"": ""417"", ""content-type"": ""text/html"", ""date"": ""Sat, 10 Oct 2026 16:24:15 GMT"", ""expires"": ""Sat, 10 Oct 2026 16:24:15 GMT"", ""mime-version"": ""1.0"", ""pragma"": ""no-cache"", ""server"": ""envoy"", ""x-envoy-upstream-service-time"": ""164""}",text/html,Stream returned HTTP 403,,[],
d5300e8acd40da48ef93,beIN Sports 1,Bein 1,https://love.sayob28681.workers.dev/lx-origin/th-monomax01_720/chunks.m3u8,https://raw.githubusercontent.com/M3UCurator/IPTVList/HEAD/All2.m3u,UNKNOWN,,TEMPORARY_FAILURE,500,https://love.sayob28681.workers.dev/lx-origin/th-monomax01_720/chunks.m3u8,"{""alt-svc"": ""h3=\"":443\""; ma=86400"", ""cache-control"": ""private, max-age=0, no-store, no-cache, must-revalidate, post-check=0, pre-check=0"", ""cf-ray"": ""a486f88039b18637-ORD"", ""connection"": ""close"", ""content-length"": ""4656"", ""content-type"": ""text/html; charset=UTF-8"", ""date"": ""Sat, 10 Oct 2026 16:23:38 GMT"", ""expires"": ""Thu, 01 Jan 1970 00:00:01 GMT"", ""referrer-policy"": ""same-origin"", ""server"": ""envoy"", ""x-envoy-upstream-service-time"": ""69"", ""x-frame-options"": ""SAMEORIGIN""}",text/html; charset=UTF-8,Mixed or insufficient failure evidence: Stream returned HTTP 500; Stream returned HTTP 500,,[],
3db3d0dcc496f9fa3797,beIN Sports 1,beIN Sport 1,https://nonton.site:8443/BobbySugara/RQFE8dHJ3v/728,https://raw.githubusercontent.com/yoyo82520/huaiptv/HEAD/HuaTV.m3u,UNKNOWN,,TEMPORARY_FAILURE,503,https://nonton.site:8443/BobbySugara/RQFE8dHJ3v/728,"{""connection"": ""close"", ""content-length"": ""91"", ""content-type"": ""text/plain"", ""date"": ""Sat, 10 Oct 2026 16:37:45 GMT"", ""server"": ""envoy""}",text/plain,Mixed or insufficient failure evidence: Stream returned HTTP 503; Stream returned HTTP 503,,[],
847b3450c8e32448ef6b,beIN Sports 1,Bein Sports 1,https://ott.udptv.xyz/stream/astro/beinsports1/master.m3u8?u=cocked&p=dd0abb52723d22acc0f97fe0336480feaa88a37ecda55a138a8d5e0ee14b0664,https://raw.githubusercontent.com/judy-gotv/iptv/HEAD/UDPTV.m3u,UNKNOWN,,UNKNOWN,,,{},unknown,Mixed or insufficient failure evidence: Stream connection error: Tunnel connection failed: 403 Forbidden; Stream connection error: Tunnel connection failed: 403 Forbidden,,"['p', 'u']",
f426d2a0632da6f1e412,beIN Sports 1,BEIN SPORTS 1,https://otte.live.fly.ww.aiv-cdn.net/syd-nitro/live/clients/dash/enc/ghwcl6hv68/out/v1/83536910d8034e9b9895a20fbe1c1687/cenc.mpd,https://gist.githubusercontent.com/sh400sp-ctrl/6bbd74b685e6bd0b79d329767e237949/raw,DRM_PROTECTED,,DRM_PROTECTED,200,https://otte.live.fly.ww.aiv-cdn.net/syd-nitro/live/clients/dash/enc/ghwcl6hv68/out/v1/83536910d8034e9b9895a20fbe1c1687/cenc.mpd,"{""accept-ranges"": ""bytes"", ""access-control-allow-credentials"": ""true"", ""access-control-allow-headers"": ""origin,range,accept-encoding,referer,x-amz-url-set-id,x-amz-source"", ""access-control-allow-methods"": ""GET,HEAD,OPTIONS"", ""access-control-allow-origin"": ""*"", ""access-control-expose-headers"": ""x-amz-source"", ""access-control-max-age"": ""3000"", ""age"": ""0"", ""cache-control"": ""stale-if-error=0,max-age=1"", ""channel"": ""ghwcl6hv68"", ""connection"": ""close"", ""content-length"": ""105572"", ""content-type"": ""application/dash+xml"", ""date"": ""Sat, 10 Oct 2026 16:35:13 GMT"", ""server"": ""envoy"", ""vary"": ""Origin, Accept-Encoding"", ""via"": ""1.1 varnish, 1.1 varnish"", ""x-amz-mid-tier"": ""Fastly-Manifests"", ""x-amz-source"": ""LivePlaybackOrigin"", ""x-amzn-requestid"": ""a5a3ed45-dc3f-4f38-b5be-408ac274331c"", ""x-cache"": ""HIT, MISS"", ""x-cache-hits"": ""1, 0"", ""x-envoy-upstream-service-time"": ""302"", ""x-mediapackage-manifest-last-sequence"": ""18883714"", ""x-mediapackage-manifest-last-updated"": ""1791650111108"", ""x-mediapackage-request-id"": ""Root=1-6aca6940-6c7554d101c45b5c535f0950"", ""x-served-by"": ""cache-syd10126-SYD, cache-chi-kmdw8640028-CHI"", ""x-timer"": ""S1791650113.227842,VS0,VE196""}",dash,Manifest declares protected media; no license or decryption keys were used,,[],
d640604ddef3993be58e,beIN Sports 1,BeIN Sport 1,https://s1.inattvcom300.xyz/cdn/b1.m3u8?,https://raw.githubusercontent.com/proefem/titel1/HEAD/TRFTR,UNKNOWN,,UNKNOWN,,,{},unknown,Mixed or insufficient failure evidence: Stream connection error: Tunnel connection failed: 403 Forbidden; Stream connection error: Tunnel connection failed: 403 Forbidden,,[],
47df418b06597f92baf1,beIN Sports 1,BeIN Sport 1 ʜᴅ,https://scr013.b-cdn.net/live/10.m3u8,https://raw.githubusercontent.com/proefem/titel1/HEAD/TRFTR,GEO_BLOCKED_OR_FORBIDDEN,,UNKNOWN,403,https://scr013.b-cdn.net/live/10.m3u8,"{""cache-control"": ""no-cache, no-store, max-age=0"", ""cdn-requestid"": ""342db2dd2e7ac28438ba0f869a8a9aa0"", ""connection"": ""close"", ""content-type"": ""text/html"", ""date"": ""Sat, 10 Oct 2026 16:24:20 GMT"", ""server"": ""envoy"", ""transfer-encoding"": ""chunked"", ""vary"": ""Accept-Encoding"", ""x-envoy-upstream-service-time"": ""120""}",text/html,Stream returned HTTP 403,,[],
4a2a801de8645282c71c,beIN Sports 1,BeIN Sport 1 ʜᴅ,https://scr013.b-cdn.net/live/99.m3u8,https://raw.githubusercontent.com/proefem/titel1/HEAD/TRFTR,GEO_BLOCKED_OR_FORBIDDEN,,UNKNOWN,403,https://scr013.b-cdn.net/live/99.m3u8,"{""cache-control"": ""no-cache, no-store, max-age=0"", ""cdn-requestid"": ""89f6c09493c99d3a3a95803b10b99d63"", ""connection"": ""close"", ""content-type"": ""text/html"", ""date"": ""Sat, 10 Oct 2026 16:24:21 GMT"", ""server"": ""envoy"", ""transfer-encoding"": ""chunked"", ""vary"": ""Accept-Encoding"", ""x-envoy-upstream-service-time"": ""70""}",text/html,Stream returned HTTP 403,,[],
3e69d85887264ad3d208,beIN Sports 1,BEINSPORTS1,https://smt.passwdword.xyz/Smart.php?id=Astrobein1,https://raw.githubusercontent.com/judy-gotv/iptv/HEAD/logo-smart.m3u,BROKEN,,UNKNOWN,200,https://smt.passwdword.xyz/Smart.php?id=Astrobein1,"{""cache-control"": ""no-store, no-cache, must-revalidate, post-check=0, pre-check=0"", ""connection"": ""close"", ""content-type"": ""text/html; charset=UTF-8"", ""date"": ""Sat, 10 Oct 2026 16:29:47 GMT"", ""expires"": ""Mon, 26 Jul 1997 05:00:00 GMT"", ""last-modified"": ""Sat, 10 Oct 2026 16:29:46 GMT"", ""pragma"": ""no-cache"", ""server"": ""envoy"", ""transfer-encoding"": ""chunked"", ""vary"": ""Accept-Encoding"", ""x-adblock-key"": ""MFwwDQYJKoZIhvcNAQEBBQADSwAwSAJBANnylWw2vLY4hUn9w06zQKbhKBfvjFUCsdFlb6TdQhxb9RXWXuI4t31c+o8fYOv/s8q1LGPga3DE1L/tHU4LENMCAwEAAQ==_zdprFkyNzU9pUKtVwZ0/TlKcI38SdVY1LjcXjSH1JOTKugGbRAuvbXgSLtcXAZzrPg6/X98JDIpLmWvJ24lc6A=="", ""x-cache-miss-from"": ""parking-766ffb8d49-8mvdn"", ""x-envoy-upstream-service-time"": ""576""}",text/html; charset=UTF-8,Response was not a recognized playlist or media stream,,['id'],
7b862183b08fcbf566be,beIN Sports 1,BeIN SPORT 1 HD,https://srvccc.rise2549blood.xyz/kaynakstreamradarco/selcukbein1app/naxi/caxi.m3u8,https://raw.githubusercontent.com/BahyOsama/dinurunn/HEAD/oo.m3u,UNKNOWN,,UNKNOWN,,,{},unknown,Mixed or insufficient failure evidence: Stream connection error: Tunnel connection failed: 403 Forbidden; Stream connection error: Tunnel connection failed: 403 Forbidden,,[],
2249ebf7ad26d7667ffa,beIN Sports 1,beIN Sports 1,https://stream.ayas.ir/hls2/beinsport1.m3u8,https://github.com/idhanmario/iptv,UNKNOWN,,TEMPORARY_FAILURE,503,https://stream.ayas.ir/hls2/beinsport1.m3u8,"{""connection"": ""close"", ""content-length"": ""91"", ""content-type"": ""text/plain"", ""date"": ""Sat, 10 Oct 2026 16:29:14 GMT"", ""server"": ""envoy""}",text/plain,Mixed or insufficient failure evidence: Stream returned HTTP 503; Stream returned HTTP 503,,[],
2f17f4eaefd91907fd61,beIN Sports 1,BeIN Sports 1 ʜᴅ,https://tayland.canlimachd10.site/hls/bein-sports-1.m3u8,https://raw.githubusercontent.com/proefem/titel1/HEAD/TRFTR,UNKNOWN,,UNKNOWN,,,{},unknown,Mixed or insufficient failure evidence: Stream connection error: Tunnel connection failed: 403 Forbidden; Stream connection error: Tunnel connection failed: 403 Forbidden,,[],
bb6ded6a23e3de159c31,beIN Sports 1,beIN SPORTS 1,https://ten.4928d54d950ee70q30.lat/yayinzirve.m3u8,https://raw.githubusercontent.com/kadirsener1/CanliTvListe/HEAD/trgoals.m3u,UNKNOWN,,UNKNOWN,,,{},unknown,Mixed or insufficient failure evidence: Stream connection error: Tunnel connection failed: 403 Forbidden; Stream connection error: Tunnel connection failed: 403 Forbidden,,[],
02989b5fca601b36e635,beIN Sports 1,BEIN SPORTS 1,https://thumb.score806.cc/fr_beinsports1/index.m3u8,https://raw.githubusercontent.com/YoCodeCrafters/playlist-generator/HEAD/playlists/aesport.m3u,UNKNOWN,,UNKNOWN,,,{},unknown,Mixed or insufficient failure evidence: Stream connection error: Tunnel connection failed: 403 Forbidden; Stream connection error: Tunnel connection failed: 403 Forbidden,,[],
870dc7d3079d2018edb9,beIN Sports 1,beIN Sports 1 HD,https://tvsen6.aynaott.com/beinsports/index.m3u8,https://raw.githubusercontent.com/xOdis/stremio-dev-features-opened/HEAD/WATCHIT/arabic-bein.m3u,VERIFIED_LINEAR_FEED,,UNKNOWN,200,https://tvsen6.aynaott.com/beinsports/index.m3u8,"{""access-control-allow-headers"": ""x-vsaas-session, x-no-redirect, origin, authorization, accept, range, content-type, x-add-effective, session, x-originator, x-sid, traceparent, x-request-id"", ""access-control-allow-methods"": ""GET, PUT, DELETE, OPTIONS"", ""access-control-allow-origin"": ""*"", ""access-control-expose-headers"": ""Server, range, X-Run-Time, X-Sid, Content-Length, Location"", ""cache-control"": ""no-cache"", ""connection"": ""close"", ""content-length"": ""184"", ""content-type"": ""application/vnd.apple.mpegurl"", ""date"": ""Sat, 10 Oct 2026 16:30:04 GMT"", ""pragma"": ""no-cache"", ""server"": ""envoy"", ""timing-allow-origin"": ""*"", ""x-envoy-upstream-service-time"": ""913"", ""x-media-info-time"": ""33"", ""x-prepare-time"": ""181"", ""x-route-time"": ""2300"", ""x-run-time"": ""220"", ""x-sid"": ""6aca680c-729f-4eb9-a4c4-88a9943f0fb6""}",hls-master,"Decoded H.264 video plus AAC audio, advancing live HLS and editorial brand verification. Catalog label beIN Sports 1 HD (AR) was corrected to the observed unnumbered service.",,[],
10acaed4b078f5399f2a,beIN Sports 1,Bein 1,https://www.livedoomovies.com/02_epl1_720p/chunklist.m3u8,https://raw.githubusercontent.com/ajonx/Ambyar-TV/HEAD/Sports.m3u,UNKNOWN,,TEMPORARY_FAILURE,503,https://www.livedoomovies.com/02_epl1_720p/chunklist.m3u8,"{""connection"": ""close"", ""content-length"": ""91"", ""content-type"": ""text/plain"", ""date"": ""Sat, 10 Oct 2026 16:25:22 GMT"", ""server"": ""envoy""}",text/plain,Mixed or insufficient failure evidence: Stream returned HTTP 503; Stream returned HTTP 503,,[],
1d80831c878b4ff6a5ff,beIN Sports 1,Bein Sports 1,rtmp://95.168.199.245/[access-controlled],https://raw.githubusercontent.com/hmemar/husham.com/HEAD/Lists/chimpsmithlist-znE9BaL9.txt,SKIPPED_ACCESS,NON_HTTP_URL,UNKNOWN,,,{},NOT_REQUESTED,Not an HTTP(S) stream,Find a credential-free distribution or obtain provider documentation. No HTTP request made with copied account/access parameters; subscription/geo status unconfirmed.,[],"scheme not in ('https', 'http') or hostname absent"
7a90c35b07ce811f0f16,beIN Sports 1,BEIN 1 (ARA),rtmp://www1.iguide.to/[access-controlled],https://gist.githubusercontent.com/ItsRandall/3119615c8b4732d7b56e5217d66edbab/raw,SKIPPED_ACCESS,NON_HTTP_URL,UNKNOWN,,,{},NOT_REQUESTED,Not an HTTP(S) stream,Find a credential-free distribution or obtain provider documentation. No HTTP request made with copied account/access parameters; subscription/geo status unconfirmed.,"['autoplay', 'channel', 'height', 'width']","scheme not in ('https', 'http') or hostname absent"
484074b66fbc149219c6,beIN Sports 1 (Arabic),beIN Sports 1 Arabic,https://ondemand.st/papi/tv/dlhd/91/playlist.m3u8,https://raw.githubusercontent.com/BuddyChewChew/My-Streams/HEAD/Backup/dami-tv.m3u,GEO_BLOCKED_OR_FORBIDDEN,,UNKNOWN,403,https://ondemand.st/papi/tv/dlhd/91/playlist.m3u8,"{""access-control-allow-origin"": ""*"", ""connection"": ""close"", ""content-length"": ""146"", ""content-type"": ""text/html"", ""date"": ""Sat, 10 Oct 2026 16:29:47 GMT"", ""server"": ""envoy"", ""x-envoy-upstream-service-time"": ""237""}",text/html,Stream returned HTTP 403,,[],
034489313bf362f5df36,beIN Sports 1 (English),BEIN SPORTS ENGLISH 1 HD,http://103.100.169.51/[access-controlled],https://raw.githubusercontent.com/mchoumi/mchoumi.github.io/HEAD/IPTVara.m3u,SKIPPED_ACCESS,ACCOUNT_PATH,UNKNOWN,,,{},NOT_REQUESTED,Credential-shaped IPTV line,Find a credential-free distribution or obtain provider documentation. No HTTP request made with copied account/access parameters; subscription/geo status unconfirmed.,[],"re.search(/(?:live|iptv)/[^/]+/[^/]+/\d+(?:[./]|$), path) or re.fullmatch(/[A-Za-z0-9]{6,}/[A-Za-z0-9]{6,}/\d+(?:\.[A-Za-z0-9]+)?/?, path) and any(character.isdigit() for part in path.strip(/).split(/)[:2] for character in part)"
f0c56d914751493f92ed,beIN Sports 1 (English),beIN SPORTS 1 English SD,http://forevertv.me/[access-controlled],https://raw.githubusercontent.com/ktkooot1/Ustream/HEAD/Forever%20Sport.m3u,SKIPPED_ACCESS,ACCOUNT_PATH,UNKNOWN,,,{},NOT_REQUESTED,Credential-shaped IPTV line,Find a credential-free distribution or obtain provider documentation. No HTTP request made with copied account/access parameters; subscription/geo status unconfirmed.,[],"re.search(/(?:live|iptv)/[^/]+/[^/]+/\d+(?:[./]|$), path) or re.fullmatch(/[A-Za-z0-9]{6,}/[A-Za-z0-9]{6,}/\d+(?:\.[A-Za-z0-9]+)?/?, path) and any(character.isdigit() for part in path.strip(/).split(/)[:2] for character in part)"
e1ee9c53e672b527a346,beIN Sports 1 (English),beIN SPORTS 1 English FHD,http://forevertv.me/[access-controlled],https://raw.githubusercontent.com/ktkooot1/Ustream/HEAD/Forever%20Sport.m3u,SKIPPED_ACCESS,ACCOUNT_PATH,UNKNOWN,,,{},NOT_REQUESTED,Credential-shaped IPTV line,Find a credential-free distribution or obtain provider documentation. No HTTP request made with copied account/access parameters; subscription/geo status unconfirmed.,[],"re.search(/(?:live|iptv)/[^/]+/[^/]+/\d+(?:[./]|$), path) or re.fullmatch(/[A-Za-z0-9]{6,}/[A-Za-z0-9]{6,}/\d+(?:\.[A-Za-z0-9]+)?/?, path) and any(character.isdigit() for part in path.strip(/).split(/)[:2] for character in part)"
91a1bdacd1b24ac1a538,beIN Sports 1 (English),beIN SPORTS 1 English HD,http://forevertv.me/[access-controlled],https://raw.githubusercontent.com/ktkooot1/Ustream/HEAD/Forever%20Sport.m3u,SKIPPED_ACCESS,ACCOUNT_PATH,UNKNOWN,,,{},NOT_REQUESTED,Credential-shaped IPTV line,Find a credential-free distribution or obtain provider documentation. No HTTP request made with copied account/access parameters; subscription/geo status unconfirmed.,[],"re.search(/(?:live|iptv)/[^/]+/[^/]+/\d+(?:[./]|$), path) or re.fullmatch(/[A-Za-z0-9]{6,}/[A-Za-z0-9]{6,}/\d+(?:\.[A-Za-z0-9]+)?/?, path) and any(character.isdigit() for part in path.strip(/).split(/)[:2] for character in part)"
26a6b5c5b3aa1c928cd7,beIN Sports 1 (English),BEIN SPORTS ENGLISH 1 HD,http://m1.webvps.de/[access-controlled],https://raw.githubusercontent.com/mchoumi/mchoumi.github.io/HEAD/IPTVsports.m3u,SKIPPED_ACCESS,ACCOUNT_PATH,UNKNOWN,,,{},NOT_REQUESTED,Credential-shaped IPTV line,Find a credential-free distribution or obtain provider documentation. No HTTP request made with copied account/access parameters; subscription/geo status unconfirmed.,[],"re.search(/(?:live|iptv)/[^/]+/[^/]+/\d+(?:[./]|$), path) or re.fullmatch(/[A-Za-z0-9]{6,}/[A-Za-z0-9]{6,}/\d+(?:\.[A-Za-z0-9]+)?/?, path) and any(character.isdigit() for part in path.strip(/).split(/)[:2] for character in part)"
7e46ee51db1d355c6e17,beIN Sports 1 (English), beIN Sports ENGLISH 1 ᴴᴰ,http://vpro.viptvclub.com/[access-controlled],https://raw.githubusercontent.com/yoyo82520/huaiptv/HEAD/HuaTV.m3u,SKIPPED_ACCESS,ACCOUNT_PATH,UNKNOWN,,,{},NOT_REQUESTED,Credential-shaped IPTV line,Find a credential-free distribution or obtain provider documentation. No HTTP request made with copied account/access parameters; subscription/geo status unconfirmed.,[],"re.search(/(?:live|iptv)/[^/]+/[^/]+/\d+(?:[./]|$), path) or re.fullmatch(/[A-Za-z0-9]{6,}/[A-Za-z0-9]{6,}/\d+(?:\.[A-Za-z0-9]+)?/?, path) and any(character.isdigit() for part in path.strip(/).split(/)[:2] for character in part)"
9835f880aefd70beca45,beIN Sports 1 (English),Bein Sports 1 English,https://raw.githubusercontent.com/Asependang/Belajar/main/saluran/Bein-1En.m3u8,https://raw.githubusercontent.com/idhanmario/iptv/HEAD/README.md,GEO_BLOCKED_OR_FORBIDDEN,,UNKNOWN,200,https://raw.githubusercontent.com/Asependang/Belajar/main/saluran/Bein-1En.m3u8,"{""accept-ranges"": ""bytes"", ""access-control-allow-origin"": ""*"", ""cache-control"": ""max-age=300"", ""connection"": ""close"", ""content-length"": ""168"", ""content-security-policy"": ""default-src 'none'; style-src 'unsafe-inline'; sandbox"", ""content-type"": ""text/plain; charset=utf-8"", ""cross-origin-resource-policy"": ""cross-origin"", ""date"": ""Sat, 10 Oct 2026 16:25:00 GMT"", ""etag"": ""\""3d863f018cb53c7019d14ae96566205b448c5e7608eecfe9bd8d78df5dc3aa9a\"""", ""expires"": ""Sat, 10 Oct 2026 16:30:00 GMT"", ""server"": ""envoy"", ""source-age"": ""60"", ""strict-transport-security"": ""max-age=31536000"", ""vary"": ""Authorization,Accept-Encoding"", ""via"": ""1.1 varnish"", ""x-cache"": ""HIT"", ""x-cache-hits"": ""0"", ""x-content-type-options"": ""nosniff"", ""x-envoy-upstream-service-time"": ""21"", ""x-fastly-request-id"": ""2dac589ba07642a2406b7e43b9ad77b08205fe20"", ""x-frame-options"": ""deny"", ""x-github-edge-region"": ""iad"", ""x-github-request-id"": ""3B2C:3E9BF3:5201B9:8B8D95:6ACA669F"", ""x-served-by"": ""cache-msp11831-MSP"", ""x-timer"": ""S1791649500.388141,VS0,VE1"", ""x-xss-protection"": ""1; mode=block""}",hls-media,HLS media object returned HTTP 403,,[],
5fc0de1ebb6a9cc0d1c3,beIN Sports 1 (English),beIN Sports 1 English,https://www.livedoomovie.com/02_epl1_720p_UK/chunklist.m3u8,https://raw.githubusercontent.com/niaoda/IPTV/HEAD/IPTV.m3u,BROKEN,,UNKNOWN,200,https://www.livedoomovie.com/02_epl1_720p_UK/chunklist.m3u8,"{""connection"": ""close"", ""content-length"": ""1015"", ""content-type"": ""text/html; charset=UTF-8"", ""date"": ""Sat, 10 Oct 2026 16:25:17 GMT"", ""server"": ""envoy"", ""vary"": ""Accept-Encoding"", ""x-envoy-upstream-service-time"": ""290""}",text/html; charset=UTF-8,Response was not a recognized playlist or media stream,,[],
9b4d0a2a7178559964a0,beIN Sports 1 (France),FR | Bein Sports 1,/[access-controlled],https://raw.githubusercontent.com/iprtl/m3u/HEAD/Freetv.m3u,SKIPPED_ACCESS,NON_HTTP_URL,UNKNOWN,,,{},NOT_REQUESTED,Not an HTTP(S) stream,Find a credential-free distribution or obtain provider documentation. No HTTP request made with copied account/access parameters; subscription/geo status unconfirmed.,[],"scheme not in ('https', 'http') or hostname absent"
014bf73702d351103f18,beIN Sports 1 (France),beIN Sports 1 (France),http://41.205.70.146/BEINSPORT1/index.m3u8,https://raw.githubusercontent.com/miltonja/winsports/HEAD/WINSPORTS,UNKNOWN,,TEMPORARY_FAILURE,503,http://41.205.70.146/BEINSPORT1/index.m3u8,"{""connection"": ""close"", ""content-length"": ""95"", ""content-type"": ""text/plain"", ""date"": ""Sat, 10 Oct 2026 16:29:08 GMT"", ""server"": ""envoy""}",text/plain,Mixed or insufficient failure evidence: Stream returned HTTP 503; Stream returned HTTP 503,,[],
e8fa0fe8429701417965,beIN Sports 1 (France),Bein Sports 1 France 🇫🇷,http://51.178.65.238/BeinSport/mono.m3u8,https://raw.githubusercontent.com/manikiptv/freecatv.github.io/HEAD/freecatv.m3u8,BROKEN,,UNKNOWN,404,http://51.178.65.238/BeinSport/mono.m3u8,"{""cache-control"": ""no-cache"", ""connection"": ""close"", ""content-length"": ""10"", ""date"": ""Sat, 10 Oct 2026 16:23:36 GMT"", ""pragma"": ""no-cache"", ""server"": ""envoy"", ""x-envoy-upstream-service-time"": ""332""}",unknown,Stream returned HTTP 404,,[],
85ace6da842bda34f2e2,beIN Sports 1 (France),FR: beIN SPORTS1 HD,http://54.36.61.6/[access-controlled],https://raw.githubusercontent.com/vraomoturi/smartiptv-playlist/HEAD/sports.m3u,SKIPPED_ACCESS,ACCOUNT_PATH,UNKNOWN,,,{},NOT_REQUESTED,Credential-shaped IPTV line,Find a credential-free distribution or obtain provider documentation. No HTTP request made with copied account/access parameters; subscription/geo status unconfirmed.,[],"re.search(/(?:live|iptv)/[^/]+/[^/]+/\d+(?:[./]|$), path) or re.fullmatch(/[A-Za-z0-9]{6,}/[A-Za-z0-9]{6,}/\d+(?:\.[A-Za-z0-9]+)?/?, path) and any(character.isdigit() for part in path.strip(/).split(/)[:2] for character in part)"
a221ee3b1103afefb3de,beIN Sports 1 (France),FR: BeIN SPORTS 1 HD (1080P),http://54.36.61.6/[access-controlled],https://raw.githubusercontent.com/vraomoturi/smartiptv-playlist/HEAD/sports.m3u,SKIPPED_ACCESS,ACCOUNT_PATH,UNKNOWN,,,{},NOT_REQUESTED,Credential-shaped IPTV line,Find a credential-free distribution or obtain provider documentation. No HTTP request made with copied account/access parameters; subscription/geo status unconfirmed.,[],"re.search(/(?:live|iptv)/[^/]+/[^/]+/\d+(?:[./]|$), path) or re.fullmatch(/[A-Za-z0-9]{6,}/[A-Za-z0-9]{6,}/\d+(?:\.[A-Za-z0-9]+)?/?, path) and any(character.isdigit() for part in path.strip(/).split(/)[:2] for character in part)"
c673e6442ca8f6a030aa,beIN Sports 1 (France),FR | BEIN SPORT 1 HD,http://81637.org/[access-controlled],https://raw.githubusercontent.com/raid35/channel-links/HEAD/ALWAN.m3u,SKIPPED_ACCESS,ACCOUNT_PATH,UNKNOWN,,,{},NOT_REQUESTED,Credential-shaped IPTV line,Find a credential-free distribution or obtain provider documentation. No HTTP request made with copied account/access parameters; subscription/geo status unconfirmed.,[],"re.search(/(?:live|iptv)/[^/]+/[^/]+/\d+(?:[./]|$), path) or re.fullmatch(/[A-Za-z0-9]{6,}/[A-Za-z0-9]{6,}/\d+(?:\.[A-Za-z0-9]+)?/?, path) and any(character.isdigit() for part in path.strip(/).split(/)[:2] for character in part)"
7b0f9923cfaea506b9ac,beIN Sports 1 (France),FR | BEIN SPORT 1 HD,http://81637.org/[access-controlled],https://raw.githubusercontent.com/raid35/channel-links/HEAD/CANAL.m3u,SKIPPED_ACCESS,ACCOUNT_PATH,UNKNOWN,,,{},NOT_REQUESTED,Credential-shaped IPTV line,Find a credential-free distribution or obtain provider documentation. No HTTP request made with copied account/access parameters; subscription/geo status unconfirmed.,[],"re.search(/(?:live|iptv)/[^/]+/[^/]+/\d+(?:[./]|$), path) or re.fullmatch(/[A-Za-z0-9]{6,}/[A-Za-z0-9]{6,}/\d+(?:\.[A-Za-z0-9]+)?/?, path) and any(character.isdigit() for part in path.strip(/).split(/)[:2] for character in part)"
2174fe27f0c5c794601e,beIN Sports 1 (France),Bein Sport 1 FR,http://93.152.174.144:4000/play/bein1fr/index.m3u8,https://raw.githubusercontent.com/BahyOsama/dinurunn/HEAD/oo.m3u,TIMEOUT,,TEMPORARY_FAILURE,,,{},unknown,Stream timeout: timed out,,[],
6134e031cdd80c0f6c42,beIN Sports 1 (France),BEIN1 FR,http://beinsport1-hls.live.numericable.tv/live/hls/beinsport1/ipad.m3u8,https://raw.githubusercontent.com/hmemar/husham.com/HEAD/Lists/chimpsmithlist-znE9BaL9.txt,GEO_BLOCKED_OR_FORBIDDEN,,UNKNOWN,403,http://beinsport1-hls.live.numericable.tv/live/hls/beinsport1/ipad.m3u8,"{""connection"": ""close"", ""content-length"": ""33"", ""content-type"": ""text/plain"", ""date"": ""Sat, 10 Oct 2026 16:23:54 GMT"", ""server"": ""envoy""}",text/plain,Stream returned HTTP 403,,[],
4b0094b340bd516ee5fe,beIN Sports 1 (France),BEIN SPORT 1FR,http://bit.ly/1D1Z6tS,https://gist.githubusercontent.com/ItsRandall/3119615c8b4732d7b56e5217d66edbab/raw,GEO_BLOCKED_OR_FORBIDDEN,,UNKNOWN,403,http://iptvchoice.zapto.org/[access-controlled],"{""connection"": ""close"", ""content-length"": ""26"", ""content-type"": ""text/plain"", ""date"": ""Sat, 10 Oct 2026 16:24:16 GMT"", ""server"": ""envoy""}",text/plain,Stream returned HTTP 403,,[],
708b2e158c91ea322f4f,beIN Sports 1 (France),beIN SPORTS 1 FR,http://goiptv.co:8080/live:56eed56608b644dbF/ZCjlyc8M9S/6161,https://raw.githubusercontent.com/sasuki2/IPTV/HEAD/NEdaLJB.m3u,GEO_BLOCKED_OR_FORBIDDEN,,AUTH_REQUIRED,401,http://goiptv.co:8080/live:56eed56608b644dbF/ZCjlyc8M9S/6161,"{""access-control-allow-origin"": ""*"", ""cf-cache-status"": ""DYNAMIC"", ""cf-ray"": ""a486fa83282bb07e-ORD"", ""connection"": ""close"", ""content-type"": ""text/html; charset=UTF-8"", ""date"": ""Sat, 10 Oct 2026 16:25:00 GMT"", ""nel"": ""{\""report_to\"":\""cf-nel\"",\""success_fraction\"":0.0,\""max_age\"":604800}"", ""report-to"": ""{\""group\"":\""cf-nel\"",\""max_age\"":604800,\""endpoints\"":[{\""url\"":\""https://a.nel.cloudflare.com/report/v4?s=8I5%2BBaVld4xaARh9%2B2AX8Nvmna3Do%2BCC2bYx77ahzTzX3rnmC%2Fgrsox%2FUjFmZKthyU%2BJMyPJoUhU3%2Fz0R5Co28rYfleF5Mo8iohLJ6AHB1AEj4qgG3b38XGGnS8%3D\""}]}"", ""server"": ""envoy"", ""transfer-encoding"": ""chunked"", ""x-envoy-upstream-service-time"": ""63""}",text/html; charset=UTF-8,Stream returned HTTP 401,,[],
08b387c8a203424c4d4e,beIN Sports 1 (France),FR:BEINSPORTS1,http://iptvgafsa.ddns.net/[access-controlled],https://raw.githubusercontent.com/prince8590/bein-sport/HEAD/tv_channels_pula.m3u,SKIPPED_ACCESS,ACCOUNT_PATH,UNKNOWN,,,{},NOT_REQUESTED,Credential-shaped IPTV line,Find a credential-free distribution or obtain provider documentation. No HTTP request made with copied account/access parameters; subscription/geo status unconfirmed.,[],"re.search(/(?:live|iptv)/[^/]+/[^/]+/\d+(?:[./]|$), path) or re.fullmatch(/[A-Za-z0-9]{6,}/[A-Za-z0-9]{6,}/\d+(?:\.[A-Za-z0-9]+)?/?, path) and any(character.isdigit() for part in path.strip(/).split(/)[:2] for character in part)"
5d2c62c250d61c6d49eb,beIN Sports 1 (France),┃FR┃ BEIN SPORTS 1,http://line.goattv-ott.xyz/[access-controlled],https://gist.githubusercontent.com/Xo-Richie-Baldeo-oX/ac1a002b5c442908f134dd4958579ec2/raw,SKIPPED_ACCESS,ACCESS_QUERY_KEYS,UNKNOWN,,,{},NOT_REQUESTED,Credential/token/session-specific published URL; not reusable without access tokens,Find a credential-free distribution or obtain provider documentation. No HTTP request made with copied account/access parameters; subscription/geo status unconfirmed.,"['extension', 'mac', 'play_token', 'stream']","query keys intersect {token,ticket,password,username,mac,play_token,wmsauthsign,hdnts,hdnea,auth}"
810be896ab96db21a466,beIN Sports 1 (France),┃FR┃ BEIN SPORTS 1 FHD,http://line.goattv-ott.xyz/[access-controlled],https://gist.githubusercontent.com/Xo-Richie-Baldeo-oX/ac1a002b5c442908f134dd4958579ec2/raw,SKIPPED_ACCESS,ACCESS_QUERY_KEYS,UNKNOWN,,,{},NOT_REQUESTED,Credential/token/session-specific published URL; not reusable without access tokens,Find a credential-free distribution or obtain provider documentation. No HTTP request made with copied account/access parameters; subscription/geo status unconfirmed.,"['extension', 'mac', 'play_token', 'stream']","query keys intersect {token,ticket,password,username,mac,play_token,wmsauthsign,hdnts,hdnea,auth}"
d9b175b03d0a9fab1f02,beIN Sports 1 (France),┃FR┃ BEIN SPORTS 1 HD,http://line.goattv-ott.xyz/[access-controlled],https://gist.githubusercontent.com/Xo-Richie-Baldeo-oX/ac1a002b5c442908f134dd4958579ec2/raw,SKIPPED_ACCESS,ACCESS_QUERY_KEYS,UNKNOWN,,,{},NOT_REQUESTED,Credential/token/session-specific published URL; not reusable without access tokens,Find a credential-free distribution or obtain provider documentation. No HTTP request made with copied account/access parameters; subscription/geo status unconfirmed.,"['extension', 'mac', 'play_token', 'stream']","query keys intersect {token,ticket,password,username,mac,play_token,wmsauthsign,hdnts,hdnea,auth}"
8c16d890c596eac99ccb,beIN Sports 1 (France),beins ports 1 france,http://listatv.cf/prem.php?id=beinsports1france&tk=january&f=.m3u8,https://raw.githubusercontent.com/TVCABLEAR/VIP/HEAD/PAIS/USA/2018-USA.m3u,GEO_BLOCKED_OR_FORBIDDEN,,UNKNOWN,403,http://listatv.cf/prem.php?id=beinsports1france&tk=january&f=.m3u8,"{""connection"": ""close"", ""content-length"": ""33"", ""content-type"": ""text/plain"", ""date"": ""Sat, 10 Oct 2026 16:30:08 GMT"", ""server"": ""envoy""}",text/plain,Stream returned HTTP 403,,"['f', 'id', 'tk']",
348660a076444d55a1c2,beIN Sports 1 (France),||FR|| BEIN SPORTS 1 FHD,http://tv.startseven.tn/[access-controlled],https://raw.githubusercontent.com/raid35/channel-links/HEAD/ALWAN.m3u,SKIPPED_ACCESS,ACCOUNT_PATH,UNKNOWN,,,{},NOT_REQUESTED,Credential-shaped IPTV line,Find a credential-free distribution or obtain provider documentation. No HTTP request made with copied account/access parameters; subscription/geo status unconfirmed.,[],"re.search(/(?:live|iptv)/[^/]+/[^/]+/\d+(?:[./]|$), path) or re.fullmatch(/[A-Za-z0-9]{6,}/[A-Za-z0-9]{6,}/\d+(?:\.[A-Za-z0-9]+)?/?, path) and any(character.isdigit() for part in path.strip(/).split(/)[:2] for character in part)"
51b9da116f8e8f49cd82,beIN Sports 1 (France),beIN SPORTS 1 France,https://ondemand.st/papi/tv/dlhd/116/playlist.m3u8,https://raw.githubusercontent.com/BuddyChewChew/My-Streams/HEAD/Backup/dami-tv.m3u,GEO_BLOCKED_OR_FORBIDDEN,,UNKNOWN,403,https://ondemand.st/papi/tv/dlhd/116/playlist.m3u8,"{""access-control-allow-origin"": ""*"", ""connection"": ""close"", ""content-length"": ""146"", ""content-type"": ""text/html"", ""date"": ""Sat, 10 Oct 2026 16:29:47 GMT"", ""server"": ""envoy"", ""x-envoy-upstream-service-time"": ""139""}",text/html,Stream returned HTTP 403,,[],
827c4aba720303e8edcb,beIN Sports 1 (France),beIN SPORTS 1 France,https://zekonew.newkso.ru/zeko/premium116/mono.m3u8,https://raw.githubusercontent.com/nightah/daddylive/HEAD/daddylive-channels.m3u8,GEO_BLOCKED_OR_FORBIDDEN,,UNKNOWN,403,https://zekonew.newkso.ru/zeko/premium116/mono.m3u8,"{""access-control-allow-origin"": ""*"", ""alt-svc"": ""h3=\"":443\""; ma=86400"", ""cache-control"": ""no-cache, no-store, must-revalidate"", ""cf-ray"": ""a48701fa5ef3341a-ORD"", ""connection"": ""close"", ""content-type"": ""text/html; charset=UTF-8"", ""date"": ""Sat, 10 Oct 2026 16:30:06 GMT"", ""expires"": ""Thu, 01 Jan 1970 00:00:01 GMT"", ""nel"": ""{\""report_to\"":\""cf-nel\"",\""success_fraction\"":0.0,\""max_age\"":604800}"", ""no-cache"": ""no-cache"", ""referrer-policy"": ""same-origin"", ""report-to"": ""{\""group\"":\""cf-nel\"",\""max_age\"":604800,\""endpoints\"":[{\""url\"":\""https://a.nel.cloudflare.com/report/v4?s=hw7KSYPB7qHbka3xopoexUohseHTnnHVNhZrM2RETCOeIqEW35jG5Y4UYvvHLN%2Bw%2Fo%2FrJANRze%2BYYUkXdqBN2T6tqaXkLCrrAZSOJqC%2BuNGCV3LBowQowQMTf6UqF1CLv5Xbqg%3D%3D\""}]}"", ""server"": ""envoy"", ""transfer-encoding"": ""chunked"", ""x-envoy-upstream-service-time"": ""59"", ""x-frame-options"": ""SAMEORIGIN""}",text/html; charset=UTF-8,Stream returned HTTP 403,,[],
338c6ae78020b4e63cef,beIN Sports 1 (Thailand),Bein sports 1 TH,http://dooballmundee.sai8.live/free/0x777_beinsport1_720p/playlist.m3u8,https://raw.githubusercontent.com/SulukNew/SMART-IPTV/HEAD/IPTV%20SMART,GEO_BLOCKED_OR_FORBIDDEN,,UNKNOWN,403,http://dooballmundee.sai8.live/free/0x777_beinsport1_720p/playlist.m3u8,"{""connection"": ""close"", ""content-length"": ""33"", ""content-type"": ""text/plain"", ""date"": ""Sat, 10 Oct 2026 16:24:11 GMT"", ""server"": ""envoy""}",text/plain,Stream returned HTTP 403,,[],
4532a1d6e4bec492ce40,beIN Sports 1 (Thailand),BEIN SPORTS 1 TH,https://ctrl.laotv.la/live/Bsport1/index.m3u8,https://raw.githubusercontent.com/konanda-sg/INTEKTV/HEAD/ITK-VI-ROBI,BROKEN,,UNKNOWN,404,https://edge2.laotv.la/live/Bsport1/index.m3u8,"{""connection"": ""close"", ""content-length"": ""0"", ""date"": ""Sat, 10 Oct 2026 16:31:23 GMT"", ""sc-cache"": ""miss"", ""server"": ""envoy"", ""x-envoy-upstream-service-time"": ""973""}",unknown,Stream returned HTTP 404,,[],
55192384d881ad2a1db1,beIN Sports 1 (Turkey),┃TR┃ BEIN SPORTS 1,http://line.goattv-ott.xyz/[access-controlled],https://gist.githubusercontent.com/Xo-Richie-Baldeo-oX/ac1a002b5c442908f134dd4958579ec2/raw,SKIPPED_ACCESS,ACCESS_QUERY_KEYS,UNKNOWN,,,{},NOT_REQUESTED,Credential/token/session-specific published URL; not reusable without access tokens,Find a credential-free distribution or obtain provider documentation. No HTTP request made with copied account/access parameters; subscription/geo status unconfirmed.,"['extension', 'mac', 'play_token', 'stream']","query keys intersect {token,ticket,password,username,mac,play_token,wmsauthsign,hdnts,hdnea,auth}"
22173a04e2753f8f348b,beIN Sports 1 (Turkey),┃TR┃ BEIN SPORTS 1 FHD,http://line.goattv-ott.xyz/[access-controlled],https://gist.githubusercontent.com/Xo-Richie-Baldeo-oX/ac1a002b5c442908f134dd4958579ec2/raw,SKIPPED_ACCESS,ACCESS_QUERY_KEYS,UNKNOWN,,,{},NOT_REQUESTED,Credential/token/session-specific published URL; not reusable without access tokens,Find a credential-free distribution or obtain provider documentation. No HTTP request made with copied account/access parameters; subscription/geo status unconfirmed.,"['extension', 'mac', 'play_token', 'stream']","query keys intersect {token,ticket,password,username,mac,play_token,wmsauthsign,hdnts,hdnea,auth}"
48e738390303fc21c78c,beIN Sports 1 (Turkey),┃TR┃ BEIN SPORTS 1 HD,http://line.goattv-ott.xyz/[access-controlled],https://gist.githubusercontent.com/Xo-Richie-Baldeo-oX/ac1a002b5c442908f134dd4958579ec2/raw,SKIPPED_ACCESS,ACCESS_QUERY_KEYS,UNKNOWN,,,{},NOT_REQUESTED,Credential/token/session-specific published URL; not reusable without access tokens,Find a credential-free distribution or obtain provider documentation. No HTTP request made with copied account/access parameters; subscription/geo status unconfirmed.,"['extension', 'mac', 'play_token', 'stream']","query keys intersect {token,ticket,password,username,mac,play_token,wmsauthsign,hdnts,hdnea,auth}"
09278e9fc28638a0c298,beIN Sports 1 (Turkey),┃TR┃ BEIN SPORTS 1 FHD,http://line.goattv-ott.xyz/[access-controlled],https://gist.githubusercontent.com/Xo-Richie-Baldeo-oX/ac1a002b5c442908f134dd4958579ec2/raw,SKIPPED_ACCESS,ACCESS_QUERY_KEYS,UNKNOWN,,,{},NOT_REQUESTED,Credential/token/session-specific published URL; not reusable without access tokens,Find a credential-free distribution or obtain provider documentation. No HTTP request made with copied account/access parameters; subscription/geo status unconfirmed.,"['extension', 'mac', 'play_token', 'stream']","query keys intersect {token,ticket,password,username,mac,play_token,wmsauthsign,hdnts,hdnea,auth}"
95e48daaf4eec044c82a,beIN Sports 1 (Turkey),┃TR┃ BEIN SPORTS 1 HD,http://line.goattv-ott.xyz/[access-controlled],https://gist.githubusercontent.com/Xo-Richie-Baldeo-oX/ac1a002b5c442908f134dd4958579ec2/raw,SKIPPED_ACCESS,ACCESS_QUERY_KEYS,UNKNOWN,,,{},NOT_REQUESTED,Credential/token/session-specific published URL; not reusable without access tokens,Find a credential-free distribution or obtain provider documentation. No HTTP request made with copied account/access parameters; subscription/geo status unconfirmed.,"['extension', 'mac', 'play_token', 'stream']","query keys intersect {token,ticket,password,username,mac,play_token,wmsauthsign,hdnts,hdnea,auth}"
5dd381a4d92fe0f14e6b,beIN Sports 1 (Turkey),beINSports1.tr,https://0108wooxangel.shop/700/mono.m3u8,https://raw.githubusercontent.com/proefem/titel1/HEAD/TRFTR,UNKNOWN,,UNKNOWN,,,{},unknown,Mixed or insufficient failure evidence: Stream connection error: Tunnel connection failed: 403 Forbidden; Stream connection error: Tunnel connection failed: 403 Forbidden,,[],
d0bd323801633475e1a4,beIN Sports 1 (Turkey),beINSports1.tr,https://0108wooxangel.shop/701/mono.m3u8,https://raw.githubusercontent.com/proefem/titel1/HEAD/TRFTR,UNKNOWN,,UNKNOWN,,,{},unknown,Mixed or insufficient failure evidence: Stream connection error: Tunnel connection failed: 403 Forbidden; Stream connection error: Tunnel connection failed: 403 Forbidden,,[],
1d0a01acfe2a2b4295c2,beIN Sports 1 (Turkey),beIN Sports 1 Turkey,https://cstream5.com/hls/beinsports1_yedek_tr_si.m3u8,https://raw.githubusercontent.com/m3and88/iptv.m3u/HEAD/khalifa%20alshamsi.m3u,UNKNOWN,,UNKNOWN,,,{},unknown,Mixed or insufficient failure evidence: Stream connection error: Tunnel connection failed: 403 Forbidden; Stream connection error: Tunnel connection failed: 403 Forbidden,,[],
5aad0e1c604f45032572,beIN Sports 1 (Turkey),beINSports1.tr,https://deathless-betsmantv.tiiny.io?url=700,https://raw.githubusercontent.com/proefem/titel1/HEAD/TRFTR,UNKNOWN,,UNKNOWN,400,https://deathless-betsmantv.tiiny.io?url=700,"{""connection"": ""close"", ""content-type"": ""text/html; charset=utf-8"", ""date"": ""Sat, 10 Oct 2026 16:24:23 GMT"", ""server"": ""envoy"", ""transfer-encoding"": ""chunked"", ""x-edge-region"": ""us-ashburn"", ""x-edge-request-outcome"": ""unknown_domain"", ""x-envoy-upstream-service-time"": ""202"", ""x-wasmer-request-id"": ""5d280250-e6a6-47c4-adf7-ada08ba8d326""}",text/html; charset=utf-8,Mixed or insufficient failure evidence: Stream returned HTTP 400; Stream returned HTTP 400,,['url'],
4bdc4e56781f600ede8d,beIN Sports 1 (Turkey),beINSports1.tr,https://deathless-betsmantv.tiiny.io?url=701,https://raw.githubusercontent.com/proefem/titel1/HEAD/TRFTR,UNKNOWN,,UNKNOWN,400,https://deathless-betsmantv.tiiny.io?url=701,"{""connection"": ""close"", ""content-type"": ""text/html; charset=utf-8"", ""date"": ""Sat, 10 Oct 2026 16:24:23 GMT"", ""server"": ""envoy"", ""transfer-encoding"": ""chunked"", ""x-edge-region"": ""us-ashburn"", ""x-edge-request-outcome"": ""unknown_domain"", ""x-envoy-upstream-service-time"": ""205"", ""x-wasmer-request-id"": ""36832c96-95dc-41e0-b1a6-4da36f4c780d""}",text/html; charset=utf-8,Mixed or insufficient failure evidence: Stream returned HTTP 400; Stream returned HTTP 400,,['url'],
ea82fe82b92e8683c5cd,beIN Sports 1 (Turkey),beIN SPORTS 1 Turkey,https://ondemand.st/papi/tv/dlhd/62/playlist.m3u8,https://raw.githubusercontent.com/BuddyChewChew/My-Streams/HEAD/Backup/dami-tv.m3u,GEO_BLOCKED_OR_FORBIDDEN,,UNKNOWN,403,https://ondemand.st/papi/tv/dlhd/62/playlist.m3u8,"{""access-control-allow-origin"": ""*"", ""connection"": ""close"", ""content-length"": ""146"", ""content-type"": ""text/html"", ""date"": ""Sat, 10 Oct 2026 16:29:47 GMT"", ""server"": ""envoy"", ""x-envoy-upstream-service-time"": ""252""}",text/html,Stream returned HTTP 403,,[],
55b0b93c14d99c14eed2,beIN Sports 1 (Turkey),beIN SPORTS 1 Turkey,https://zekonew.newkso.ru/zeko/premium62/mono.m3u8,https://raw.githubusercontent.com/nightah/daddylive/HEAD/daddylive-channels.m3u8,GEO_BLOCKED_OR_FORBIDDEN,,UNKNOWN,403,https://zekonew.newkso.ru/zeko/premium62/mono.m3u8,"{""access-control-allow-origin"": ""*"", ""alt-svc"": ""h3=\"":443\""; ma=86400"", ""cache-control"": ""no-cache, no-store, must-revalidate"", ""cf-ray"": ""a48701fb8bce341a-ORD"", ""connection"": ""close"", ""content-type"": ""text/html; charset=UTF-8"", ""date"": ""Sat, 10 Oct 2026 16:30:06 GMT"", ""expires"": ""Thu, 01 Jan 1970 00:00:01 GMT"", ""nel"": ""{\""report_to\"":\""cf-nel\"",\""success_fraction\"":0.0,\""max_age\"":604800}"", ""no-cache"": ""no-cache"", ""referrer-policy"": ""same-origin"", ""report-to"": ""{\""group\"":\""cf-nel\"",\""max_age\"":604800,\""endpoints\"":[{\""url\"":\""https://a.nel.cloudflare.com/report/v4?s=fI5AGIGLfmjO2pqrVZPwVfzZL06GmMAJq0wyLH4hVG2awZsrvfwQezquQ3ZA3KaTYab3D3edkmBp7mIIGo%2Ba7PvoTqZ4qWSXy29gOGz%2Bw4Ps%2BSd2zanMIKt7c0%2FHpJrKQo9c6w%3D%3D\""}]}"", ""server"": ""envoy"", ""transfer-encoding"": ""chunked"", ""x-envoy-upstream-service-time"": ""11"", ""x-frame-options"": ""SAMEORIGIN""}",text/html; charset=UTF-8,Stream returned HTTP 403,,[],
41f58ae0bc078deaba01,beIN Sports 2,BEIN SPORTS 2 FHD,http://103.100.169.51/[access-controlled],https://raw.githubusercontent.com/mchoumi/mchoumi.github.io/HEAD/IPTVara.m3u,SKIPPED_ACCESS,ACCOUNT_PATH,UNKNOWN,,,{},NOT_REQUESTED,Credential-shaped IPTV line,Find a credential-free distribution or obtain provider documentation. No HTTP request made with copied account/access parameters; subscription/geo status unconfirmed.,[],"re.search(/(?:live|iptv)/[^/]+/[^/]+/\d+(?:[./]|$), path) or re.fullmatch(/[A-Za-z0-9]{6,}/[A-Za-z0-9]{6,}/\d+(?:\.[A-Za-z0-9]+)?/?, path) and any(character.isdigit() for part in path.strip(/).split(/)[:2] for character in part)"
43601e027e07c78d6139,beIN Sports 2,AR | BEIN SPORTS 2 FHD,http://116.202.165.211/[access-controlled],https://raw.githubusercontent.com/raid35/channel-links/HEAD/ALWAN.m3u,SKIPPED_ACCESS,ACCOUNT_PATH,UNKNOWN,,,{},NOT_REQUESTED,Credential-shaped IPTV line,Find a credential-free distribution or obtain provider documentation. No HTTP request made with copied account/access parameters; subscription/geo status unconfirmed.,[],"re.search(/(?:live|iptv)/[^/]+/[^/]+/\d+(?:[./]|$), path) or re.fullmatch(/[A-Za-z0-9]{6,}/[A-Za-z0-9]{6,}/\d+(?:\.[A-Za-z0-9]+)?/?, path) and any(character.isdigit() for part in path.strip(/).split(/)[:2] for character in part)"
8bfcbac5eee50a01ab69,beIN Sports 2,Bein Sports 2,http://116.202.165.211/[access-controlled],https://raw.githubusercontent.com/raid35/channel-links/HEAD/ALWAN.m3u,SKIPPED_ACCESS,ACCOUNT_PATH,UNKNOWN,,,{},NOT_REQUESTED,Credential-shaped IPTV line,Find a credential-free distribution or obtain provider documentation. No HTTP request made with copied account/access parameters; subscription/geo status unconfirmed.,[],"re.search(/(?:live|iptv)/[^/]+/[^/]+/\d+(?:[./]|$), path) or re.fullmatch(/[A-Za-z0-9]{6,}/[A-Za-z0-9]{6,}/\d+(?:\.[A-Za-z0-9]+)?/?, path) and any(character.isdigit() for part in path.strip(/).split(/)[:2] for character in part)"
e647c972209da81e3ca6,beIN Sports 2,Bein Sports 2,http://125.209.88.166:45793/BRN/beINSP12.stream/playlist.m3u8,https://raw.githubusercontent.com/manikiptv/freecatv.github.io/HEAD/freecatv.m3u8,UNKNOWN,,TEMPORARY_FAILURE,503,http://125.209.88.166:45793/BRN/beINSP12.stream/playlist.m3u8,"{""connection"": ""close"", ""content-length"": ""95"", ""content-type"": ""text/plain"", ""date"": ""Sat, 10 Oct 2026 16:23:42 GMT"", ""server"": ""envoy""}",text/plain,Mixed or insufficient failure evidence: Stream returned HTTP 503; Stream returned HTTP 503,,[],
290904652daa86846a2a,beIN Sports 2,BEIN SPORT 2,http://125.227.210.37:8886/VideoInput/play.ts,https://raw.githubusercontent.com/Suherman0303/suria/HEAD/README.md,TIMEOUT,,TEMPORARY_FAILURE,,,{},unknown,Stream timeout: timed out,,[],
e1ddea30531c0d3e5ec3,beIN Sports 2,beinsport2,http://135.125.109.73:9000/beinsport2_.m3u8,https://raw.githubusercontent.com/mazenghannam16/my-iptv-lists/HEAD/super.m3u,UNKNOWN,,TEMPORARY_FAILURE,503,http://135.125.109.73:9000/beinsport2_.m3u8,"{""connection"": ""close"", ""content-length"": ""95"", ""content-type"": ""text/plain"", ""date"": ""Sat, 10 Oct 2026 16:25:01 GMT"", ""server"": ""envoy""}",text/plain,Mixed or insufficient failure evidence: Stream returned HTTP 503; Stream returned HTTP 503,,[],
d71bb22393c625ad971d,beIN Sports 2,beIN Sports 2,http://15.yaciaptk.xyz/live/652177700/index.m3u8,https://www.tgchannels.org/channel/liveiptvlinks,GEO_BLOCKED_OR_FORBIDDEN,,UNKNOWN,403,http://15.yaciaptk.xyz/live/652177700/index.m3u8,"{""connection"": ""close"", ""content-length"": ""33"", ""content-type"": ""text/plain"", ""date"": ""Sat, 10 Oct 2026 16:29:07 GMT"", ""server"": ""envoy""}",text/plain,Stream returned HTTP 403,,[],
ca3cbbd719a335c1dc89,beIN Sports 2,BEIN SPORT 2,http://163.172.105.25:80/live?channelId=179&uid=2454&deviceMac=00:1A:79:3C:C9:29,https://raw.githubusercontent.com/SulukNew/SMART-IPTV/HEAD/IPTV%20SMART,BROKEN,,UNKNOWN,404,http://163.172.105.25:80/live?channelId=179&uid=2454&deviceMac=00:1A:79:3C:C9:29,"{""connection"": ""close"", ""content-length"": ""276"", ""content-type"": ""text/html; charset=iso-8859-1"", ""date"": ""Sat, 10 Oct 2026 16:24:11 GMT"", ""server"": ""envoy"", ""x-envoy-upstream-service-time"": ""296""}",text/html; charset=iso-8859-1,Stream returned HTTP 404,,"['channelId', 'deviceMac', 'uid']",
c6d58c985fe9b28de5e9,beIN Sports 2,beIN Sports 2,http://167.114.41.220:8080/bein2/bein2/index.m3u8,https://www.tgchannels.org/channel/liveiptvlinks,TIMEOUT,,TEMPORARY_FAILURE,,,{},unknown,Stream timeout: timed out,,[],
3d0a0282dcd835427851,beIN Sports 2,beIN Sports 2,http://167.71.11.213/BeinSport2/index.m3u8,https://t.me/s/connecttechnology?after=9815,TIMEOUT,,TEMPORARY_FAILURE,,,{},unknown,Stream timeout: timed out,,[],
07bb90fe42602246aa6a,beIN Sports 2,beIN Sports 2 HD,http://169.45.89.106:1935/app/bein2frlsh/playlist.m3u8,https://gist.githubusercontent.com/ItsRandall/3119615c8b4732d7b56e5217d66edbab/raw,TIMEOUT,,TEMPORARY_FAILURE,,,{},unknown,Stream timeout: timed out,,[],
664adb919ef9e2fe97ca,beIN Sports 2,Bein Sports 2ᴴᴰ,http://185.160.192.64:80/mangin15/85784/13680,https://gist.githubusercontent.com/R03nDL03n1/e3f461a6e39f8bdc3e9bf96df638fd44/raw,TIMEOUT,,TEMPORARY_FAILURE,,,{},unknown,Stream timeout: timed out,,[],
8c05b54e0d741d2959f4,beIN Sports 2,beIN Sport 2,http://185.93.3.84:5000/play/a01w,https://raw.githubusercontent.com/SulukNew/SMART-IPTV/HEAD/IPTV%20SMART,UNKNOWN,,TEMPORARY_FAILURE,503,http://185.93.3.84:5000/play/a01w,"{""connection"": ""close"", ""content-length"": ""95"", ""content-type"": ""text/plain"", ""date"": ""Sat, 10 Oct 2026 16:24:12 GMT"", ""server"": ""envoy""}",text/plain,Mixed or insufficient failure evidence: Stream returned HTTP 503; Stream returned HTTP 503,,[],
08ed8ae6881553f64241,beIN Sports 2,BEIN SPORTS 2 HD,http://195.128.24.55/[access-controlled],https://raw.githubusercontent.com/mchoumi/mchoumi.github.io/HEAD/IPTVara.m3u,SKIPPED_ACCESS,ACCESS_QUERY_KEYS,UNKNOWN,,,{},NOT_REQUESTED,Credential/token/session-specific published URL; not reusable without access tokens,Find a credential-free distribution or obtain provider documentation. No HTTP request made with copied account/access parameters; subscription/geo status unconfirmed.,"['extension', 'mac', 'play_token', 'stream']","query keys intersect {token,ticket,password,username,mac,play_token,wmsauthsign,hdnts,hdnea,auth}"
f4fda07533983ca39009,beIN Sports 2,beINSport 2,http://195.154.156.28:80/wXQcdtDuYt/zQFbKU48fL/44,https://raw.githubusercontent.com/ajonx/Ambyar-TV/HEAD/Sports.m3u,TIMEOUT,,TEMPORARY_FAILURE,,,{},unknown,Stream timeout: timed out,,[],
b62ad6004d9ce46a6ccb,beIN Sports 2,beIN Sports 2,http://198.16.64.10:8278/Bein2hd/playlist.m3u8,https://github.com/c120487/00/blob/main/1028live.txt,TIMEOUT,,TEMPORARY_FAILURE,,,{},unknown,Stream timeout: timed out,,[],
2635d7be99c20d2ef4dd,beIN Sports 2,beIN Sports 2,http://202.75.23.37/live/ch19/03.m3u8,https://raw.githubusercontent.com/hmemar/husham.com/HEAD/Lists/chimpsmithlist-znE9BaL9.txt,TIMEOUT,,TEMPORARY_FAILURE,,,{},unknown,Stream timeout: timed out,,[],
ab0d03c8e8b8f09504ff,beIN Sports 2,beIN Sports 2,http://203.159.95.172:8081/live/bein02/chunks.m3u8,https://github.com/suryafaktaTV,TIMEOUT,,TEMPORARY_FAILURE,,,{},unknown,Stream timeout: timed out,,[],
b436452a6f4c87a89001,beIN Sports 2,BEIN SPORTS 2,http://209.205.221.74:130/R3$3202/3R1W3$32/1611_.m3u8,https://raw.githubusercontent.com/WMF2020/IPTV/HEAD/IPTV,TIMEOUT,,TEMPORARY_FAILURE,,,{},unknown,Stream timeout: timed out,,[],
a874144a356c8dec448f,beIN Sports 2,beIN Sports 2,http://212.224.98.207:2200/EX/bein2hd-ar/index.m3u8?token=,https://gist.githubusercontent.com/motib09/b97539fc67f9a89d5f090359a2d29a9e/raw,TIMEOUT,,TEMPORARY_FAILURE,,,{},unknown,Stream timeout: timed out,,[],
03c957ae7653c937835a,beIN Sports 2,beIN Sports 2,http://2co1.vp9.tv/chn/bin02/v.m3u8,https://pdfcoffee.com/big-list-pdf-free.html,GEO_BLOCKED_OR_FORBIDDEN,,UNKNOWN,403,http://2co1.vp9.tv/chn/bin02/v.m3u8,"{""connection"": ""close"", ""content-length"": ""33"", ""content-type"": ""text/plain"", ""date"": ""Sat, 10 Oct 2026 16:31:19 GMT"", ""server"": ""envoy""}",text/plain,Stream returned HTTP 403,,[],
0924e22bd7d29ba3288b,beIN Sports 2,beIN Sports 2,http://3.troya.info:34000/ch228/mono.m3u8,https://telemetr.io/en/channels/1678507057-abtvab/posts?cursor=CNMfGgYIzLi7uwY%3D,IDENTITY_REJECTED_PLACEHOLDER,,UNKNOWN,200,http://3.troya.info:34000/new_stub/channel.m3u8,"{""accept-ranges"": ""bytes"", ""access-control-allow-headers"": ""Range, Accept, Origin, Referer, User-Agent, Content-Type, Access-Control-Request-Method, Access-Control-Request-Headers"", ""access-control-allow-methods"": ""GET, HEAD"", ""access-control-allow-origin"": ""*"", ""access-control-expose-headers"": ""Content-Length, Content-Range"", ""cache-control"": ""no-cache"", ""connection"": ""close"", ""content-length"": ""554"", ""content-type"": ""application/vnd.apple.mpegurl"", ""date"": ""Sat, 10 Oct 2026 16:25:34 GMT"", ""etag"": ""\""6a4fd5a2-22a\"""", ""last-modified"": ""Thu, 09 Jul 2026 17:08:50 GMT"", ""server"": ""envoy"", ""vary"": ""Accept-Encoding,Origin"", ""x-envoy-upstream-service-time"": ""277""}",hls-media,HTTP 200 and decodable video are insufficient: wrong channel and not live.,,[],
910908e03d31060ec4df,beIN Sports 2,beIN Sports 2,http://31.220.41.88:8081/live/bein2.stream/chunks.m3u8,https://pdfcoffee.com/iptv-list-pdf-free.html,TIMEOUT,,TEMPORARY_FAILURE,,,{},unknown,Stream timeout: timed out,,[],
678d46e48068690558bc,beIN Sports 2,- 🔘 Bein Sports 2 (Francia) (🇫🇷),http://41.205.70.146/BEINSPORT2/index.m3u8,https://raw.githubusercontent.com/miltonja/winsports/HEAD/WINSPORTS,UNKNOWN,,TEMPORARY_FAILURE,503,http://41.205.70.146/BEINSPORT2/index.m3u8,"{""connection"": ""close"", ""content-length"": ""95"", ""content-type"": ""text/plain"", ""date"": ""Sat, 10 Oct 2026 16:29:08 GMT"", ""server"": ""envoy""}",text/plain,Mixed or insufficient failure evidence: Stream returned HTTP 503; Stream returned HTTP 503,,[],
85491dfc23876082fcd3,beIN Sports 2,bein sport 2,http://5.39.70.216/buy-IPTV/sports@fontsbay.com/59.ch?12345678,https://raw.githubusercontent.com/hmemar/husham.com/HEAD/Lists/chimpsmithlist-znE9BaL9.txt,TIMEOUT,,TEMPORARY_FAILURE,,,{},unknown,Stream timeout: timed out,,[],
9f5a9647f393bf86d444,beIN Sports 2,[AstroGo 2] beIN Sports 2,http://54.169.84.120:1234/stream/astrogo2/beinsports2/master.m3u8?u=saohoa&p=6902ea3a9c264432e241813ada3368d1742ba686e556e74dd30565451eb5e74c,https://raw.githubusercontent.com/element1242/element1242.github.io/HEAD/saohoa/astrogo.m3u,UNKNOWN,,TEMPORARY_FAILURE,503,http://54.169.84.120:1234/stream/astrogo2/beinsports2/master.m3u8?u=saohoa&p=6902ea3a9c264432e241813ada3368d1742ba686e556e74dd30565451eb5e74c,"{""connection"": ""close"", ""content-length"": ""95"", ""content-type"": ""text/plain"", ""date"": ""Sat, 10 Oct 2026 16:29:53 GMT"", ""server"": ""envoy""}",text/plain,Mixed or insufficient failure evidence: Stream returned HTTP 503; Stream returned HTTP 503,,"['p', 'u']",
46cc7eea20f4e4a5c283,beIN Sports 2,AR: beIN Sports 2 HD,http://54.36.61.6/[access-controlled],https://raw.githubusercontent.com/vraomoturi/smartiptv-playlist/HEAD/sports.m3u,SKIPPED_ACCESS,ACCOUNT_PATH,UNKNOWN,,,{},NOT_REQUESTED,Credential-shaped IPTV line,Find a credential-free distribution or obtain provider documentation. No HTTP request made with copied account/access parameters; subscription/geo status unconfirmed.,[],"re.search(/(?:live|iptv)/[^/]+/[^/]+/\d+(?:[./]|$), path) or re.fullmatch(/[A-Za-z0-9]{6,}/[A-Za-z0-9]{6,}/\d+(?:\.[A-Za-z0-9]+)?/?, path) and any(character.isdigit() for part in path.strip(/).split(/)[:2] for character in part)"
f424f76c0183385f6df2,beIN Sports 2,beIN Sports 2,http://65.111.174.111:1935/iptv/beinsports2.stream/playlist.m3u8,https://github.com/hmemar/husham.com/blob/master/Lists/allsports.txt,TIMEOUT,,TEMPORARY_FAILURE,,,{},unknown,Stream timeout: timed out,,[],
0f607b4d10f6e9f0269e,beIN Sports 2,beIN Sports 2,http://77.83.117.60:8888/02_epl2_720p_UK/chunklist.m3u8,https://www.tgchannels.org/channel/liveiptvlinks,UNKNOWN,,TEMPORARY_FAILURE,503,http://77.83.117.60:8888/02_epl2_720p_UK/chunklist.m3u8,"{""connection"": ""close"", ""content-length"": ""95"", ""content-type"": ""text/plain"", ""date"": ""Sat, 10 Oct 2026 16:29:08 GMT"", ""server"": ""envoy""}",text/plain,Mixed or insufficient failure evidence: Stream returned HTTP 503; Stream returned HTTP 503,,[],
41efe008202352b2a4d1,beIN Sports 2,beIN Sports 2,http://81.49.224.77:8080/bein2/index.m3u8,https://www.tgchannels.org/channel/liveiptvlinks,TIMEOUT,,TEMPORARY_FAILURE,,,{},unknown,Stream timeout: timed out,,[],
79fad11f20762930684f,beIN Sports 2,beIN Sports 2,http://85.237.89.6:9590/ar-s/bein-2-stop-TimeSheft/tracks-v1a1/mono.m3u8,https://t.me/s/connecttechnology?before=9026,BROKEN,,UNKNOWN,404,http://85.237.89.6:9590/ar-s/bein-2-stop-TimeSheft/tracks-v1a1/mono.m3u8,"{""access-control-allow-headers"": ""x-vsaas-session, x-no-redirect, origin, authorization, accept, range, content-type, x-add-effective, session, x-originator, x-sid"", ""access-control-allow-methods"": ""GET, PUT, DELETE, OPTIONS"", ""access-control-allow-origin"": ""*"", ""access-control-expose-headers"": ""Server, range, X-Run-Time, X-Sid, Content-Length, Location"", ""cache-control"": ""no-cache"", ""connection"": ""close"", ""content-length"": ""10"", ""date"": ""Sat, 10 Oct 2026 16:25:27 GMT"", ""pragma"": ""no-cache"", ""server"": ""envoy"", ""x-envoy-upstream-service-time"": ""279""}",unknown,Stream returned HTTP 404,,[],
f2868cca0a74ada91f1d,beIN Sports 2,beIN Sports 2,http://93.152.174.144:4000/play/bein2ar/index.m3u8,https://github.com/rolandosegundo/mitv123,TIMEOUT,,TEMPORARY_FAILURE,,,{},unknown,Stream timeout: timed out,,[],
a2025d2944ad6c130694,beIN Sports 2,BEIN SPORT2,http://95.170.215.101/hls/m3u8/Bein-Sport-HD1.m3u8,https://raw.githubusercontent.com/Suherman0303/suria/HEAD/README.md,UNKNOWN,,UNKNOWN,407,http://95.170.215.101/hls/m3u8/Bein-Sport-HD1.m3u8,"{""access-control-allow-headers"": ""DNT,User-Agent,X-Requested-With,If-Modified-Since,Cache-Control,Content-Type,Range"", ""access-control-allow-methods"": ""GET, POST, OPTIONS"", ""access-control-allow-origin"": ""*"", ""access-control-expose-headers"": ""Content-Length,Content-Range"", ""cache-control"": ""no-cache, no-store, must-revalidate"", ""connection"": ""close"", ""content-type"": ""text/plain; charset=ISO-8859-1"", ""date"": ""Sat, 10 Oct 2026 16:31:19 GMT"", ""expires"": ""Sat, 10 Oct 2026 16:31:19 GMT"", ""last-modified"": ""Sat, 10 Oct 2026 16:31:19 GMT"", ""pragma"": ""no-cache"", ""server"": ""envoy"", ""transfer-encoding"": ""chunked"", ""x-envoy-upstream-service-time"": ""393"", ""x-powered-by"": ""PHP/8.1.33""}",text/plain; charset=ISO-8859-1,Mixed or insufficient failure evidence: Stream returned HTTP 407; Stream returned HTTP 407,,[],
4403c5d503e0ee7a3ce4,beIN Sports 2,bein2,http://95.170.215.106/hls/m3u8/Bein-Sport-HD2.m3u8,https://raw.githubusercontent.com/m3and88/iptv.m3u/HEAD/khalifa%20alshamsi.m3u,TIMEOUT,,TEMPORARY_FAILURE,,,{},unknown,Stream timeout: timed out,,[],
084d69272606709b3b89,beIN Sports 2,Bein Sport 2,http://95.170.215.108:1213/hls/m3u8/beinhd.m3u8,https://raw.githubusercontent.com/m3and88/iptv.m3u/HEAD/khalifa%20alshamsi.m3u,TIMEOUT,,TEMPORARY_FAILURE,,,{},unknown,Stream timeout: timed out,,[],
938bd9c55c8128d5c4ff,beIN Sports 2,beIN Sports 2 Arab,http://95.170.215.120:80/hls/m3u8/BeinSport2.m3u8,https://raw.githubusercontent.com/m3and88/iptv.m3u/HEAD/khalifa%20alshamsi.m3u,TIMEOUT,,TEMPORARY_FAILURE,,,{},unknown,Stream timeout: timed out,,[],
027e57721ae6c1ffde25,beIN Sports 2,BEIN SPORTS 2,http://fariszah.myq-see.com/[access-controlled],https://gist.githubusercontent.com/omarufulislam/e5f79ada3a4f8a377c1b5d74347c08fe/raw,SKIPPED_ACCESS,ACCOUNT_PATH,UNKNOWN,,,{},NOT_REQUESTED,Credential-shaped IPTV line,Find a credential-free distribution or obtain provider documentation. No HTTP request made with copied account/access parameters; subscription/geo status unconfirmed.,[],"re.search(/(?:live|iptv)/[^/]+/[^/]+/\d+(?:[./]|$), path) or re.fullmatch(/[A-Za-z0-9]{6,}/[A-Za-z0-9]{6,}/\d+(?:\.[A-Za-z0-9]+)?/?, path) and any(character.isdigit() for part in path.strip(/).split(/)[:2] for character in part)"
31eaa8f58841e7ba24cf,beIN Sports 2,BEIN SPORTS 2 *,http://fariszah.myq-see.com/[access-controlled],https://gist.githubusercontent.com/omarufulislam/e5f79ada3a4f8a377c1b5d74347c08fe/raw,SKIPPED_ACCESS,ACCOUNT_PATH,UNKNOWN,,,{},NOT_REQUESTED,Credential-shaped IPTV line,Find a credential-free distribution or obtain provider documentation. No HTTP request made with copied account/access parameters; subscription/geo status unconfirmed.,[],"re.search(/(?:live|iptv)/[^/]+/[^/]+/\d+(?:[./]|$), path) or re.fullmatch(/[A-Za-z0-9]{6,}/[A-Za-z0-9]{6,}/\d+(?:\.[A-Za-z0-9]+)?/?, path) and any(character.isdigit() for part in path.strip(/).split(/)[:2] for character in part)"
7a63d7e8fabf21037125,beIN Sports 2,BEIN SPORTS 2 **,http://fariszah.myq-see.com/[access-controlled],https://gist.githubusercontent.com/omarufulislam/e5f79ada3a4f8a377c1b5d74347c08fe/raw,SKIPPED_ACCESS,ACCOUNT_PATH,UNKNOWN,,,{},NOT_REQUESTED,Credential-shaped IPTV line,Find a credential-free distribution or obtain provider documentation. No HTTP request made with copied account/access parameters; subscription/geo status unconfirmed.,[],"re.search(/(?:live|iptv)/[^/]+/[^/]+/\d+(?:[./]|$), path) or re.fullmatch(/[A-Za-z0-9]{6,}/[A-Za-z0-9]{6,}/\d+(?:\.[A-Za-z0-9]+)?/?, path) and any(character.isdigit() for part in path.strip(/).split(/)[:2] for character in part)"
d59ee02d3e42158ada0a,beIN Sports 2,Beinsports 2 HD,http://fm1077.serv00.net/Smart.php?id=Bein2hd,https://raw.githubusercontent.com/jk2024988/TV2024/HEAD/tw2.m3u,BROKEN,,UNKNOWN,404,http://fm1077.serv00.net/Smart.php?id=Bein2hd,"{""connection"": ""close"", ""content-length"": ""2645"", ""content-type"": ""text/html"", ""date"": ""Sat, 10 Oct 2026 16:29:46 GMT"", ""etag"": ""\""6695c3fb-a55\"""", ""server"": ""envoy"", ""x-envoy-upstream-service-time"": ""327""}",text/html,Stream returned HTTP 404,,['id'],
24bee62dee88bc4f61bd,beIN Sports 2,beIN SPORTS 2 SD,http://forevertv.me/[access-controlled],https://raw.githubusercontent.com/ktkooot1/Ustream/HEAD/Forever%20Sport.m3u,SKIPPED_ACCESS,ACCOUNT_PATH,UNKNOWN,,,{},NOT_REQUESTED,Credential-shaped IPTV line,Find a credential-free distribution or obtain provider documentation. No HTTP request made with copied account/access parameters; subscription/geo status unconfirmed.,[],"re.search(/(?:live|iptv)/[^/]+/[^/]+/\d+(?:[./]|$), path) or re.fullmatch(/[A-Za-z0-9]{6,}/[A-Za-z0-9]{6,}/\d+(?:\.[A-Za-z0-9]+)?/?, path) and any(character.isdigit() for part in path.strip(/).split(/)[:2] for character in part)"
0c9a5b1d29f7bf2be666,beIN Sports 2,beIN SPORTS 2 4K,http://forevertv.me/[access-controlled],https://raw.githubusercontent.com/ktkooot1/Ustream/HEAD/Forever%20Sport.m3u,SKIPPED_ACCESS,ACCOUNT_PATH,UNKNOWN,,,{},NOT_REQUESTED,Credential-shaped IPTV line,Find a credential-free distribution or obtain provider documentation. No HTTP request made with copied account/access parameters; subscription/geo status unconfirmed.,[],"re.search(/(?:live|iptv)/[^/]+/[^/]+/\d+(?:[./]|$), path) or re.fullmatch(/[A-Za-z0-9]{6,}/[A-Za-z0-9]{6,}/\d+(?:\.[A-Za-z0-9]+)?/?, path) and any(character.isdigit() for part in path.strip(/).split(/)[:2] for character in part)"
0bdbcacf972c6d909721,beIN Sports 2,beIN SPORTS 2 EN 4K,http://forevertv.me/[access-controlled],https://raw.githubusercontent.com/ktkooot1/Ustream/HEAD/Forever%20Sport.m3u,SKIPPED_ACCESS,ACCOUNT_PATH,UNKNOWN,,,{},NOT_REQUESTED,Credential-shaped IPTV line,Find a credential-free distribution or obtain provider documentation. No HTTP request made with copied account/access parameters; subscription/geo status unconfirmed.,[],"re.search(/(?:live|iptv)/[^/]+/[^/]+/\d+(?:[./]|$), path) or re.fullmatch(/[A-Za-z0-9]{6,}/[A-Za-z0-9]{6,}/\d+(?:\.[A-Za-z0-9]+)?/?, path) and any(character.isdigit() for part in path.strip(/).split(/)[:2] for character in part)"
4c062cb59e4a2502bcc3,beIN Sports 2,beIN SPORTS 2 FHD,http://forevertv.me/[access-controlled],https://raw.githubusercontent.com/ktkooot1/Ustream/HEAD/Forever%20Sport.m3u,SKIPPED_ACCESS,ACCOUNT_PATH,UNKNOWN,,,{},NOT_REQUESTED,Credential-shaped IPTV line,Find a credential-free distribution or obtain provider documentation. No HTTP request made with copied account/access parameters; subscription/geo status unconfirmed.,[],"re.search(/(?:live|iptv)/[^/]+/[^/]+/\d+(?:[./]|$), path) or re.fullmatch(/[A-Za-z0-9]{6,}/[A-Za-z0-9]{6,}/\d+(?:\.[A-Za-z0-9]+)?/?, path) and any(character.isdigit() for part in path.strip(/).split(/)[:2] for character in part)"
867a470a46088b7a0acd,beIN Sports 2,beIN SPORTS 2 HD,http://forevertv.me/[access-controlled],https://raw.githubusercontent.com/ktkooot1/Ustream/HEAD/Forever%20Sport.m3u,SKIPPED_ACCESS,ACCOUNT_PATH,UNKNOWN,,,{},NOT_REQUESTED,Credential-shaped IPTV line,Find a credential-free distribution or obtain provider documentation. No HTTP request made with copied account/access parameters; subscription/geo status unconfirmed.,[],"re.search(/(?:live|iptv)/[^/]+/[^/]+/\d+(?:[./]|$), path) or re.fullmatch(/[A-Za-z0-9]{6,}/[A-Za-z0-9]{6,}/\d+(?:\.[A-Za-z0-9]+)?/?, path) and any(character.isdigit() for part in path.strip(/).split(/)[:2] for character in part)"
591accb19d8b7daf1f3c,beIN Sports 2,beIN SPORTS 2 EN,http://goiptv.co:8080/live:56eed56608b644dbF/ZCjlyc8M9S/1273,https://raw.githubusercontent.com/sasuki2/IPTV/HEAD/NEdaLJB.m3u,GEO_BLOCKED_OR_FORBIDDEN,,AUTH_REQUIRED,401,http://goiptv.co:8080/live:56eed56608b644dbF/ZCjlyc8M9S/1273,"{""access-control-allow-origin"": ""*"", ""cf-cache-status"": ""DYNAMIC"", ""cf-ray"": ""a486fa8308adff5a-ORD"", ""connection"": ""close"", ""content-type"": ""text/html; charset=UTF-8"", ""date"": ""Sat, 10 Oct 2026 16:25:00 GMT"", ""nel"": ""{\""report_to\"":\""cf-nel\"",\""success_fraction\"":0.0,\""max_age\"":604800}"", ""report-to"": ""{\""group\"":\""cf-nel\"",\""max_age\"":604800,\""endpoints\"":[{\""url\"":\""https://a.nel.cloudflare.com/report/v4?s=WAh6QrGe4opAbpErSWuqmvlBPLg1nLhltdoeixwiAPIJzbmeeNX3RdRp3ZA%2FfOvRBCMlLhoSVN%2FTJch3HY9hwb79%2FfBhlH0SJDZc5XW4NzVTaHmEHH4DQe2EJI4%3D\""}]}"", ""server"": ""envoy"", ""transfer-encoding"": ""chunked"", ""x-envoy-upstream-service-time"": ""94""}",text/html; charset=UTF-8,Stream returned HTTP 401,,[],
2cbf65e9d050bbd6113d,beIN Sports 2,bein sports 2 FHD,http://goiptv.co:8080/live:56eed56608b644dbF/ZCjlyc8M9S/5048,https://raw.githubusercontent.com/sasuki2/IPTV/HEAD/NEdaLJB.m3u,GEO_BLOCKED_OR_FORBIDDEN,,AUTH_REQUIRED,401,http://goiptv.co:8080/live:56eed56608b644dbF/ZCjlyc8M9S/5048,"{""access-control-allow-origin"": ""*"", ""cf-cache-status"": ""DYNAMIC"", ""cf-ray"": ""a486fa81fbedfc36-ORD"", ""connection"": ""close"", ""content-type"": ""text/html; charset=UTF-8"", ""date"": ""Sat, 10 Oct 2026 16:25:00 GMT"", ""nel"": ""{\""report_to\"":\""cf-nel\"",\""success_fraction\"":0.0,\""max_age\"":604800}"", ""report-to"": ""{\""group\"":\""cf-nel\"",\""max_age\"":604800,\""endpoints\"":[{\""url\"":\""https://a.nel.cloudflare.com/report/v4?s=cCHlJPrhhqI6qzr9PWVJue6JeQ2DSXNiEC73eGznZLmfwbmC7EIJb3AQQT5QoZlNAk%2F6blZE%2B1DJZRk3pmIvACeakNnvBWsRIv5rdpgn7lscqkWah%2BYjlsOeyg0%3D\""}]}"", ""server"": ""envoy"", ""transfer-encoding"": ""chunked"", ""x-envoy-upstream-service-time"": ""125""}",text/html; charset=UTF-8,Stream returned HTTP 401,,[],
900e4c44ceaa78f1bb3e,beIN Sports 2,AR | BEIN SPORTS 2 FHD,http://goldenplayerz.xyz/[access-controlled],https://raw.githubusercontent.com/siksa40/xPola-Player/HEAD/novaler-bein.m3u,SKIPPED_ACCESS,ACCOUNT_PATH,UNKNOWN,,,{},NOT_REQUESTED,Credential-shaped IPTV line,Find a credential-free distribution or obtain provider documentation. No HTTP request made with copied account/access parameters; subscription/geo status unconfirmed.,[],"re.search(/(?:live|iptv)/[^/]+/[^/]+/\d+(?:[./]|$), path) or re.fullmatch(/[A-Za-z0-9]{6,}/[A-Za-z0-9]{6,}/\d+(?:\.[A-Za-z0-9]+)?/?, path) and any(character.isdigit() for part in path.strip(/).split(/)[:2] for character in part)"
0c3ef3bea861e1487831,beIN Sports 2,Bein Sports 2,http://goldenplayerz.xyz/[access-controlled],https://raw.githubusercontent.com/siksa40/xPola-Player/HEAD/novaler-bein.m3u,SKIPPED_ACCESS,ACCOUNT_PATH,UNKNOWN,,,{},NOT_REQUESTED,Credential-shaped IPTV line,Find a credential-free distribution or obtain provider documentation. No HTTP request made with copied account/access parameters; subscription/geo status unconfirmed.,[],"re.search(/(?:live|iptv)/[^/]+/[^/]+/\d+(?:[./]|$), path) or re.fullmatch(/[A-Za-z0-9]{6,}/[A-Za-z0-9]{6,}/\d+(?:\.[A-Za-z0-9]+)?/?, path) and any(character.isdigit() for part in path.strip(/).split(/)[:2] for character in part)"
97a8f46b5a12c0b33421,beIN Sports 2,beIN Sports 2,http://humsab.xyz/IN_E2/index.m3u8,https://t.me/s/connecttechnology?after=8769,BROKEN,,UNKNOWN,200,http://humsab.xyz/IN_E2/index.m3u8,"{""connection"": ""close"", ""content-length"": ""114"", ""content-type"": ""text/html"", ""date"": ""Sat, 10 Oct 2026 16:24:23 GMT"", ""server"": ""envoy"", ""x-envoy-upstream-service-time"": ""138""}",text/html,Response was not a recognized playlist or media stream,,[],
d90252bdf6d395468944,beIN Sports 2,BEIN SPORT 2,http://iptv.nonland.net:8080/KING_IPTV_xui/QtChUjfXPF/1314,https://raw.githubusercontent.com/yoyo82520/huaiptv/HEAD/MiTV.m3u,GEO_BLOCKED_OR_FORBIDDEN,,AUTH_REQUIRED,401,http://iptv.nonland.net:8080/KING_IPTV_xui/QtChUjfXPF/1314,"{""access-control-allow-origin"": ""*"", ""connection"": ""close"", ""content-type"": ""text/html; charset=UTF-8"", ""date"": ""Sat, 10 Oct 2026 16:29:48 GMT"", ""server"": ""envoy"", ""transfer-encoding"": ""chunked"", ""x-envoy-upstream-service-time"": ""495""}",text/html; charset=UTF-8,Stream returned HTTP 401,,[],
9f5811b18d9b197b9d77,beIN Sports 2,BEIN Sport 2ᴴᴰ,http://iptv.nonland.net:8080/KING_IPTV_xui/QtChUjfXPF/20067,https://raw.githubusercontent.com/yoyo82520/huaiptv/HEAD/MiTV.m3u,GEO_BLOCKED_OR_FORBIDDEN,,AUTH_REQUIRED,401,http://iptv.nonland.net:8080/KING_IPTV_xui/QtChUjfXPF/20067,"{""access-control-allow-origin"": ""*"", ""connection"": ""close"", ""content-type"": ""text/html; charset=UTF-8"", ""date"": ""Sat, 10 Oct 2026 16:29:47 GMT"", ""server"": ""envoy"", ""transfer-encoding"": ""chunked"", ""x-envoy-upstream-service-time"": ""286""}",text/html; charset=UTF-8,Stream returned HTTP 401,,[],
c52385d5f7ad36546416,beIN Sports 2,BEIN SPORTS 2 | HD,http://iptv.nonland.net:8080/KING_IPTV_xui/QtChUjfXPF/46933,https://raw.githubusercontent.com/yoyo82520/huaiptv/HEAD/MiTV.m3u,GEO_BLOCKED_OR_FORBIDDEN,,AUTH_REQUIRED,401,http://iptv.nonland.net:8080/KING_IPTV_xui/QtChUjfXPF/46933,"{""access-control-allow-origin"": ""*"", ""connection"": ""close"", ""content-type"": ""text/html; charset=UTF-8"", ""date"": ""Sat, 10 Oct 2026 16:29:49 GMT"", ""server"": ""envoy"", ""transfer-encoding"": ""chunked"", ""x-envoy-upstream-service-time"": ""649""}",text/html; charset=UTF-8,Stream returned HTTP 401,,[],
c69c8683a4c6e1f026c7,beIN Sports 2,BEIN Sports 2,http://iptv.nonland.net:8080/KING_IPTV_xui/QtChUjfXPF/47506,https://raw.githubusercontent.com/yoyo82520/huaiptv/HEAD/MiTV.m3u,GEO_BLOCKED_OR_FORBIDDEN,,AUTH_REQUIRED,401,http://iptv.nonland.net:8080/KING_IPTV_xui/QtChUjfXPF/47506,"{""access-control-allow-origin"": ""*"", ""connection"": ""close"", ""content-type"": ""text/html; charset=UTF-8"", ""date"": ""Sat, 10 Oct 2026 16:29:49 GMT"", ""server"": ""envoy"", ""transfer-encoding"": ""chunked"", ""x-envoy-upstream-service-time"": ""445""}",text/html; charset=UTF-8,Stream returned HTTP 401,,[],
ce373c7e16a250ec7b75,beIN Sports 2,BEIN SPORTS 2,http://iptv.nonland.net:8080/KING_IPTV_xui/QtChUjfXPF/7341,https://raw.githubusercontent.com/yoyo82520/huaiptv/HEAD/MiTV.m3u,GEO_BLOCKED_OR_FORBIDDEN,,AUTH_REQUIRED,401,http://iptv.nonland.net:8080/KING_IPTV_xui/QtChUjfXPF/7341,"{""access-control-allow-origin"": ""*"", ""connection"": ""close"", ""content-type"": ""text/html; charset=UTF-8"", ""date"": ""Sat, 10 Oct 2026 16:29:49 GMT"", ""server"": ""envoy"", ""transfer-encoding"": ""chunked"", ""x-envoy-upstream-service-time"": ""646""}",text/html; charset=UTF-8,Stream returned HTTP 401,,[],
a9874ca1fdcff57c6537,beIN Sports 2,BEIN SPORTS 2HD,http://iptv.nonland.net:8080/KING_IPTV_xui/QtChUjfXPF/999,https://raw.githubusercontent.com/yoyo82520/huaiptv/HEAD/MiTV.m3u,GEO_BLOCKED_OR_FORBIDDEN,,AUTH_REQUIRED,401,http://iptv.nonland.net:8080/KING_IPTV_xui/QtChUjfXPF/999,"{""access-control-allow-origin"": ""*"", ""connection"": ""close"", ""content-type"": ""text/html; charset=UTF-8"", ""date"": ""Sat, 10 Oct 2026 16:29:48 GMT"", ""server"": ""envoy"", ""transfer-encoding"": ""chunked"", ""x-envoy-upstream-service-time"": ""436""}",text/html; charset=UTF-8,Stream returned HTTP 401,,[],
2c16fb8f4eeb01779e97,beIN Sports 2,beIN SPORTS 2 4K,http://ktv.im/[access-controlled],https://raw.githubusercontent.com/thermaxy/t/HEAD/e.m3u,SKIPPED_ACCESS,ACCOUNT_PATH,UNKNOWN,,,{},NOT_REQUESTED,Credential-shaped IPTV line,Find a credential-free distribution or obtain provider documentation. No HTTP request made with copied account/access parameters; subscription/geo status unconfirmed.,[],"re.search(/(?:live|iptv)/[^/]+/[^/]+/\d+(?:[./]|$), path) or re.fullmatch(/[A-Za-z0-9]{6,}/[A-Za-z0-9]{6,}/\d+(?:\.[A-Za-z0-9]+)?/?, path) and any(character.isdigit() for part in path.strip(/).split(/)[:2] for character in part)"
42f7fe6a3a5f1f3a9709,beIN Sports 2,BEIN SPORTS 2,http://laurakaren.serv00.net/TRGoals.php?ID=yayinb2&e=.m3u8,https://raw.githubusercontent.com/proefem/titel1/HEAD/TRFTR,GEO_BLOCKED_OR_FORBIDDEN,,UNKNOWN,403,http://laurakaren.serv00.net/TRGoals.php?ID=yayinb2&e=.m3u8,"{""connection"": ""close"", ""content-length"": ""2625"", ""content-type"": ""text/html"", ""date"": ""Sat, 10 Oct 2026 16:24:21 GMT"", ""etag"": ""\""6695c3fb-a41\"""", ""server"": ""envoy"", ""x-envoy-upstream-service-time"": ""335""}",text/html,Stream returned HTTP 403,,"['ID', 'e']",
42f7fe6a3a5f1f3a9709,beIN Sports 2,BEIN SPORTS 2,http://laurakaren.serv00.net/TRGoals.php?ID=yayinb2&e=.m3u8,https://raw.githubusercontent.com/proefem/titel1/HEAD/TRFTR,GEO_BLOCKED_OR_FORBIDDEN,,UNKNOWN,403,http://laurakaren.serv00.net/TRGoals.php?ID=yayinb2&e=.m3u8,"{""connection"": ""close"", ""content-length"": ""2625"", ""content-type"": ""text/html"", ""date"": ""Sat, 10 Oct 2026 16:24:22 GMT"", ""etag"": ""\""6695c3fb-a41\"""", ""server"": ""envoy"", ""x-envoy-upstream-service-time"": ""147""}",text/html,Stream returned HTTP 403,,"['ID', 'e']",
df6ee1e248e0ac08c739,beIN Sports 2,┃AR┃ BEIN SPORTS 2,http://line.goattv-ott.xyz/[access-controlled],https://gist.githubusercontent.com/Xo-Richie-Baldeo-oX/ac1a002b5c442908f134dd4958579ec2/raw,SKIPPED_ACCESS,ACCESS_QUERY_KEYS,UNKNOWN,,,{},NOT_REQUESTED,Credential/token/session-specific published URL; not reusable without access tokens,Find a credential-free distribution or obtain provider documentation. No HTTP request made with copied account/access parameters; subscription/geo status unconfirmed.,"['extension', 'mac', 'play_token', 'stream']","query keys intersect {token,ticket,password,username,mac,play_token,wmsauthsign,hdnts,hdnea,auth}"
8db9b0e55e8d3eb77c03,beIN Sports 2,┃AR┃ BEIN SPORTS 2 UHD,http://line.goattv-ott.xyz/[access-controlled],https://gist.githubusercontent.com/Xo-Richie-Baldeo-oX/ac1a002b5c442908f134dd4958579ec2/raw,SKIPPED_ACCESS,ACCESS_QUERY_KEYS,UNKNOWN,,,{},NOT_REQUESTED,Credential/token/session-specific published URL; not reusable without access tokens,Find a credential-free distribution or obtain provider documentation. No HTTP request made with copied account/access parameters; subscription/geo status unconfirmed.,"['extension', 'mac', 'play_token', 'stream']","query keys intersect {token,ticket,password,username,mac,play_token,wmsauthsign,hdnts,hdnea,auth}"
293d8b7d1b05d51eba9f,beIN Sports 2,bein Sport 2 SD,http://line.sweet-4k.cc/[access-controlled],https://raw.githubusercontent.com/proefem/titel1/HEAD/TRFTR,SKIPPED_ACCESS,ACCOUNT_PATH,UNKNOWN,,,{},NOT_REQUESTED,Credential-shaped IPTV line,Find a credential-free distribution or obtain provider documentation. No HTTP request made with copied account/access parameters; subscription/geo status unconfirmed.,[],"re.search(/(?:live|iptv)/[^/]+/[^/]+/\d+(?:[./]|$), path) or re.fullmatch(/[A-Za-z0-9]{6,}/[A-Za-z0-9]{6,}/\d+(?:\.[A-Za-z0-9]+)?/?, path) and any(character.isdigit() for part in path.strip(/).split(/)[:2] for character in part)"
de99f0f7368f5bea5f02,beIN Sports 2,bein Sport 2 FHD,http://line.sweet-4k.cc/[access-controlled],https://raw.githubusercontent.com/proefem/titel1/HEAD/TRFTR,SKIPPED_ACCESS,ACCOUNT_PATH,UNKNOWN,,,{},NOT_REQUESTED,Credential-shaped IPTV line,Find a credential-free distribution or obtain provider documentation. No HTTP request made with copied account/access parameters; subscription/geo status unconfirmed.,[],"re.search(/(?:live|iptv)/[^/]+/[^/]+/\d+(?:[./]|$), path) or re.fullmatch(/[A-Za-z0-9]{6,}/[A-Za-z0-9]{6,}/\d+(?:\.[A-Za-z0-9]+)?/?, path) and any(character.isdigit() for part in path.strip(/).split(/)[:2] for character in part)"
56e8aeb591c9a7e0c27e,beIN Sports 2,bein Sport 2 HD,http://line.sweet-4k.cc/[access-controlled],https://raw.githubusercontent.com/proefem/titel1/HEAD/TRFTR,SKIPPED_ACCESS,ACCOUNT_PATH,UNKNOWN,,,{},NOT_REQUESTED,Credential-shaped IPTV line,Find a credential-free distribution or obtain provider documentation. No HTTP request made with copied account/access parameters; subscription/geo status unconfirmed.,[],"re.search(/(?:live|iptv)/[^/]+/[^/]+/\d+(?:[./]|$), path) or re.fullmatch(/[A-Za-z0-9]{6,}/[A-Za-z0-9]{6,}/\d+(?:\.[A-Za-z0-9]+)?/?, path) and any(character.isdigit() for part in path.strip(/).split(/)[:2] for character in part)"
ef871a5913e2d29f3a0b,beIN Sports 2,bein sports 2,http://listatv.cf/prem.php?id=beinsports2&tk=january&f=.m3u8,https://raw.githubusercontent.com/TVCABLEAR/VIP/HEAD/PAIS/USA/2018-USA.m3u,GEO_BLOCKED_OR_FORBIDDEN,,UNKNOWN,403,http://listatv.cf/prem.php?id=beinsports2&tk=january&f=.m3u8,"{""connection"": ""close"", ""content-length"": ""33"", ""content-type"": ""text/plain"", ""date"": ""Sat, 10 Oct 2026 16:30:07 GMT"", ""server"": ""envoy""}",text/plain,Stream returned HTTP 403,,"['f', 'id', 'tk']",
65d7b31681ce3c15a530,beIN Sports 2,Bein Sports 2,http://livetv.grabdeal.xyz/beinsport2,https://raw.githubusercontent.com/ajonx/Ambyar-TV/HEAD/Sports.m3u,BROKEN,,UNKNOWN,200,https://livetv.grabdeal.xyz/beinsport2,"{""alt-svc"": ""h3=\"":443\""; ma=86400"", ""cf-cache-status"": ""DYNAMIC"", ""cf-ray"": ""a486fac4edec4e06-ORD"", ""connection"": ""close"", ""content-type"": ""text/html; charset=UTF-8"", ""date"": ""Sat, 10 Oct 2026 16:25:11 GMT"", ""nel"": ""{\""report_to\"":\""cf-nel\"",\""success_fraction\"":0.0,\""max_age\"":604800}"", ""report-to"": ""{\""group\"":\""cf-nel\"",\""max_age\"":604800,\""endpoints\"":[{\""url\"":\""https://a.nel.cloudflare.com/report/v4?s=gcNxE%2BQqy68RNXWPo%2BwulKqfI6%2FTByn%2F5orhKKeRSPMyYFrF7IR8pKxJSujMzIwz3ruzP9Be5kMrwiEPfhUoLlBx0kHd10ul4CZjv%2B0jUfwGv%2FFYspkAxlXzidN6vG7CQfxPFh1c\""}]}"", ""server"": ""envoy"", ""transfer-encoding"": ""chunked"", ""vary"": ""accept-encoding"", ""x-envoy-upstream-service-time"": ""131"", ""x-powered-by"": ""Nginx""}",text/html; charset=UTF-8,Response was not a recognized playlist or media stream,,[],
34d7b972c2d02ef8a850,beIN Sports 2,BEIN SPORTS  2 SD,http://m1.webvps.de/[access-controlled],https://raw.githubusercontent.com/mchoumi/mchoumi.github.io/HEAD/IPTVsports.m3u,SKIPPED_ACCESS,ACCOUNT_PATH,UNKNOWN,,,{},NOT_REQUESTED,Credential-shaped IPTV line,Find a credential-free distribution or obtain provider documentation. No HTTP request made with copied account/access parameters; subscription/geo status unconfirmed.,[],"re.search(/(?:live|iptv)/[^/]+/[^/]+/\d+(?:[./]|$), path) or re.fullmatch(/[A-Za-z0-9]{6,}/[A-Za-z0-9]{6,}/\d+(?:\.[A-Za-z0-9]+)?/?, path) and any(character.isdigit() for part in path.strip(/).split(/)[:2] for character in part)"
2d011f3934ec1c79c432,beIN Sports 2,BEIN SPORTS 2 SD,http://m1.webvps.de/[access-controlled],https://raw.githubusercontent.com/mchoumi/mchoumi.github.io/HEAD/IPTVsports.m3u,SKIPPED_ACCESS,ACCOUNT_PATH,UNKNOWN,,,{},NOT_REQUESTED,Credential-shaped IPTV line,Find a credential-free distribution or obtain provider documentation. No HTTP request made with copied account/access parameters; subscription/geo status unconfirmed.,[],"re.search(/(?:live|iptv)/[^/]+/[^/]+/\d+(?:[./]|$), path) or re.fullmatch(/[A-Za-z0-9]{6,}/[A-Za-z0-9]{6,}/\d+(?:\.[A-Za-z0-9]+)?/?, path) and any(character.isdigit() for part in path.strip(/).split(/)[:2] for character in part)"
5f21565275ad2fb57ff8,beIN Sports 2,BEIN SPORTS 2 HD,http://m1.webvps.de/[access-controlled],https://raw.githubusercontent.com/mchoumi/mchoumi.github.io/HEAD/IPTVsports.m3u,SKIPPED_ACCESS,ACCOUNT_PATH,UNKNOWN,,,{},NOT_REQUESTED,Credential-shaped IPTV line,Find a credential-free distribution or obtain provider documentation. No HTTP request made with copied account/access parameters; subscription/geo status unconfirmed.,[],"re.search(/(?:live|iptv)/[^/]+/[^/]+/\d+(?:[./]|$), path) or re.fullmatch(/[A-Za-z0-9]{6,}/[A-Za-z0-9]{6,}/\d+(?:\.[A-Za-z0-9]+)?/?, path) and any(character.isdigit() for part in path.strip(/).split(/)[:2] for character in part)"
0da35ed9bfae21733dce,beIN Sports 2,BEIN SPORTS 2 FHD,http://m1.webvps.de/[access-controlled],https://raw.githubusercontent.com/mchoumi/mchoumi.github.io/HEAD/IPTVsports.m3u,SKIPPED_ACCESS,ACCOUNT_PATH,UNKNOWN,,,{},NOT_REQUESTED,Credential-shaped IPTV line,Find a credential-free distribution or obtain provider documentation. No HTTP request made with copied account/access parameters; subscription/geo status unconfirmed.,[],"re.search(/(?:live|iptv)/[^/]+/[^/]+/\d+(?:[./]|$), path) or re.fullmatch(/[A-Za-z0-9]{6,}/[A-Za-z0-9]{6,}/\d+(?:\.[A-Za-z0-9]+)?/?, path) and any(character.isdigit() for part in path.strip(/).split(/)[:2] for character in part)"
200733c5799ef191c1ed,beIN Sports 2,BEIN SPORTS 2 FHD 4K,http://m1.webvps.de/[access-controlled],https://raw.githubusercontent.com/mchoumi/mchoumi.github.io/HEAD/IPTVsports.m3u,SKIPPED_ACCESS,ACCOUNT_PATH,UNKNOWN,,,{},NOT_REQUESTED,Credential-shaped IPTV line,Find a credential-free distribution or obtain provider documentation. No HTTP request made with copied account/access parameters; subscription/geo status unconfirmed.,[],"re.search(/(?:live|iptv)/[^/]+/[^/]+/\d+(?:[./]|$), path) or re.fullmatch(/[A-Za-z0-9]{6,}/[A-Za-z0-9]{6,}/\d+(?:\.[A-Za-z0-9]+)?/?, path) and any(character.isdigit() for part in path.strip(/).split(/)[:2] for character in part)"
080aa400df959fdc1090,beIN Sports 2,BEIN SPORTS  2 FHD 4K,http://m1.webvps.de/[access-controlled],https://raw.githubusercontent.com/mchoumi/mchoumi.github.io/HEAD/IPTVsports.m3u,SKIPPED_ACCESS,ACCOUNT_PATH,UNKNOWN,,,{},NOT_REQUESTED,Credential-shaped IPTV line,Find a credential-free distribution or obtain provider documentation. No HTTP request made with copied account/access parameters; subscription/geo status unconfirmed.,[],"re.search(/(?:live|iptv)/[^/]+/[^/]+/\d+(?:[./]|$), path) or re.fullmatch(/[A-Za-z0-9]{6,}/[A-Za-z0-9]{6,}/\d+(?:\.[A-Za-z0-9]+)?/?, path) and any(character.isdigit() for part in path.strip(/).split(/)[:2] for character in part)"
06fffefbfcdd9005f8b7,beIN Sports 2,[FR] beinsports2,http://master2.ipfox.online/[access-controlled],https://raw.githubusercontent.com/jifat1980/Channels-List/HEAD/Sport/kili-beINSPORTS-Fr.m3u,SKIPPED_ACCESS,ACCOUNT_PATH,UNKNOWN,,,{},NOT_REQUESTED,Credential-shaped IPTV line,Find a credential-free distribution or obtain provider documentation. No HTTP request made with copied account/access parameters; subscription/geo status unconfirmed.,[],"re.search(/(?:live|iptv)/[^/]+/[^/]+/\d+(?:[./]|$), path) or re.fullmatch(/[A-Za-z0-9]{6,}/[A-Za-z0-9]{6,}/\d+(?:\.[A-Za-z0-9]+)?/?, path) and any(character.isdigit() for part in path.strip(/).split(/)[:2] for character in part)"
d7ec8f83535a5fd8e2bd,beIN Sports 2,BeIn Sports 2 FHD,http://mol-2.com/[access-controlled],https://raw.githubusercontent.com/damadouiawara/M3uSportsFrance/HEAD/M3uSportsFrance.m3u,SKIPPED_ACCESS,ACCESS_QUERY_KEYS,UNKNOWN,,,{},NOT_REQUESTED,Credential/token/session-specific published URL; not reusable without access tokens,Find a credential-free distribution or obtain provider documentation. No HTTP request made with copied account/access parameters; subscription/geo status unconfirmed.,"['extension', 'mac', 'play_token', 'stream']","query keys intersect {token,ticket,password,username,mac,play_token,wmsauthsign,hdnts,hdnea,auth}"
ebcfd95a931ca34235fe,beIN Sports 2,beIN Sports 2,http://php.jdshipin.com:8880/xsj.php?id=beinsports2,https://raw.githubusercontent.com/jk2024988/TV2024/HEAD/tw2.m3u,UNKNOWN,,UNKNOWN,,,{},unknown,Mixed or insufficient failure evidence: Stream connection error: Tunnel connection failed: 403 Forbidden; Stream connection error: Tunnel connection failed: 403 Forbidden,,['id'],
ab3c29a6c3ee610dd43c,beIN Sports 2,Bein Sports - 2 HD,http://platin4k.eu:80/eagleiptv/SsFAljPDDi/1684,https://raw.githubusercontent.com/BahyOsama/dinurunn/HEAD/oo.m3u,TIMEOUT,,TEMPORARY_FAILURE,,,{},unknown,Stream timeout: timed out,,[],
55a2b65ea097332abeca,beIN Sports 2,beIN Sports 2HD,http://s.showplustv.pro/[access-controlled],https://raw.githubusercontent.com/ktkooot1/Ustream/HEAD/Showplus%20Sport.m3u,SKIPPED_ACCESS,ACCOUNT_PATH,UNKNOWN,,,{},NOT_REQUESTED,Credential-shaped IPTV line,Find a credential-free distribution or obtain provider documentation. No HTTP request made with copied account/access parameters; subscription/geo status unconfirmed.,[],"re.search(/(?:live|iptv)/[^/]+/[^/]+/\d+(?:[./]|$), path) or re.fullmatch(/[A-Za-z0-9]{6,}/[A-Za-z0-9]{6,}/\d+(?:\.[A-Za-z0-9]+)?/?, path) and any(character.isdigit() for part in path.strip(/).split(/)[:2] for character in part)"
5d7e22da628a721caf8f,beIN Sports 2,Bein Sports HD2 (H.265),http://s.showplustv.pro/[access-controlled],https://raw.githubusercontent.com/ktkooot1/Ustream/HEAD/Showplus%20Sport.m3u,SKIPPED_ACCESS,ACCOUNT_PATH,UNKNOWN,,,{},NOT_REQUESTED,Credential-shaped IPTV line,Find a credential-free distribution or obtain provider documentation. No HTTP request made with copied account/access parameters; subscription/geo status unconfirmed.,[],"re.search(/(?:live|iptv)/[^/]+/[^/]+/\d+(?:[./]|$), path) or re.fullmatch(/[A-Za-z0-9]{6,}/[A-Za-z0-9]{6,}/\d+(?:\.[A-Za-z0-9]+)?/?, path) and any(character.isdigit() for part in path.strip(/).split(/)[:2] for character in part)"
8084abdf054d03d1cde3,beIN Sports 2,beIN Sports 2 4K (H265),http://s.showplustv.pro/[access-controlled],https://raw.githubusercontent.com/ktkooot1/Ustream/HEAD/Showplus%20Sport.m3u,SKIPPED_ACCESS,ACCOUNT_PATH,UNKNOWN,,,{},NOT_REQUESTED,Credential-shaped IPTV line,Find a credential-free distribution or obtain provider documentation. No HTTP request made with copied account/access parameters; subscription/geo status unconfirmed.,[],"re.search(/(?:live|iptv)/[^/]+/[^/]+/\d+(?:[./]|$), path) or re.fullmatch(/[A-Za-z0-9]{6,}/[A-Za-z0-9]{6,}/\d+(?:\.[A-Za-z0-9]+)?/?, path) and any(character.isdigit() for part in path.strip(/).split(/)[:2] for character in part)"
9d4c51305b5c801bec0c,beIN Sports 2,beIN SPORTS 2 4K,http://sansatplus.net/[access-controlled],https://raw.githubusercontent.com/raid35/channel-links/HEAD/arab.m3u,SKIPPED_ACCESS,ACCOUNT_PATH,UNKNOWN,,,{},NOT_REQUESTED,Credential-shaped IPTV line,Find a credential-free distribution or obtain provider documentation. No HTTP request made with copied account/access parameters; subscription/geo status unconfirmed.,[],"re.search(/(?:live|iptv)/[^/]+/[^/]+/\d+(?:[./]|$), path) or re.fullmatch(/[A-Za-z0-9]{6,}/[A-Za-z0-9]{6,}/\d+(?:\.[A-Za-z0-9]+)?/?, path) and any(character.isdigit() for part in path.strip(/).split(/)[:2] for character in part)"
a8bab18af99715292860,beIN Sports 2,BeIn Sports 2 HD,http://satyrnsat.dyndns.org/[access-controlled],https://gist.githubusercontent.com/ItsRandall/3119615c8b4732d7b56e5217d66edbab/raw,SKIPPED_ACCESS,ACCOUNT_PATH,UNKNOWN,,,{},NOT_REQUESTED,Credential-shaped IPTV line,Find a credential-free distribution or obtain provider documentation. No HTTP request made with copied account/access parameters; subscription/geo status unconfirmed.,[],"re.search(/(?:live|iptv)/[^/]+/[^/]+/\d+(?:[./]|$), path) or re.fullmatch(/[A-Za-z0-9]{6,}/[A-Za-z0-9]{6,}/\d+(?:\.[A-Za-z0-9]+)?/?, path) and any(character.isdigit() for part in path.strip(/).split(/)[:2] for character in part)"
d57f195408360f10a99a,beIN Sports 2,BEIN SPORTS 2 4k,http://sky-tv.org/[access-controlled],https://raw.githubusercontent.com/mchoumi/mchoumi.github.io/HEAD/IPTVara.m3u,SKIPPED_ACCESS,ACCOUNT_PATH,UNKNOWN,,,{},NOT_REQUESTED,Credential-shaped IPTV line,Find a credential-free distribution or obtain provider documentation. No HTTP request made with copied account/access parameters; subscription/geo status unconfirmed.,[],"re.search(/(?:live|iptv)/[^/]+/[^/]+/\d+(?:[./]|$), path) or re.fullmatch(/[A-Za-z0-9]{6,}/[A-Za-z0-9]{6,}/\d+(?:\.[A-Za-z0-9]+)?/?, path) and any(character.isdigit() for part in path.strip(/).split(/)[:2] for character in part)"
4ca394dcb76d5c96febe,beIN Sports 2,BeIN Sports 2,http://starshare.net/[access-controlled],https://raw.githubusercontent.com/konanda-sg/Mrgify-Tv/HEAD/playlist.m3u,SKIPPED_ACCESS,URL_USERINFO,UNKNOWN,,,{},NOT_REQUESTED,Embedded credentials,Find a credential-free distribution or obtain provider documentation. No HTTP request made with copied account/access parameters; subscription/geo status unconfirmed.,[],parsed.username or parsed.password
f355e05cec513f0be6ae,beIN Sports 2,1080-Bein Sports 2,http://stream.mytvplus.net:7003/sport/ch2/ch2_1080.m3u8,https://gist.githubusercontent.com/mohannad-art/1f08bae8819eb6ced114bc5fd9920dac/raw,GEO_BLOCKED_OR_FORBIDDEN,,UNKNOWN,403,http://stream.mytvplus.net:7003/sport/ch2/ch2_1080.m3u8,"{""connection"": ""close"", ""content-length"": ""33"", ""content-type"": ""text/plain"", ""date"": ""Sat, 10 Oct 2026 16:24:01 GMT"", ""server"": ""envoy""}",text/plain,Stream returned HTTP 403,,[],
5a7283781ccc813a9b0d,beIN Sports 2,720-Bein Sports 2,http://stream.mytvplus.net:7003/sport/ch2/ch2_720.m3u8,https://gist.githubusercontent.com/mohannad-art/1f08bae8819eb6ced114bc5fd9920dac/raw,GEO_BLOCKED_OR_FORBIDDEN,,UNKNOWN,403,http://stream.mytvplus.net:7003/sport/ch2/ch2_720.m3u8,"{""connection"": ""close"", ""content-length"": ""33"", ""content-type"": ""text/plain"", ""date"": ""Sat, 10 Oct 2026 16:24:01 GMT"", ""server"": ""envoy""}",text/plain,Stream returned HTTP 403,,[],
d4ef975ef59e636b2317,beIN Sports 2,Bein Sports 2,http://streamindo.ddns.net/jhos/beib2_5/streamindo/playlist.m3u8,https://raw.githubusercontent.com/chwlibre/iptv/HEAD/abandonadas/list3.m3u,GEO_BLOCKED_OR_FORBIDDEN,,UNKNOWN,403,http://streamindo.ddns.net/jhos/beib2_5/streamindo/playlist.m3u8,"{""connection"": ""close"", ""content-length"": ""33"", ""content-type"": ""text/plain"", ""date"": ""Sat, 10 Oct 2026 16:25:00 GMT"", ""server"": ""envoy""}",text/plain,Stream returned HTTP 403,,[],
f665d321c93104d572e3,beIN Sports 2,beIN SPORTS 2 HD,http://tv.startseven.tn/[access-controlled],https://raw.githubusercontent.com/raid35/channel-links/HEAD/ALWAN.m3u,SKIPPED_ACCESS,ACCOUNT_PATH,UNKNOWN,,,{},NOT_REQUESTED,Credential-shaped IPTV line,Find a credential-free distribution or obtain provider documentation. No HTTP request made with copied account/access parameters; subscription/geo status unconfirmed.,[],"re.search(/(?:live|iptv)/[^/]+/[^/]+/\d+(?:[./]|$), path) or re.fullmatch(/[A-Za-z0-9]{6,}/[A-Za-z0-9]{6,}/\d+(?:\.[A-Za-z0-9]+)?/?, path) and any(character.isdigit() for part in path.strip(/).split(/)[:2] for character in part)"
920c26c4cf1d36289562,beIN Sports 2,beIN SPORTS 2 HD,http://u.goldeniptv.com/[access-controlled],https://raw.githubusercontent.com/raid35/channel-links/HEAD/arab.m3u,SKIPPED_ACCESS,ACCOUNT_PATH,UNKNOWN,,,{},NOT_REQUESTED,Credential-shaped IPTV line,Find a credential-free distribution or obtain provider documentation. No HTTP request made with copied account/access parameters; subscription/geo status unconfirmed.,[],"re.search(/(?:live|iptv)/[^/]+/[^/]+/\d+(?:[./]|$), path) or re.fullmatch(/[A-Za-z0-9]{6,}/[A-Za-z0-9]{6,}/\d+(?:\.[A-Za-z0-9]+)?/?, path) and any(character.isdigit() for part in path.strip(/).split(/)[:2] for character in part)"
9f23a469b72cda814e9b,beIN Sports 2,BEIN SPORTS 2 SD,http://vpn.modetv.ink/[access-controlled],https://raw.githubusercontent.com/mchoumi/mchoumi.github.io/HEAD/IPTVara.m3u,SKIPPED_ACCESS,ACCESS_QUERY_KEYS,UNKNOWN,,,{},NOT_REQUESTED,Credential/token/session-specific published URL; not reusable without access tokens,Find a credential-free distribution or obtain provider documentation. No HTTP request made with copied account/access parameters; subscription/geo status unconfirmed.,"['extension', 'mac', 'play_token', 'stream']","query keys intersect {token,ticket,password,username,mac,play_token,wmsauthsign,hdnts,hdnea,auth}"
e5ab536264248a04c075,beIN Sports 2, beIN Sports 2,http://vpro.viptvclub.com/[access-controlled],https://raw.githubusercontent.com/yoyo82520/huaiptv/HEAD/HuaTV.m3u,SKIPPED_ACCESS,ACCOUNT_PATH,UNKNOWN,,,{},NOT_REQUESTED,Credential-shaped IPTV line,Find a credential-free distribution or obtain provider documentation. No HTTP request made with copied account/access parameters; subscription/geo status unconfirmed.,[],"re.search(/(?:live|iptv)/[^/]+/[^/]+/\d+(?:[./]|$), path) or re.fullmatch(/[A-Za-z0-9]{6,}/[A-Za-z0-9]{6,}/\d+(?:\.[A-Za-z0-9]+)?/?, path) and any(character.isdigit() for part in path.strip(/).split(/)[:2] for character in part)"
4d06046fc86cf8a0b0aa,beIN Sports 2, beIN Sports 2 ᴴᴰ,http://vpro.viptvclub.com/[access-controlled],https://raw.githubusercontent.com/yoyo82520/huaiptv/HEAD/HuaTV.m3u,SKIPPED_ACCESS,ACCOUNT_PATH,UNKNOWN,,,{},NOT_REQUESTED,Credential-shaped IPTV line,Find a credential-free distribution or obtain provider documentation. No HTTP request made with copied account/access parameters; subscription/geo status unconfirmed.,[],"re.search(/(?:live|iptv)/[^/]+/[^/]+/\d+(?:[./]|$), path) or re.fullmatch(/[A-Za-z0-9]{6,}/[A-Za-z0-9]{6,}/\d+(?:\.[A-Za-z0-9]+)?/?, path) and any(character.isdigit() for part in path.strip(/).split(/)[:2] for character in part)"
f624dd320e88e46191a9,beIN Sports 2, beIN Sports 2 ᴴᴰ*,http://vpro.viptvclub.com/[access-controlled],https://raw.githubusercontent.com/yoyo82520/huaiptv/HEAD/HuaTV.m3u,SKIPPED_ACCESS,ACCOUNT_PATH,UNKNOWN,,,{},NOT_REQUESTED,Credential-shaped IPTV line,Find a credential-free distribution or obtain provider documentation. No HTTP request made with copied account/access parameters; subscription/geo status unconfirmed.,[],"re.search(/(?:live|iptv)/[^/]+/[^/]+/\d+(?:[./]|$), path) or re.fullmatch(/[A-Za-z0-9]{6,}/[A-Za-z0-9]{6,}/\d+(?:\.[A-Za-z0-9]+)?/?, path) and any(character.isdigit() for part in path.strip(/).split(/)[:2] for character in part)"
ac252c371cc444bffe7d,beIN Sports 2, beIN Sports 2¹⁰⁸⁰ᵖ 4K,http://vpro.viptvclub.com/[access-controlled],https://raw.githubusercontent.com/yoyo82520/huaiptv/HEAD/HuaTV.m3u,SKIPPED_ACCESS,ACCOUNT_PATH,UNKNOWN,,,{},NOT_REQUESTED,Credential-shaped IPTV line,Find a credential-free distribution or obtain provider documentation. No HTTP request made with copied account/access parameters; subscription/geo status unconfirmed.,[],"re.search(/(?:live|iptv)/[^/]+/[^/]+/\d+(?:[./]|$), path) or re.fullmatch(/[A-Za-z0-9]{6,}/[A-Za-z0-9]{6,}/\d+(?:\.[A-Za-z0-9]+)?/?, path) and any(character.isdigit() for part in path.strip(/).split(/)[:2] for character in part)"
3aef156aa8bf48e28e99,beIN Sports 2,BEIN SPORT 2,http://vpro.viptvclub.com/[access-controlled],https://raw.githubusercontent.com/yoyo82520/huaiptv/HEAD/HuaTV.m3u,SKIPPED_ACCESS,ACCOUNT_PATH,UNKNOWN,,,{},NOT_REQUESTED,Credential-shaped IPTV line,Find a credential-free distribution or obtain provider documentation. No HTTP request made with copied account/access parameters; subscription/geo status unconfirmed.,[],"re.search(/(?:live|iptv)/[^/]+/[^/]+/\d+(?:[./]|$), path) or re.fullmatch(/[A-Za-z0-9]{6,}/[A-Za-z0-9]{6,}/\d+(?:\.[A-Za-z0-9]+)?/?, path) and any(character.isdigit() for part in path.strip(/).split(/)[:2] for character in part)"
d29f88d1224f1c997585,beIN Sports 2,BEIN SPORT 2,http://vpro.viptvclub.com/[access-controlled],https://raw.githubusercontent.com/yoyo82520/huaiptv/HEAD/HuaTV.m3u,SKIPPED_ACCESS,ACCOUNT_PATH,UNKNOWN,,,{},NOT_REQUESTED,Credential-shaped IPTV line,Find a credential-free distribution or obtain provider documentation. No HTTP request made with copied account/access parameters; subscription/geo status unconfirmed.,[],"re.search(/(?:live|iptv)/[^/]+/[^/]+/\d+(?:[./]|$), path) or re.fullmatch(/[A-Za-z0-9]{6,}/[A-Za-z0-9]{6,}/\d+(?:\.[A-Za-z0-9]+)?/?, path) and any(character.isdigit() for part in path.strip(/).split(/)[:2] for character in part)"
dc8baf9ceddf3a49a91c,beIN Sports 2,BEIN SPORT 2 ᴴᴰ,http://vpro.viptvclub.com/[access-controlled],https://raw.githubusercontent.com/yoyo82520/huaiptv/HEAD/HuaTV.m3u,SKIPPED_ACCESS,ACCOUNT_PATH,UNKNOWN,,,{},NOT_REQUESTED,Credential-shaped IPTV line,Find a credential-free distribution or obtain provider documentation. No HTTP request made with copied account/access parameters; subscription/geo status unconfirmed.,[],"re.search(/(?:live|iptv)/[^/]+/[^/]+/\d+(?:[./]|$), path) or re.fullmatch(/[A-Za-z0-9]{6,}/[A-Za-z0-9]{6,}/\d+(?:\.[A-Za-z0-9]+)?/?, path) and any(character.isdigit() for part in path.strip(/).split(/)[:2] for character in part)"
7cbe9619bf69ad9c7f46,beIN Sports 2,BEIN SPORT 2 ᴴᴰ*,http://vpro.viptvclub.com/[access-controlled],https://raw.githubusercontent.com/yoyo82520/huaiptv/HEAD/HuaTV.m3u,SKIPPED_ACCESS,ACCOUNT_PATH,UNKNOWN,,,{},NOT_REQUESTED,Credential-shaped IPTV line,Find a credential-free distribution or obtain provider documentation. No HTTP request made with copied account/access parameters; subscription/geo status unconfirmed.,[],"re.search(/(?:live|iptv)/[^/]+/[^/]+/\d+(?:[./]|$), path) or re.fullmatch(/[A-Za-z0-9]{6,}/[A-Za-z0-9]{6,}/\d+(?:\.[A-Za-z0-9]+)?/?, path) and any(character.isdigit() for part in path.strip(/).split(/)[:2] for character in part)"
6fa10d33652d4653c2fc,beIN Sports 2,BEIN SPORTS 2 [AR],http://xown.site/[access-controlled],https://raw.githubusercontent.com/bugsfreeweb/LiveTVCollector/HEAD/LiveTV/Bangladesh/LiveTV.m3u,SKIPPED_ACCESS,ACCESS_QUERY_KEYS,UNKNOWN,,,{},NOT_REQUESTED,Credential/token/session-specific published URL; not reusable without access tokens,Find a credential-free distribution or obtain provider documentation. No HTTP request made with copied account/access parameters; subscription/geo status unconfirmed.,"['id', 'token']","query keys intersect {token,ticket,password,username,mac,play_token,wmsauthsign,hdnts,hdnea,auth}"
4477fa78718fde023aa2,beIN Sports 2,bein sport2,http://xxx12.trainer.pw/mubasher2/trainer.m3u8,https://raw.githubusercontent.com/m3and88/iptv.m3u/HEAD/khalifa%20alshamsi.m3u,GEO_BLOCKED_OR_FORBIDDEN,,UNKNOWN,403,http://xxx12.trainer.pw/mubasher2/trainer.m3u8,"{""connection"": ""close"", ""content-length"": ""33"", ""content-type"": ""text/plain"", ""date"": ""Sat, 10 Oct 2026 16:25:17 GMT"", ""server"": ""envoy""}",text/plain,Stream returned HTTP 403,,[],
4b93ea4cef301d8be227,beIN Sports 2,beIN Sports 2 HD,https://012v4.goiptv.us.ci/stream/starhub/beinsports2hd/,https://raw.githubusercontent.com/judy-gotv/iptv/HEAD/StarHub.m3u,TIMEOUT,,TEMPORARY_FAILURE,,,{},unknown,Stream timeout: The read operation timed out,,[],
47e9ef38e06b49b9489c,beIN Sports 2,beIN Sports 2,https://2d03.janjua.pw:8088/live/beinsportsh2hbdgh/playlist.m3u8,https://gist.github.com/satnami/847a36ead1892055c6be0223e8618fbf,UNKNOWN,,TEMPORARY_FAILURE,503,https://2d03.janjua.pw:8088/live/beinsportsh2hbdgh/playlist.m3u8,"{""connection"": ""close"", ""content-length"": ""98"", ""content-type"": ""text/plain"", ""date"": ""Sat, 10 Oct 2026 16:31:20 GMT"", ""server"": ""envoy""}",text/plain,Mixed or insufficient failure evidence: Stream returned HTTP 503; Stream returned HTTP 503,,[],
23c926960701be6ee803,beIN Sports 2,Bein Sports 2 HD,https://2ue.d72577a9dd0ec31.sbs/b2/mono.m3u8,https://raw.githubusercontent.com/kadirsener1/CanliTvListe/HEAD/1.m3u,UNKNOWN,,UNKNOWN,,,{},unknown,Mixed or insufficient failure evidence: Stream connection error: Tunnel connection failed: 403 Forbidden; Stream connection error: Tunnel connection failed: 403 Forbidden,,[],
c6aaed61818328e24d62,beIN Sports 2,beIN Sports 2 (DRM Protected),https://49-231-37-235-rewriter.ais-vidnt.com/ais/play/origin/live/eds/S0002/HLS/S0002.m3u8,https://raw.githubusercontent.com/winnie3101/WinnieIPTV/HEAD/WinnieIPTV_AISPlay.m3u,UNKNOWN,,UNKNOWN,,,{},unknown,Mixed or insufficient failure evidence: Stream connection error: Tunnel connection failed: 403 Forbidden; Stream connection error: Tunnel connection failed: 403 Forbidden,,[],
4e8a5c87506d44d462c8,beIN Sports 2,beIN Sports 2,https://95.179.168.179/bein2/index.m3u8,https://streamtest.in/logs/https-95-179-168-179-bein2-index-m3u8,UNKNOWN,,UNKNOWN,,,{},unknown,"Mixed or insufficient failure evidence: Stream connection error: [SSL: CERTIFICATE_VERIFY_FAILED] certificate verify failed: IP address mismatch, certificate is not valid for '95.179.168.179'. (_ssl.c:1010); Stream connection error: [SSL: CERTIFICATE_VERIFY_FAILED] certificate verify failed: IP address mismatch, certificate is not valid for '95.179.168.179'. (_ssl.c:1010)",,[],
fcb14cf9ee09c36f4a6d,beIN Sports 2,beIN Sports 2,https://abc.yallashooot.store/bein2/index.m3u8,https://www.dream4ever.org/,BROKEN,,UNKNOWN,200,https://yla.lol/,"{""age"": ""7143"", ""alt-svc"": ""h3=\"":443\""; ma=86400"", ""cache-control"": ""max-age=14400"", ""cf-cache-status"": ""HIT"", ""cf-ray"": ""a48700972a59dacc-ORD"", ""connection"": ""close"", ""content-security-policy"": ""upgrade-insecure-requests"", ""content-type"": ""text/html; charset=UTF-8"", ""date"": ""Sat, 10 Oct 2026 16:29:09 GMT"", ""link"": ""<https://yla.lol/wp-json/>; rel=\""https://api.w.org/\"""", ""nel"": ""{\""report_to\"":\""cf-nel\"",\""success_fraction\"":0.0,\""max_age\"":604800}"", ""panel"": ""hpanel"", ""platform"": ""hostinger"", ""report-to"": ""{\""group\"":\""cf-nel\"",\""max_age\"":604800,\""endpoints\"":[{\""url\"":\""https://a.nel.cloudflare.com/report/v4?s=0T0UdFZiTcZ5uc0BjOwMaOqtM1UuM98HAYIXogmdb0T9tJYLG8zy3EOW6O1JPJFb2MD9dRuzJmvP%2FNY84nd53t%2FmH4NFXDhafetHmpZwpa7Ta%2B7AcwPmv%2B8B\""}]}"", ""server"": ""envoy"", ""transfer-encoding"": ""chunked"", ""vary"": ""Accept-Encoding"", ""x-envoy-upstream-service-time"": ""60"", ""x-litespeed-cache"": ""hit"", ""x-powered-by"": ""PHP/7.4.33"", ""x-turbo-charged-by"": ""LiteSpeed""}",text/html; charset=UTF-8,Response was not a recognized playlist or media stream,,[],
39fb6fd675b60ffa7ee9,beIN Sports 2,BeinSport2,https://airmax.boats:443/airmaxtvMAX/airmaxtvXAM/307.ts,https://raw.githubusercontent.com/yousseffaouzi/playbein/HEAD/plbein.m3u,UNKNOWN,,UNKNOWN,,,{},unknown,Mixed or insufficient failure evidence: Stream connection error: Tunnel connection failed: 403 Forbidden; Stream connection error: Tunnel connection failed: 403 Forbidden,,[],
6d4ff105ca61695fef85,beIN Sports 2,beIN SPORTS 2,https://alpha.cf-worker-c4d6a2ea181de1b9.workers.dev/live/bein-sports-2/playlist.m3u8,https://raw.githubusercontent.com/Lunedor/iptvTR/HEAD/iptv_tum_kanallar.m3u,UNKNOWN,,TEMPORARY_FAILURE,530,https://alpha.cf-worker-c4d6a2ea181de1b9.workers.dev/live/bein-sports-2/playlist.m3u8,"{""access-control-allow-origin"": ""*"", ""alt-svc"": ""h3=\"":443\""; ma=86400"", ""cache-control"": ""private, max-age=0, no-store, no-cache, must-revalidate, post-check=0, pre-check=0"", ""cf-ray"": ""a486f965d9fdc4e5-ORD"", ""connection"": ""close"", ""content-type"": ""text/html; charset=UTF-8"", ""date"": ""Sat, 10 Oct 2026 16:24:15 GMT"", ""expires"": ""Thu, 01 Jan 1970 00:00:01 GMT"", ""nel"": ""{\""report_to\"":\""cf-nel\"",\""success_fraction\"":0.0,\""max_age\"":604800}"", ""referrer-policy"": ""same-origin"", ""report-to"": ""{\""group\"":\""cf-nel\"",\""max_age\"":604800,\""endpoints\"":[{\""url\"":\""https://a.nel.cloudflare.com/report/v4?s=9QabvGAIQdyY1vMgoQhguSkAQmQxbygQrISxWmHPkDUW9oM8LweXv6wchbLyLw20iKsVhs6KhCiBjgnbJf4hBhjPF7MBIo1%2BdfQykLrTX8gx2PhU7tXACzZTUOavftBr8yv0bPj4sbxaGe7cVSEo4CuI0LytSlDHpLXznq37oQ%3D%3D\""}]}"", ""server"": ""envoy"", ""transfer-encoding"": ""chunked"", ""vary"": ""Accept-Encoding"", ""x-envoy-upstream-service-time"": ""236"", ""x-frame-options"": ""SAMEORIGIN"", ""x-sr-a"": ""a5b4b1b50e70ec"", ""x-sr-s"": ""one""}",text/html; charset=UTF-8,Mixed or insufficient failure evidence: Stream returned HTTP 530; Stream returned HTTP 530,,[],
50186b9dd53d29419054,beIN Sports 2,Bein Sports 2,https://andro.226503.xyz/checklist/androstreamlivebs2.m3u8,https://gist.githubusercontent.com/bdrajgaming654-byte/11d59f64cea2abb66c2b547dd6b9c208/raw,UNKNOWN,,UNKNOWN,,,{},unknown,Mixed or insufficient failure evidence: Stream connection error: Tunnel connection failed: 403 Forbidden; Stream connection error: Tunnel connection failed: 403 Forbidden,,[],
feb9b01f00074bc15bad,beIN Sports 2,BeIN Sports 2,https://andro.evrenesoglu121.click/checklist/androstreamlivebs2.m3u8,https://raw.githubusercontent.com/falsisdev/anthology/HEAD/providers/M3U/Liste/canli.m3u,GEO_BLOCKED_OR_FORBIDDEN,,UNKNOWN,403,https://andro.evrenesoglu121.click/checklist/androstreamlivebs2.m3u8,"{""cache-control"": ""private, max-age=0, no-store, no-cache, must-revalidate, post-check=0, pre-check=0"", ""cf-ray"": ""a48701932c513c9c-ORD"", ""connection"": ""close"", ""content-type"": ""text/html"", ""date"": ""Sat, 10 Oct 2026 16:29:49 GMT"", ""expires"": ""Thu, 01 Jan 1970 00:00:01 GMT"", ""nel"": ""{\""report_to\"":\""cf-nel\"",\""success_fraction\"":0.0,\""max_age\"":604800}"", ""referrer-policy"": ""same-origin"", ""report-to"": ""{\""group\"":\""cf-nel\"",\""max_age\"":604800,\""endpoints\"":[{\""url\"":\""https://a.nel.cloudflare.com/report/v4?s=bRm%2FOnPLoKcaZchkFUCzEXm7XneY3zcXPiAgFdits%2Bpc35b0VmkOLqlgDws9Qx69BK%2FXaIF2on%2BaF5WzijyqvxZI3vJ4jSO8c7Q%2BogYYyCnXfXhrvN7rTCuhodqFV3lyY1p1007D1CogNd86gw%3D%3D\""}]}"", ""server"": ""envoy"", ""transfer-encoding"": ""chunked"", ""x-envoy-upstream-service-time"": ""67"", ""x-frame-options"": ""SAMEORIGIN""}",text/html,Stream returned HTTP 403,,[],
883e8a40823b3096f3e2,beIN Sports 2,beIN Sports 2 (France),https://api-proxad.dc2.oqee.net/[access-controlled],https://raw.githubusercontent.com/sni2007/WC2026/HEAD/2026,SKIPPED_ACCESS,DRM_OPTIONS,DRM_PROTECTED,,,{},NOT_REQUESTED,DRM/license parameters required,Find a credential-free distribution or obtain provider documentation. No HTTP request made with copied account/access parameters; subscription/geo status unconfirmed.,[],options match license_key|license_type|drmlicense=|drmscheme=
897b2c616df9b87edef2,beIN Sports 2,beIN Sports 2,https://cdn.googlecdnforstreaming.live/dbf789/bein2/chunks.m3u8,https://pastebin.com/diff/YYstrYaN,BROKEN,,UNKNOWN,404,https://cdn.googlecdnforstreaming.live/dbf789/bein2/chunks.m3u8,"{""access-control-allow-origin"": ""*"", ""connection"": ""close"", ""content-length"": ""72"", ""content-type"": ""text/html"", ""date"": ""Sat, 10 Oct 2026 16:21:06 GMT"", ""server"": ""envoy"", ""x-envoy-upstream-service-time"": ""1504""}",text/html,Stream returned HTTP 404,,[],
6f8818d3a21b0f5ec79e,beIN Sports 2,beIN Sports 2,https://dffgtrda.vffddd.online:8181/bein2/index.m3u8,https://www.tgchannels.org/channel/liveiptvlinks,UNKNOWN,,UNKNOWN,,,{},unknown,Mixed or insufficient failure evidence: Stream connection error: Tunnel connection failed: 403 Forbidden; Stream connection error: Tunnel connection failed: 403 Forbidden,,[],
d482c22b73311a7c15ee,beIN Sports 2,beIN Sports 2,https://dffgtrdb.vffddd.online:8880/bein2/index.m3u8,https://www.tgchannels.org/channel/liveiptvlinks,UNKNOWN,,UNKNOWN,,,{},unknown,Mixed or insufficient failure evidence: Stream connection error: Tunnel connection failed: 403 Forbidden; Stream connection error: Tunnel connection failed: 403 Forbidden,,[],
ea33c619d9a1e654370a,beIN Sports 2,Bein Sports 2,https://dga1op10s1u3leo.52c26716e2e875.click/live/selcukbeinsports2/playlist.m3u8,https://raw.githubusercontent.com/iprtl/m3u/HEAD/Freetv.m3u,GEO_BLOCKED_OR_FORBIDDEN,,UNKNOWN,200,https://dga1op10s1u3leo.52c26716e2e875.click/live/selcukbeinsports2/playlist.m3u8,"{""access-control-allow-headers"": ""Range, Origin, Accept,DNT,User-Agent,X-Requested-With,If-Modified-Since,Cache-Control,Content-Type,Range"", ""access-control-allow-methods"": ""GET, HEAD, OPTIONS,GET, OPTIONS"", ""access-control-allow-origin"": ""*"", ""access-control-expose-headers"": ""Content-Length, Content-Range,Content-Length,Content-Range"", ""alt-svc"": ""h3=\"":443\""; ma=86400"", ""cache-control"": ""public, s-maxage=2, no-store"", ""cf-cache-status"": ""MISS"", ""cf-ray"": ""a486fa84b94760ab-ORD"", ""connection"": ""close"", ""content-type"": ""application/vnd.apple.mpegurl"", ""date"": ""Sat, 10 Oct 2026 16:25:01 GMT"", ""last-modified"": ""Sat, 10 Oct 2026 16:25:01 GMT"", ""nel"": ""{\""report_to\"":\""cf-nel\"",\""success_fraction\"":0.0,\""max_age\"":604800}"", ""report-to"": ""{\""group\"":\""cf-nel\"",\""max_age\"":604800,\""endpoints\"":[{\""url\"":\""https://a.nel.cloudflare.com/report/v4?s=Np%2F%2BWGjdfWwWsnm%2BvL012XEmF%2Bk4HkCpxUQe%2B%2BLNC%2Fc2pFCCpxXk%2B4AOcfdbv2ardnIQvqvz3keSYva3RniFnjbr8KLy6cypJQ9OYcvB3hrViPVK4SAX1ywerrudQkpLbmTFLoxOFztSKlC9FyyHt0kJxZ06Ruw%3D\""}]}"", ""server"": ""envoy"", ""strict-transport-security"": ""max-age=15552000; includeSubDomains"", ""transfer-encoding"": ""chunked"", ""x-b-status"": ""disabled"", ""x-cache-status"": ""MISS"", ""x-content-type-options"": ""nosniff"", ""x-e-cache-date"": ""Sat, 10 Oct 2026 16:25:01 GMT"", ""x-e-cache-status"": ""EXPIRED"", ""x-e-server"": ""edge-2"", ""x-envoy-upstream-service-time"": ""450"", ""x-m-rec"": ""829"", ""x-p-bp"": ""0"", ""x-p-to"": ""2to1"", ""x-stream-name"": ""selcukbeinsports2""}",hls-media,HLS media object returned HTTP 403,,[],
727c9f6b711b31fa5047,beIN Sports 2,beIN Sports 2,https://histar.zapi.us.kg/?id=beinsports2,https://raw.githubusercontent.com/Py95888/777/HEAD/77.m3u,UNKNOWN,,UNKNOWN,,,{},unknown,Mixed or insufficient failure evidence: Stream connection error: Tunnel connection failed: 403 Forbidden; Stream connection error: Tunnel connection failed: 403 Forbidden,,['id'],
7c8d0d188875ac44f748,beIN Sports 2,beINSports2,https://linearjitp-playback.astro.com.my/[access-controlled],https://raw.githubusercontent.com/chengxue2020/Cat-ports/HEAD/tv/SGTV.m3u,SKIPPED_ACCESS,DRM_OPTIONS,DRM_PROTECTED,,,{},NOT_REQUESTED,DRM/license parameters required,Find a credential-free distribution or obtain provider documentation. No HTTP request made with copied account/access parameters; subscription/geo status unconfirmed.,[],options match license_key|license_type|drmlicense=|drmscheme=
c84d1689f96cdea87bbf,beIN Sports 2,Bein Sports 2,https://liveanevia.mncnow.id/[access-controlled],https://raw.githubusercontent.com/idhanmario/iptv/HEAD/README.md,SKIPPED_ACCESS,DRM_OPTIONS,DRM_PROTECTED,,,{},NOT_REQUESTED,DRM/license parameters required,Find a credential-free distribution or obtain provider documentation. No HTTP request made with copied account/access parameters; subscription/geo status unconfirmed.,[],options match license_key|license_type|drmlicense=|drmscheme=
fd9a4b8380d11632186d,beIN Sports 2,beIN Sports 2,https://liveeu-gcp.alkassdigital.net/alkass2-p/main.m3u8,https://raw.githubusercontent.com/mi3umi/test-iptv-m3u/HEAD/combined.m3u,GEO_BLOCKED_OR_FORBIDDEN,,UNKNOWN,403,https://liveeu-gcp.alkassdigital.net/alkass2-p/main.m3u8,"{""access-control-allow-credentials"": ""true"", ""access-control-allow-headers"": ""origin,range,hdntl,hdnts,CMCD-Request,CMCD-Object,CMCD-Status,CMCD-Session"", ""access-control-allow-methods"": ""GET,POST,OPTIONS"", ""access-control-allow-origin"": ""https://shoof.alkass.net"", ""access-control-expose-headers"": ""Server,range,hdntl,hdnts,Akamai-Mon-Iucid-Ing,Akamai-Mon-Iucid-Del,Akamai-Request-BC"", ""access-control-max-age"": ""86400"", ""akamai-mon-iucid-del"": ""1901643"", ""alt-svc"": ""h3=\"":443\""; ma=93600,h3-29=\"":443\""; ma=93600"", ""cache-control"": ""max-age=0, no-cache, no-store"", ""connection"": ""close"", ""content-length"": ""417"", ""content-type"": ""text/html"", ""date"": ""Sat, 10 Oct 2026 16:24:15 GMT"", ""expires"": ""Sat, 10 Oct 2026 16:24:15 GMT"", ""mime-version"": ""1.0"", ""pragma"": ""no-cache"", ""server"": ""envoy"", ""x-envoy-upstream-service-time"": ""123""}",text/html,Stream returned HTTP 403,,[],
98f1a689abfe862c2cdd,beIN Sports 2,beIN Sport 2,https://nonton.site:8443/BobbySugara/RQFE8dHJ3v/729,https://raw.githubusercontent.com/yoyo82520/huaiptv/HEAD/HuaTV.m3u,UNKNOWN,,TEMPORARY_FAILURE,503,https://nonton.site:8443/BobbySugara/RQFE8dHJ3v/729,"{""connection"": ""close"", ""content-length"": ""91"", ""content-type"": ""text/plain"", ""date"": ""Sat, 10 Oct 2026 16:37:45 GMT"", ""server"": ""envoy""}",text/plain,Mixed or insufficient failure evidence: Stream returned HTTP 503; Stream returned HTTP 503,,[],
2497704593d7cbdeee69,beIN Sports 2,Bein Sports 2,https://ott.udptv.xyz/stream/astro/beinsports2/master.m3u8?u=cocked&p=dd0abb52723d22acc0f97fe0336480feaa88a37ecda55a138a8d5e0ee14b0664,https://raw.githubusercontent.com/judy-gotv/iptv/HEAD/UDPTV.m3u,UNKNOWN,,UNKNOWN,,,{},unknown,Mixed or insufficient failure evidence: Stream connection error: Tunnel connection failed: 403 Forbidden; Stream connection error: Tunnel connection failed: 403 Forbidden,,"['p', 'u']",
24986f3030543e37a224,beIN Sports 2,beIN Sports 2,https://otte.cache.aiv-cdn.net/bom-nitro/live/clients/dash/enc/8m8cd46i1t/out/v1/83985c68e4174e90a58a1f2c024be4c9/cenc.mpd,https://raw.githubusercontent.com/dhasap/dhanytv/HEAD/dhanytv.m3u,DRM_PROTECTED,,DRM_PROTECTED,200,https://otte.cache.aiv-cdn.net/bom-nitro/live/clients/dash/enc/8m8cd46i1t/out/v1/83985c68e4174e90a58a1f2c024be4c9/cenc.mpd,"{""access-control-allow-credentials"": ""false"", ""access-control-allow-headers"": ""origin,range,hdntl,hdnts,x-amz-url-set-id,CMCD-Request,CMCD-Object,CMCD-Status,CMCD-Session"", ""access-control-allow-methods"": ""GET,HEAD,OPTIONS"", ""access-control-allow-origin"": ""*"", ""access-control-expose-headers"": ""x-amz-source"", ""access-control-max-age"": ""3000"", ""akamai-mon-iucid-del"": ""1283830"", ""akamai-request-bc"": ""on"", ""cache-control"": ""stale-if-error=0,max-age=1"", ""channel"": ""8m8cd46i1t"", ""connection"": ""close"", ""content-type"": ""application/dash+xml"", ""date"": ""Sat, 10 Oct 2026 16:35:13 GMT"", ""server"": ""envoy"", ""transfer-encoding"": ""chunked"", ""vary"": ""Accept-Encoding"", ""x-akamai-cache"": ""Hit"", ""x-amz-mid-tier"": ""Akamai-Manifests"", ""x-amz-source"": ""LivePlaybackOrigin"", ""x-amzn-requestid"": ""04bca194-6880-4df7-a787-f9dd161d693e"", ""x-envoy-upstream-service-time"": ""489"", ""x-mediapackage-manifest-last-sequence"": ""18887085"", ""x-mediapackage-manifest-last-updated"": ""1791650109427"", ""x-mediapackage-request-id"": ""Root=1-6aca6941-5f7264ec2179b7a201a07131"", ""x-midtier-location"": ""US-IL-50407"", ""x-midtier-request-id"": ""0.dab2d717.1791650113.d2140c9c""}",dash,Manifest declares protected media; no license or decryption keys were used,,[],
975eaa1730a4225e8631,beIN Sports 2,BEIN SPORTS 2,https://otte.live.fly.ww.aiv-cdn.net/syd-nitro/live/clients/dash/enc/8m8cd46i1t/out/v1/83985c68e4174e90a58a1f2c024be4c9/cenc.mpd,https://gist.githubusercontent.com/sh400sp-ctrl/6bbd74b685e6bd0b79d329767e237949/raw,DRM_PROTECTED,,DRM_PROTECTED,200,https://otte.live.fly.ww.aiv-cdn.net/syd-nitro/live/clients/dash/enc/8m8cd46i1t/out/v1/83985c68e4174e90a58a1f2c024be4c9/cenc.mpd,"{""accept-ranges"": ""bytes"", ""access-control-allow-credentials"": ""true"", ""access-control-allow-headers"": ""origin,range,accept-encoding,referer,x-amz-url-set-id,x-amz-source"", ""access-control-allow-methods"": ""GET,HEAD,OPTIONS"", ""access-control-allow-origin"": ""*"", ""access-control-expose-headers"": ""x-amz-source"", ""access-control-max-age"": ""3000"", ""age"": ""0"", ""cache-control"": ""stale-if-error=0,max-age=1"", ""channel"": ""8m8cd46i1t"", ""connection"": ""close"", ""content-length"": ""105572"", ""content-type"": ""application/dash+xml"", ""date"": ""Sat, 10 Oct 2026 16:35:13 GMT"", ""server"": ""envoy"", ""vary"": ""Origin, Accept-Encoding"", ""via"": ""1.1 varnish, 1.1 varnish"", ""x-amz-mid-tier"": ""Fastly-Manifests"", ""x-amz-source"": ""LivePlaybackOrigin"", ""x-amzn-requestid"": ""08e90366-8cdc-445d-9110-1ad73877f761"", ""x-cache"": ""HIT, MISS"", ""x-cache-hits"": ""1, 0"", ""x-envoy-upstream-service-time"": ""332"", ""x-mediapackage-manifest-last-sequence"": ""18887085"", ""x-mediapackage-manifest-last-updated"": ""1791650109427"", ""x-mediapackage-request-id"": ""Root=1-6aca6941-44464bde237a8ec5198d8e0b"", ""x-served-by"": ""cache-syd10128-SYD, cache-chi-kmdw8640023-CHI"", ""x-timer"": ""S1791650113.330390,VS0,VE198""}",dash,Manifest declares protected media; no license or decryption keys were used,,[],
3f95e2f993cf1f8ad7b2,beIN Sports 2,beIN Sports 2,https://py.dencreak.com/bn_u_576P_2.m3u8,https://sultanovici.clan.su/forum/12-2347-92,UNKNOWN,,UNKNOWN,,,{},unknown,Mixed or insufficient failure evidence: Stream connection error: Tunnel connection failed: 403 Forbidden; Stream connection error: Tunnel connection failed: 403 Forbidden,,[],
ad1bf4964c69a599c17a,beIN Sports 2,BeIN Sport 2,https://s1.inattvcom300.xyz/cdn/b2.m3u8?,https://raw.githubusercontent.com/proefem/titel1/HEAD/TRFTR,UNKNOWN,,UNKNOWN,,,{},unknown,Mixed or insufficient failure evidence: Stream connection error: Tunnel connection failed: 403 Forbidden; Stream connection error: Tunnel connection failed: 403 Forbidden,,[],
4294f9ff90114198460e,beIN Sports 2,BeIN Sport 2 ʜᴅ,https://scr013.b-cdn.net/live/11.m3u8,https://raw.githubusercontent.com/proefem/titel1/HEAD/TRFTR,GEO_BLOCKED_OR_FORBIDDEN,,UNKNOWN,403,https://scr013.b-cdn.net/live/11.m3u8,"{""cache-control"": ""no-cache, no-store, max-age=0"", ""cdn-requestid"": ""99162576095d0d509c9d928969edd6ff"", ""connection"": ""close"", ""content-type"": ""text/html"", ""date"": ""Sat, 10 Oct 2026 16:24:20 GMT"", ""server"": ""envoy"", ""transfer-encoding"": ""chunked"", ""vary"": ""Accept-Encoding"", ""x-envoy-upstream-service-time"": ""117""}",text/html,Stream returned HTTP 403,,[],
e37d9e231398e9e69afc,beIN Sports 2,BEINSPORTS2,https://smt.passwdword.xyz/Smart.php?id=Astrobein2,https://raw.githubusercontent.com/judy-gotv/iptv/HEAD/logo-smart.m3u,BROKEN,,UNKNOWN,200,https://smt.passwdword.xyz/Smart.php?id=Astrobein2,"{""cache-control"": ""no-store, no-cache, must-revalidate, post-check=0, pre-check=0"", ""connection"": ""close"", ""content-type"": ""text/html; charset=UTF-8"", ""date"": ""Sat, 10 Oct 2026 16:29:47 GMT"", ""expires"": ""Mon, 26 Jul 1997 05:00:00 GMT"", ""last-modified"": ""Sat, 10 Oct 2026 16:29:46 GMT"", ""pragma"": ""no-cache"", ""server"": ""envoy"", ""transfer-encoding"": ""chunked"", ""vary"": ""Accept-Encoding"", ""x-adblock-key"": ""MFwwDQYJKoZIhvcNAQEBBQADSwAwSAJBANnylWw2vLY4hUn9w06zQKbhKBfvjFUCsdFlb6TdQhxb9RXWXuI4t31c+o8fYOv/s8q1LGPga3DE1L/tHU4LENMCAwEAAQ==_BhE7Hh7roGzq9RrqA9wSI/SPLSmDECQXd25qt2zYJtsrrC9LSLg/gFcEy7me1pNN3GKlz0YcD85gXA1tUjvzbg=="", ""x-cache-miss-from"": ""parking-766ffb8d49-g2klt"", ""x-envoy-upstream-service-time"": ""481""}",text/html; charset=UTF-8,Response was not a recognized playlist or media stream,,['id'],
a7bb8921e8606d45fce9,beIN Sports 2,beIN Sports 2,https://sss.vffddd.online/bein2/index.m3u8,https://www.tgchannels.org/channel/liveiptvlinks,UNKNOWN,,UNKNOWN,,,{},unknown,Mixed or insufficient failure evidence: Stream connection error: Tunnel connection failed: 403 Forbidden; Stream connection error: Tunnel connection failed: 403 Forbidden,,[],
70edf93fc2b3357c9d3a,beIN Sports 2,AR BEIN SPORTS 2 HD,https://stream.camcloud.stream/stream/8dd8ad49bb05/playlist.m3u8,https://raw.githubusercontent.com/raid35/channel-links/HEAD/ALWAN.m3u,UNKNOWN,,TEMPORARY_FAILURE,503,https://stream.camcloud.stream/stream/8dd8ad49bb05/playlist.m3u8,"{""connection"": ""close"", ""content-length"": ""98"", ""content-type"": ""text/plain"", ""date"": ""Sat, 10 Oct 2026 16:29:50 GMT"", ""server"": ""envoy""}",text/plain,Mixed or insufficient failure evidence: Stream returned HTTP 503; Stream returned HTTP 503,,[],
5029b90228cae448d204,beIN Sports 2,beIN Sports 2,https://stream.warpballsod.tv/bein2.m3u8,https://git.u2.nu/edorid/IPTV-PREMIUM/src/commit/9c2ce43690727809f5e174866255a94563824fae/2023,TIMEOUT,,UNKNOWN,,,{},unknown,Stream timeout: timed out,,[],
e883fd63bd2cdff5d291,beIN Sports 2,BeIN Sports 2 ʜᴅ,https://tayland.canlimachd10.site/hls/bein-sports-2.m3u8,https://raw.githubusercontent.com/proefem/titel1/HEAD/TRFTR,UNKNOWN,,UNKNOWN,,,{},unknown,Mixed or insufficient failure evidence: Stream connection error: Tunnel connection failed: 403 Forbidden; Stream connection error: Tunnel connection failed: 403 Forbidden,,[],
17b33e98fa0a2d8d48b5,beIN Sports 2,beIN SPORTS 2,https://ten.4928d54d950ee70q30.lat/yayinb2.m3u8,https://raw.githubusercontent.com/kadirsener1/CanliTvListe/HEAD/trgoals.m3u,UNKNOWN,,UNKNOWN,,,{},unknown,Mixed or insufficient failure evidence: Stream connection error: Tunnel connection failed: 403 Forbidden; Stream connection error: Tunnel connection failed: 403 Forbidden,,[],
4b4e098cabf786e83a7e,beIN Sports 2,BEIN SPORTS 2,https://thumb.score806.cc/fr_beinsports2/index.m3u8,https://raw.githubusercontent.com/YoCodeCrafters/playlist-generator/HEAD/playlists/aesport.m3u,UNKNOWN,,UNKNOWN,,,{},unknown,Mixed or insufficient failure evidence: Stream connection error: Tunnel connection failed: 403 Forbidden; Stream connection error: Tunnel connection failed: 403 Forbidden,,[],
90833ae83d905c33c490,beIN Sports 2,Bein 2,https://www.livedoomovies.com/02_epl2_720p/chunklist.m3u8,https://raw.githubusercontent.com/ajonx/Ambyar-TV/HEAD/Sports.m3u,UNKNOWN,,TEMPORARY_FAILURE,503,https://www.livedoomovies.com/02_epl2_720p/chunklist.m3u8,"{""connection"": ""close"", ""content-length"": ""91"", ""content-type"": ""text/plain"", ""date"": ""Sat, 10 Oct 2026 16:25:22 GMT"", ""server"": ""envoy""}",text/plain,Mixed or insufficient failure evidence: Stream returned HTTP 503; Stream returned HTTP 503,,[],
0366727498d111118b90,beIN Sports 2,Bein Sports 2,rtmp://31.220.0.194/[access-controlled],https://raw.githubusercontent.com/hmemar/husham.com/HEAD/Lists/chimpsmithlist-znE9BaL9.txt,SKIPPED_ACCESS,NON_HTTP_URL,UNKNOWN,,,{},NOT_REQUESTED,Not an HTTP(S) stream,Find a credential-free distribution or obtain provider documentation. No HTTP request made with copied account/access parameters; subscription/geo status unconfirmed.,"['live', 'vh', 'vw']","scheme not in ('https', 'http') or hostname absent"
4556af20e37c53b238be,beIN Sports 2,BEIN 2 (ARA),rtmp://www1.iguide.to/[access-controlled],https://gist.githubusercontent.com/ItsRandall/3119615c8b4732d7b56e5217d66edbab/raw,SKIPPED_ACCESS,NON_HTTP_URL,UNKNOWN,,,{},NOT_REQUESTED,Not an HTTP(S) stream,Find a credential-free distribution or obtain provider documentation. No HTTP request made with copied account/access parameters; subscription/geo status unconfirmed.,"['autoplay', 'channel', 'height', 'width']","scheme not in ('https', 'http') or hostname absent"
5d030fa5a7745e769f33,beIN Sports 2,★beIN Sports 2 香港,rtmp://xiaoyu.speedws.com/[access-controlled],https://raw.githubusercontent.com/Harukalala/IPTV/HEAD/IPTV.m3u,SKIPPED_ACCESS,NON_HTTP_URL,UNKNOWN,,,{},NOT_REQUESTED,Not an HTTP(S) stream,Find a credential-free distribution or obtain provider documentation. No HTTP request made with copied account/access parameters; subscription/geo status unconfirmed.,[],"scheme not in ('https', 'http') or hostname absent"
1d657b7a3ece810c1980,beIN Sports 2 (Arabic),beIN Sports 2 (Arabic),https://bigembed.hlsjs.ru/lb/beinsports2arb/playlist.m3u8,https://raw.githubusercontent.com/younesbachouche/Younes-serv/HEAD/beIN%20SPORTS%202.m3u,UNKNOWN,,TEMPORARY_FAILURE,503,https://bigembed.hlsjs.ru/lb/beinsports2arb/playlist.m3u8,"{""connection"": ""close"", ""content-length"": ""98"", ""content-type"": ""text/plain"", ""date"": ""Sat, 10 Oct 2026 16:29:09 GMT"", ""server"": ""envoy""}",text/plain,Mixed or insufficient failure evidence: Stream returned HTTP 503; Stream returned HTTP 503,,[],
b3df5a9e2feeaa144fa5,beIN Sports 2 (Arabic),beIN Sports 2 Arabic,https://ondemand.st/papi/tv/dlhd/92/playlist.m3u8,https://raw.githubusercontent.com/BuddyChewChew/My-Streams/HEAD/Backup/dami-tv.m3u,GEO_BLOCKED_OR_FORBIDDEN,,UNKNOWN,403,https://ondemand.st/papi/tv/dlhd/92/playlist.m3u8,"{""access-control-allow-origin"": ""*"", ""connection"": ""close"", ""content-length"": ""146"", ""content-type"": ""text/html"", ""date"": ""Sat, 10 Oct 2026 16:29:47 GMT"", ""server"": ""envoy"", ""x-envoy-upstream-service-time"": ""585""}",text/html,Stream returned HTTP 403,,[],
3dd845900ebebc4e97fc,beIN Sports 2 (English),BEIN SPORTS ENGLISH 2 HD,http://103.100.169.51/[access-controlled],https://raw.githubusercontent.com/mchoumi/mchoumi.github.io/HEAD/IPTVara.m3u,SKIPPED_ACCESS,ACCOUNT_PATH,UNKNOWN,,,{},NOT_REQUESTED,Credential-shaped IPTV line,Find a credential-free distribution or obtain provider documentation. No HTTP request made with copied account/access parameters; subscription/geo status unconfirmed.,[],"re.search(/(?:live|iptv)/[^/]+/[^/]+/\d+(?:[./]|$), path) or re.fullmatch(/[A-Za-z0-9]{6,}/[A-Za-z0-9]{6,}/\d+(?:\.[A-Za-z0-9]+)?/?, path) and any(character.isdigit() for part in path.strip(/).split(/)[:2] for character in part)"
bde10967febe4d8d8520,beIN Sports 2 (English),beIN Sports 2 (English),http://180.250.29.22/jhos/beib2_4/playlist.m3u8,https://justpaste.it/qazg/pdf,TIMEOUT,,TEMPORARY_FAILURE,,,{},unknown,Stream timeout: timed out,,[],
3664072edcd75b74253e,beIN Sports 2 (English),BeIN SPORTS 2 English SD,http://forevertv.me/[access-controlled],https://raw.githubusercontent.com/ktkooot1/Ustream/HEAD/Forever%20Sport.m3u,SKIPPED_ACCESS,ACCOUNT_PATH,UNKNOWN,,,{},NOT_REQUESTED,Credential-shaped IPTV line,Find a credential-free distribution or obtain provider documentation. No HTTP request made with copied account/access parameters; subscription/geo status unconfirmed.,[],"re.search(/(?:live|iptv)/[^/]+/[^/]+/\d+(?:[./]|$), path) or re.fullmatch(/[A-Za-z0-9]{6,}/[A-Za-z0-9]{6,}/\d+(?:\.[A-Za-z0-9]+)?/?, path) and any(character.isdigit() for part in path.strip(/).split(/)[:2] for character in part)"
3374d165f14b58c75f2b,beIN Sports 2 (English),beIN SPORTS 2 English FHD,http://forevertv.me/[access-controlled],https://raw.githubusercontent.com/ktkooot1/Ustream/HEAD/Forever%20Sport.m3u,SKIPPED_ACCESS,ACCOUNT_PATH,UNKNOWN,,,{},NOT_REQUESTED,Credential-shaped IPTV line,Find a credential-free distribution or obtain provider documentation. No HTTP request made with copied account/access parameters; subscription/geo status unconfirmed.,[],"re.search(/(?:live|iptv)/[^/]+/[^/]+/\d+(?:[./]|$), path) or re.fullmatch(/[A-Za-z0-9]{6,}/[A-Za-z0-9]{6,}/\d+(?:\.[A-Za-z0-9]+)?/?, path) and any(character.isdigit() for part in path.strip(/).split(/)[:2] for character in part)"
d62cba36562286a23aa0,beIN Sports 2 (English),beIN SPORTS 2 English HD,http://forevertv.me/[access-controlled],https://raw.githubusercontent.com/ktkooot1/Ustream/HEAD/Forever%20Sport.m3u,SKIPPED_ACCESS,ACCOUNT_PATH,UNKNOWN,,,{},NOT_REQUESTED,Credential-shaped IPTV line,Find a credential-free distribution or obtain provider documentation. No HTTP request made with copied account/access parameters; subscription/geo status unconfirmed.,[],"re.search(/(?:live|iptv)/[^/]+/[^/]+/\d+(?:[./]|$), path) or re.fullmatch(/[A-Za-z0-9]{6,}/[A-Za-z0-9]{6,}/\d+(?:\.[A-Za-z0-9]+)?/?, path) and any(character.isdigit() for part in path.strip(/).split(/)[:2] for character in part)"
2b1118d7d82d5e8f379a,beIN Sports 2 (English),BEIN SPORTS ENGLISH 2 HD,http://m1.webvps.de/[access-controlled],https://raw.githubusercontent.com/mchoumi/mchoumi.github.io/HEAD/IPTVsports.m3u,SKIPPED_ACCESS,ACCOUNT_PATH,UNKNOWN,,,{},NOT_REQUESTED,Credential-shaped IPTV line,Find a credential-free distribution or obtain provider documentation. No HTTP request made with copied account/access parameters; subscription/geo status unconfirmed.,[],"re.search(/(?:live|iptv)/[^/]+/[^/]+/\d+(?:[./]|$), path) or re.fullmatch(/[A-Za-z0-9]{6,}/[A-Za-z0-9]{6,}/\d+(?:\.[A-Za-z0-9]+)?/?, path) and any(character.isdigit() for part in path.strip(/).split(/)[:2] for character in part)"
46c3219549716c75d0ce,beIN Sports 2 (English), beIN Sports ENGLISH 2 ᴴᴰ,http://vpro.viptvclub.com/[access-controlled],https://raw.githubusercontent.com/yoyo82520/huaiptv/HEAD/HuaTV.m3u,SKIPPED_ACCESS,ACCOUNT_PATH,UNKNOWN,,,{},NOT_REQUESTED,Credential-shaped IPTV line,Find a credential-free distribution or obtain provider documentation. No HTTP request made with copied account/access parameters; subscription/geo status unconfirmed.,[],"re.search(/(?:live|iptv)/[^/]+/[^/]+/\d+(?:[./]|$), path) or re.fullmatch(/[A-Za-z0-9]{6,}/[A-Za-z0-9]{6,}/\d+(?:\.[A-Za-z0-9]+)?/?, path) and any(character.isdigit() for part in path.strip(/).split(/)[:2] for character in part)"
580596f71c277f6b0fe5,beIN Sports 2 (English),beIN Sports 2 (English),https://m2.ballnaja.com:8443/BeIn_Sports_2_Eng/tracks-v1a1/mono.m3u8,https://git.u2.nu/edorid/IPTV-PREMIUM/src/commit/6e5372db8e242189a534ebb543dcc074abb2e2b5/Perfect%20Player,UNKNOWN,,UNKNOWN,,,{},unknown,Mixed or insufficient failure evidence: Stream connection error: Tunnel connection failed: 403 Forbidden; Stream connection error: Tunnel connection failed: 403 Forbidden,,[],
5a28ca30bd2563b8bbc8,beIN Sports 2 (English),Bein Sports 2 English,https://raw.githubusercontent.com/Asependang/Belajar/main/saluran/Bein-2En.m3u8,https://raw.githubusercontent.com/idhanmario/iptv/HEAD/README.md,GEO_BLOCKED_OR_FORBIDDEN,,UNKNOWN,200,https://raw.githubusercontent.com/Asependang/Belajar/main/saluran/Bein-2En.m3u8,"{""accept-ranges"": ""bytes"", ""access-control-allow-origin"": ""*"", ""cache-control"": ""max-age=300"", ""connection"": ""close"", ""content-length"": ""168"", ""content-security-policy"": ""default-src 'none'; style-src 'unsafe-inline'; sandbox"", ""content-type"": ""text/plain; charset=utf-8"", ""cross-origin-resource-policy"": ""cross-origin"", ""date"": ""Sat, 10 Oct 2026 16:25:00 GMT"", ""etag"": ""\""d56c7762722ab983465283b6d729111fd6822c8ffdf2a2450d6719af901db05a\"""", ""expires"": ""Sat, 10 Oct 2026 16:30:00 GMT"", ""server"": ""envoy"", ""source-age"": ""60"", ""strict-transport-security"": ""max-age=31536000"", ""vary"": ""Authorization,Accept-Encoding"", ""via"": ""1.1 varnish"", ""x-cache"": ""HIT"", ""x-cache-hits"": ""1"", ""x-content-type-options"": ""nosniff"", ""x-envoy-upstream-service-time"": ""16"", ""x-fastly-request-id"": ""397eb6f0436c97cf17d04d0b7b8719e994df8f48"", ""x-frame-options"": ""deny"", ""x-github-edge-region"": ""iad"", ""x-github-request-id"": ""C03C:9E91:540D56:8D9766:6ACA66A0"", ""x-served-by"": ""cache-msp11861-MSP"", ""x-timer"": ""S1791649500.387148,VS0,VE1"", ""x-xss-protection"": ""1; mode=block""}",hls-media,HLS media object returned HTTP 403,,[],
a885c98e7d782c1da377,beIN Sports 2 (English),beIN Sports 2 (English),https://sportsleading.online/live/stream_2.m3u8,https://t.me/s/connecttechnology?before=8615,UNKNOWN,,UNKNOWN,441,https://sportsleading.online/live/stream_2.m3u8,"{""connection"": ""close"", ""content-length"": ""0"", ""date"": ""Sat, 10 Oct 2026 16:25:31 GMT"", ""server"": ""envoy"", ""x-envoy-upstream-service-time"": ""461""}",unknown,Mixed or insufficient failure evidence: Stream returned HTTP 441; Stream returned HTTP 441,,[],
c688f53c1b535d170308,beIN Sports 2 (English),beIN Sports 2 English,https://www.livedoomovie.com/02_epl2_720p_UK/chunklist.m3u8,https://raw.githubusercontent.com/niaoda/IPTV/HEAD/IPTV.m3u,BROKEN,,UNKNOWN,200,https://www.livedoomovie.com/02_epl2_720p_UK/chunklist.m3u8,"{""connection"": ""close"", ""content-length"": ""1015"", ""content-type"": ""text/html; charset=UTF-8"", ""date"": ""Sat, 10 Oct 2026 16:25:17 GMT"", ""server"": ""envoy"", ""vary"": ""Accept-Encoding"", ""x-envoy-upstream-service-time"": ""260""}",text/html; charset=UTF-8,Response was not a recognized playlist or media stream,,[],
82785dd08222e2f49c4f,beIN Sports 2 (France),FR | Bein Sports 2,/[access-controlled],https://raw.githubusercontent.com/iprtl/m3u/HEAD/Freetv.m3u,SKIPPED_ACCESS,NON_HTTP_URL,UNKNOWN,,,{},NOT_REQUESTED,Not an HTTP(S) stream,Find a credential-free distribution or obtain provider documentation. No HTTP request made with copied account/access parameters; subscription/geo status unconfirmed.,[],"scheme not in ('https', 'http') or hostname absent"
cffb6661e4daff75b604,beIN Sports 2 (France),beIN Sports 2 (France),http://37.59.16.4:1935/global/bein2.stream/playlist.m3u8,https://forum.kajgana.com/threads/internet-radio-i-televizija-strimovi-prashan-a-generalna-diskusija.41855/page-314,UNKNOWN,,TEMPORARY_FAILURE,,,{},unknown,Mixed or insufficient failure evidence: Stream timeout: timed out; Stream returned HTTP 503,,[],
3a2d1d1b8820ca84ea1a,beIN Sports 2 (France),beIN Sports 2 (France),http://41.205.70.146/BEINSPORT2/index.m3u8,https://raw.githubusercontent.com/miltonja/winsports/HEAD/WINSPORTS,UNKNOWN,,TEMPORARY_FAILURE,503,http://41.205.70.146/BEINSPORT2/index.m3u8,"{""connection"": ""close"", ""content-length"": ""95"", ""content-type"": ""text/plain"", ""date"": ""Sat, 10 Oct 2026 16:29:08 GMT"", ""server"": ""envoy""}",text/plain,Mixed or insufficient failure evidence: Stream returned HTTP 503; Stream returned HTTP 503,,[],
e64123d1f45f34ec7b28,beIN Sports 2 (France),FR: beIN SPORTS 2HD,http://54.36.61.6/[access-controlled],https://raw.githubusercontent.com/vraomoturi/smartiptv-playlist/HEAD/sports.m3u,SKIPPED_ACCESS,ACCOUNT_PATH,UNKNOWN,,,{},NOT_REQUESTED,Credential-shaped IPTV line,Find a credential-free distribution or obtain provider documentation. No HTTP request made with copied account/access parameters; subscription/geo status unconfirmed.,[],"re.search(/(?:live|iptv)/[^/]+/[^/]+/\d+(?:[./]|$), path) or re.fullmatch(/[A-Za-z0-9]{6,}/[A-Za-z0-9]{6,}/\d+(?:\.[A-Za-z0-9]+)?/?, path) and any(character.isdigit() for part in path.strip(/).split(/)[:2] for character in part)"
8ed5a47be1feecdba2de,beIN Sports 2 (France),FR: BeIN SPORTS 2 HD (1080P),http://54.36.61.6/[access-controlled],https://raw.githubusercontent.com/vraomoturi/smartiptv-playlist/HEAD/sports.m3u,SKIPPED_ACCESS,ACCOUNT_PATH,UNKNOWN,,,{},NOT_REQUESTED,Credential-shaped IPTV line,Find a credential-free distribution or obtain provider documentation. No HTTP request made with copied account/access parameters; subscription/geo status unconfirmed.,[],"re.search(/(?:live|iptv)/[^/]+/[^/]+/\d+(?:[./]|$), path) or re.fullmatch(/[A-Za-z0-9]{6,}/[A-Za-z0-9]{6,}/\d+(?:\.[A-Za-z0-9]+)?/?, path) and any(character.isdigit() for part in path.strip(/).split(/)[:2] for character in part)"
58159c96e9881427c81a,beIN Sports 2 (France),FR | BEIN SPORT 2 HD,http://81637.org/[access-controlled],https://raw.githubusercontent.com/raid35/channel-links/HEAD/ALWAN.m3u,SKIPPED_ACCESS,ACCOUNT_PATH,UNKNOWN,,,{},NOT_REQUESTED,Credential-shaped IPTV line,Find a credential-free distribution or obtain provider documentation. No HTTP request made with copied account/access parameters; subscription/geo status unconfirmed.,[],"re.search(/(?:live|iptv)/[^/]+/[^/]+/\d+(?:[./]|$), path) or re.fullmatch(/[A-Za-z0-9]{6,}/[A-Za-z0-9]{6,}/\d+(?:\.[A-Za-z0-9]+)?/?, path) and any(character.isdigit() for part in path.strip(/).split(/)[:2] for character in part)"
1ff319dedcffd06615fd,beIN Sports 2 (France),FR | BEIN SPORT 2 HD,http://81637.org/[access-controlled],https://raw.githubusercontent.com/raid35/channel-links/HEAD/CANAL.m3u,SKIPPED_ACCESS,ACCOUNT_PATH,UNKNOWN,,,{},NOT_REQUESTED,Credential-shaped IPTV line,Find a credential-free distribution or obtain provider documentation. No HTTP request made with copied account/access parameters; subscription/geo status unconfirmed.,[],"re.search(/(?:live|iptv)/[^/]+/[^/]+/\d+(?:[./]|$), path) or re.fullmatch(/[A-Za-z0-9]{6,}/[A-Za-z0-9]{6,}/\d+(?:\.[A-Za-z0-9]+)?/?, path) and any(character.isdigit() for part in path.strip(/).split(/)[:2] for character in part)"
a9de183a4438169fe85e,beIN Sports 2 (France),Bein Sports 2 FR,http://93.152.174.144:4000/play/bein2fr/index.m3u8,https://raw.githubusercontent.com/UzunMuhalefet/Free-IPTV/HEAD/Lists/FR.m3u,TIMEOUT,,TEMPORARY_FAILURE,,,{},unknown,Stream timeout: timed out,,[],
2d72e44e83171a510cd3,beIN Sports 2 (France),FR: Bein Sport 2,http://aziptv.mine.nu/[access-controlled],https://gist.githubusercontent.com/ItsRandall/3119615c8b4732d7b56e5217d66edbab/raw,SKIPPED_ACCESS,ACCOUNT_PATH,UNKNOWN,,,{},NOT_REQUESTED,Credential-shaped IPTV line,Find a credential-free distribution or obtain provider documentation. No HTTP request made with copied account/access parameters; subscription/geo status unconfirmed.,[],"re.search(/(?:live|iptv)/[^/]+/[^/]+/\d+(?:[./]|$), path) or re.fullmatch(/[A-Za-z0-9]{6,}/[A-Za-z0-9]{6,}/\d+(?:\.[A-Za-z0-9]+)?/?, path) and any(character.isdigit() for part in path.strip(/).split(/)[:2] for character in part)"
25ed5ae3c7130818041d,beIN Sports 2 (France),BEIN2 FR,http://beinsport2-hls.live.numericable.tv/live/hls/beinsport2/ipad.m3u8,https://raw.githubusercontent.com/hmemar/husham.com/HEAD/Lists/chimpsmithlist-znE9BaL9.txt,GEO_BLOCKED_OR_FORBIDDEN,,UNKNOWN,403,http://beinsport2-hls.live.numericable.tv/live/hls/beinsport2/ipad.m3u8,"{""connection"": ""close"", ""content-length"": ""33"", ""content-type"": ""text/plain"", ""date"": ""Sat, 10 Oct 2026 16:23:55 GMT"", ""server"": ""envoy""}",text/plain,Stream returned HTTP 403,,[],
3b3dff1912803a4add63,beIN Sports 2 (France),BEIN SPORT 2FR,http://bit.ly/1VIVMcV,https://gist.githubusercontent.com/ItsRandall/3119615c8b4732d7b56e5217d66edbab/raw,GEO_BLOCKED_OR_FORBIDDEN,,UNKNOWN,403,http://iptvchoice.zapto.org/[access-controlled],"{""connection"": ""close"", ""content-length"": ""26"", ""content-type"": ""text/plain"", ""date"": ""Sat, 10 Oct 2026 16:24:15 GMT"", ""server"": ""envoy""}",text/plain,Stream returned HTTP 403,,[],
e85ad8bef0653d68ee85,beIN Sports 2 (France),FR:BEINSPORTS2,http://iptvgafsa.ddns.net/[access-controlled],https://raw.githubusercontent.com/prince8590/bein-sport/HEAD/tv_channels_pula.m3u,SKIPPED_ACCESS,ACCOUNT_PATH,UNKNOWN,,,{},NOT_REQUESTED,Credential-shaped IPTV line,Find a credential-free distribution or obtain provider documentation. No HTTP request made with copied account/access parameters; subscription/geo status unconfirmed.,[],"re.search(/(?:live|iptv)/[^/]+/[^/]+/\d+(?:[./]|$), path) or re.fullmatch(/[A-Za-z0-9]{6,}/[A-Za-z0-9]{6,}/\d+(?:\.[A-Za-z0-9]+)?/?, path) and any(character.isdigit() for part in path.strip(/).split(/)[:2] for character in part)"
a75fa8a2748961ae4192,beIN Sports 2 (France),┃FR┃ BEIN SPORTS 2,http://line.goattv-ott.xyz/[access-controlled],https://gist.githubusercontent.com/Xo-Richie-Baldeo-oX/ac1a002b5c442908f134dd4958579ec2/raw,SKIPPED_ACCESS,ACCESS_QUERY_KEYS,UNKNOWN,,,{},NOT_REQUESTED,Credential/token/session-specific published URL; not reusable without access tokens,Find a credential-free distribution or obtain provider documentation. No HTTP request made with copied account/access parameters; subscription/geo status unconfirmed.,"['extension', 'mac', 'play_token', 'stream']","query keys intersect {token,ticket,password,username,mac,play_token,wmsauthsign,hdnts,hdnea,auth}"
f0ba9cf9dbed8bd64412,beIN Sports 2 (France),┃FR┃ BEIN SPORTS 2 FHD,http://line.goattv-ott.xyz/[access-controlled],https://gist.githubusercontent.com/Xo-Richie-Baldeo-oX/ac1a002b5c442908f134dd4958579ec2/raw,SKIPPED_ACCESS,ACCESS_QUERY_KEYS,UNKNOWN,,,{},NOT_REQUESTED,Credential/token/session-specific published URL; not reusable without access tokens,Find a credential-free distribution or obtain provider documentation. No HTTP request made with copied account/access parameters; subscription/geo status unconfirmed.,"['extension', 'mac', 'play_token', 'stream']","query keys intersect {token,ticket,password,username,mac,play_token,wmsauthsign,hdnts,hdnea,auth}"
2a5384998cc20c9ab529,beIN Sports 2 (France),┃FR┃ BEIN SPORTS 2 HD,http://line.goattv-ott.xyz/[access-controlled],https://gist.githubusercontent.com/Xo-Richie-Baldeo-oX/ac1a002b5c442908f134dd4958579ec2/raw,SKIPPED_ACCESS,ACCESS_QUERY_KEYS,UNKNOWN,,,{},NOT_REQUESTED,Credential/token/session-specific published URL; not reusable without access tokens,Find a credential-free distribution or obtain provider documentation. No HTTP request made with copied account/access parameters; subscription/geo status unconfirmed.,"['extension', 'mac', 'play_token', 'stream']","query keys intersect {token,ticket,password,username,mac,play_token,wmsauthsign,hdnts,hdnea,auth}"
2e50a6ab54f63e185bbf,beIN Sports 2 (France),beinsports 2 france,http://listatv.cf/prem.php?id=beinsports2france&tk=january&f=.m3u8,https://raw.githubusercontent.com/TVCABLEAR/VIP/HEAD/PAIS/USA/2018-USA.m3u,GEO_BLOCKED_OR_FORBIDDEN,,UNKNOWN,403,http://listatv.cf/prem.php?id=beinsports2france&tk=january&f=.m3u8,"{""connection"": ""close"", ""content-length"": ""33"", ""content-type"": ""text/plain"", ""date"": ""Sat, 10 Oct 2026 16:30:08 GMT"", ""server"": ""envoy""}",text/plain,Stream returned HTTP 403,,"['f', 'id', 'tk']",
72200c34266c742ca62c,beIN Sports 2 (France),||FR|| BEIN SPORTS 2 FHD,http://mu8.s9u8p7s6t5a4r.me/s/no.php?z=111&u=AHHbwNeU43&s=196511199971&id=263&t=live&f=ts,https://raw.githubusercontent.com/raid35/channel-links/HEAD/ALWAN.m3u,BROKEN,,UNKNOWN,200,http://mu8.s9u8p7s6t5a4r.me/s/no.php?z=111&u=AHHbwNeU43&s=196511199971&id=263&t=live&f=ts,"{""connection"": ""close"", ""content-length"": ""9"", ""content-type"": ""text/html; charset=UTF-8"", ""date"": ""Sat, 10 Oct 2026 16:29:50 GMT"", ""server"": ""envoy"", ""x-envoy-upstream-service-time"": ""297""}",text/html; charset=UTF-8,Response was not a recognized playlist or media stream,,"['f', 'id', 's', 't', 'u', 'z']",
0af114368c65153323c3,beIN Sports 2 (France),beIN SPORTS 2 France,https://ondemand.st/papi/tv/dlhd/117/playlist.m3u8,https://raw.githubusercontent.com/BuddyChewChew/My-Streams/HEAD/Backup/dami-tv.m3u,GEO_BLOCKED_OR_FORBIDDEN,,UNKNOWN,403,https://ondemand.st/papi/tv/dlhd/117/playlist.m3u8,"{""access-control-allow-origin"": ""*"", ""connection"": ""close"", ""content-length"": ""146"", ""content-type"": ""text/html"", ""date"": ""Sat, 10 Oct 2026 16:29:47 GMT"", ""server"": ""envoy"", ""x-envoy-upstream-service-time"": ""222""}",text/html,Stream returned HTTP 403,,[],
1e96e7dce68f2a4541e6,beIN Sports 2 (France),beIN Sports 2 (France),https://t.freetv.fun/live/bein-sports-2-fr.m3u8,https://freetv.fun/search/SPORTS%202,TIMEOUT,,TEMPORARY_FAILURE,,,{},unknown,Stream timeout: The read operation timed out,,[],
bb270420f741952ece93,beIN Sports 2 (France),beIN SPORTS 2 France,https://zekonew.newkso.ru/zeko/premium117/mono.m3u8,https://raw.githubusercontent.com/nightah/daddylive/HEAD/daddylive-channels.m3u8,GEO_BLOCKED_OR_FORBIDDEN,,UNKNOWN,403,https://zekonew.newkso.ru/zeko/premium117/mono.m3u8,"{""access-control-allow-origin"": ""*"", ""alt-svc"": ""h3=\"":443\""; ma=86400"", ""cache-control"": ""no-cache, no-store, must-revalidate"", ""cf-ray"": ""a48701fb8f90f155-ORD"", ""connection"": ""close"", ""content-type"": ""text/html; charset=UTF-8"", ""date"": ""Sat, 10 Oct 2026 16:30:06 GMT"", ""expires"": ""Thu, 01 Jan 1970 00:00:01 GMT"", ""nel"": ""{\""report_to\"":\""cf-nel\"",\""success_fraction\"":0.0,\""max_age\"":604800}"", ""no-cache"": ""no-cache"", ""referrer-policy"": ""same-origin"", ""report-to"": ""{\""group\"":\""cf-nel\"",\""max_age\"":604800,\""endpoints\"":[{\""url\"":\""https://a.nel.cloudflare.com/report/v4?s=LYCNz4XZFUt0bVnGc4nqbbKvHvU8pV%2FAYMQFaDx1%2FiVXNVJqy5C8FdpCDqwIu4QWuQgQ8i6L1hBOGTApPITZC7QZg2LjovbYz3umKLMOTruGopufDdGAdwYiuNwVcDZkCOuNaQ%3D%3D\""}]}"", ""server"": ""envoy"", ""transfer-encoding"": ""chunked"", ""x-envoy-upstream-service-time"": ""55"", ""x-frame-options"": ""SAMEORIGIN""}",text/html; charset=UTF-8,Stream returned HTTP 403,,[],
e899ac000a06e80f6e3d,beIN Sports 2 (Thailand),Bein sports 2 TH,http://dooballmundee.sai8.live/free/0x777_beinsporthd2_720p/playlist.m3u8,https://raw.githubusercontent.com/SulukNew/SMART-IPTV/HEAD/IPTV%20SMART,GEO_BLOCKED_OR_FORBIDDEN,,UNKNOWN,403,http://dooballmundee.sai8.live/free/0x777_beinsporthd2_720p/playlist.m3u8,"{""connection"": ""close"", ""content-length"": ""33"", ""content-type"": ""text/plain"", ""date"": ""Sat, 10 Oct 2026 16:24:12 GMT"", ""server"": ""envoy""}",text/plain,Stream returned HTTP 403,,[],
56888f3a14c0f2c45968,beIN Sports 2 (Thailand),BEIN SPORTS 2 TH,https://49-231-37-37-rewriter.ais-vidnt.com/[access-controlled],https://raw.githubusercontent.com/konanda-sg/INTEKTV/HEAD/ITK-VI-ROBI,SKIPPED_ACCESS,DRM_OPTIONS,DRM_PROTECTED,,,{},NOT_REQUESTED,DRM/license parameters required,Find a credential-free distribution or obtain provider documentation. No HTTP request made with copied account/access parameters; subscription/geo status unconfirmed.,[],options match license_key|license_type|drmlicense=|drmscheme=
e5557e68340c6ae539fc,beIN Sports 2 (Thailand),beIN Sports 2 (Thailand),https://ctrl.laotv.la/live/Bsport2/index.m3u8,https://raw.githubusercontent.com/konanda-sg/INTEKTV/HEAD/ITK-VI-ROBI,BROKEN,,UNKNOWN,404,https://edge2.laotv.la/live/Bsport2/index.m3u8,"{""connection"": ""close"", ""content-length"": ""0"", ""date"": ""Sat, 10 Oct 2026 16:31:23 GMT"", ""sc-cache"": ""miss"", ""server"": ""envoy"", ""x-envoy-upstream-service-time"": ""306""}",unknown,Stream returned HTTP 404,,[],
e5557e68340c6ae539fc,beIN Sports 2 (Thailand),beIN Sports 2 (Thailand),https://ctrl.laotv.la/live/Bsport2/index.m3u8,https://github.com/GitoSaigon77,BROKEN,,UNKNOWN,404,https://edge2.laotv.la/live/Bsport2/index.m3u8,"{""connection"": ""close"", ""content-length"": ""0"", ""date"": ""Sat, 10 Oct 2026 16:33:13 GMT"", ""sc-cache"": ""miss"", ""server"": ""envoy"", ""x-envoy-upstream-service-time"": ""907""}",unknown,Stream returned HTTP 404,,[],
894fcbe66b018e6119a4,beIN Sports 2 (Thailand),beIN Sports 2 (Thailand),https://stream.warpballsod.tv/bein2.m3u8,https://git.u2.nu/edorid/IPTV-PREMIUM/src/commit/0e69aede81cb873b5ebc6956bed8aa574eec92ab/STBKU2024,TIMEOUT,,UNKNOWN,,,{},unknown,Stream timeout: timed out,,[],
f24ba43c9b5b7de0eb16,beIN Sports 2 (Thailand),beIN Sports 2 (Thailand),https://youdooball.livedoomovies.com:4432/02_epl1_720p/chunklist.m3u8,https://git.u2.nu/edorid/IPTV-PREMIUM/src/commit/0e69aede81cb873b5ebc6956bed8aa574eec92ab/STBKU2024,UNKNOWN,,UNKNOWN,,,{},unknown,Mixed or insufficient failure evidence: Stream connection error: Tunnel connection failed: 403 Forbidden; Stream connection error: Tunnel connection failed: 403 Forbidden,,[],
22f90ca264534891c5b7,beIN Sports 2 (Turkey),┃TR┃ BEIN SPORTS 2 FHD,http://line.goattv-ott.xyz/[access-controlled],https://gist.githubusercontent.com/Xo-Richie-Baldeo-oX/ac1a002b5c442908f134dd4958579ec2/raw,SKIPPED_ACCESS,ACCESS_QUERY_KEYS,UNKNOWN,,,{},NOT_REQUESTED,Credential/token/session-specific published URL; not reusable without access tokens,Find a credential-free distribution or obtain provider documentation. No HTTP request made with copied account/access parameters; subscription/geo status unconfirmed.,"['extension', 'mac', 'play_token', 'stream']","query keys intersect {token,ticket,password,username,mac,play_token,wmsauthsign,hdnts,hdnea,auth}"
00af94d333f057dc7f19,beIN Sports 2 (Turkey),┃TR┃ BEIN SPORTS 2 HD,http://line.goattv-ott.xyz/[access-controlled],https://gist.githubusercontent.com/Xo-Richie-Baldeo-oX/ac1a002b5c442908f134dd4958579ec2/raw,SKIPPED_ACCESS,ACCESS_QUERY_KEYS,UNKNOWN,,,{},NOT_REQUESTED,Credential/token/session-specific published URL; not reusable without access tokens,Find a credential-free distribution or obtain provider documentation. No HTTP request made with copied account/access parameters; subscription/geo status unconfirmed.,"['extension', 'mac', 'play_token', 'stream']","query keys intersect {token,ticket,password,username,mac,play_token,wmsauthsign,hdnts,hdnea,auth}"
1f7a222fc6845848d52a,beIN Sports 2 (Turkey),┃TR┃ BEIN SPORTS 2 FHD,http://line.goattv-ott.xyz/[access-controlled],https://gist.githubusercontent.com/Xo-Richie-Baldeo-oX/ac1a002b5c442908f134dd4958579ec2/raw,SKIPPED_ACCESS,ACCESS_QUERY_KEYS,UNKNOWN,,,{},NOT_REQUESTED,Credential/token/session-specific published URL; not reusable without access tokens,Find a credential-free distribution or obtain provider documentation. No HTTP request made with copied account/access parameters; subscription/geo status unconfirmed.,"['extension', 'mac', 'play_token', 'stream']","query keys intersect {token,ticket,password,username,mac,play_token,wmsauthsign,hdnts,hdnea,auth}"
4953a8b4e342f512f74c,beIN Sports 2 (Turkey),┃TR┃ BEIN SPORTS 2 HD,http://line.goattv-ott.xyz/[access-controlled],https://gist.githubusercontent.com/Xo-Richie-Baldeo-oX/ac1a002b5c442908f134dd4958579ec2/raw,SKIPPED_ACCESS,ACCESS_QUERY_KEYS,UNKNOWN,,,{},NOT_REQUESTED,Credential/token/session-specific published URL; not reusable without access tokens,Find a credential-free distribution or obtain provider documentation. No HTTP request made with copied account/access parameters; subscription/geo status unconfirmed.,"['extension', 'mac', 'play_token', 'stream']","query keys intersect {token,ticket,password,username,mac,play_token,wmsauthsign,hdnts,hdnea,auth}"
f5abb376838872588623,beIN Sports 2 (Turkey),beINSports2.tr,https://0108wooxangel.shop/702/mono.m3u8,https://raw.githubusercontent.com/proefem/titel1/HEAD/TRFTR,UNKNOWN,,UNKNOWN,,,{},unknown,Mixed or insufficient failure evidence: Stream connection error: Tunnel connection failed: 403 Forbidden; Stream connection error: Tunnel connection failed: 403 Forbidden,,[],
652e64279993d232c4da,beIN Sports 2 (Turkey),beIN Sports 2 (Turkey),https://corestream.ronaldovurdu.help//hls/bein-sports-2.m3u8,https://gist.github.com/ukusgul-a11y/daa167880fc0133fe325f7e6096aac82,GEO_BLOCKED_OR_FORBIDDEN,,UNKNOWN,403,https://corestream.ronaldovurdu.help//hls/bein-sports-2.m3u8,"{""alt-svc"": ""h3=\"":443\""; ma=86400"", ""cache-control"": ""private, max-age=0, no-store, no-cache, must-revalidate, post-check=0, pre-check=0"", ""cf-ray"": ""a487008f3d9635ac-ORD"", ""connection"": ""close"", ""content-type"": ""text/html; charset=UTF-8"", ""date"": ""Sat, 10 Oct 2026 16:29:08 GMT"", ""expires"": ""Thu, 01 Jan 1970 00:00:01 GMT"", ""nel"": ""{\""report_to\"":\""cf-nel\"",\""success_fraction\"":0.0,\""max_age\"":604800}"", ""referrer-policy"": ""same-origin"", ""report-to"": ""{\""group\"":\""cf-nel\"",\""max_age\"":604800,\""endpoints\"":[{\""url\"":\""https://a.nel.cloudflare.com/report/v4?s=HMXg3D9f6%2FDmN0ON3wOXX%2FcY26aPC%2BscWrY5qmllL4MEEFSaF0%2F8Uf7n0ARqgWuL8CStcTipmwZK2OhylqfY7q0tDfGcg%2FSBk9EDLLJrJ3UaWpatpuxzkPoF4M4cecI%2BZTK0KfBbKqxsAZMio6%2FQ\""}]}"", ""server"": ""envoy"", ""transfer-encoding"": ""chunked"", ""x-envoy-upstream-service-time"": ""66"", ""x-frame-options"": ""SAMEORIGIN""}",text/html; charset=UTF-8,Stream returned HTTP 403,,[],
c0b8828f289031fc81cf,beIN Sports 2 (Turkey),beINSports2.tr,https://deathless-betsmantv.tiiny.io?url=702,https://raw.githubusercontent.com/proefem/titel1/HEAD/TRFTR,UNKNOWN,,UNKNOWN,400,https://deathless-betsmantv.tiiny.io?url=702,"{""connection"": ""close"", ""content-type"": ""text/html; charset=utf-8"", ""date"": ""Sat, 10 Oct 2026 16:24:23 GMT"", ""server"": ""envoy"", ""transfer-encoding"": ""chunked"", ""x-edge-region"": ""us-ashburn"", ""x-edge-request-outcome"": ""unknown_domain"", ""x-envoy-upstream-service-time"": ""120"", ""x-wasmer-request-id"": ""bb9dd995-697f-4646-b238-3d1972d5daf7""}",text/html; charset=utf-8,Mixed or insufficient failure evidence: Stream returned HTTP 400; Stream returned HTTP 400,,['url'],
5cc22eec689f48864628,beIN Sports 2 (Turkey),beIN SPORTS 2 Turkey,https://ondemand.st/papi/tv/dlhd/63/playlist.m3u8,https://raw.githubusercontent.com/BuddyChewChew/My-Streams/HEAD/Backup/dami-tv.m3u,GEO_BLOCKED_OR_FORBIDDEN,,UNKNOWN,403,https://ondemand.st/papi/tv/dlhd/63/playlist.m3u8,"{""access-control-allow-origin"": ""*"", ""connection"": ""close"", ""content-length"": ""146"", ""content-type"": ""text/html"", ""date"": ""Sat, 10 Oct 2026 16:29:47 GMT"", ""server"": ""envoy"", ""x-envoy-upstream-service-time"": ""152""}",text/html,Stream returned HTTP 403,,[],
61b1746f486ea7432185,beIN Sports 2 (Turkey),beIN SPORTS 2 Turkey,https://zekonew.newkso.ru/zeko/premium63/mono.m3u8,https://raw.githubusercontent.com/nightah/daddylive/HEAD/daddylive-channels.m3u8,GEO_BLOCKED_OR_FORBIDDEN,,UNKNOWN,403,https://zekonew.newkso.ru/zeko/premium63/mono.m3u8,"{""access-control-allow-origin"": ""*"", ""alt-svc"": ""h3=\"":443\""; ma=86400"", ""cache-control"": ""no-cache, no-store, must-revalidate"", ""cf-ray"": ""a48701fc6db8de7e-ORD"", ""connection"": ""close"", ""content-type"": ""text/html; charset=UTF-8"", ""date"": ""Sat, 10 Oct 2026 16:30:06 GMT"", ""expires"": ""Thu, 01 Jan 1970 00:00:01 GMT"", ""nel"": ""{\""report_to\"":\""cf-nel\"",\""success_fraction\"":0.0,\""max_age\"":604800}"", ""no-cache"": ""no-cache"", ""referrer-policy"": ""same-origin"", ""report-to"": ""{\""group\"":\""cf-nel\"",\""max_age\"":604800,\""endpoints\"":[{\""url\"":\""https://a.nel.cloudflare.com/report/v4?s=F6wH1NWi%2F%2BYyPP7j7E4wBRqA9kwLCOcvlEbfxSdUa5bV8uNShgqeSpyzrOFmng2cs1%2F8rIZXW4TD%2FLqTPjCxQG%2FkGRgqGaCFkfBEZ7igvzPCU1h05RoPsJVFsosNFfT6fiCL3Q%3D%3D\""}]}"", ""server"": ""envoy"", ""transfer-encoding"": ""chunked"", ""x-envoy-upstream-service-time"": ""72"", ""x-frame-options"": ""SAMEORIGIN""}",text/html; charset=UTF-8,Stream returned HTTP 403,,[],
0ffe0e9bc8032da216fa,beIN Sports 3,BEIN SPORTS 3 FHD,http://103.100.169.51/[access-controlled],https://raw.githubusercontent.com/mchoumi/mchoumi.github.io/HEAD/IPTVara.m3u,SKIPPED_ACCESS,ACCOUNT_PATH,UNKNOWN,,,{},NOT_REQUESTED,Credential-shaped IPTV line,Find a credential-free distribution or obtain provider documentation. No HTTP request made with copied account/access parameters; subscription/geo status unconfirmed.,[],"re.search(/(?:live|iptv)/[^/]+/[^/]+/\d+(?:[./]|$), path) or re.fullmatch(/[A-Za-z0-9]{6,}/[A-Za-z0-9]{6,}/\d+(?:\.[A-Za-z0-9]+)?/?, path) and any(character.isdigit() for part in path.strip(/).split(/)[:2] for character in part)"
115509ea9efaf898d1a8,beIN Sports 3,AR | BEIN SPORTS 3 FHD,http://116.202.165.211/[access-controlled],https://raw.githubusercontent.com/raid35/channel-links/HEAD/ALWAN.m3u,SKIPPED_ACCESS,ACCOUNT_PATH,UNKNOWN,,,{},NOT_REQUESTED,Credential-shaped IPTV line,Find a credential-free distribution or obtain provider documentation. No HTTP request made with copied account/access parameters; subscription/geo status unconfirmed.,[],"re.search(/(?:live|iptv)/[^/]+/[^/]+/\d+(?:[./]|$), path) or re.fullmatch(/[A-Za-z0-9]{6,}/[A-Za-z0-9]{6,}/\d+(?:\.[A-Za-z0-9]+)?/?, path) and any(character.isdigit() for part in path.strip(/).split(/)[:2] for character in part)"
b36f6f33eb0819d86bcc,beIN Sports 3,Bein Sports 3,http://116.202.165.211/[access-controlled],https://raw.githubusercontent.com/raid35/channel-links/HEAD/ALWAN.m3u,SKIPPED_ACCESS,ACCOUNT_PATH,UNKNOWN,,,{},NOT_REQUESTED,Credential-shaped IPTV line,Find a credential-free distribution or obtain provider documentation. No HTTP request made with copied account/access parameters; subscription/geo status unconfirmed.,[],"re.search(/(?:live|iptv)/[^/]+/[^/]+/\d+(?:[./]|$), path) or re.fullmatch(/[A-Za-z0-9]{6,}/[A-Za-z0-9]{6,}/\d+(?:\.[A-Za-z0-9]+)?/?, path) and any(character.isdigit() for part in path.strip(/).split(/)[:2] for character in part)"
9d28a700af5abc6ffaef,beIN Sports 3,beinsport3,http://135.125.109.73:9000/beinsport3_.m3u8,https://raw.githubusercontent.com/mazenghannam16/my-iptv-lists/HEAD/super.m3u,UNKNOWN,,TEMPORARY_FAILURE,503,http://135.125.109.73:9000/beinsport3_.m3u8,"{""connection"": ""close"", ""content-length"": ""95"", ""content-type"": ""text/plain"", ""date"": ""Sat, 10 Oct 2026 16:25:01 GMT"", ""server"": ""envoy""}",text/plain,Mixed or insufficient failure evidence: Stream returned HTTP 503; Stream returned HTTP 503,,[],
58ecef7676c497eb6d78,beIN Sports 3,- 🔘 Bein Sports 3 (Francia) (🇫🇷),http://145.239.5.177/559/index.m3u8,https://raw.githubusercontent.com/miltonja/winsports/HEAD/WINSPORTS,GEO_BLOCKED_OR_FORBIDDEN,,UNKNOWN,403,http://145.239.5.177/559/index.m3u8,"{""access-control-allow-headers"": ""x-vsaas-session, x-no-redirect, origin, authorization, accept, range, content-type, x-add-effective"", ""access-control-allow-methods"": ""GET, PUT, DELETE, OPTIONS"", ""access-control-allow-origin"": ""*"", ""access-control-expose-headers"": ""Server, range, X-Run-Time, X-Sid, Content-Length, Location"", ""connection"": ""close"", ""content-length"": ""1147"", ""date"": ""Sat, 10 Oct 2026 16:29:07 GMT"", ""server"": ""envoy"", ""x-deny-reason"": ""deny_backend"", ""x-envoy-upstream-service-time"": ""295"", ""x-route-time"": ""28078"", ""x-run-time"": ""100""}",unknown,Stream returned HTTP 403,,[],
d1ea380545857c54e608,beIN Sports 3,BEIN SPORT 3,http://163.172.105.25:80/live?channelId=180&uid=2454&deviceMac=00:1A:79:3C:C9:29,https://raw.githubusercontent.com/SulukNew/SMART-IPTV/HEAD/IPTV%20SMART,BROKEN,,UNKNOWN,404,http://163.172.105.25:80/live?channelId=180&uid=2454&deviceMac=00:1A:79:3C:C9:29,"{""connection"": ""close"", ""content-length"": ""276"", ""content-type"": ""text/html; charset=iso-8859-1"", ""date"": ""Sat, 10 Oct 2026 16:24:11 GMT"", ""server"": ""envoy"", ""x-envoy-upstream-service-time"": ""305""}",text/html; charset=iso-8859-1,Stream returned HTTP 404,,"['channelId', 'deviceMac', 'uid']",
c1fac8dca9489ba6d75d,beIN Sports 3,beIN Sports 3 HD,http://169.45.89.106:1935/app/bein3frlsh/playlist.m3u8,https://gist.githubusercontent.com/ItsRandall/3119615c8b4732d7b56e5217d66edbab/raw,TIMEOUT,,TEMPORARY_FAILURE,,,{},unknown,Stream timeout: timed out,,[],
ece0dcf18abcf1bf4bb0,beIN Sports 3,Bein Sports 3ᴴᴰ,http://185.160.192.64:80/mangin15/85784/13678,https://gist.githubusercontent.com/R03nDL03n1/e3f461a6e39f8bdc3e9bf96df638fd44/raw,TIMEOUT,,TEMPORARY_FAILURE,,,{},unknown,Stream timeout: timed out,,[],
08efe17fb40308461ff0,beIN Sports 3,beIN Sport 3,http://185.93.3.84:5000/play/a01t,https://raw.githubusercontent.com/SulukNew/SMART-IPTV/HEAD/IPTV%20SMART,UNKNOWN,,TEMPORARY_FAILURE,503,http://185.93.3.84:5000/play/a01t,"{""connection"": ""close"", ""content-length"": ""95"", ""content-type"": ""text/plain"", ""date"": ""Sat, 10 Oct 2026 16:24:12 GMT"", ""server"": ""envoy""}",text/plain,Mixed or insufficient failure evidence: Stream returned HTTP 503; Stream returned HTTP 503,,[],
a69d074292dd9888c895,beIN Sports 3,BEIN SPORTS 3 HD,http://195.128.24.55/[access-controlled],https://raw.githubusercontent.com/mchoumi/mchoumi.github.io/HEAD/IPTVara.m3u,SKIPPED_ACCESS,ACCESS_QUERY_KEYS,UNKNOWN,,,{},NOT_REQUESTED,Credential/token/session-specific published URL; not reusable without access tokens,Find a credential-free distribution or obtain provider documentation. No HTTP request made with copied account/access parameters; subscription/geo status unconfirmed.,"['extension', 'mac', 'play_token', 'stream']","query keys intersect {token,ticket,password,username,mac,play_token,wmsauthsign,hdnts,hdnea,auth}"
a2dd54c4a691b1631518,beIN Sports 3,beINSport 3,http://195.154.156.28:80/wXQcdtDuYt/zQFbKU48fL/40,https://raw.githubusercontent.com/ajonx/Ambyar-TV/HEAD/Sports.m3u,TIMEOUT,,TEMPORARY_FAILURE,,,{},unknown,Stream timeout: timed out,,[],
c85e43b42500fe1b382c,beIN Sports 3,BEIN SPORTS 3,http://209.205.221.74:130/R3$3202/3R1W3$32/1612_.m3u8,https://raw.githubusercontent.com/WMF2020/IPTV/HEAD/IPTV,TIMEOUT,,TEMPORARY_FAILURE,,,{},unknown,Stream timeout: timed out,,[],
abce3191debf69a9ef14,beIN Sports 3,beIN Sports 3,http://212.224.98.207:2200/EX/bein3hd-ar/index.m3u8?token=,https://gist.githubusercontent.com/motib09/b97539fc67f9a89d5f090359a2d29a9e/raw,TIMEOUT,,TEMPORARY_FAILURE,,,{},unknown,Stream timeout: timed out,,[],
6d2e2c4e55ede6c559ea,beIN Sports 3,beIN SPORTS 3 HD,http://2756d46c.akciatv.ru/[access-controlled],https://gist.githubusercontent.com/bdrajgaming654-byte/11d59f64cea2abb66c2b547dd6b9c208/raw,SKIPPED_ACCESS,ACCOUNT_TOKEN_PATH,UNKNOWN,,,{},NOT_REQUESTED,Account-token-shaped IPTV line,Find a credential-free distribution or obtain provider documentation. No HTTP request made with copied account/access parameters; subscription/geo status unconfirmed.,[],"path matches /iptv/[A-Z0-9]{10,}/\d+/"
86d81f15c2b7abcbd2b1,beIN Sports 3,bein sport 3,http://5.39.70.216/buy-IPTV/sports@fontsbay.com/60.ch?12345678,https://raw.githubusercontent.com/hmemar/husham.com/HEAD/Lists/chimpsmithlist-znE9BaL9.txt,TIMEOUT,,TEMPORARY_FAILURE,,,{},unknown,Stream timeout: timed out,,[],
99c2ab0e5ef69dea3fc4,beIN Sports 3,[AstroGo 2] beIN Sports 3,http://54.169.84.120:1234/stream/astrogo2/beinsports3/master.m3u8?u=saohoa&p=6902ea3a9c264432e241813ada3368d1742ba686e556e74dd30565451eb5e74c,https://raw.githubusercontent.com/element1242/element1242.github.io/HEAD/saohoa/astrogo.m3u,UNKNOWN,,TEMPORARY_FAILURE,503,http://54.169.84.120:1234/stream/astrogo2/beinsports3/master.m3u8?u=saohoa&p=6902ea3a9c264432e241813ada3368d1742ba686e556e74dd30565451eb5e74c,"{""connection"": ""close"", ""content-length"": ""95"", ""content-type"": ""text/plain"", ""date"": ""Sat, 10 Oct 2026 16:29:53 GMT"", ""server"": ""envoy""}",text/plain,Mixed or insufficient failure evidence: Stream returned HTTP 503; Stream returned HTTP 503,,"['p', 'u']",
517f629af82de0e10c35,beIN Sports 3,AR: beIN Sports 3 HD,http://54.36.61.6/[access-controlled],https://raw.githubusercontent.com/vraomoturi/smartiptv-playlist/HEAD/sports.m3u,SKIPPED_ACCESS,ACCOUNT_PATH,UNKNOWN,,,{},NOT_REQUESTED,Credential-shaped IPTV line,Find a credential-free distribution or obtain provider documentation. No HTTP request made with copied account/access parameters; subscription/geo status unconfirmed.,[],"re.search(/(?:live|iptv)/[^/]+/[^/]+/\d+(?:[./]|$), path) or re.fullmatch(/[A-Za-z0-9]{6,}/[A-Za-z0-9]{6,}/\d+(?:\.[A-Za-z0-9]+)?/?, path) and any(character.isdigit() for part in path.strip(/).split(/)[:2] for character in part)"
ca2c5c0fdc6dff244172,beIN Sports 3,beIN Sports 3,http://85.237.89.6:9590/ar-s/bein-3-stop-TimeSheft/tracks-v1a1/mono.m3u8,https://t.me/s/connecttechnology?before=9026,BROKEN,,UNKNOWN,404,http://85.237.89.6:9590/ar-s/bein-3-stop-TimeSheft/tracks-v1a1/mono.m3u8,"{""access-control-allow-headers"": ""x-vsaas-session, x-no-redirect, origin, authorization, accept, range, content-type, x-add-effective, session, x-originator, x-sid"", ""access-control-allow-methods"": ""GET, PUT, DELETE, OPTIONS"", ""access-control-allow-origin"": ""*"", ""access-control-expose-headers"": ""Server, range, X-Run-Time, X-Sid, Content-Length, Location"", ""cache-control"": ""no-cache"", ""connection"": ""close"", ""content-length"": ""10"", ""date"": ""Sat, 10 Oct 2026 16:25:27 GMT"", ""pragma"": ""no-cache"", ""server"": ""envoy"", ""x-envoy-upstream-service-time"": ""122""}",unknown,Stream returned HTTP 404,,[],
dc8c55114fd7fa99c228,beIN Sports 3,bein3,http://95.170.215.106/hls/m3u8/Bein-Sport-HD3.m3u8,https://raw.githubusercontent.com/m3and88/iptv.m3u/HEAD/khalifa%20alshamsi.m3u,TIMEOUT,,TEMPORARY_FAILURE,,,{},unknown,Stream timeout: timed out,,[],
d9c76904229db8679566,beIN Sports 3,beIN Sports 3 Arab,http://95.170.215.120:80/hls/m3u8/BeinSport3.m3u8,https://raw.githubusercontent.com/m3and88/iptv.m3u/HEAD/khalifa%20alshamsi.m3u,TIMEOUT,,TEMPORARY_FAILURE,,,{},unknown,Stream timeout: timed out,,[],
4e71599ac5536f01e0da,beIN Sports 3,AR.beINSports.3,http://belfast.dyndns.tv:5808/BEINHD3/tracks-v1a1/mono.m3u8,https://raw.githubusercontent.com/idhanmario/iptv/HEAD/README.md,GEO_BLOCKED_OR_FORBIDDEN,,UNKNOWN,403,http://belfast.dyndns.tv:5808/BEINHD3/tracks-v1a1/mono.m3u8,"{""connection"": ""close"", ""content-length"": ""33"", ""content-type"": ""text/plain"", ""date"": ""Sat, 10 Oct 2026 16:24:00 GMT"", ""server"": ""envoy""}",text/plain,Stream returned HTTP 403,,[],
ca23553145ad30842a32,beIN Sports 3,BEIN SPORTS 3,http://fariszah.myq-see.com/[access-controlled],https://gist.githubusercontent.com/omarufulislam/e5f79ada3a4f8a377c1b5d74347c08fe/raw,SKIPPED_ACCESS,ACCOUNT_PATH,UNKNOWN,,,{},NOT_REQUESTED,Credential-shaped IPTV line,Find a credential-free distribution or obtain provider documentation. No HTTP request made with copied account/access parameters; subscription/geo status unconfirmed.,[],"re.search(/(?:live|iptv)/[^/]+/[^/]+/\d+(?:[./]|$), path) or re.fullmatch(/[A-Za-z0-9]{6,}/[A-Za-z0-9]{6,}/\d+(?:\.[A-Za-z0-9]+)?/?, path) and any(character.isdigit() for part in path.strip(/).split(/)[:2] for character in part)"
43c3f62d5e2b11571877,beIN Sports 3,BEIN SPORTS 3 *,http://fariszah.myq-see.com/[access-controlled],https://gist.githubusercontent.com/omarufulislam/e5f79ada3a4f8a377c1b5d74347c08fe/raw,SKIPPED_ACCESS,ACCOUNT_PATH,UNKNOWN,,,{},NOT_REQUESTED,Credential-shaped IPTV line,Find a credential-free distribution or obtain provider documentation. No HTTP request made with copied account/access parameters; subscription/geo status unconfirmed.,[],"re.search(/(?:live|iptv)/[^/]+/[^/]+/\d+(?:[./]|$), path) or re.fullmatch(/[A-Za-z0-9]{6,}/[A-Za-z0-9]{6,}/\d+(?:\.[A-Za-z0-9]+)?/?, path) and any(character.isdigit() for part in path.strip(/).split(/)[:2] for character in part)"
8c5aaf82b45eb55b0aa1,beIN Sports 3,BEIN SPORTS 3 **,http://fariszah.myq-see.com/[access-controlled],https://gist.githubusercontent.com/omarufulislam/e5f79ada3a4f8a377c1b5d74347c08fe/raw,SKIPPED_ACCESS,ACCOUNT_PATH,UNKNOWN,,,{},NOT_REQUESTED,Credential-shaped IPTV line,Find a credential-free distribution or obtain provider documentation. No HTTP request made with copied account/access parameters; subscription/geo status unconfirmed.,[],"re.search(/(?:live|iptv)/[^/]+/[^/]+/\d+(?:[./]|$), path) or re.fullmatch(/[A-Za-z0-9]{6,}/[A-Za-z0-9]{6,}/\d+(?:\.[A-Za-z0-9]+)?/?, path) and any(character.isdigit() for part in path.strip(/).split(/)[:2] for character in part)"
299dd3c6ce7127a9ff10,beIN Sports 3,beIN SPORTS 3 SD,http://forevertv.me/[access-controlled],https://raw.githubusercontent.com/ktkooot1/Ustream/HEAD/Forever%20Sport.m3u,SKIPPED_ACCESS,ACCOUNT_PATH,UNKNOWN,,,{},NOT_REQUESTED,Credential-shaped IPTV line,Find a credential-free distribution or obtain provider documentation. No HTTP request made with copied account/access parameters; subscription/geo status unconfirmed.,[],"re.search(/(?:live|iptv)/[^/]+/[^/]+/\d+(?:[./]|$), path) or re.fullmatch(/[A-Za-z0-9]{6,}/[A-Za-z0-9]{6,}/\d+(?:\.[A-Za-z0-9]+)?/?, path) and any(character.isdigit() for part in path.strip(/).split(/)[:2] for character in part)"
954d70492e143c59fba6,beIN Sports 3,beIN SPORTS 3 4K,http://forevertv.me/[access-controlled],https://raw.githubusercontent.com/ktkooot1/Ustream/HEAD/Forever%20Sport.m3u,SKIPPED_ACCESS,ACCOUNT_PATH,UNKNOWN,,,{},NOT_REQUESTED,Credential-shaped IPTV line,Find a credential-free distribution or obtain provider documentation. No HTTP request made with copied account/access parameters; subscription/geo status unconfirmed.,[],"re.search(/(?:live|iptv)/[^/]+/[^/]+/\d+(?:[./]|$), path) or re.fullmatch(/[A-Za-z0-9]{6,}/[A-Za-z0-9]{6,}/\d+(?:\.[A-Za-z0-9]+)?/?, path) and any(character.isdigit() for part in path.strip(/).split(/)[:2] for character in part)"
2bee6f5531df9292fd87,beIN Sports 3,beIN SPORTS 3 FHD,http://forevertv.me/[access-controlled],https://raw.githubusercontent.com/ktkooot1/Ustream/HEAD/Forever%20Sport.m3u,SKIPPED_ACCESS,ACCOUNT_PATH,UNKNOWN,,,{},NOT_REQUESTED,Credential-shaped IPTV line,Find a credential-free distribution or obtain provider documentation. No HTTP request made with copied account/access parameters; subscription/geo status unconfirmed.,[],"re.search(/(?:live|iptv)/[^/]+/[^/]+/\d+(?:[./]|$), path) or re.fullmatch(/[A-Za-z0-9]{6,}/[A-Za-z0-9]{6,}/\d+(?:\.[A-Za-z0-9]+)?/?, path) and any(character.isdigit() for part in path.strip(/).split(/)[:2] for character in part)"
85a59bd2244ab001ddd4,beIN Sports 3,beIN SPORTS 3 HD,http://forevertv.me/[access-controlled],https://raw.githubusercontent.com/ktkooot1/Ustream/HEAD/Forever%20Sport.m3u,SKIPPED_ACCESS,ACCOUNT_PATH,UNKNOWN,,,{},NOT_REQUESTED,Credential-shaped IPTV line,Find a credential-free distribution or obtain provider documentation. No HTTP request made with copied account/access parameters; subscription/geo status unconfirmed.,[],"re.search(/(?:live|iptv)/[^/]+/[^/]+/\d+(?:[./]|$), path) or re.fullmatch(/[A-Za-z0-9]{6,}/[A-Za-z0-9]{6,}/\d+(?:\.[A-Za-z0-9]+)?/?, path) and any(character.isdigit() for part in path.strip(/).split(/)[:2] for character in part)"
168da84b3d05b1e862fd,beIN Sports 3,bein sports 3 HD,http://goiptv.co:8080/live:56eed56608b644dbF/ZCjlyc8M9S/2083,https://raw.githubusercontent.com/sasuki2/IPTV/HEAD/NEdaLJB.m3u,GEO_BLOCKED_OR_FORBIDDEN,,AUTH_REQUIRED,401,http://goiptv.co:8080/live:56eed56608b644dbF/ZCjlyc8M9S/2083,"{""access-control-allow-origin"": ""*"", ""cf-cache-status"": ""DYNAMIC"", ""cf-ray"": ""a486fa81fdf8b7cd-ORD"", ""connection"": ""close"", ""content-type"": ""text/html; charset=UTF-8"", ""date"": ""Sat, 10 Oct 2026 16:25:00 GMT"", ""nel"": ""{\""report_to\"":\""cf-nel\"",\""success_fraction\"":0.0,\""max_age\"":604800}"", ""report-to"": ""{\""group\"":\""cf-nel\"",\""max_age\"":604800,\""endpoints\"":[{\""url\"":\""https://a.nel.cloudflare.com/report/v4?s=grPxygMiqgLR0IxQz%2B%2FedMo1GvE3Cw5L52sdP1HLVWXjFWaCxBAGmfoIMIEwayBNy0MOJNkB37%2BsKuniWGjmjGrNT%2BY19%2FI5HAAFPBKxgylsYLtQVfCFqvi%2B4Hw%3D\""}]}"", ""server"": ""envoy"", ""transfer-encoding"": ""chunked"", ""x-envoy-upstream-service-time"": ""129""}",text/html; charset=UTF-8,Stream returned HTTP 401,,[],
361baf94689e4164d1c7,beIN Sports 3,beIN SPORTS 3 EN,http://goiptv.co:8080/live:56eed56608b644dbF/ZCjlyc8M9S/6160,https://raw.githubusercontent.com/sasuki2/IPTV/HEAD/NEdaLJB.m3u,GEO_BLOCKED_OR_FORBIDDEN,,AUTH_REQUIRED,401,http://goiptv.co:8080/live:56eed56608b644dbF/ZCjlyc8M9S/6160,"{""access-control-allow-origin"": ""*"", ""cf-cache-status"": ""DYNAMIC"", ""cf-ray"": ""a486fa82ec21eb6a-ORD"", ""connection"": ""close"", ""content-type"": ""text/html; charset=UTF-8"", ""date"": ""Sat, 10 Oct 2026 16:25:00 GMT"", ""nel"": ""{\""report_to\"":\""cf-nel\"",\""success_fraction\"":0.0,\""max_age\"":604800}"", ""report-to"": ""{\""group\"":\""cf-nel\"",\""max_age\"":604800,\""endpoints\"":[{\""url\"":\""https://a.nel.cloudflare.com/report/v4?s=N%2Bzu3XIXbrg%2BeIEkrtudQCmmIBOVChgWR%2Fol3GJ1vjLKXIafQlEgeBUN9oTs6yGv9R1y0z0LusSQXo6xOB5aKnPMcjN%2BTubuOQNaKv0IhKhiVG1VOefWQdboBwA%3D\""}]}"", ""server"": ""envoy"", ""transfer-encoding"": ""chunked"", ""x-envoy-upstream-service-time"": ""78""}",text/html; charset=UTF-8,Stream returned HTTP 401,,[],
82e437a9b8d6736a6d6e,beIN Sports 3,AR | BEIN SPORTS 3 FHD,http://goldenplayerz.xyz/[access-controlled],https://raw.githubusercontent.com/siksa40/xPola-Player/HEAD/novaler-bein.m3u,SKIPPED_ACCESS,ACCOUNT_PATH,UNKNOWN,,,{},NOT_REQUESTED,Credential-shaped IPTV line,Find a credential-free distribution or obtain provider documentation. No HTTP request made with copied account/access parameters; subscription/geo status unconfirmed.,[],"re.search(/(?:live|iptv)/[^/]+/[^/]+/\d+(?:[./]|$), path) or re.fullmatch(/[A-Za-z0-9]{6,}/[A-Za-z0-9]{6,}/\d+(?:\.[A-Za-z0-9]+)?/?, path) and any(character.isdigit() for part in path.strip(/).split(/)[:2] for character in part)"
5503b4d006602975e152,beIN Sports 3,Bein Sports 3,http://goldenplayerz.xyz/[access-controlled],https://raw.githubusercontent.com/siksa40/xPola-Player/HEAD/novaler-bein.m3u,SKIPPED_ACCESS,ACCOUNT_PATH,UNKNOWN,,,{},NOT_REQUESTED,Credential-shaped IPTV line,Find a credential-free distribution or obtain provider documentation. No HTTP request made with copied account/access parameters; subscription/geo status unconfirmed.,[],"re.search(/(?:live|iptv)/[^/]+/[^/]+/\d+(?:[./]|$), path) or re.fullmatch(/[A-Za-z0-9]{6,}/[A-Za-z0-9]{6,}/\d+(?:\.[A-Za-z0-9]+)?/?, path) and any(character.isdigit() for part in path.strip(/).split(/)[:2] for character in part)"
becb9a2ebc5cfbc126f8,beIN Sports 3,BEIN SPORTS 3HD,http://iptv.nonland.net:8080/KING_IPTV_xui/QtChUjfXPF/1000,https://raw.githubusercontent.com/yoyo82520/huaiptv/HEAD/MiTV.m3u,GEO_BLOCKED_OR_FORBIDDEN,,AUTH_REQUIRED,401,http://iptv.nonland.net:8080/KING_IPTV_xui/QtChUjfXPF/1000,"{""access-control-allow-origin"": ""*"", ""connection"": ""close"", ""content-type"": ""text/html; charset=UTF-8"", ""date"": ""Sat, 10 Oct 2026 16:29:48 GMT"", ""server"": ""envoy"", ""transfer-encoding"": ""chunked"", ""x-envoy-upstream-service-time"": ""368""}",text/html; charset=UTF-8,Stream returned HTTP 401,,[],
55e6d1b1011b8127a4f7,beIN Sports 3,BEIN SPORTS 3 (Live),http://iptv.nonland.net:8080/KING_IPTV_xui/QtChUjfXPF/10644,https://raw.githubusercontent.com/yoyo82520/huaiptv/HEAD/MiTV.m3u,GEO_BLOCKED_OR_FORBIDDEN,,AUTH_REQUIRED,401,http://iptv.nonland.net:8080/KING_IPTV_xui/QtChUjfXPF/10644,"{""access-control-allow-origin"": ""*"", ""connection"": ""close"", ""content-type"": ""text/html; charset=UTF-8"", ""date"": ""Sat, 10 Oct 2026 16:29:48 GMT"", ""server"": ""envoy"", ""transfer-encoding"": ""chunked"", ""x-envoy-upstream-service-time"": ""498""}",text/html; charset=UTF-8,Stream returned HTTP 401,,[],
aa2538e489e0bdf8aff2,beIN Sports 3,BEIN SPORT 3,http://iptv.nonland.net:8080/KING_IPTV_xui/QtChUjfXPF/1315,https://raw.githubusercontent.com/yoyo82520/huaiptv/HEAD/MiTV.m3u,GEO_BLOCKED_OR_FORBIDDEN,,AUTH_REQUIRED,401,http://iptv.nonland.net:8080/KING_IPTV_xui/QtChUjfXPF/1315,"{""access-control-allow-origin"": ""*"", ""connection"": ""close"", ""content-type"": ""text/html; charset=UTF-8"", ""date"": ""Sat, 10 Oct 2026 16:29:48 GMT"", ""server"": ""envoy"", ""transfer-encoding"": ""chunked"", ""x-envoy-upstream-service-time"": ""506""}",text/html; charset=UTF-8,Stream returned HTTP 401,,[],
5ef9a087f376a402fcf1,beIN Sports 3,BEIN Sport 3ᴴᴰ,http://iptv.nonland.net:8080/KING_IPTV_xui/QtChUjfXPF/20068,https://raw.githubusercontent.com/yoyo82520/huaiptv/HEAD/MiTV.m3u,GEO_BLOCKED_OR_FORBIDDEN,,AUTH_REQUIRED,401,http://iptv.nonland.net:8080/KING_IPTV_xui/QtChUjfXPF/20068,"{""access-control-allow-origin"": ""*"", ""connection"": ""close"", ""content-type"": ""text/html; charset=UTF-8"", ""date"": ""Sat, 10 Oct 2026 16:29:47 GMT"", ""server"": ""envoy"", ""transfer-encoding"": ""chunked"", ""x-envoy-upstream-service-time"": ""279""}",text/html; charset=UTF-8,Stream returned HTTP 401,,[],
db29fa40a2749c7b2d4e,beIN Sports 3,BEIN SPORTS 3 | HD,http://iptv.nonland.net:8080/KING_IPTV_xui/QtChUjfXPF/46934,https://raw.githubusercontent.com/yoyo82520/huaiptv/HEAD/MiTV.m3u,GEO_BLOCKED_OR_FORBIDDEN,,AUTH_REQUIRED,503,http://iptv.nonland.net:8080/KING_IPTV_xui/QtChUjfXPF/46934,"{""connection"": ""close"", ""content-length"": ""190"", ""content-type"": ""text/html"", ""date"": ""Sat, 10 Oct 2026 16:29:48 GMT"", ""server"": ""envoy"", ""x-envoy-upstream-service-time"": ""249""}",text/html,Stream returned HTTP 401,,[],
452c31e9823d68061883,beIN Sports 3,BEIN Sports 3,http://iptv.nonland.net:8080/KING_IPTV_xui/QtChUjfXPF/47507,https://raw.githubusercontent.com/yoyo82520/huaiptv/HEAD/MiTV.m3u,GEO_BLOCKED_OR_FORBIDDEN,,AUTH_REQUIRED,401,http://iptv.nonland.net:8080/KING_IPTV_xui/QtChUjfXPF/47507,"{""access-control-allow-origin"": ""*"", ""connection"": ""close"", ""content-type"": ""text/html; charset=UTF-8"", ""date"": ""Sat, 10 Oct 2026 16:29:49 GMT"", ""server"": ""envoy"", ""transfer-encoding"": ""chunked"", ""x-envoy-upstream-service-time"": ""472""}",text/html; charset=UTF-8,Stream returned HTTP 401,,[],
0ee3c65b9cc6e9052b16,beIN Sports 3,BEIN SPORTS 3,http://iptv.nonland.net:8080/KING_IPTV_xui/QtChUjfXPF/7342,https://raw.githubusercontent.com/yoyo82520/huaiptv/HEAD/MiTV.m3u,GEO_BLOCKED_OR_FORBIDDEN,,AUTH_REQUIRED,401,http://iptv.nonland.net:8080/KING_IPTV_xui/QtChUjfXPF/7342,"{""access-control-allow-origin"": ""*"", ""connection"": ""close"", ""content-type"": ""text/html; charset=UTF-8"", ""date"": ""Sat, 10 Oct 2026 16:29:50 GMT"", ""server"": ""envoy"", ""transfer-encoding"": ""chunked"", ""x-envoy-upstream-service-time"": ""651""}",text/html; charset=UTF-8,Stream returned HTTP 401,,[],
e7a9039c584b016baab0,beIN Sports 3,beIN SPORTS 3 4K,http://ktv.im/[access-controlled],https://raw.githubusercontent.com/thermaxy/t/HEAD/e.m3u,SKIPPED_ACCESS,ACCOUNT_PATH,UNKNOWN,,,{},NOT_REQUESTED,Credential-shaped IPTV line,Find a credential-free distribution or obtain provider documentation. No HTTP request made with copied account/access parameters; subscription/geo status unconfirmed.,[],"re.search(/(?:live|iptv)/[^/]+/[^/]+/\d+(?:[./]|$), path) or re.fullmatch(/[A-Za-z0-9]{6,}/[A-Za-z0-9]{6,}/\d+(?:\.[A-Za-z0-9]+)?/?, path) and any(character.isdigit() for part in path.strip(/).split(/)[:2] for character in part)"
9768eb7bc09eee343a28,beIN Sports 3,BEIN SPORTS 3,http://laurakaren.serv00.net/TRGoals.php?ID=yayinb3&e=.m3u8,https://raw.githubusercontent.com/proefem/titel1/HEAD/TRFTR,GEO_BLOCKED_OR_FORBIDDEN,,UNKNOWN,403,http://laurakaren.serv00.net/TRGoals.php?ID=yayinb3&e=.m3u8,"{""connection"": ""close"", ""content-length"": ""2625"", ""content-type"": ""text/html"", ""date"": ""Sat, 10 Oct 2026 16:24:22 GMT"", ""etag"": ""\""6695c3fb-a41\"""", ""server"": ""envoy"", ""x-envoy-upstream-service-time"": ""341""}",text/html,Stream returned HTTP 403,,"['ID', 'e']",
9768eb7bc09eee343a28,beIN Sports 3,BEIN SPORTS 3,http://laurakaren.serv00.net/TRGoals.php?ID=yayinb3&e=.m3u8,https://raw.githubusercontent.com/proefem/titel1/HEAD/TRFTR,GEO_BLOCKED_OR_FORBIDDEN,,UNKNOWN,403,http://laurakaren.serv00.net/TRGoals.php?ID=yayinb3&e=.m3u8,"{""connection"": ""close"", ""content-length"": ""2625"", ""content-type"": ""text/html"", ""date"": ""Sat, 10 Oct 2026 16:24:22 GMT"", ""etag"": ""\""6695c3fb-a41\"""", ""server"": ""envoy"", ""x-envoy-upstream-service-time"": ""150""}",text/html,Stream returned HTTP 403,,"['ID', 'e']",
882f0aca9b852df3f300,beIN Sports 3,┃AR┃ BEIN SPORTS 3,http://line.goattv-ott.xyz/[access-controlled],https://gist.githubusercontent.com/Xo-Richie-Baldeo-oX/ac1a002b5c442908f134dd4958579ec2/raw,SKIPPED_ACCESS,ACCESS_QUERY_KEYS,UNKNOWN,,,{},NOT_REQUESTED,Credential/token/session-specific published URL; not reusable without access tokens,Find a credential-free distribution or obtain provider documentation. No HTTP request made with copied account/access parameters; subscription/geo status unconfirmed.,"['extension', 'mac', 'play_token', 'stream']","query keys intersect {token,ticket,password,username,mac,play_token,wmsauthsign,hdnts,hdnea,auth}"
3354d2fe80097e197ad8,beIN Sports 3,┃AR┃ BEIN SPORTS 3 UHD,http://line.goattv-ott.xyz/[access-controlled],https://gist.githubusercontent.com/Xo-Richie-Baldeo-oX/ac1a002b5c442908f134dd4958579ec2/raw,SKIPPED_ACCESS,ACCESS_QUERY_KEYS,UNKNOWN,,,{},NOT_REQUESTED,Credential/token/session-specific published URL; not reusable without access tokens,Find a credential-free distribution or obtain provider documentation. No HTTP request made with copied account/access parameters; subscription/geo status unconfirmed.,"['extension', 'mac', 'play_token', 'stream']","query keys intersect {token,ticket,password,username,mac,play_token,wmsauthsign,hdnts,hdnea,auth}"
3f589ad27686d2c8140e,beIN Sports 3,bein Sport 3 SD,http://line.sweet-4k.cc/[access-controlled],https://raw.githubusercontent.com/proefem/titel1/HEAD/TRFTR,SKIPPED_ACCESS,ACCOUNT_PATH,UNKNOWN,,,{},NOT_REQUESTED,Credential-shaped IPTV line,Find a credential-free distribution or obtain provider documentation. No HTTP request made with copied account/access parameters; subscription/geo status unconfirmed.,[],"re.search(/(?:live|iptv)/[^/]+/[^/]+/\d+(?:[./]|$), path) or re.fullmatch(/[A-Za-z0-9]{6,}/[A-Za-z0-9]{6,}/\d+(?:\.[A-Za-z0-9]+)?/?, path) and any(character.isdigit() for part in path.strip(/).split(/)[:2] for character in part)"
d6bc8ff3718a86aa395d,beIN Sports 3,bein Sport 3 HD,http://line.sweet-4k.cc/[access-controlled],https://raw.githubusercontent.com/proefem/titel1/HEAD/TRFTR,SKIPPED_ACCESS,ACCOUNT_PATH,UNKNOWN,,,{},NOT_REQUESTED,Credential-shaped IPTV line,Find a credential-free distribution or obtain provider documentation. No HTTP request made with copied account/access parameters; subscription/geo status unconfirmed.,[],"re.search(/(?:live|iptv)/[^/]+/[^/]+/\d+(?:[./]|$), path) or re.fullmatch(/[A-Za-z0-9]{6,}/[A-Za-z0-9]{6,}/\d+(?:\.[A-Za-z0-9]+)?/?, path) and any(character.isdigit() for part in path.strip(/).split(/)[:2] for character in part)"
c686837d49c47d7d7795,beIN Sports 3,bein Sport 3 FHD,http://line.sweet-4k.cc/[access-controlled],https://raw.githubusercontent.com/proefem/titel1/HEAD/TRFTR,SKIPPED_ACCESS,ACCOUNT_PATH,UNKNOWN,,,{},NOT_REQUESTED,Credential-shaped IPTV line,Find a credential-free distribution or obtain provider documentation. No HTTP request made with copied account/access parameters; subscription/geo status unconfirmed.,[],"re.search(/(?:live|iptv)/[^/]+/[^/]+/\d+(?:[./]|$), path) or re.fullmatch(/[A-Za-z0-9]{6,}/[A-Za-z0-9]{6,}/\d+(?:\.[A-Za-z0-9]+)?/?, path) and any(character.isdigit() for part in path.strip(/).split(/)[:2] for character in part)"
e60022511fead56ba68e,beIN Sports 3,bein sports 3,http://listatv.cf/prem.php?id=beinsports3&tk=january&f=.m3u8,https://raw.githubusercontent.com/TVCABLEAR/VIP/HEAD/PAIS/USA/2018-USA.m3u,GEO_BLOCKED_OR_FORBIDDEN,,UNKNOWN,403,http://listatv.cf/prem.php?id=beinsports3&tk=january&f=.m3u8,"{""connection"": ""close"", ""content-length"": ""33"", ""content-type"": ""text/plain"", ""date"": ""Sat, 10 Oct 2026 16:30:07 GMT"", ""server"": ""envoy""}",text/plain,Stream returned HTTP 403,,"['f', 'id', 'tk']",
3756b28863a3eb7069ba,beIN Sports 3,Bein Sports 3,http://livetv.grabdeal.xyz/beinsport3,https://raw.githubusercontent.com/ajonx/Ambyar-TV/HEAD/Sports.m3u,BROKEN,,UNKNOWN,200,https://livetv.grabdeal.xyz/beinsport3,"{""alt-svc"": ""h3=\"":443\""; ma=86400"", ""cf-cache-status"": ""DYNAMIC"", ""cf-ray"": ""a486facde9e2da7a-ORD"", ""connection"": ""close"", ""content-type"": ""text/html; charset=UTF-8"", ""date"": ""Sat, 10 Oct 2026 16:25:12 GMT"", ""nel"": ""{\""report_to\"":\""cf-nel\"",\""success_fraction\"":0.0,\""max_age\"":604800}"", ""report-to"": ""{\""group\"":\""cf-nel\"",\""max_age\"":604800,\""endpoints\"":[{\""url\"":\""https://a.nel.cloudflare.com/report/v4?s=egRV69djQM9gY6%2FkPLcgxlxVPtUOn6nreN6jcMjXpzEybTR%2FOJBtJYOdKpkX6GAHjkI7TvDg%2BITl6L6yKY0913Wj%2FdiPejY2Gv8smMKHuq0wR8wtD4qslc4RBOgOZ2MV%2FQ29seny\""}]}"", ""server"": ""envoy"", ""transfer-encoding"": ""chunked"", ""vary"": ""accept-encoding"", ""x-envoy-upstream-service-time"": ""188"", ""x-powered-by"": ""Nginx""}",text/html; charset=UTF-8,Response was not a recognized playlist or media stream,,[],
9a7fa01a8f005abd7f86,beIN Sports 3,BEIN SPORTS 3 SD,http://m1.webvps.de/[access-controlled],https://raw.githubusercontent.com/mchoumi/mchoumi.github.io/HEAD/IPTVsports.m3u,SKIPPED_ACCESS,ACCOUNT_PATH,UNKNOWN,,,{},NOT_REQUESTED,Credential-shaped IPTV line,Find a credential-free distribution or obtain provider documentation. No HTTP request made with copied account/access parameters; subscription/geo status unconfirmed.,[],"re.search(/(?:live|iptv)/[^/]+/[^/]+/\d+(?:[./]|$), path) or re.fullmatch(/[A-Za-z0-9]{6,}/[A-Za-z0-9]{6,}/\d+(?:\.[A-Za-z0-9]+)?/?, path) and any(character.isdigit() for part in path.strip(/).split(/)[:2] for character in part)"
add6a6255a7fd32779ea,beIN Sports 3,BEIN SPORTS 3 HD,http://m1.webvps.de/[access-controlled],https://raw.githubusercontent.com/mchoumi/mchoumi.github.io/HEAD/IPTVsports.m3u,SKIPPED_ACCESS,ACCOUNT_PATH,UNKNOWN,,,{},NOT_REQUESTED,Credential-shaped IPTV line,Find a credential-free distribution or obtain provider documentation. No HTTP request made with copied account/access parameters; subscription/geo status unconfirmed.,[],"re.search(/(?:live|iptv)/[^/]+/[^/]+/\d+(?:[./]|$), path) or re.fullmatch(/[A-Za-z0-9]{6,}/[A-Za-z0-9]{6,}/\d+(?:\.[A-Za-z0-9]+)?/?, path) and any(character.isdigit() for part in path.strip(/).split(/)[:2] for character in part)"
7f856a0888f8058d261b,beIN Sports 3,BEIN SPORTS 3 FHD,http://m1.webvps.de/[access-controlled],https://raw.githubusercontent.com/mchoumi/mchoumi.github.io/HEAD/IPTVsports.m3u,SKIPPED_ACCESS,ACCOUNT_PATH,UNKNOWN,,,{},NOT_REQUESTED,Credential-shaped IPTV line,Find a credential-free distribution or obtain provider documentation. No HTTP request made with copied account/access parameters; subscription/geo status unconfirmed.,[],"re.search(/(?:live|iptv)/[^/]+/[^/]+/\d+(?:[./]|$), path) or re.fullmatch(/[A-Za-z0-9]{6,}/[A-Za-z0-9]{6,}/\d+(?:\.[A-Za-z0-9]+)?/?, path) and any(character.isdigit() for part in path.strip(/).split(/)[:2] for character in part)"
042681374ef28d438f21,beIN Sports 3,BEIN SPORTS 3 FHD 4K,http://m1.webvps.de/[access-controlled],https://raw.githubusercontent.com/mchoumi/mchoumi.github.io/HEAD/IPTVsports.m3u,SKIPPED_ACCESS,ACCOUNT_PATH,UNKNOWN,,,{},NOT_REQUESTED,Credential-shaped IPTV line,Find a credential-free distribution or obtain provider documentation. No HTTP request made with copied account/access parameters; subscription/geo status unconfirmed.,[],"re.search(/(?:live|iptv)/[^/]+/[^/]+/\d+(?:[./]|$), path) or re.fullmatch(/[A-Za-z0-9]{6,}/[A-Za-z0-9]{6,}/\d+(?:\.[A-Za-z0-9]+)?/?, path) and any(character.isdigit() for part in path.strip(/).split(/)[:2] for character in part)"
55b0ff632e14598f45d2,beIN Sports 3,[FR] beinsports3,http://master2.ipfox.online/[access-controlled],https://raw.githubusercontent.com/jifat1980/Channels-List/HEAD/Sport/kili-beINSPORTS-Fr.m3u,SKIPPED_ACCESS,ACCOUNT_PATH,UNKNOWN,,,{},NOT_REQUESTED,Credential-shaped IPTV line,Find a credential-free distribution or obtain provider documentation. No HTTP request made with copied account/access parameters; subscription/geo status unconfirmed.,[],"re.search(/(?:live|iptv)/[^/]+/[^/]+/\d+(?:[./]|$), path) or re.fullmatch(/[A-Za-z0-9]{6,}/[A-Za-z0-9]{6,}/\d+(?:\.[A-Za-z0-9]+)?/?, path) and any(character.isdigit() for part in path.strip(/).split(/)[:2] for character in part)"
3735708a586386414915,beIN Sports 3,BeIn Sports 3 FHD,http://mol-2.com/[access-controlled],https://raw.githubusercontent.com/damadouiawara/M3uSportsFrance/HEAD/M3uSportsFrance.m3u,SKIPPED_ACCESS,ACCESS_QUERY_KEYS,UNKNOWN,,,{},NOT_REQUESTED,Credential/token/session-specific published URL; not reusable without access tokens,Find a credential-free distribution or obtain provider documentation. No HTTP request made with copied account/access parameters; subscription/geo status unconfirmed.,"['extension', 'mac', 'play_token', 'stream']","query keys intersect {token,ticket,password,username,mac,play_token,wmsauthsign,hdnts,hdnea,auth}"
360ce7a343e0aa9ba5c1,beIN Sports 3,beIN Sports 3,http://php.jdshipin.com:8880/xsj.php?id=beinsports3,https://raw.githubusercontent.com/jk2024988/TV2024/HEAD/tw2.m3u,UNKNOWN,,UNKNOWN,,,{},unknown,Mixed or insufficient failure evidence: Stream connection error: Tunnel connection failed: 403 Forbidden; Stream connection error: Tunnel connection failed: 403 Forbidden,,['id'],
c00f46db623ceb41e302,beIN Sports 3,Bein Sports - 3 HD,http://platin4k.eu:80/eagleiptv/SsFAljPDDi/1803,https://raw.githubusercontent.com/BahyOsama/dinurunn/HEAD/oo.m3u,TIMEOUT,,TEMPORARY_FAILURE,,,{},unknown,Stream timeout: timed out,,[],
9236ba2831d3797e8a03,beIN Sports 3,beIN Sports 3HD,http://s.showplustv.pro/[access-controlled],https://raw.githubusercontent.com/ktkooot1/Ustream/HEAD/Showplus%20Sport.m3u,SKIPPED_ACCESS,ACCOUNT_PATH,UNKNOWN,,,{},NOT_REQUESTED,Credential-shaped IPTV line,Find a credential-free distribution or obtain provider documentation. No HTTP request made with copied account/access parameters; subscription/geo status unconfirmed.,[],"re.search(/(?:live|iptv)/[^/]+/[^/]+/\d+(?:[./]|$), path) or re.fullmatch(/[A-Za-z0-9]{6,}/[A-Za-z0-9]{6,}/\d+(?:\.[A-Za-z0-9]+)?/?, path) and any(character.isdigit() for part in path.strip(/).split(/)[:2] for character in part)"
a1f244e0e425aafea048,beIN Sports 3,Bein Sports HD3 (H.265),http://s.showplustv.pro/[access-controlled],https://raw.githubusercontent.com/ktkooot1/Ustream/HEAD/Showplus%20Sport.m3u,SKIPPED_ACCESS,ACCOUNT_PATH,UNKNOWN,,,{},NOT_REQUESTED,Credential-shaped IPTV line,Find a credential-free distribution or obtain provider documentation. No HTTP request made with copied account/access parameters; subscription/geo status unconfirmed.,[],"re.search(/(?:live|iptv)/[^/]+/[^/]+/\d+(?:[./]|$), path) or re.fullmatch(/[A-Za-z0-9]{6,}/[A-Za-z0-9]{6,}/\d+(?:\.[A-Za-z0-9]+)?/?, path) and any(character.isdigit() for part in path.strip(/).split(/)[:2] for character in part)"
68f9e5de3b1687f60b93,beIN Sports 3,beIN Sports 3 4K (H265),http://s.showplustv.pro/[access-controlled],https://raw.githubusercontent.com/ktkooot1/Ustream/HEAD/Showplus%20Sport.m3u,SKIPPED_ACCESS,ACCOUNT_PATH,UNKNOWN,,,{},NOT_REQUESTED,Credential-shaped IPTV line,Find a credential-free distribution or obtain provider documentation. No HTTP request made with copied account/access parameters; subscription/geo status unconfirmed.,[],"re.search(/(?:live|iptv)/[^/]+/[^/]+/\d+(?:[./]|$), path) or re.fullmatch(/[A-Za-z0-9]{6,}/[A-Za-z0-9]{6,}/\d+(?:\.[A-Za-z0-9]+)?/?, path) and any(character.isdigit() for part in path.strip(/).split(/)[:2] for character in part)"
66538bba644ba036c77f,beIN Sports 3,beIN SPORTS 3 4K,http://sansatplus.net/[access-controlled],https://raw.githubusercontent.com/raid35/channel-links/HEAD/arab.m3u,SKIPPED_ACCESS,ACCOUNT_PATH,UNKNOWN,,,{},NOT_REQUESTED,Credential-shaped IPTV line,Find a credential-free distribution or obtain provider documentation. No HTTP request made with copied account/access parameters; subscription/geo status unconfirmed.,[],"re.search(/(?:live|iptv)/[^/]+/[^/]+/\d+(?:[./]|$), path) or re.fullmatch(/[A-Za-z0-9]{6,}/[A-Za-z0-9]{6,}/\d+(?:\.[A-Za-z0-9]+)?/?, path) and any(character.isdigit() for part in path.strip(/).split(/)[:2] for character in part)"
8411f6f934e047c33743,beIN Sports 3,BeIn Sports 3 HD,http://satyrnsat.dyndns.org/[access-controlled],https://gist.githubusercontent.com/ItsRandall/3119615c8b4732d7b56e5217d66edbab/raw,SKIPPED_ACCESS,ACCOUNT_PATH,UNKNOWN,,,{},NOT_REQUESTED,Credential-shaped IPTV line,Find a credential-free distribution or obtain provider documentation. No HTTP request made with copied account/access parameters; subscription/geo status unconfirmed.,[],"re.search(/(?:live|iptv)/[^/]+/[^/]+/\d+(?:[./]|$), path) or re.fullmatch(/[A-Za-z0-9]{6,}/[A-Za-z0-9]{6,}/\d+(?:\.[A-Za-z0-9]+)?/?, path) and any(character.isdigit() for part in path.strip(/).split(/)[:2] for character in part)"
836ecf53d197dd1002c4,beIN Sports 3,BEIN SPORTS 3 4K,http://sky-tv.org/[access-controlled],https://raw.githubusercontent.com/mchoumi/mchoumi.github.io/HEAD/IPTVara.m3u,SKIPPED_ACCESS,ACCOUNT_PATH,UNKNOWN,,,{},NOT_REQUESTED,Credential-shaped IPTV line,Find a credential-free distribution or obtain provider documentation. No HTTP request made with copied account/access parameters; subscription/geo status unconfirmed.,[],"re.search(/(?:live|iptv)/[^/]+/[^/]+/\d+(?:[./]|$), path) or re.fullmatch(/[A-Za-z0-9]{6,}/[A-Za-z0-9]{6,}/\d+(?:\.[A-Za-z0-9]+)?/?, path) and any(character.isdigit() for part in path.strip(/).split(/)[:2] for character in part)"
8c02166f93e218ff88f8,beIN Sports 3,BeIN Sports 3,http://starshare.net/[access-controlled],https://raw.githubusercontent.com/konanda-sg/Mrgify-Tv/HEAD/playlist.m3u,SKIPPED_ACCESS,URL_USERINFO,UNKNOWN,,,{},NOT_REQUESTED,Embedded credentials,Find a credential-free distribution or obtain provider documentation. No HTTP request made with copied account/access parameters; subscription/geo status unconfirmed.,[],parsed.username or parsed.password
c9f1e047dd9020829ced,beIN Sports 3,1080-Bein Sports 3,http://stream.mytvplus.net:7004/sport/ch3/ch3_1080.m3u8,https://gist.githubusercontent.com/mohannad-art/1f08bae8819eb6ced114bc5fd9920dac/raw,GEO_BLOCKED_OR_FORBIDDEN,,UNKNOWN,403,http://stream.mytvplus.net:7004/sport/ch3/ch3_1080.m3u8,"{""connection"": ""close"", ""content-length"": ""33"", ""content-type"": ""text/plain"", ""date"": ""Sat, 10 Oct 2026 16:24:01 GMT"", ""server"": ""envoy""}",text/plain,Stream returned HTTP 403,,[],
e256344210577413eb61,beIN Sports 3,720-Bein Sports 3,http://stream.mytvplus.net:7004/sport/ch3/ch3_720.m3u8,https://gist.githubusercontent.com/mohannad-art/1f08bae8819eb6ced114bc5fd9920dac/raw,GEO_BLOCKED_OR_FORBIDDEN,,UNKNOWN,403,http://stream.mytvplus.net:7004/sport/ch3/ch3_720.m3u8,"{""connection"": ""close"", ""content-length"": ""33"", ""content-type"": ""text/plain"", ""date"": ""Sat, 10 Oct 2026 16:24:01 GMT"", ""server"": ""envoy""}",text/plain,Stream returned HTTP 403,,[],
ccad276a7a366993e5b1,beIN Sports 3,Bein Sports 3,http://streamindo.ddns.net/jhos/beib3_5/streamindo/playlist.m3u8,https://raw.githubusercontent.com/chwlibre/iptv/HEAD/abandonadas/list3.m3u,GEO_BLOCKED_OR_FORBIDDEN,,UNKNOWN,403,http://streamindo.ddns.net/jhos/beib3_5/streamindo/playlist.m3u8,"{""connection"": ""close"", ""content-length"": ""33"", ""content-type"": ""text/plain"", ""date"": ""Sat, 10 Oct 2026 16:25:00 GMT"", ""server"": ""envoy""}",text/plain,Stream returned HTTP 403,,[],
9da78f874c64f556fcd2,beIN Sports 3,beIN SPORTS 3 HD,http://tv.startseven.tn/[access-controlled],https://raw.githubusercontent.com/raid35/channel-links/HEAD/ALWAN.m3u,SKIPPED_ACCESS,ACCOUNT_PATH,UNKNOWN,,,{},NOT_REQUESTED,Credential-shaped IPTV line,Find a credential-free distribution or obtain provider documentation. No HTTP request made with copied account/access parameters; subscription/geo status unconfirmed.,[],"re.search(/(?:live|iptv)/[^/]+/[^/]+/\d+(?:[./]|$), path) or re.fullmatch(/[A-Za-z0-9]{6,}/[A-Za-z0-9]{6,}/\d+(?:\.[A-Za-z0-9]+)?/?, path) and any(character.isdigit() for part in path.strip(/).split(/)[:2] for character in part)"
774740c11987b1ea84dd,beIN Sports 3,beIN SPORTS 3 HD,http://u.goldeniptv.com/[access-controlled],https://raw.githubusercontent.com/raid35/channel-links/HEAD/arab.m3u,SKIPPED_ACCESS,ACCOUNT_PATH,UNKNOWN,,,{},NOT_REQUESTED,Credential-shaped IPTV line,Find a credential-free distribution or obtain provider documentation. No HTTP request made with copied account/access parameters; subscription/geo status unconfirmed.,[],"re.search(/(?:live|iptv)/[^/]+/[^/]+/\d+(?:[./]|$), path) or re.fullmatch(/[A-Za-z0-9]{6,}/[A-Za-z0-9]{6,}/\d+(?:\.[A-Za-z0-9]+)?/?, path) and any(character.isdigit() for part in path.strip(/).split(/)[:2] for character in part)"
3e401beaf48744b96513,beIN Sports 3,BEIN SPORTS 3 SD,http://vpn.modetv.ink/[access-controlled],https://raw.githubusercontent.com/mchoumi/mchoumi.github.io/HEAD/IPTVara.m3u,SKIPPED_ACCESS,ACCESS_QUERY_KEYS,UNKNOWN,,,{},NOT_REQUESTED,Credential/token/session-specific published URL; not reusable without access tokens,Find a credential-free distribution or obtain provider documentation. No HTTP request made with copied account/access parameters; subscription/geo status unconfirmed.,"['extension', 'mac', 'play_token', 'stream']","query keys intersect {token,ticket,password,username,mac,play_token,wmsauthsign,hdnts,hdnea,auth}"
1b703adbac32b0ebc18b,beIN Sports 3, beIN Sports 3,http://vpro.viptvclub.com/[access-controlled],https://raw.githubusercontent.com/yoyo82520/huaiptv/HEAD/HuaTV.m3u,SKIPPED_ACCESS,ACCOUNT_PATH,UNKNOWN,,,{},NOT_REQUESTED,Credential-shaped IPTV line,Find a credential-free distribution or obtain provider documentation. No HTTP request made with copied account/access parameters; subscription/geo status unconfirmed.,[],"re.search(/(?:live|iptv)/[^/]+/[^/]+/\d+(?:[./]|$), path) or re.fullmatch(/[A-Za-z0-9]{6,}/[A-Za-z0-9]{6,}/\d+(?:\.[A-Za-z0-9]+)?/?, path) and any(character.isdigit() for part in path.strip(/).split(/)[:2] for character in part)"
408b92b74626abda1292,beIN Sports 3, beIN Sports 3 ᴴᴰ,http://vpro.viptvclub.com/[access-controlled],https://raw.githubusercontent.com/yoyo82520/huaiptv/HEAD/HuaTV.m3u,SKIPPED_ACCESS,ACCOUNT_PATH,UNKNOWN,,,{},NOT_REQUESTED,Credential-shaped IPTV line,Find a credential-free distribution or obtain provider documentation. No HTTP request made with copied account/access parameters; subscription/geo status unconfirmed.,[],"re.search(/(?:live|iptv)/[^/]+/[^/]+/\d+(?:[./]|$), path) or re.fullmatch(/[A-Za-z0-9]{6,}/[A-Za-z0-9]{6,}/\d+(?:\.[A-Za-z0-9]+)?/?, path) and any(character.isdigit() for part in path.strip(/).split(/)[:2] for character in part)"
c0a900918145618c791f,beIN Sports 3, beIN Sports 3 ᴴᴰ*,http://vpro.viptvclub.com/[access-controlled],https://raw.githubusercontent.com/yoyo82520/huaiptv/HEAD/HuaTV.m3u,SKIPPED_ACCESS,ACCOUNT_PATH,UNKNOWN,,,{},NOT_REQUESTED,Credential-shaped IPTV line,Find a credential-free distribution or obtain provider documentation. No HTTP request made with copied account/access parameters; subscription/geo status unconfirmed.,[],"re.search(/(?:live|iptv)/[^/]+/[^/]+/\d+(?:[./]|$), path) or re.fullmatch(/[A-Za-z0-9]{6,}/[A-Za-z0-9]{6,}/\d+(?:\.[A-Za-z0-9]+)?/?, path) and any(character.isdigit() for part in path.strip(/).split(/)[:2] for character in part)"
9a5a1914d050bd14f5dd,beIN Sports 3, beIN Sports 3¹⁰⁸⁰ᵖ 4K,http://vpro.viptvclub.com/[access-controlled],https://raw.githubusercontent.com/yoyo82520/huaiptv/HEAD/HuaTV.m3u,SKIPPED_ACCESS,ACCOUNT_PATH,UNKNOWN,,,{},NOT_REQUESTED,Credential-shaped IPTV line,Find a credential-free distribution or obtain provider documentation. No HTTP request made with copied account/access parameters; subscription/geo status unconfirmed.,[],"re.search(/(?:live|iptv)/[^/]+/[^/]+/\d+(?:[./]|$), path) or re.fullmatch(/[A-Za-z0-9]{6,}/[A-Za-z0-9]{6,}/\d+(?:\.[A-Za-z0-9]+)?/?, path) and any(character.isdigit() for part in path.strip(/).split(/)[:2] for character in part)"
41e5386341c7e8c18ab7,beIN Sports 3,BEIN SPORT 3,http://vpro.viptvclub.com/[access-controlled],https://raw.githubusercontent.com/yoyo82520/huaiptv/HEAD/HuaTV.m3u,SKIPPED_ACCESS,ACCOUNT_PATH,UNKNOWN,,,{},NOT_REQUESTED,Credential-shaped IPTV line,Find a credential-free distribution or obtain provider documentation. No HTTP request made with copied account/access parameters; subscription/geo status unconfirmed.,[],"re.search(/(?:live|iptv)/[^/]+/[^/]+/\d+(?:[./]|$), path) or re.fullmatch(/[A-Za-z0-9]{6,}/[A-Za-z0-9]{6,}/\d+(?:\.[A-Za-z0-9]+)?/?, path) and any(character.isdigit() for part in path.strip(/).split(/)[:2] for character in part)"
4dce721b52bf147e63ee,beIN Sports 3,BEIN SPORT 3,http://vpro.viptvclub.com/[access-controlled],https://raw.githubusercontent.com/yoyo82520/huaiptv/HEAD/HuaTV.m3u,SKIPPED_ACCESS,ACCOUNT_PATH,UNKNOWN,,,{},NOT_REQUESTED,Credential-shaped IPTV line,Find a credential-free distribution or obtain provider documentation. No HTTP request made with copied account/access parameters; subscription/geo status unconfirmed.,[],"re.search(/(?:live|iptv)/[^/]+/[^/]+/\d+(?:[./]|$), path) or re.fullmatch(/[A-Za-z0-9]{6,}/[A-Za-z0-9]{6,}/\d+(?:\.[A-Za-z0-9]+)?/?, path) and any(character.isdigit() for part in path.strip(/).split(/)[:2] for character in part)"
3fe0d27eb9f89d762097,beIN Sports 3, BEIN SPORT 3 ᴴᴰ,http://vpro.viptvclub.com/[access-controlled],https://raw.githubusercontent.com/yoyo82520/huaiptv/HEAD/HuaTV.m3u,SKIPPED_ACCESS,ACCOUNT_PATH,UNKNOWN,,,{},NOT_REQUESTED,Credential-shaped IPTV line,Find a credential-free distribution or obtain provider documentation. No HTTP request made with copied account/access parameters; subscription/geo status unconfirmed.,[],"re.search(/(?:live|iptv)/[^/]+/[^/]+/\d+(?:[./]|$), path) or re.fullmatch(/[A-Za-z0-9]{6,}/[A-Za-z0-9]{6,}/\d+(?:\.[A-Za-z0-9]+)?/?, path) and any(character.isdigit() for part in path.strip(/).split(/)[:2] for character in part)"
64f20effbc3cdcb2460c,beIN Sports 3,BEIN SPORT 3 ᴴᴰ*,http://vpro.viptvclub.com/[access-controlled],https://raw.githubusercontent.com/yoyo82520/huaiptv/HEAD/HuaTV.m3u,SKIPPED_ACCESS,ACCOUNT_PATH,UNKNOWN,,,{},NOT_REQUESTED,Credential-shaped IPTV line,Find a credential-free distribution or obtain provider documentation. No HTTP request made with copied account/access parameters; subscription/geo status unconfirmed.,[],"re.search(/(?:live|iptv)/[^/]+/[^/]+/\d+(?:[./]|$), path) or re.fullmatch(/[A-Za-z0-9]{6,}/[A-Za-z0-9]{6,}/\d+(?:\.[A-Za-z0-9]+)?/?, path) and any(character.isdigit() for part in path.strip(/).split(/)[:2] for character in part)"
553f137ba32e3d526a79,beIN Sports 3,BEIN SPORTS 3 [AR],http://xown.site/[access-controlled],https://raw.githubusercontent.com/bugsfreeweb/LiveTVCollector/HEAD/LiveTV/Bangladesh/LiveTV.m3u,SKIPPED_ACCESS,ACCESS_QUERY_KEYS,UNKNOWN,,,{},NOT_REQUESTED,Credential/token/session-specific published URL; not reusable without access tokens,Find a credential-free distribution or obtain provider documentation. No HTTP request made with copied account/access parameters; subscription/geo status unconfirmed.,"['id', 'token']","query keys intersect {token,ticket,password,username,mac,play_token,wmsauthsign,hdnts,hdnea,auth}"
2a4ed5ddd774d15c4715,beIN Sports 3,bein sport 3,http://xxx12.trainer.pw/mubasher3/trainer.m3u8,https://raw.githubusercontent.com/m3and88/iptv.m3u/HEAD/khalifa%20alshamsi.m3u,GEO_BLOCKED_OR_FORBIDDEN,,UNKNOWN,403,http://xxx12.trainer.pw/mubasher3/trainer.m3u8,"{""connection"": ""close"", ""content-length"": ""33"", ""content-type"": ""text/plain"", ""date"": ""Sat, 10 Oct 2026 16:25:17 GMT"", ""server"": ""envoy""}",text/plain,Stream returned HTTP 403,,[],
dd4083724c0d0e9c5cfb,beIN Sports 3,beIN 3 4K,http://ziyadiptv.net/[access-controlled],https://raw.githubusercontent.com/BahyOsama/dinurunn/HEAD/oo.m3u,SKIPPED_ACCESS,ACCOUNT_PATH,UNKNOWN,,,{},NOT_REQUESTED,Credential-shaped IPTV line,Find a credential-free distribution or obtain provider documentation. No HTTP request made with copied account/access parameters; subscription/geo status unconfirmed.,[],"re.search(/(?:live|iptv)/[^/]+/[^/]+/\d+(?:[./]|$), path) or re.fullmatch(/[A-Za-z0-9]{6,}/[A-Za-z0-9]{6,}/\d+(?:\.[A-Za-z0-9]+)?/?, path) and any(character.isdigit() for part in path.strip(/).split(/)[:2] for character in part)"
4b2732f966d9cd6b54e8,beIN Sports 3,beIN Sports 3 HD,https://012v4.goiptv.us.ci/stream/starhub/beinsports3hd/,https://raw.githubusercontent.com/judy-gotv/iptv/HEAD/StarHub.m3u,TIMEOUT,,TEMPORARY_FAILURE,,,{},unknown,Stream timeout: The read operation timed out,,[],
84d607470458e17bce94,beIN Sports 3,Bein Sports 3 HD,https://2ue.d72577a9dd0ec31.sbs/b3/mono.m3u8,https://raw.githubusercontent.com/kadirsener1/CanliTvListe/HEAD/1.m3u,UNKNOWN,,UNKNOWN,,,{},unknown,Mixed or insufficient failure evidence: Stream connection error: Tunnel connection failed: 403 Forbidden; Stream connection error: Tunnel connection failed: 403 Forbidden,,[],
49274bc7e6ecf8c6384c,beIN Sports 3,beIN Sports 3 (DRM Protected),https://49-231-37-235-rewriter.ais-vidnt.com/ais/play/origin/live/eds/S0003/HLS/S0003.m3u8,https://raw.githubusercontent.com/winnie3101/WinnieIPTV/HEAD/WinnieIPTV_AISPlay.m3u,UNKNOWN,,UNKNOWN,,,{},unknown,Mixed or insufficient failure evidence: Stream connection error: Tunnel connection failed: 403 Forbidden; Stream timeout: timed out,,[],
77983482ca39dfcb4740,beIN Sports 3,BEIN SPORTS 3,https://a83aivottlinear-a.akamaihd.net/OTTB/syd-nitro/live/clients/dash/enc/q4u5nwaogz/out/v1/18de6d3e65934f3a8de4358e69eab86c/cenc.mpd,https://gist.githubusercontent.com/sh400sp-ctrl/6bbd74b685e6bd0b79d329767e237949/raw,DRM_PROTECTED,,DRM_PROTECTED,200,https://a83aivottlinear-a.akamaihd.net/OTTB/syd-nitro/live/clients/dash/enc/q4u5nwaogz/out/v1/18de6d3e65934f3a8de4358e69eab86c/cenc.mpd,"{""access-control-allow-credentials"": ""false"", ""access-control-allow-headers"": ""origin,range,hdntl,hdnts,x-amz-url-set-id"", ""access-control-allow-methods"": ""GET"", ""access-control-allow-origin"": ""*"", ""access-control-expose-headers"": ""Server,range,hdntl,hdnts,Akamai-Mon-Iucid-Ing,Akamai-Mon-Iucid-Del,Content-Length,Content-Range,Date,x-amz-source,x-server-ip,x-pv-trace,Akamai-Request-BC"", ""access-control-max-age"": ""86400"", ""akamai-mon-iucid-del"": ""865169"", ""akamai-request-bc"": ""on"", ""akamai-request-grn"": ""81qRUQFdTaE82uSG+A8ebVVQKJ8/avJARW1AZE1jwy8="", ""cache-control"": ""max-age=0, no-cache, no-store"", ""channel"": ""q4u5nwaogz"", ""connection"": ""close"", ""content-type"": ""application/dash+xml"", ""date"": ""Sat, 10 Oct 2026 16:35:13 GMT"", ""expires"": ""Sat, 10 Oct 2026 16:35:13 GMT"", ""pragma"": ""no-cache"", ""server"": ""envoy"", ""transfer-encoding"": ""chunked"", ""vary"": ""Accept-Encoding"", ""x-akamai-cache"": ""Miss"", ""x-amz-mid-tier"": ""Akamai-Manifests"", ""x-amz-source"": ""LivePlaybackOrigin"", ""x-amzn-requestid"": ""6c9e82f9-015b-4a6c-9d53-51de39b4d6b0"", ""x-envoy-upstream-service-time"": ""504"", ""x-mediapackage-manifest-last-sequence"": ""18887110"", ""x-mediapackage-manifest-last-updated"": ""1791650110453"", ""x-mediapackage-request-id"": ""Root=1-6aca6941-57f2a84d4b6499bd45194059"", ""x-midtier-location"": ""US-NJ-50070"", ""x-midtier-request-id"": ""0.99b52e17.1791650113.5b29fa72""}",dash,Manifest declares protected media; no license or decryption keys were used,,[],
e6d7f3c9243bc786a268,beIN Sports 3,BeinSport3,https://airmax.boats:443/airmaxtvMAX/airmaxtvXAM/308.ts,https://raw.githubusercontent.com/yousseffaouzi/playbein/HEAD/plbein.m3u,UNKNOWN,,UNKNOWN,,,{},unknown,Mixed or insufficient failure evidence: Stream connection error: Tunnel connection failed: 403 Forbidden; Stream connection error: Tunnel connection failed: 403 Forbidden,,[],
bdf1ab7f6bca3a600d32,beIN Sports 3,beIN SPORTS 3,https://alpha.cf-worker-c4d6a2ea181de1b9.workers.dev/live/bein-sports-3/playlist.m3u8,https://raw.githubusercontent.com/Lunedor/iptvTR/HEAD/iptv_tum_kanallar.m3u,UNKNOWN,,TEMPORARY_FAILURE,530,https://alpha.cf-worker-c4d6a2ea181de1b9.workers.dev/live/bein-sports-3/playlist.m3u8,"{""access-control-allow-origin"": ""*"", ""alt-svc"": ""h3=\"":443\""; ma=86400"", ""cache-control"": ""private, max-age=0, no-store, no-cache, must-revalidate, post-check=0, pre-check=0"", ""cf-ray"": ""a486f965f90298d8-ORD"", ""connection"": ""close"", ""content-type"": ""text/html; charset=UTF-8"", ""date"": ""Sat, 10 Oct 2026 16:24:15 GMT"", ""expires"": ""Thu, 01 Jan 1970 00:00:01 GMT"", ""nel"": ""{\""report_to\"":\""cf-nel\"",\""success_fraction\"":0.0,\""max_age\"":604800}"", ""referrer-policy"": ""same-origin"", ""report-to"": ""{\""group\"":\""cf-nel\"",\""max_age\"":604800,\""endpoints\"":[{\""url\"":\""https://a.nel.cloudflare.com/report/v4?s=bRPVMAU9RkaltX3Zsn2dYPsKnZ2vZSgoQAi6CclUipBlIc7D6gEE2uE6wZIYlfYh39%2FX6yT%2FVv4iFtMdi%2FvjY7toV2XbD6rsPKuggT5dMsyRVncoTwg3u4MfXpcJClq0b8gqqhxkwBTZITJKVwRxb0soXptekTbxq1Mxl0qkxg%3D%3D\""}]}"", ""server"": ""envoy"", ""transfer-encoding"": ""chunked"", ""vary"": ""Accept-Encoding"", ""x-envoy-upstream-service-time"": ""364"", ""x-frame-options"": ""SAMEORIGIN"", ""x-sr-a"": ""a5b4b1b50e70ec"", ""x-sr-s"": ""one""}",text/html; charset=UTF-8,Mixed or insufficient failure evidence: Stream returned HTTP 530; Stream returned HTTP 530,,[],
f79de9184bc00a9fae8a,beIN Sports 3,beIN SPORTS 3,https://ancient-shape-c20a.yedekbirkankam.workers.dev/https://nove.7fb7a3c9b851c072.click/p/mackeyfi3286.sbs/603/a.cf-worker-82ce8898971031cf.workers.dev/chunklist_hd.m3u8,https://raw.githubusercontent.com/Lunedor/iptvTR/HEAD/iptv_tum_kanallar.m3u,UNKNOWN,,TEMPORARY_FAILURE,530,https://ancient-shape-c20a.yedekbirkankam.workers.dev/https://nove.7fb7a3c9b851c072.click/p/mackeyfi3286.sbs/603/a.cf-worker-82ce8898971031cf.workers.dev/chunklist_hd.m3u8,"{""access-control-allow-origin"": ""*"", ""alt-svc"": ""h3=\"":443\""; ma=86400"", ""cache-control"": ""public, max-age=1"", ""cf-ray"": ""a486f9660b62eb05-ORD"", ""connection"": ""close"", ""content-type"": ""text/html; charset=UTF-8"", ""date"": ""Sat, 10 Oct 2026 16:24:15 GMT"", ""nel"": ""{\""report_to\"":\""cf-nel\"",\""success_fraction\"":0.0,\""max_age\"":604800}"", ""report-to"": ""{\""group\"":\""cf-nel\"",\""max_age\"":604800,\""endpoints\"":[{\""url\"":\""https://a.nel.cloudflare.com/report/v4?s=p%2BnRHX%2BXhsZ6FdLbd%2BZedv5D1A34VqGkmxT3WEopkQmoIRvyV4d%2FDODZVp%2BT0V38DhtRrY%2F5hgc7Vbnh6tDC73HG6olSrfEYEsylV3BIxO%2BceIX0SuIX445%2F1VOzJfzQjjp4%2FyOq3BeoifgSLx%2B0dn%2Bl9aWbzkqEM%2F7U7rPjFaY%3D\""}]}"", ""server"": ""envoy"", ""transfer-encoding"": ""chunked"", ""x-envoy-upstream-service-time"": ""115""}",text/html; charset=UTF-8,Mixed or insufficient failure evidence: Stream returned HTTP 530; Stream returned HTTP 530,,[],
91f542f1a089823b4ad6,beIN Sports 3,Bein Sports 3,https://andro.226503.xyz/checklist/androstreamlivebs3.m3u8,https://gist.githubusercontent.com/bdrajgaming654-byte/11d59f64cea2abb66c2b547dd6b9c208/raw,UNKNOWN,,UNKNOWN,,,{},unknown,Mixed or insufficient failure evidence: Stream connection error: Tunnel connection failed: 403 Forbidden; Stream connection error: Tunnel connection failed: 403 Forbidden,,[],
a7c7ec4e6112d4e81ae0,beIN Sports 3,BeIN Sports 3,https://andro.evrenesoglu121.click/checklist/androstreamlivebs3.m3u8,https://raw.githubusercontent.com/falsisdev/anthology/HEAD/providers/M3U/Liste/canli.m3u,GEO_BLOCKED_OR_FORBIDDEN,,UNKNOWN,403,https://andro.evrenesoglu121.click/checklist/androstreamlivebs3.m3u8,"{""cache-control"": ""private, max-age=0, no-store, no-cache, must-revalidate, post-check=0, pre-check=0"", ""cf-ray"": ""a48701928cb3f7d2-ORD"", ""connection"": ""close"", ""content-type"": ""text/html"", ""date"": ""Sat, 10 Oct 2026 16:29:49 GMT"", ""expires"": ""Thu, 01 Jan 1970 00:00:01 GMT"", ""nel"": ""{\""report_to\"":\""cf-nel\"",\""success_fraction\"":0.0,\""max_age\"":604800}"", ""referrer-policy"": ""same-origin"", ""report-to"": ""{\""group\"":\""cf-nel\"",\""max_age\"":604800,\""endpoints\"":[{\""url\"":\""https://a.nel.cloudflare.com/report/v4?s=qwIGOuaWeqHIkHGralH3XWXE%2FenQCyt0Qr1zW3qFue0UPv39IQcEJr1RQpIoEFL4jHUgDRZ1lGyL3h2thpqLazY9YYSE6972sgbihUpL9fsp7rac66od5yhiHdb%2FapLBCESYdioDHO69EqVmng%3D%3D\""}]}"", ""server"": ""envoy"", ""transfer-encoding"": ""chunked"", ""x-envoy-upstream-service-time"": ""38"", ""x-frame-options"": ""SAMEORIGIN""}",text/html,Stream returned HTTP 403,,[],
5ac37db515c39df548ac,beIN Sports 3,beIN Sports 3 (France),https://api-proxad.dc2.oqee.net/[access-controlled],https://raw.githubusercontent.com/sni2007/WC2026/HEAD/2026,SKIPPED_ACCESS,DRM_OPTIONS,DRM_PROTECTED,,,{},NOT_REQUESTED,DRM/license parameters required,Find a credential-free distribution or obtain provider documentation. No HTTP request made with copied account/access parameters; subscription/geo status unconfirmed.,[],options match license_key|license_type|drmlicense=|drmscheme=
cfd2278d93f6e00e4259,beIN Sports 3,Bein Sports 3,https://dga1op10s1u3leo.52c26716e2e875.click/live/selcukbeinsports3/playlist.m3u8,https://raw.githubusercontent.com/iprtl/m3u/HEAD/Freetv.m3u,GEO_BLOCKED_OR_FORBIDDEN,,UNKNOWN,200,https://dga1op10s1u3leo.52c26716e2e875.click/live/selcukbeinsports3/playlist.m3u8,"{""access-control-allow-headers"": ""Range, Origin, Accept,DNT,User-Agent,X-Requested-With,If-Modified-Since,Cache-Control,Content-Type,Range"", ""access-control-allow-methods"": ""GET, HEAD, OPTIONS,GET, OPTIONS"", ""access-control-allow-origin"": ""*"", ""access-control-expose-headers"": ""Content-Length, Content-Range,Content-Length,Content-Range"", ""alt-svc"": ""h3=\"":443\""; ma=86400"", ""cache-control"": ""public, s-maxage=2, no-store"", ""cf-cache-status"": ""EXPIRED"", ""cf-ray"": ""a486fa845b20eb01-ORD"", ""connection"": ""close"", ""content-type"": ""application/vnd.apple.mpegurl"", ""date"": ""Sat, 10 Oct 2026 16:25:01 GMT"", ""last-modified"": ""Sat, 10 Oct 2026 16:25:01 GMT"", ""nel"": ""{\""report_to\"":\""cf-nel\"",\""success_fraction\"":0.0,\""max_age\"":604800}"", ""report-to"": ""{\""group\"":\""cf-nel\"",\""max_age\"":604800,\""endpoints\"":[{\""url\"":\""https://a.nel.cloudflare.com/report/v4?s=WeTx0gdZCWw02WpW7Uo%2B9fqbaM3mjg5ts5N9Jtxe6YpJBe1dYP1coRIFc2XLY2k8o6ZW0h%2F15Wqc84t3CbUlfCehvumyuvyONAGOmvFmhrv%2BR%2BR6gHN6T5wpOmr2ByGFMvYm4lGZwQGxjMXu0Q0sObU7bnd5m2c%3D\""}]}"", ""server"": ""envoy"", ""strict-transport-security"": ""max-age=15552000; includeSubDomains"", ""transfer-encoding"": ""chunked"", ""x-b-status"": ""disabled"", ""x-cache-status"": ""MISS"", ""x-content-type-options"": ""nosniff"", ""x-e-cache-date"": ""Sat, 10 Oct 2026 16:25:00 GMT"", ""x-e-cache-status"": ""HIT"", ""x-e-server"": ""edge-2"", ""x-envoy-upstream-service-time"": ""341"", ""x-m-rec"": ""829"", ""x-p-bp"": ""0"", ""x-p-to"": ""2to1"", ""x-stream-name"": ""selcukbeinsports3""}",hls-media,HLS media object returned HTTP 403,,[],
ac79a4741c9871300889,beIN Sports 3,beIN Sports 3,https://histar.zapi.us.kg/?id=beinsports3,https://raw.githubusercontent.com/Py95888/777/HEAD/77.m3u,UNKNOWN,,UNKNOWN,,,{},unknown,Mixed or insufficient failure evidence: Stream connection error: Tunnel connection failed: 403 Forbidden; Stream connection error: Tunnel connection failed: 403 Forbidden,,['id'],
8b37a5e74cd3f59f76e3,beIN Sports 3,beINSports3,https://linearjitp-playback.astro.com.my/[access-controlled],https://raw.githubusercontent.com/chengxue2020/Cat-ports/HEAD/tv/SGTV.m3u,SKIPPED_ACCESS,DRM_OPTIONS,DRM_PROTECTED,,,{},NOT_REQUESTED,DRM/license parameters required,Find a credential-free distribution or obtain provider documentation. No HTTP request made with copied account/access parameters; subscription/geo status unconfirmed.,[],options match license_key|license_type|drmlicense=|drmscheme=
9c339fa910035e5ef531,beIN Sports 3,beIN Sports 3,https://liveeu-gcp.alkassdigital.net/alkass3-p/main.m3u8,https://raw.githubusercontent.com/mi3umi/test-iptv-m3u/HEAD/combined.m3u,GEO_BLOCKED_OR_FORBIDDEN,,UNKNOWN,403,https://liveeu-gcp.alkassdigital.net/alkass3-p/main.m3u8,"{""access-control-allow-credentials"": ""true"", ""access-control-allow-headers"": ""origin,range,hdntl,hdnts,CMCD-Request,CMCD-Object,CMCD-Status,CMCD-Session"", ""access-control-allow-methods"": ""GET,POST,OPTIONS"", ""access-control-allow-origin"": ""https://shoof.alkass.net"", ""access-control-expose-headers"": ""Server,range,hdntl,hdnts,Akamai-Mon-Iucid-Ing,Akamai-Mon-Iucid-Del,Akamai-Request-BC"", ""access-control-max-age"": ""86400"", ""akamai-mon-iucid-del"": ""1901643"", ""cache-control"": ""max-age=0, no-cache, no-store"", ""connection"": ""close"", ""content-length"": ""417"", ""content-type"": ""text/html"", ""date"": ""Sat, 10 Oct 2026 16:24:15 GMT"", ""expires"": ""Sat, 10 Oct 2026 16:24:15 GMT"", ""mime-version"": ""1.0"", ""pragma"": ""no-cache"", ""server"": ""envoy"", ""x-envoy-upstream-service-time"": ""24""}",text/html,Stream returned HTTP 403,,[],
c0c681d1d8a828793baf,beIN Sports 3,Bein Sports 3,https://ott.udptv.xyz/stream/astro/beinsports3/master.m3u8?u=cocked&p=dd0abb52723d22acc0f97fe0336480feaa88a37ecda55a138a8d5e0ee14b0664,https://raw.githubusercontent.com/judy-gotv/iptv/HEAD/UDPTV.m3u,UNKNOWN,,UNKNOWN,,,{},unknown,Mixed or insufficient failure evidence: Stream connection error: Tunnel connection failed: 403 Forbidden; Stream connection error: Tunnel connection failed: 403 Forbidden,,"['p', 'u']",
6a832fb329571c747cf3,beIN Sports 3,beIN Sports 3,https://otte.cache.aiv-cdn.net/bom-nitro/live/clients/dash/enc/q4u5nwaogz/out/v1/18de6d3e65934f3a8de4358e69eab86c/cenc.mpd,https://raw.githubusercontent.com/dhasap/dhanytv/HEAD/dhanytv.m3u,DRM_PROTECTED,,DRM_PROTECTED,200,https://otte.cache.aiv-cdn.net/bom-nitro/live/clients/dash/enc/q4u5nwaogz/out/v1/18de6d3e65934f3a8de4358e69eab86c/cenc.mpd,"{""accept-ranges"": ""bytes"", ""access-control-allow-credentials"": ""true"", ""access-control-allow-headers"": ""origin,range,accept-encoding,referer,x-amz-url-set-id,x-amz-source"", ""access-control-allow-methods"": ""GET,HEAD,OPTIONS"", ""access-control-allow-origin"": ""*"", ""access-control-expose-headers"": ""x-amz-source"", ""access-control-max-age"": ""3000"", ""age"": ""0"", ""cache-control"": ""stale-if-error=0,max-age=1"", ""channel"": ""q4u5nwaogz"", ""connection"": ""close"", ""content-length"": ""105572"", ""content-type"": ""application/dash+xml"", ""date"": ""Sat, 10 Oct 2026 16:35:13 GMT"", ""server"": ""envoy"", ""vary"": ""Origin, Accept-Encoding"", ""via"": ""1.1 varnish, 1.1 varnish"", ""x-amz-mid-tier"": ""Fastly-Manifests"", ""x-amz-source"": ""LivePlaybackOrigin"", ""x-amzn-requestid"": ""b402b173-2024-416b-b1ea-d3273d2f7d58"", ""x-cache"": ""HIT, MISS"", ""x-cache-hits"": ""1, 0"", ""x-envoy-upstream-service-time"": ""577"", ""x-mediapackage-manifest-last-sequence"": ""18887111"", ""x-mediapackage-manifest-last-updated"": ""1791650112457"", ""x-mediapackage-request-id"": ""Root=1-6aca6941-3bbf641d7bacd5ed03794782"", ""x-midtier-location"": ""CHI"", ""x-midtier-request-id"": ""4069ddcb-8976-4f9a-b687-6f9f232af406"", ""x-served-by"": ""cache-bom-vanm7210031-BOM, cache-chi-kmdw8640066-CHI"", ""x-timer"": ""S1791650113.286694,VS0,VE425""}",dash,Manifest declares protected media; no license or decryption keys were used,,[],
58ac67e262bb452b6643,beIN Sports 3,BeIN Sport 3,https://s1.inattvcom300.xyz/cdn/b3.m3u8?,https://raw.githubusercontent.com/proefem/titel1/HEAD/TRFTR,UNKNOWN,,UNKNOWN,,,{},unknown,Mixed or insufficient failure evidence: Stream connection error: Tunnel connection failed: 403 Forbidden; Stream connection error: Tunnel connection failed: 403 Forbidden,,[],
5cfadf409d2cfbadb1a5,beIN Sports 3,BeIN Sport 3 ʜᴅ,https://scr013.b-cdn.net/live/13.m3u8,https://raw.githubusercontent.com/proefem/titel1/HEAD/TRFTR,GEO_BLOCKED_OR_FORBIDDEN,,UNKNOWN,403,https://scr013.b-cdn.net/live/13.m3u8,"{""cache-control"": ""no-cache, no-store, max-age=0"", ""cdn-requestid"": ""d1acc625d0bd54d8ca49aad242039ace"", ""connection"": ""close"", ""content-type"": ""text/html"", ""date"": ""Sat, 10 Oct 2026 16:24:21 GMT"", ""server"": ""envoy"", ""transfer-encoding"": ""chunked"", ""vary"": ""Accept-Encoding"", ""x-envoy-upstream-service-time"": ""136""}",text/html,Stream returned HTTP 403,,[],
3f396a7281514e8579a8,beIN Sports 3,BEINSPORTS3,https://smt.passwdword.xyz/Smart.php?id=Astrobein3,https://raw.githubusercontent.com/judy-gotv/iptv/HEAD/logo-smart.m3u,BROKEN,,UNKNOWN,200,https://smt.passwdword.xyz/Smart.php?id=Astrobein3,"{""cache-control"": ""no-store, no-cache, must-revalidate, post-check=0, pre-check=0"", ""connection"": ""close"", ""content-type"": ""text/html; charset=UTF-8"", ""date"": ""Sat, 10 Oct 2026 16:29:47 GMT"", ""expires"": ""Mon, 26 Jul 1997 05:00:00 GMT"", ""last-modified"": ""Sat, 10 Oct 2026 16:29:46 GMT"", ""pragma"": ""no-cache"", ""server"": ""envoy"", ""transfer-encoding"": ""chunked"", ""vary"": ""Accept-Encoding"", ""x-adblock-key"": ""MFwwDQYJKoZIhvcNAQEBBQADSwAwSAJBANnylWw2vLY4hUn9w06zQKbhKBfvjFUCsdFlb6TdQhxb9RXWXuI4t31c+o8fYOv/s8q1LGPga3DE1L/tHU4LENMCAwEAAQ==_VmK9hJFUT+6NHkzo/f038bYSgQGVkwh8XfSkq/fNgJrX1FRi2npKLrhgO1jQXPEFXDqZbyhmRCI+vwisndRXvg=="", ""x-cache-miss-from"": ""parking-766ffb8d49-g2klt"", ""x-envoy-upstream-service-time"": ""448""}",text/html; charset=UTF-8,Response was not a recognized playlist or media stream,,['id'],
9cf1361ffbf17705fc8d,beIN Sports 3,BeIN SPORT 3 HD,https://srvccc.rise2549blood.xyz/kaynakstreamradarco/26/naxi/caxi.m3u8,https://raw.githubusercontent.com/BahyOsama/dinurunn/HEAD/oo.m3u,UNKNOWN,,UNKNOWN,,,{},unknown,Mixed or insufficient failure evidence: Stream connection error: Tunnel connection failed: 403 Forbidden; Stream connection error: Tunnel connection failed: 403 Forbidden,,[],
656e2ece7bed18029fa6,beIN Sports 3,AR BEIN SPORTS 3 HD,https://stream.camcloud.stream/stream/075f2d3a2988/playlist.m3u8,https://raw.githubusercontent.com/raid35/channel-links/HEAD/ALWAN.m3u,UNKNOWN,,TEMPORARY_FAILURE,503,https://stream.camcloud.stream/stream/075f2d3a2988/playlist.m3u8,"{""connection"": ""close"", ""content-length"": ""98"", ""content-type"": ""text/plain"", ""date"": ""Sat, 10 Oct 2026 16:29:50 GMT"", ""server"": ""envoy""}",text/plain,Mixed or insufficient failure evidence: Stream returned HTTP 503; Stream returned HTTP 503,,[],
96640032539863fe3d54,beIN Sports 3,BeIN Sports 3 ʜᴅ,https://tayland.canlimachd10.site/hls/bein-sports-3.m3u8,https://raw.githubusercontent.com/proefem/titel1/HEAD/TRFTR,UNKNOWN,,UNKNOWN,,,{},unknown,Mixed or insufficient failure evidence: Stream connection error: Tunnel connection failed: 403 Forbidden; Stream connection error: Tunnel connection failed: 403 Forbidden,,[],
4b9afc74c990d8d814bb,beIN Sports 3,beIN SPORTS 3,https://ten.4928d54d950ee70q30.lat/yayinb3.m3u8,https://raw.githubusercontent.com/kadirsener1/CanliTvListe/HEAD/trgoals.m3u,UNKNOWN,,UNKNOWN,,,{},unknown,Mixed or insufficient failure evidence: Stream connection error: Tunnel connection failed: 403 Forbidden; Stream connection error: Tunnel connection failed: 403 Forbidden,,[],
cc8d6a5c6c1acbd07962,beIN Sports 3,BeIN Sports 3,rtmp://31.220.0.194/[access-controlled],https://raw.githubusercontent.com/hmemar/husham.com/HEAD/Lists/chimpsmithlist-znE9BaL9.txt,SKIPPED_ACCESS,NON_HTTP_URL,UNKNOWN,,,{},NOT_REQUESTED,Not an HTTP(S) stream,Find a credential-free distribution or obtain provider documentation. No HTTP request made with copied account/access parameters; subscription/geo status unconfirmed.,"['live', 'vh', 'vw']","scheme not in ('https', 'http') or hostname absent"
5e5023999043b3e2d609,beIN Sports 3,BEIN 3 (ARA),rtmp://www1.iguide.to/[access-controlled],https://gist.githubusercontent.com/ItsRandall/3119615c8b4732d7b56e5217d66edbab/raw,SKIPPED_ACCESS,NON_HTTP_URL,UNKNOWN,,,{},NOT_REQUESTED,Not an HTTP(S) stream,Find a credential-free distribution or obtain provider documentation. No HTTP request made with copied account/access parameters; subscription/geo status unconfirmed.,"['autoplay', 'channel', 'height', 'width']","scheme not in ('https', 'http') or hostname absent"
8f9fb2364c9916b6a555,beIN Sports 3 (Arabic),beIN Sports 3 Arabic,https://ondemand.st/papi/tv/dlhd/93/playlist.m3u8,https://raw.githubusercontent.com/BuddyChewChew/My-Streams/HEAD/Backup/dami-tv.m3u,GEO_BLOCKED_OR_FORBIDDEN,,UNKNOWN,403,https://ondemand.st/papi/tv/dlhd/93/playlist.m3u8,"{""access-control-allow-origin"": ""*"", ""connection"": ""close"", ""content-length"": ""146"", ""content-type"": ""text/html"", ""date"": ""Sat, 10 Oct 2026 16:29:47 GMT"", ""server"": ""envoy"", ""x-envoy-upstream-service-time"": ""546""}",text/html,Stream returned HTTP 403,,[],
04461f61ce83cfd3eec6,beIN Sports 3 (English),BEIN SPORTS ENGLISH 3 HD,http://103.100.169.51/[access-controlled],https://raw.githubusercontent.com/mchoumi/mchoumi.github.io/HEAD/IPTVara.m3u,SKIPPED_ACCESS,ACCOUNT_PATH,UNKNOWN,,,{},NOT_REQUESTED,Credential-shaped IPTV line,Find a credential-free distribution or obtain provider documentation. No HTTP request made with copied account/access parameters; subscription/geo status unconfirmed.,[],"re.search(/(?:live|iptv)/[^/]+/[^/]+/\d+(?:[./]|$), path) or re.fullmatch(/[A-Za-z0-9]{6,}/[A-Za-z0-9]{6,}/\d+(?:\.[A-Za-z0-9]+)?/?, path) and any(character.isdigit() for part in path.strip(/).split(/)[:2] for character in part)"
30fb0c448197eefc8add,beIN Sports 3 (English),BEIN SPORTS ENGLISH 3 HD,http://m1.webvps.de/[access-controlled],https://raw.githubusercontent.com/mchoumi/mchoumi.github.io/HEAD/IPTVsports.m3u,SKIPPED_ACCESS,ACCOUNT_PATH,UNKNOWN,,,{},NOT_REQUESTED,Credential-shaped IPTV line,Find a credential-free distribution or obtain provider documentation. No HTTP request made with copied account/access parameters; subscription/geo status unconfirmed.,[],"re.search(/(?:live|iptv)/[^/]+/[^/]+/\d+(?:[./]|$), path) or re.fullmatch(/[A-Za-z0-9]{6,}/[A-Za-z0-9]{6,}/\d+(?:\.[A-Za-z0-9]+)?/?, path) and any(character.isdigit() for part in path.strip(/).split(/)[:2] for character in part)"
3343e940b85c23617d5d,beIN Sports 3 (English), beIN Sports ENGLISH 3 ᴴᴰ,http://vpro.viptvclub.com/[access-controlled],https://raw.githubusercontent.com/yoyo82520/huaiptv/HEAD/HuaTV.m3u,SKIPPED_ACCESS,ACCOUNT_PATH,UNKNOWN,,,{},NOT_REQUESTED,Credential-shaped IPTV line,Find a credential-free distribution or obtain provider documentation. No HTTP request made with copied account/access parameters; subscription/geo status unconfirmed.,[],"re.search(/(?:live|iptv)/[^/]+/[^/]+/\d+(?:[./]|$), path) or re.fullmatch(/[A-Za-z0-9]{6,}/[A-Za-z0-9]{6,}/\d+(?:\.[A-Za-z0-9]+)?/?, path) and any(character.isdigit() for part in path.strip(/).split(/)[:2] for character in part)"
faba05abc81a3a315e3e,beIN Sports 3 (English),Bein Sports 3 English,https://raw.githubusercontent.com/Asependang/Belajar/main/saluran/Bein-3En.m3u8,https://raw.githubusercontent.com/idhanmario/iptv/HEAD/README.md,GEO_BLOCKED_OR_FORBIDDEN,,UNKNOWN,200,https://raw.githubusercontent.com/Asependang/Belajar/main/saluran/Bein-3En.m3u8,"{""accept-ranges"": ""bytes"", ""access-control-allow-origin"": ""*"", ""cache-control"": ""max-age=300"", ""connection"": ""close"", ""content-length"": ""168"", ""content-security-policy"": ""default-src 'none'; style-src 'unsafe-inline'; sandbox"", ""content-type"": ""text/plain; charset=utf-8"", ""cross-origin-resource-policy"": ""cross-origin"", ""date"": ""Sat, 10 Oct 2026 16:25:00 GMT"", ""etag"": ""\""90a7d42c79e9aa2461ef99ed955190fc7c4a5b351bbe31839ac830023651d75b\"""", ""expires"": ""Sat, 10 Oct 2026 16:30:00 GMT"", ""server"": ""envoy"", ""source-age"": ""59"", ""strict-transport-security"": ""max-age=31536000"", ""vary"": ""Authorization,Accept-Encoding"", ""via"": ""1.1 varnish"", ""x-cache"": ""HIT"", ""x-cache-hits"": ""1"", ""x-content-type-options"": ""nosniff"", ""x-envoy-upstream-service-time"": ""24"", ""x-fastly-request-id"": ""398039d5eb72074da23b2917288b4e9e84cdc51c"", ""x-frame-options"": ""deny"", ""x-github-edge-region"": ""iad"", ""x-github-request-id"": ""2AB2:23B42E:5647A8:8FCF11:6ACA66A0"", ""x-served-by"": ""cache-msp11835-MSP"", ""x-timer"": ""S1791649500.392081,VS0,VE1"", ""x-xss-protection"": ""1; mode=block""}",hls-media,HLS media object returned HTTP 403,,[],
7f9aa8f0c433b4df4f01,beIN Sports 3 (France),FR | Bein Sports 3,/[access-controlled],https://raw.githubusercontent.com/iprtl/m3u/HEAD/Freetv.m3u,SKIPPED_ACCESS,NON_HTTP_URL,UNKNOWN,,,{},NOT_REQUESTED,Not an HTTP(S) stream,Find a credential-free distribution or obtain provider documentation. No HTTP request made with copied account/access parameters; subscription/geo status unconfirmed.,[],"scheme not in ('https', 'http') or hostname absent"
ec42c128b69fb35f4732,beIN Sports 3 (France),FR: beIN SPORTS 3HD,http://54.36.61.6/[access-controlled],https://raw.githubusercontent.com/vraomoturi/smartiptv-playlist/HEAD/sports.m3u,SKIPPED_ACCESS,ACCOUNT_PATH,UNKNOWN,,,{},NOT_REQUESTED,Credential-shaped IPTV line,Find a credential-free distribution or obtain provider documentation. No HTTP request made with copied account/access parameters; subscription/geo status unconfirmed.,[],"re.search(/(?:live|iptv)/[^/]+/[^/]+/\d+(?:[./]|$), path) or re.fullmatch(/[A-Za-z0-9]{6,}/[A-Za-z0-9]{6,}/\d+(?:\.[A-Za-z0-9]+)?/?, path) and any(character.isdigit() for part in path.strip(/).split(/)[:2] for character in part)"
00e3da473df37c3e6289,beIN Sports 3 (France),FR | BEIN SPORT 3 HD,http://81637.org/[access-controlled],https://raw.githubusercontent.com/raid35/channel-links/HEAD/ALWAN.m3u,SKIPPED_ACCESS,ACCOUNT_PATH,UNKNOWN,,,{},NOT_REQUESTED,Credential-shaped IPTV line,Find a credential-free distribution or obtain provider documentation. No HTTP request made with copied account/access parameters; subscription/geo status unconfirmed.,[],"re.search(/(?:live|iptv)/[^/]+/[^/]+/\d+(?:[./]|$), path) or re.fullmatch(/[A-Za-z0-9]{6,}/[A-Za-z0-9]{6,}/\d+(?:\.[A-Za-z0-9]+)?/?, path) and any(character.isdigit() for part in path.strip(/).split(/)[:2] for character in part)"
957350064b3e7f20b785,beIN Sports 3 (France),FR | BEIN SPORT 3 HD,http://81637.org/[access-controlled],https://raw.githubusercontent.com/raid35/channel-links/HEAD/CANAL.m3u,SKIPPED_ACCESS,ACCOUNT_PATH,UNKNOWN,,,{},NOT_REQUESTED,Credential-shaped IPTV line,Find a credential-free distribution or obtain provider documentation. No HTTP request made with copied account/access parameters; subscription/geo status unconfirmed.,[],"re.search(/(?:live|iptv)/[^/]+/[^/]+/\d+(?:[./]|$), path) or re.fullmatch(/[A-Za-z0-9]{6,}/[A-Za-z0-9]{6,}/\d+(?:\.[A-Za-z0-9]+)?/?, path) and any(character.isdigit() for part in path.strip(/).split(/)[:2] for character in part)"
79e7f53661d98291e248,beIN Sports 3 (France),Bein Sports 3 FR,http://93.152.174.144:4000/play/bein3fr/index.m3u8,https://raw.githubusercontent.com/UzunMuhalefet/Free-IPTV/HEAD/Lists/FR.m3u,TIMEOUT,,TEMPORARY_FAILURE,,,{},unknown,Stream timeout: timed out,,[],
b89c0e11e66d38e7a254,beIN Sports 3 (France),FR: Bein Sport 3,http://aziptv.mine.nu/[access-controlled],https://gist.githubusercontent.com/ItsRandall/3119615c8b4732d7b56e5217d66edbab/raw,SKIPPED_ACCESS,ACCOUNT_PATH,UNKNOWN,,,{},NOT_REQUESTED,Credential-shaped IPTV line,Find a credential-free distribution or obtain provider documentation. No HTTP request made with copied account/access parameters; subscription/geo status unconfirmed.,[],"re.search(/(?:live|iptv)/[^/]+/[^/]+/\d+(?:[./]|$), path) or re.fullmatch(/[A-Za-z0-9]{6,}/[A-Za-z0-9]{6,}/\d+(?:\.[A-Za-z0-9]+)?/?, path) and any(character.isdigit() for part in path.strip(/).split(/)[:2] for character in part)"
6dede70808aae028cac0,beIN Sports 3 (France),FR:BEINSPORTS3,http://iptvgafsa.ddns.net/[access-controlled],https://raw.githubusercontent.com/prince8590/bein-sport/HEAD/tv_channels_pula.m3u,SKIPPED_ACCESS,ACCOUNT_PATH,UNKNOWN,,,{},NOT_REQUESTED,Credential-shaped IPTV line,Find a credential-free distribution or obtain provider documentation. No HTTP request made with copied account/access parameters; subscription/geo status unconfirmed.,[],"re.search(/(?:live|iptv)/[^/]+/[^/]+/\d+(?:[./]|$), path) or re.fullmatch(/[A-Za-z0-9]{6,}/[A-Za-z0-9]{6,}/\d+(?:\.[A-Za-z0-9]+)?/?, path) and any(character.isdigit() for part in path.strip(/).split(/)[:2] for character in part)"
1fc9d249cabe7f9f56a2,beIN Sports 3 (France),┃FR┃ BEIN SPORTS 3,http://line.goattv-ott.xyz/[access-controlled],https://gist.githubusercontent.com/Xo-Richie-Baldeo-oX/ac1a002b5c442908f134dd4958579ec2/raw,SKIPPED_ACCESS,ACCESS_QUERY_KEYS,UNKNOWN,,,{},NOT_REQUESTED,Credential/token/session-specific published URL; not reusable without access tokens,Find a credential-free distribution or obtain provider documentation. No HTTP request made with copied account/access parameters; subscription/geo status unconfirmed.,"['extension', 'mac', 'play_token', 'stream']","query keys intersect {token,ticket,password,username,mac,play_token,wmsauthsign,hdnts,hdnea,auth}"
a18753c92edaeb997461,beIN Sports 3 (France),┃FR┃ BEIN SPORTS 3 FHD,http://line.goattv-ott.xyz/[access-controlled],https://gist.githubusercontent.com/Xo-Richie-Baldeo-oX/ac1a002b5c442908f134dd4958579ec2/raw,SKIPPED_ACCESS,ACCESS_QUERY_KEYS,UNKNOWN,,,{},NOT_REQUESTED,Credential/token/session-specific published URL; not reusable without access tokens,Find a credential-free distribution or obtain provider documentation. No HTTP request made with copied account/access parameters; subscription/geo status unconfirmed.,"['extension', 'mac', 'play_token', 'stream']","query keys intersect {token,ticket,password,username,mac,play_token,wmsauthsign,hdnts,hdnea,auth}"
86dfd2876671e82c6e60,beIN Sports 3 (France),┃FR┃ BEIN SPORTS 3 HD,http://line.goattv-ott.xyz/[access-controlled],https://gist.githubusercontent.com/Xo-Richie-Baldeo-oX/ac1a002b5c442908f134dd4958579ec2/raw,SKIPPED_ACCESS,ACCESS_QUERY_KEYS,UNKNOWN,,,{},NOT_REQUESTED,Credential/token/session-specific published URL; not reusable without access tokens,Find a credential-free distribution or obtain provider documentation. No HTTP request made with copied account/access parameters; subscription/geo status unconfirmed.,"['extension', 'mac', 'play_token', 'stream']","query keys intersect {token,ticket,password,username,mac,play_token,wmsauthsign,hdnts,hdnea,auth}"
c8c61d5590304d75bb36,beIN Sports 3 (France),beinsports 3 france,http://listatv.cf/prem.php?id=beinsports3france&tk=january&f=.m3u8,https://raw.githubusercontent.com/TVCABLEAR/VIP/HEAD/PAIS/USA/2018-USA.m3u,GEO_BLOCKED_OR_FORBIDDEN,,UNKNOWN,403,http://listatv.cf/prem.php?id=beinsports3france&tk=january&f=.m3u8,"{""connection"": ""close"", ""content-length"": ""33"", ""content-type"": ""text/plain"", ""date"": ""Sat, 10 Oct 2026 16:30:08 GMT"", ""server"": ""envoy""}",text/plain,Stream returned HTTP 403,,"['f', 'id', 'tk']",
6698d61bfe34288a6cd7,beIN Sports 3 (France),||FR|| BEIN SPORTS 3 FHD,http://mu8.s9u8p7s6t5a4r.me/s/no.php?z=111&u=AHHbwNeU43&s=196511199971&id=262&t=live&f=ts,https://raw.githubusercontent.com/raid35/channel-links/HEAD/ALWAN.m3u,BROKEN,,UNKNOWN,200,http://mu8.s9u8p7s6t5a4r.me/s/no.php?z=111&u=AHHbwNeU43&s=196511199971&id=262&t=live&f=ts,"{""connection"": ""close"", ""content-length"": ""9"", ""content-type"": ""text/html; charset=UTF-8"", ""date"": ""Sat, 10 Oct 2026 16:29:50 GMT"", ""server"": ""envoy"", ""x-envoy-upstream-service-time"": ""300""}",text/html; charset=UTF-8,Response was not a recognized playlist or media stream,,"['f', 'id', 's', 't', 'u', 'z']",
43125a676b673197f4f7,beIN Sports 3 (France),beIN SPORTS 3 France,https://ondemand.st/papi/tv/dlhd/118/playlist.m3u8,https://raw.githubusercontent.com/BuddyChewChew/My-Streams/HEAD/Backup/dami-tv.m3u,GEO_BLOCKED_OR_FORBIDDEN,,UNKNOWN,403,https://ondemand.st/papi/tv/dlhd/118/playlist.m3u8,"{""access-control-allow-origin"": ""*"", ""connection"": ""close"", ""content-length"": ""146"", ""content-type"": ""text/html"", ""date"": ""Sat, 10 Oct 2026 16:29:47 GMT"", ""server"": ""envoy"", ""x-envoy-upstream-service-time"": ""143""}",text/html,Stream returned HTTP 403,,[],
3abc71254c44c6cdf2cb,beIN Sports 3 (France),beIN SPORTS 3 France,https://zekonew.newkso.ru/zeko/premium118/mono.m3u8,https://raw.githubusercontent.com/nightah/daddylive/HEAD/daddylive-channels.m3u8,GEO_BLOCKED_OR_FORBIDDEN,,UNKNOWN,403,https://zekonew.newkso.ru/zeko/premium118/mono.m3u8,"{""access-control-allow-origin"": ""*"", ""alt-svc"": ""h3=\"":443\""; ma=86400"", ""cache-control"": ""no-cache, no-store, must-revalidate"", ""cf-ray"": ""a48701fc6e49eaec-ORD"", ""connection"": ""close"", ""content-type"": ""text/html; charset=UTF-8"", ""date"": ""Sat, 10 Oct 2026 16:30:06 GMT"", ""expires"": ""Thu, 01 Jan 1970 00:00:01 GMT"", ""nel"": ""{\""report_to\"":\""cf-nel\"",\""success_fraction\"":0.0,\""max_age\"":604800}"", ""no-cache"": ""no-cache"", ""referrer-policy"": ""same-origin"", ""report-to"": ""{\""group\"":\""cf-nel\"",\""max_age\"":604800,\""endpoints\"":[{\""url\"":\""https://a.nel.cloudflare.com/report/v4?s=LJSnIbrbbN8g%2BaEIPkjmByFrv6mEmsTNTWe9I%2FvrpYWwXeOOLjS30OJby09V79bFjHrhdH6jeQuUnLDfgw2eq1PF9yp7SlyHLWzpUyeio8aryhGM1YPXjXyb8hViA9N%2B32x8bA%3D%3D\""}]}"", ""server"": ""envoy"", ""transfer-encoding"": ""chunked"", ""x-envoy-upstream-service-time"": ""64"", ""x-frame-options"": ""SAMEORIGIN""}",text/html; charset=UTF-8,Stream returned HTTP 403,,[],
41670f83910b12275496,beIN Sports 3 (Thailand),Bein sports 3 TH,http://dooballmundee.sai8.live/free/0x777_beinsporthd3_720p/playlist.m3u8,https://raw.githubusercontent.com/SulukNew/SMART-IPTV/HEAD/IPTV%20SMART,GEO_BLOCKED_OR_FORBIDDEN,,UNKNOWN,403,http://dooballmundee.sai8.live/free/0x777_beinsporthd3_720p/playlist.m3u8,"{""connection"": ""close"", ""content-length"": ""33"", ""content-type"": ""text/plain"", ""date"": ""Sat, 10 Oct 2026 16:24:12 GMT"", ""server"": ""envoy""}",text/plain,Stream returned HTTP 403,,[],
30b289a18c1d3cebecac,beIN Sports 3 (Thailand),BEIN SPORTS 3 TH,https://49-231-34-101-rewriter.ais-vidnt.com/[access-controlled],https://raw.githubusercontent.com/konanda-sg/INTEKTV/HEAD/ITK-VI-ROBI,SKIPPED_ACCESS,DRM_OPTIONS,DRM_PROTECTED,,,{},NOT_REQUESTED,DRM/license parameters required,Find a credential-free distribution or obtain provider documentation. No HTTP request made with copied account/access parameters; subscription/geo status unconfirmed.,[],options match license_key|license_type|drmlicense=|drmscheme=
72002331eabba628f44e,beIN Sports 3 (Turkey),┃TR┃ BEIN SPORTS 3 FHD,http://line.goattv-ott.xyz/[access-controlled],https://gist.githubusercontent.com/Xo-Richie-Baldeo-oX/ac1a002b5c442908f134dd4958579ec2/raw,SKIPPED_ACCESS,ACCESS_QUERY_KEYS,UNKNOWN,,,{},NOT_REQUESTED,Credential/token/session-specific published URL; not reusable without access tokens,Find a credential-free distribution or obtain provider documentation. No HTTP request made with copied account/access parameters; subscription/geo status unconfirmed.,"['extension', 'mac', 'play_token', 'stream']","query keys intersect {token,ticket,password,username,mac,play_token,wmsauthsign,hdnts,hdnea,auth}"
8bfb3c0b61c25203a73e,beIN Sports 3 (Turkey),┃TR┃ BEIN SPORTS 3 HD,http://line.goattv-ott.xyz/[access-controlled],https://gist.githubusercontent.com/Xo-Richie-Baldeo-oX/ac1a002b5c442908f134dd4958579ec2/raw,SKIPPED_ACCESS,ACCESS_QUERY_KEYS,UNKNOWN,,,{},NOT_REQUESTED,Credential/token/session-specific published URL; not reusable without access tokens,Find a credential-free distribution or obtain provider documentation. No HTTP request made with copied account/access parameters; subscription/geo status unconfirmed.,"['extension', 'mac', 'play_token', 'stream']","query keys intersect {token,ticket,password,username,mac,play_token,wmsauthsign,hdnts,hdnea,auth}"
d7040010e1c456720967,beIN Sports 3 (Turkey),┃TR┃ BEIN SPORTS 3 FHD,http://line.goattv-ott.xyz/[access-controlled],https://gist.githubusercontent.com/Xo-Richie-Baldeo-oX/ac1a002b5c442908f134dd4958579ec2/raw,SKIPPED_ACCESS,ACCESS_QUERY_KEYS,UNKNOWN,,,{},NOT_REQUESTED,Credential/token/session-specific published URL; not reusable without access tokens,Find a credential-free distribution or obtain provider documentation. No HTTP request made with copied account/access parameters; subscription/geo status unconfirmed.,"['extension', 'mac', 'play_token', 'stream']","query keys intersect {token,ticket,password,username,mac,play_token,wmsauthsign,hdnts,hdnea,auth}"
491ce57e724a81be72a0,beIN Sports 3 (Turkey),┃TR┃ BEIN SPORTS 3 HD,http://line.goattv-ott.xyz/[access-controlled],https://gist.githubusercontent.com/Xo-Richie-Baldeo-oX/ac1a002b5c442908f134dd4958579ec2/raw,SKIPPED_ACCESS,ACCESS_QUERY_KEYS,UNKNOWN,,,{},NOT_REQUESTED,Credential/token/session-specific published URL; not reusable without access tokens,Find a credential-free distribution or obtain provider documentation. No HTTP request made with copied account/access parameters; subscription/geo status unconfirmed.,"['extension', 'mac', 'play_token', 'stream']","query keys intersect {token,ticket,password,username,mac,play_token,wmsauthsign,hdnts,hdnea,auth}"
e245227b3cef5a3f3c93,beIN Sports 3 (Turkey),beINSports3.tr,https://0108wooxangel.shop/703/mono.m3u8,https://raw.githubusercontent.com/proefem/titel1/HEAD/TRFTR,UNKNOWN,,UNKNOWN,,,{},unknown,Mixed or insufficient failure evidence: Stream connection error: Tunnel connection failed: 403 Forbidden; Stream connection error: Tunnel connection failed: 403 Forbidden,,[],
f513ba13acb30ac94b56,beIN Sports 3 (Turkey),beIN Sports 3 Turkey,https://cstream5.com/hls/beinsports3_tr_si.m3u8,https://raw.githubusercontent.com/m3and88/iptv.m3u/HEAD/khalifa%20alshamsi.m3u,UNKNOWN,,UNKNOWN,,,{},unknown,Mixed or insufficient failure evidence: Stream connection error: Tunnel connection failed: 403 Forbidden; Stream connection error: Tunnel connection failed: 403 Forbidden,,[],
43d64ae282bd6edcae5e,beIN Sports 3 (Turkey),beINSports3.tr,https://deathless-betsmantv.tiiny.io?url=703,https://raw.githubusercontent.com/proefem/titel1/HEAD/TRFTR,UNKNOWN,,UNKNOWN,400,https://deathless-betsmantv.tiiny.io?url=703,"{""connection"": ""close"", ""content-type"": ""text/html; charset=utf-8"", ""date"": ""Sat, 10 Oct 2026 16:24:23 GMT"", ""server"": ""envoy"", ""transfer-encoding"": ""chunked"", ""x-edge-region"": ""us-ashburn"", ""x-edge-request-outcome"": ""unknown_domain"", ""x-envoy-upstream-service-time"": ""56"", ""x-wasmer-request-id"": ""ee84646b-c4a3-4f1c-8b57-2a278a93ed14""}",text/html; charset=utf-8,Mixed or insufficient failure evidence: Stream returned HTTP 400; Stream returned HTTP 400,,['url'],
b5dde96c0c57a6d36b95,beIN Sports 3 (Turkey),beIN SPORTS 3 Turkey,https://ondemand.st/papi/tv/dlhd/64/playlist.m3u8,https://raw.githubusercontent.com/BuddyChewChew/My-Streams/HEAD/Backup/dami-tv.m3u,GEO_BLOCKED_OR_FORBIDDEN,,UNKNOWN,403,https://ondemand.st/papi/tv/dlhd/64/playlist.m3u8,"{""access-control-allow-origin"": ""*"", ""connection"": ""close"", ""content-length"": ""146"", ""content-type"": ""text/html"", ""date"": ""Sat, 10 Oct 2026 16:29:47 GMT"", ""server"": ""envoy"", ""x-envoy-upstream-service-time"": ""146""}",text/html,Stream returned HTTP 403,,[],
5f8e2c816c86fcc3e3bb,beIN Sports 3 (Turkey),beIN SPORTS 3 Turkey,https://zekonew.newkso.ru/zeko/premium64/mono.m3u8,https://raw.githubusercontent.com/nightah/daddylive/HEAD/daddylive-channels.m3u8,GEO_BLOCKED_OR_FORBIDDEN,,UNKNOWN,403,https://zekonew.newkso.ru/zeko/premium64/mono.m3u8,"{""access-control-allow-origin"": ""*"", ""alt-svc"": ""h3=\"":443\""; ma=86400"", ""cache-control"": ""no-cache, no-store, must-revalidate"", ""cf-ray"": ""a48701fbed50341a-ORD"", ""connection"": ""close"", ""content-type"": ""text/html; charset=UTF-8"", ""date"": ""Sat, 10 Oct 2026 16:30:06 GMT"", ""expires"": ""Thu, 01 Jan 1970 00:00:01 GMT"", ""nel"": ""{\""report_to\"":\""cf-nel\"",\""success_fraction\"":0.0,\""max_age\"":604800}"", ""no-cache"": ""no-cache"", ""referrer-policy"": ""same-origin"", ""report-to"": ""{\""group\"":\""cf-nel\"",\""max_age\"":604800,\""endpoints\"":[{\""url\"":\""https://a.nel.cloudflare.com/report/v4?s=NNTDFCxZzGSJbypiVrAfi5Rt5nboKbGTonMLkZsgpUaqQYc2vKsc%2BL3A%2BspOZipoZOubQ65AGGPlYLi9nNAmtTfylpyo3u%2BXiutGLvXjcldwVl0PNfne4svqLtHQTHbtpZX11Q%3D%3D\""}]}"", ""server"": ""envoy"", ""transfer-encoding"": ""chunked"", ""x-envoy-upstream-service-time"": ""9"", ""x-frame-options"": ""SAMEORIGIN""}",text/html; charset=UTF-8,Stream returned HTTP 403,,[],
b2953e4ccb0f28537a0b,beIN Sports 4,BEIN SPORTS 4 FHD,http://103.100.169.51/[access-controlled],https://raw.githubusercontent.com/mchoumi/mchoumi.github.io/HEAD/IPTVara.m3u,SKIPPED_ACCESS,ACCOUNT_PATH,UNKNOWN,,,{},NOT_REQUESTED,Credential-shaped IPTV line,Find a credential-free distribution or obtain provider documentation. No HTTP request made with copied account/access parameters; subscription/geo status unconfirmed.,[],"re.search(/(?:live|iptv)/[^/]+/[^/]+/\d+(?:[./]|$), path) or re.fullmatch(/[A-Za-z0-9]{6,}/[A-Za-z0-9]{6,}/\d+(?:\.[A-Za-z0-9]+)?/?, path) and any(character.isdigit() for part in path.strip(/).split(/)[:2] for character in part)"
ef256c4af45ea158e27e,beIN Sports 4,AR | BEIN SPORTS 4 FHD,http://116.202.165.211/[access-controlled],https://raw.githubusercontent.com/raid35/channel-links/HEAD/ALWAN.m3u,SKIPPED_ACCESS,ACCOUNT_PATH,UNKNOWN,,,{},NOT_REQUESTED,Credential-shaped IPTV line,Find a credential-free distribution or obtain provider documentation. No HTTP request made with copied account/access parameters; subscription/geo status unconfirmed.,[],"re.search(/(?:live|iptv)/[^/]+/[^/]+/\d+(?:[./]|$), path) or re.fullmatch(/[A-Za-z0-9]{6,}/[A-Za-z0-9]{6,}/\d+(?:\.[A-Za-z0-9]+)?/?, path) and any(character.isdigit() for part in path.strip(/).split(/)[:2] for character in part)"
d7451e2267c4b2953378,beIN Sports 4,Bein Sports 4,http://116.202.165.211/[access-controlled],https://raw.githubusercontent.com/raid35/channel-links/HEAD/ALWAN.m3u,SKIPPED_ACCESS,ACCOUNT_PATH,UNKNOWN,,,{},NOT_REQUESTED,Credential-shaped IPTV line,Find a credential-free distribution or obtain provider documentation. No HTTP request made with copied account/access parameters; subscription/geo status unconfirmed.,[],"re.search(/(?:live|iptv)/[^/]+/[^/]+/\d+(?:[./]|$), path) or re.fullmatch(/[A-Za-z0-9]{6,}/[A-Za-z0-9]{6,}/\d+(?:\.[A-Za-z0-9]+)?/?, path) and any(character.isdigit() for part in path.strip(/).split(/)[:2] for character in part)"
c8c780258d406bcb8aee,beIN Sports 4,beinsport4,http://135.125.109.73:9000/beinsport4_.m3u8,https://raw.githubusercontent.com/mazenghannam16/my-iptv-lists/HEAD/super.m3u,UNKNOWN,,TEMPORARY_FAILURE,503,http://135.125.109.73:9000/beinsport4_.m3u8,"{""connection"": ""close"", ""content-length"": ""95"", ""content-type"": ""text/plain"", ""date"": ""Sat, 10 Oct 2026 16:25:01 GMT"", ""server"": ""envoy""}",text/plain,Mixed or insufficient failure evidence: Stream returned HTTP 503; Stream timeout: timed out,,[],
3778231bfa39d49a852c,beIN Sports 4,- 🔘 Bein Sports 4 (Francia) (🇫🇷),http://145.239.5.177/515/index.m3u8,https://raw.githubusercontent.com/miltonja/winsports/HEAD/WINSPORTS,GEO_BLOCKED_OR_FORBIDDEN,,UNKNOWN,403,http://145.239.5.177/515/index.m3u8,"{""access-control-allow-headers"": ""x-vsaas-session, x-no-redirect, origin, authorization, accept, range, content-type, x-add-effective"", ""access-control-allow-methods"": ""GET, PUT, DELETE, OPTIONS"", ""access-control-allow-origin"": ""*"", ""access-control-expose-headers"": ""Server, range, X-Run-Time, X-Sid, Content-Length, Location"", ""connection"": ""close"", ""content-length"": ""1147"", ""date"": ""Sat, 10 Oct 2026 16:29:07 GMT"", ""server"": ""envoy"", ""x-deny-reason"": ""deny_backend"", ""x-envoy-upstream-service-time"": ""351"", ""x-route-time"": ""44343"", ""x-run-time"": ""145""}",unknown,Stream returned HTTP 403,,[],
2a298ecf0d11ec80843a,beIN Sports 4,BEIN SPORT 4,http://163.172.105.25:80/live?channelId=181&uid=2454&deviceMac=00:1A:79:3C:C9:29,https://raw.githubusercontent.com/SulukNew/SMART-IPTV/HEAD/IPTV%20SMART,BROKEN,,UNKNOWN,404,http://163.172.105.25:80/live?channelId=181&uid=2454&deviceMac=00:1A:79:3C:C9:29,"{""connection"": ""close"", ""content-length"": ""276"", ""content-type"": ""text/html; charset=iso-8859-1"", ""date"": ""Sat, 10 Oct 2026 16:24:12 GMT"", ""server"": ""envoy"", ""x-envoy-upstream-service-time"": ""129""}",text/html; charset=iso-8859-1,Stream returned HTTP 404,,"['channelId', 'deviceMac', 'uid']",
3c90e4c2c7d560e6a18f,beIN Sports 4,beIN Sport 4,http://185.93.3.84:5000/play/a01u,https://raw.githubusercontent.com/SulukNew/SMART-IPTV/HEAD/IPTV%20SMART,UNKNOWN,,TEMPORARY_FAILURE,503,http://185.93.3.84:5000/play/a01u,"{""connection"": ""close"", ""content-length"": ""95"", ""content-type"": ""text/plain"", ""date"": ""Sat, 10 Oct 2026 16:24:12 GMT"", ""server"": ""envoy""}",text/plain,Mixed or insufficient failure evidence: Stream returned HTTP 503; Stream returned HTTP 503,,[],
f2fcc734f22e22448847,beIN Sports 4,BEIN SPORTS 4 HD,http://195.128.24.55/[access-controlled],https://raw.githubusercontent.com/mchoumi/mchoumi.github.io/HEAD/IPTVara.m3u,SKIPPED_ACCESS,ACCESS_QUERY_KEYS,UNKNOWN,,,{},NOT_REQUESTED,Credential/token/session-specific published URL; not reusable without access tokens,Find a credential-free distribution or obtain provider documentation. No HTTP request made with copied account/access parameters; subscription/geo status unconfirmed.,"['extension', 'mac', 'play_token', 'stream']","query keys intersect {token,ticket,password,username,mac,play_token,wmsauthsign,hdnts,hdnea,auth}"
b676a8095f52bd2af5b6,beIN Sports 4,beINSport 4,http://195.154.156.28:80/wXQcdtDuYt/zQFbKU48fL/36,https://raw.githubusercontent.com/ajonx/Ambyar-TV/HEAD/Sports.m3u,TIMEOUT,,TEMPORARY_FAILURE,,,{},unknown,Stream timeout: timed out,,[],
aef5271bdb61a1a9659d,beIN Sports 4,BEIN SPORTS 4,http://209.205.221.74:130/R3$3202/3R1W3$32/4175_.m3u8,https://raw.githubusercontent.com/WMF2020/IPTV/HEAD/IPTV,TIMEOUT,,TEMPORARY_FAILURE,,,{},unknown,Stream timeout: timed out,,[],
799dde56ac3a07b45f6f,beIN Sports 4,beIN Sports 4,http://212.224.98.207:2200/EX/bein4hd-ar/index.m3u8?token=,https://gist.githubusercontent.com/motib09/b97539fc67f9a89d5f090359a2d29a9e/raw,TIMEOUT,,TEMPORARY_FAILURE,,,{},unknown,Stream timeout: timed out,,[],
e1351c725db91b0e261c,beIN Sports 4,beIN SPORTS 4 HD,http://2756d46c.akciatv.ru/[access-controlled],https://gist.githubusercontent.com/bdrajgaming654-byte/11d59f64cea2abb66c2b547dd6b9c208/raw,SKIPPED_ACCESS,ACCOUNT_TOKEN_PATH,UNKNOWN,,,{},NOT_REQUESTED,Account-token-shaped IPTV line,Find a credential-free distribution or obtain provider documentation. No HTTP request made with copied account/access parameters; subscription/geo status unconfirmed.,[],"path matches /iptv/[A-Z0-9]{10,}/\d+/"
7d655fd9b326e9711ba9,beIN Sports 4,bein sport 4,http://5.39.70.216/buy-IPTV/sports@fontsbay.com/61.ch?12345678,https://raw.githubusercontent.com/hmemar/husham.com/HEAD/Lists/chimpsmithlist-znE9BaL9.txt,TIMEOUT,,TEMPORARY_FAILURE,,,{},unknown,Stream timeout: timed out,,[],
1b9dd208bbedd4aed3c1,beIN Sports 4,AR: beIN Sports 4 HD,http://54.36.61.6/[access-controlled],https://raw.githubusercontent.com/vraomoturi/smartiptv-playlist/HEAD/sports.m3u,SKIPPED_ACCESS,ACCOUNT_PATH,UNKNOWN,,,{},NOT_REQUESTED,Credential-shaped IPTV line,Find a credential-free distribution or obtain provider documentation. No HTTP request made with copied account/access parameters; subscription/geo status unconfirmed.,[],"re.search(/(?:live|iptv)/[^/]+/[^/]+/\d+(?:[./]|$), path) or re.fullmatch(/[A-Za-z0-9]{6,}/[A-Za-z0-9]{6,}/\d+(?:\.[A-Za-z0-9]+)?/?, path) and any(character.isdigit() for part in path.strip(/).split(/)[:2] for character in part)"
7b8c449a8c2b10ddd364,beIN Sports 4,beIN Sports 4,http://85.237.89.6:9590/ar-s/bein-4-stop-TimeSheft/tracks-v1a1/mono.m3u8,https://t.me/s/connecttechnology?before=9026,BROKEN,,UNKNOWN,404,http://85.237.89.6:9590/ar-s/bein-4-stop-TimeSheft/tracks-v1a1/mono.m3u8,"{""access-control-allow-headers"": ""x-vsaas-session, x-no-redirect, origin, authorization, accept, range, content-type, x-add-effective, session, x-originator, x-sid"", ""access-control-allow-methods"": ""GET, PUT, DELETE, OPTIONS"", ""access-control-allow-origin"": ""*"", ""access-control-expose-headers"": ""Server, range, X-Run-Time, X-Sid, Content-Length, Location"", ""cache-control"": ""no-cache"", ""connection"": ""close"", ""content-length"": ""10"", ""date"": ""Sat, 10 Oct 2026 16:25:28 GMT"", ""pragma"": ""no-cache"", ""server"": ""envoy"", ""x-envoy-upstream-service-time"": ""117""}",unknown,Stream returned HTTP 404,,[],
cc92b52719b44e533fe7,beIN Sports 4,Bein Sport 4,http://95.170.215.101/hls/m3u8/Bein-S4-gf.m3u8,https://raw.githubusercontent.com/m3and88/iptv.m3u/HEAD/khalifa%20alshamsi.m3u,UNKNOWN,,UNKNOWN,407,http://95.170.215.101/hls/m3u8/Bein-S4-gf.m3u8,"{""access-control-allow-headers"": ""DNT,User-Agent,X-Requested-With,If-Modified-Since,Cache-Control,Content-Type,Range"", ""access-control-allow-methods"": ""GET, POST, OPTIONS"", ""access-control-allow-origin"": ""*"", ""access-control-expose-headers"": ""Content-Length,Content-Range"", ""cache-control"": ""no-cache, no-store, must-revalidate"", ""connection"": ""close"", ""content-type"": ""text/plain; charset=ISO-8859-1"", ""date"": ""Sat, 10 Oct 2026 16:25:19 GMT"", ""expires"": ""Sat, 10 Oct 2026 16:25:19 GMT"", ""last-modified"": ""Sat, 10 Oct 2026 16:25:19 GMT"", ""pragma"": ""no-cache"", ""server"": ""envoy"", ""transfer-encoding"": ""chunked"", ""x-envoy-upstream-service-time"": ""189"", ""x-powered-by"": ""PHP/8.1.33""}",text/plain; charset=ISO-8859-1,Mixed or insufficient failure evidence: Stream returned HTTP 407; Stream returned HTTP 407,,[],
526473c225a5097878db,beIN Sports 4,BEIN SPORT 4 HD,http://95.170.215.101/hls/m3u8/Bein-Sport-HD4.m3u8,https://raw.githubusercontent.com/m3and88/iptv.m3u/HEAD/khalifa%20alshamsi.m3u,UNKNOWN,,UNKNOWN,407,http://95.170.215.101/hls/m3u8/Bein-Sport-HD4.m3u8,"{""access-control-allow-headers"": ""DNT,User-Agent,X-Requested-With,If-Modified-Since,Cache-Control,Content-Type,Range"", ""access-control-allow-methods"": ""GET, POST, OPTIONS"", ""access-control-allow-origin"": ""*"", ""access-control-expose-headers"": ""Content-Length,Content-Range"", ""cache-control"": ""no-cache, no-store, must-revalidate"", ""connection"": ""close"", ""content-type"": ""text/plain; charset=ISO-8859-1"", ""date"": ""Sat, 10 Oct 2026 16:25:21 GMT"", ""expires"": ""Sat, 10 Oct 2026 16:25:21 GMT"", ""last-modified"": ""Sat, 10 Oct 2026 16:25:21 GMT"", ""pragma"": ""no-cache"", ""server"": ""envoy"", ""transfer-encoding"": ""chunked"", ""x-envoy-upstream-service-time"": ""198"", ""x-powered-by"": ""PHP/8.1.33""}",text/plain; charset=ISO-8859-1,Mixed or insufficient failure evidence: Stream returned HTTP 407; Stream returned HTTP 407,,[],
20082d78f429dbd6954d,beIN Sports 4,beIN Sports 4 Arab,http://95.170.215.120:80/hls/m3u8/BeinSport4.m3u8,https://raw.githubusercontent.com/m3and88/iptv.m3u/HEAD/khalifa%20alshamsi.m3u,TIMEOUT,,TEMPORARY_FAILURE,,,{},unknown,Stream timeout: timed out,,[],
f8906184dc93ad353266,beIN Sports 4,Bein Sports 4,http://belfast.dyndns.tv:5808/BEINHD4/tracks-v1a1/mono.m3u8,https://raw.githubusercontent.com/idhanmario/iptv/HEAD/README.md,GEO_BLOCKED_OR_FORBIDDEN,,UNKNOWN,403,http://belfast.dyndns.tv:5808/BEINHD4/tracks-v1a1/mono.m3u8,"{""connection"": ""close"", ""content-length"": ""33"", ""content-type"": ""text/plain"", ""date"": ""Sat, 10 Oct 2026 16:24:00 GMT"", ""server"": ""envoy""}",text/plain,Stream returned HTTP 403,,[],
53ce4615431a8cbec872,beIN Sports 4,BEIN SPORTS 4,http://fariszah.myq-see.com/[access-controlled],https://gist.githubusercontent.com/omarufulislam/e5f79ada3a4f8a377c1b5d74347c08fe/raw,SKIPPED_ACCESS,ACCOUNT_PATH,UNKNOWN,,,{},NOT_REQUESTED,Credential-shaped IPTV line,Find a credential-free distribution or obtain provider documentation. No HTTP request made with copied account/access parameters; subscription/geo status unconfirmed.,[],"re.search(/(?:live|iptv)/[^/]+/[^/]+/\d+(?:[./]|$), path) or re.fullmatch(/[A-Za-z0-9]{6,}/[A-Za-z0-9]{6,}/\d+(?:\.[A-Za-z0-9]+)?/?, path) and any(character.isdigit() for part in path.strip(/).split(/)[:2] for character in part)"
659d8523aa531a37435c,beIN Sports 4,BEIN SPORTS 4 *,http://fariszah.myq-see.com/[access-controlled],https://gist.githubusercontent.com/omarufulislam/e5f79ada3a4f8a377c1b5d74347c08fe/raw,SKIPPED_ACCESS,ACCOUNT_PATH,UNKNOWN,,,{},NOT_REQUESTED,Credential-shaped IPTV line,Find a credential-free distribution or obtain provider documentation. No HTTP request made with copied account/access parameters; subscription/geo status unconfirmed.,[],"re.search(/(?:live|iptv)/[^/]+/[^/]+/\d+(?:[./]|$), path) or re.fullmatch(/[A-Za-z0-9]{6,}/[A-Za-z0-9]{6,}/\d+(?:\.[A-Za-z0-9]+)?/?, path) and any(character.isdigit() for part in path.strip(/).split(/)[:2] for character in part)"
aa10abd9611f133ac903,beIN Sports 4,BEIN SPORTS 4 **,http://fariszah.myq-see.com/[access-controlled],https://gist.githubusercontent.com/omarufulislam/e5f79ada3a4f8a377c1b5d74347c08fe/raw,SKIPPED_ACCESS,ACCOUNT_PATH,UNKNOWN,,,{},NOT_REQUESTED,Credential-shaped IPTV line,Find a credential-free distribution or obtain provider documentation. No HTTP request made with copied account/access parameters; subscription/geo status unconfirmed.,[],"re.search(/(?:live|iptv)/[^/]+/[^/]+/\d+(?:[./]|$), path) or re.fullmatch(/[A-Za-z0-9]{6,}/[A-Za-z0-9]{6,}/\d+(?:\.[A-Za-z0-9]+)?/?, path) and any(character.isdigit() for part in path.strip(/).split(/)[:2] for character in part)"
a04b245cf6988e545ad7,beIN Sports 4,beIN SPORTS 4 SD,http://forevertv.me/[access-controlled],https://raw.githubusercontent.com/ktkooot1/Ustream/HEAD/Forever%20Sport.m3u,SKIPPED_ACCESS,ACCOUNT_PATH,UNKNOWN,,,{},NOT_REQUESTED,Credential-shaped IPTV line,Find a credential-free distribution or obtain provider documentation. No HTTP request made with copied account/access parameters; subscription/geo status unconfirmed.,[],"re.search(/(?:live|iptv)/[^/]+/[^/]+/\d+(?:[./]|$), path) or re.fullmatch(/[A-Za-z0-9]{6,}/[A-Za-z0-9]{6,}/\d+(?:\.[A-Za-z0-9]+)?/?, path) and any(character.isdigit() for part in path.strip(/).split(/)[:2] for character in part)"
c7a2030e6f414d043b53,beIN Sports 4,beIN SPORTS 4 4K,http://forevertv.me/[access-controlled],https://raw.githubusercontent.com/ktkooot1/Ustream/HEAD/Forever%20Sport.m3u,SKIPPED_ACCESS,ACCOUNT_PATH,UNKNOWN,,,{},NOT_REQUESTED,Credential-shaped IPTV line,Find a credential-free distribution or obtain provider documentation. No HTTP request made with copied account/access parameters; subscription/geo status unconfirmed.,[],"re.search(/(?:live|iptv)/[^/]+/[^/]+/\d+(?:[./]|$), path) or re.fullmatch(/[A-Za-z0-9]{6,}/[A-Za-z0-9]{6,}/\d+(?:\.[A-Za-z0-9]+)?/?, path) and any(character.isdigit() for part in path.strip(/).split(/)[:2] for character in part)"
29c33b811947cd712522,beIN Sports 4,beIN SPORTS 4 FHD,http://forevertv.me/[access-controlled],https://raw.githubusercontent.com/ktkooot1/Ustream/HEAD/Forever%20Sport.m3u,SKIPPED_ACCESS,ACCOUNT_PATH,UNKNOWN,,,{},NOT_REQUESTED,Credential-shaped IPTV line,Find a credential-free distribution or obtain provider documentation. No HTTP request made with copied account/access parameters; subscription/geo status unconfirmed.,[],"re.search(/(?:live|iptv)/[^/]+/[^/]+/\d+(?:[./]|$), path) or re.fullmatch(/[A-Za-z0-9]{6,}/[A-Za-z0-9]{6,}/\d+(?:\.[A-Za-z0-9]+)?/?, path) and any(character.isdigit() for part in path.strip(/).split(/)[:2] for character in part)"
9b5bc7d7bbd6af32ea51,beIN Sports 4,beIN SPORTS 4 HD,http://forevertv.me/[access-controlled],https://raw.githubusercontent.com/ktkooot1/Ustream/HEAD/Forever%20Sport.m3u,SKIPPED_ACCESS,ACCOUNT_PATH,UNKNOWN,,,{},NOT_REQUESTED,Credential-shaped IPTV line,Find a credential-free distribution or obtain provider documentation. No HTTP request made with copied account/access parameters; subscription/geo status unconfirmed.,[],"re.search(/(?:live|iptv)/[^/]+/[^/]+/\d+(?:[./]|$), path) or re.fullmatch(/[A-Za-z0-9]{6,}/[A-Za-z0-9]{6,}/\d+(?:\.[A-Za-z0-9]+)?/?, path) and any(character.isdigit() for part in path.strip(/).split(/)[:2] for character in part)"
9f8e315a661cad171722,beIN Sports 4,bein sports 4 HD,http://goiptv.co:8080/live:56eed56608b644dbF/ZCjlyc8M9S/2086,https://raw.githubusercontent.com/sasuki2/IPTV/HEAD/NEdaLJB.m3u,GEO_BLOCKED_OR_FORBIDDEN,,AUTH_REQUIRED,401,http://goiptv.co:8080/live:56eed56608b644dbF/ZCjlyc8M9S/2086,"{""access-control-allow-origin"": ""*"", ""cf-cache-status"": ""DYNAMIC"", ""cf-ray"": ""a486fa821c65b07e-ORD"", ""connection"": ""close"", ""content-type"": ""text/html; charset=UTF-8"", ""date"": ""Sat, 10 Oct 2026 16:25:00 GMT"", ""nel"": ""{\""report_to\"":\""cf-nel\"",\""success_fraction\"":0.0,\""max_age\"":604800}"", ""report-to"": ""{\""group\"":\""cf-nel\"",\""max_age\"":604800,\""endpoints\"":[{\""url\"":\""https://a.nel.cloudflare.com/report/v4?s=Q%2BVzehJnxaBR0c8%2F0zwqcMwt%2B9EBEZ3Ww5ipKnqJBO8I03p2wBFS71nJah%2B6y%2Bi1rzK6AzORE9rRys9uCJltvefR4JxBlKnSQLX0HIxEsgNql5c38hRhUFxioK8%3D\""}]}"", ""server"": ""envoy"", ""transfer-encoding"": ""chunked"", ""x-envoy-upstream-service-time"": ""76""}",text/html; charset=UTF-8,Stream returned HTTP 401,,[],
40dcfdb8b068023c4042,beIN Sports 4,bein sports 4 FHD,http://goiptv.co:8080/live:56eed56608b644dbF/ZCjlyc8M9S/5046,https://raw.githubusercontent.com/sasuki2/IPTV/HEAD/NEdaLJB.m3u,GEO_BLOCKED_OR_FORBIDDEN,,AUTH_REQUIRED,401,http://goiptv.co:8080/live:56eed56608b644dbF/ZCjlyc8M9S/5046,"{""access-control-allow-origin"": ""*"", ""cf-cache-status"": ""DYNAMIC"", ""cf-ray"": ""a486fa827fadb7cd-ORD"", ""connection"": ""close"", ""content-type"": ""text/html; charset=UTF-8"", ""date"": ""Sat, 10 Oct 2026 16:25:00 GMT"", ""nel"": ""{\""report_to\"":\""cf-nel\"",\""success_fraction\"":0.0,\""max_age\"":604800}"", ""report-to"": ""{\""group\"":\""cf-nel\"",\""max_age\"":604800,\""endpoints\"":[{\""url\"":\""https://a.nel.cloudflare.com/report/v4?s=79K3vZpxfPdN2mAh7xROf54rYTvZ4RWj0o9yZwqOAIL%2Bb2mwhqv5ESetOEBWl3hLvw1MUYbfUUm1WVuKqihlGsbHYVd4zP4lPm%2FzdgnsoDXXVtKNAgBsQ%2FTMKGo%3D\""}]}"", ""server"": ""envoy"", ""transfer-encoding"": ""chunked"", ""x-envoy-upstream-service-time"": ""60""}",text/html; charset=UTF-8,Stream returned HTTP 401,,[],
4188d5cfd833cbc7429a,beIN Sports 4,AR | BEIN SPORTS 4 FHD,http://goldenplayerz.xyz/[access-controlled],https://raw.githubusercontent.com/siksa40/xPola-Player/HEAD/novaler-bein.m3u,SKIPPED_ACCESS,ACCOUNT_PATH,UNKNOWN,,,{},NOT_REQUESTED,Credential-shaped IPTV line,Find a credential-free distribution or obtain provider documentation. No HTTP request made with copied account/access parameters; subscription/geo status unconfirmed.,[],"re.search(/(?:live|iptv)/[^/]+/[^/]+/\d+(?:[./]|$), path) or re.fullmatch(/[A-Za-z0-9]{6,}/[A-Za-z0-9]{6,}/\d+(?:\.[A-Za-z0-9]+)?/?, path) and any(character.isdigit() for part in path.strip(/).split(/)[:2] for character in part)"
7eae059cd361ee795046,beIN Sports 4,Bein Sports 4,http://goldenplayerz.xyz/[access-controlled],https://raw.githubusercontent.com/siksa40/xPola-Player/HEAD/novaler-bein.m3u,SKIPPED_ACCESS,ACCOUNT_PATH,UNKNOWN,,,{},NOT_REQUESTED,Credential-shaped IPTV line,Find a credential-free distribution or obtain provider documentation. No HTTP request made with copied account/access parameters; subscription/geo status unconfirmed.,[],"re.search(/(?:live|iptv)/[^/]+/[^/]+/\d+(?:[./]|$), path) or re.fullmatch(/[A-Za-z0-9]{6,}/[A-Za-z0-9]{6,}/\d+(?:\.[A-Za-z0-9]+)?/?, path) and any(character.isdigit() for part in path.strip(/).split(/)[:2] for character in part)"
e7197e14ea5b6cf20327,beIN Sports 4,BEIN SPORTS 4 (Live),http://iptv.nonland.net:8080/KING_IPTV_xui/QtChUjfXPF/10645,https://raw.githubusercontent.com/yoyo82520/huaiptv/HEAD/MiTV.m3u,GEO_BLOCKED_OR_FORBIDDEN,,AUTH_REQUIRED,401,http://iptv.nonland.net:8080/KING_IPTV_xui/QtChUjfXPF/10645,"{""access-control-allow-origin"": ""*"", ""connection"": ""close"", ""content-type"": ""text/html; charset=UTF-8"", ""date"": ""Sat, 10 Oct 2026 16:29:48 GMT"", ""server"": ""envoy"", ""transfer-encoding"": ""chunked"", ""x-envoy-upstream-service-time"": ""446""}",text/html; charset=UTF-8,Stream returned HTTP 401,,[],
5fa7b26577f656149760,beIN Sports 4,BEIN SPORT 4,http://iptv.nonland.net:8080/KING_IPTV_xui/QtChUjfXPF/1316,https://raw.githubusercontent.com/yoyo82520/huaiptv/HEAD/MiTV.m3u,GEO_BLOCKED_OR_FORBIDDEN,,AUTH_REQUIRED,401,http://iptv.nonland.net:8080/KING_IPTV_xui/QtChUjfXPF/1316,"{""access-control-allow-origin"": ""*"", ""connection"": ""close"", ""content-type"": ""text/html; charset=UTF-8"", ""date"": ""Sat, 10 Oct 2026 16:29:48 GMT"", ""server"": ""envoy"", ""transfer-encoding"": ""chunked"", ""x-envoy-upstream-service-time"": ""549""}",text/html; charset=UTF-8,Stream returned HTTP 401,,[],
d6e14dcda1e040a3c25f,beIN Sports 4,BEIN Sport 4ᴴᴰ,http://iptv.nonland.net:8080/KING_IPTV_xui/QtChUjfXPF/20069,https://raw.githubusercontent.com/yoyo82520/huaiptv/HEAD/MiTV.m3u,GEO_BLOCKED_OR_FORBIDDEN,,AUTH_REQUIRED,401,http://iptv.nonland.net:8080/KING_IPTV_xui/QtChUjfXPF/20069,"{""access-control-allow-origin"": ""*"", ""connection"": ""close"", ""content-type"": ""text/html; charset=UTF-8"", ""date"": ""Sat, 10 Oct 2026 16:29:48 GMT"", ""server"": ""envoy"", ""transfer-encoding"": ""chunked"", ""x-envoy-upstream-service-time"": ""364""}",text/html; charset=UTF-8,Stream returned HTTP 401,,[],
c312f2ab64774aaac8e0,beIN Sports 4,BEIN SPORTS 4 HD,http://iptv.nonland.net:8080/KING_IPTV_xui/QtChUjfXPF/38797,https://raw.githubusercontent.com/yoyo82520/huaiptv/HEAD/MiTV.m3u,GEO_BLOCKED_OR_FORBIDDEN,,AUTH_REQUIRED,401,http://iptv.nonland.net:8080/KING_IPTV_xui/QtChUjfXPF/38797,"{""access-control-allow-origin"": ""*"", ""connection"": ""close"", ""content-type"": ""text/html; charset=UTF-8"", ""date"": ""Sat, 10 Oct 2026 16:29:49 GMT"", ""server"": ""envoy"", ""transfer-encoding"": ""chunked"", ""x-envoy-upstream-service-time"": ""636""}",text/html; charset=UTF-8,Stream returned HTTP 401,,[],
a294408eb34370cb6d85,beIN Sports 4,BEIN SPORTS 4 HD,http://iptv.nonland.net:8080/KING_IPTV_xui/QtChUjfXPF/38799,https://raw.githubusercontent.com/yoyo82520/huaiptv/HEAD/MiTV.m3u,GEO_BLOCKED_OR_FORBIDDEN,,AUTH_REQUIRED,503,http://iptv.nonland.net:8080/KING_IPTV_xui/QtChUjfXPF/38799,"{""connection"": ""close"", ""content-length"": ""190"", ""content-type"": ""text/html"", ""date"": ""Sat, 10 Oct 2026 16:29:48 GMT"", ""server"": ""envoy"", ""x-envoy-upstream-service-time"": ""258""}",text/html,Stream returned HTTP 401,,[],
07e6299c25e76fad36c4,beIN Sports 4,BEIN SPORTS 4 | HD,http://iptv.nonland.net:8080/KING_IPTV_xui/QtChUjfXPF/46935,https://raw.githubusercontent.com/yoyo82520/huaiptv/HEAD/MiTV.m3u,GEO_BLOCKED_OR_FORBIDDEN,,AUTH_REQUIRED,401,http://iptv.nonland.net:8080/KING_IPTV_xui/QtChUjfXPF/46935,"{""access-control-allow-origin"": ""*"", ""connection"": ""close"", ""content-type"": ""text/html; charset=UTF-8"", ""date"": ""Sat, 10 Oct 2026 16:29:49 GMT"", ""server"": ""envoy"", ""transfer-encoding"": ""chunked"", ""x-envoy-upstream-service-time"": ""524""}",text/html; charset=UTF-8,Stream returned HTTP 401,,[],
bfafaca340e8a501d28c,beIN Sports 4,BEIN Sports 4,http://iptv.nonland.net:8080/KING_IPTV_xui/QtChUjfXPF/47508,https://raw.githubusercontent.com/yoyo82520/huaiptv/HEAD/MiTV.m3u,GEO_BLOCKED_OR_FORBIDDEN,,AUTH_REQUIRED,401,http://iptv.nonland.net:8080/KING_IPTV_xui/QtChUjfXPF/47508,"{""access-control-allow-origin"": ""*"", ""connection"": ""close"", ""content-type"": ""text/html; charset=UTF-8"", ""date"": ""Sat, 10 Oct 2026 16:29:49 GMT"", ""server"": ""envoy"", ""transfer-encoding"": ""chunked"", ""x-envoy-upstream-service-time"": ""540""}",text/html; charset=UTF-8,Stream returned HTTP 401,,[],
5e8b35996009a8d4aba1,beIN Sports 4,BEIN SPORTS 4,http://iptv.nonland.net:8080/KING_IPTV_xui/QtChUjfXPF/7343,https://raw.githubusercontent.com/yoyo82520/huaiptv/HEAD/MiTV.m3u,GEO_BLOCKED_OR_FORBIDDEN,,AUTH_REQUIRED,401,http://iptv.nonland.net:8080/KING_IPTV_xui/QtChUjfXPF/7343,"{""access-control-allow-origin"": ""*"", ""connection"": ""close"", ""content-type"": ""text/html; charset=UTF-8"", ""date"": ""Sat, 10 Oct 2026 16:29:50 GMT"", ""server"": ""envoy"", ""transfer-encoding"": ""chunked"", ""x-envoy-upstream-service-time"": ""649""}",text/html; charset=UTF-8,Stream returned HTTP 401,,[],
49536220f04e5e0e6e34,beIN Sports 4,beIN SPORTS 4 4K,http://ktv.im/[access-controlled],https://raw.githubusercontent.com/thermaxy/t/HEAD/e.m3u,SKIPPED_ACCESS,ACCOUNT_PATH,UNKNOWN,,,{},NOT_REQUESTED,Credential-shaped IPTV line,Find a credential-free distribution or obtain provider documentation. No HTTP request made with copied account/access parameters; subscription/geo status unconfirmed.,[],"re.search(/(?:live|iptv)/[^/]+/[^/]+/\d+(?:[./]|$), path) or re.fullmatch(/[A-Za-z0-9]{6,}/[A-Za-z0-9]{6,}/\d+(?:\.[A-Za-z0-9]+)?/?, path) and any(character.isdigit() for part in path.strip(/).split(/)[:2] for character in part)"
b2da73eac5c729b6a4e8,beIN Sports 4,BEIN SPORTS 4,http://laurakaren.serv00.net/TRGoals.php?ID=yayinb4&e=.m3u8,https://raw.githubusercontent.com/proefem/titel1/HEAD/TRFTR,GEO_BLOCKED_OR_FORBIDDEN,,UNKNOWN,403,http://laurakaren.serv00.net/TRGoals.php?ID=yayinb4&e=.m3u8,"{""connection"": ""close"", ""content-length"": ""2625"", ""content-type"": ""text/html"", ""date"": ""Sat, 10 Oct 2026 16:24:22 GMT"", ""etag"": ""\""6695c3fb-a41\"""", ""server"": ""envoy"", ""x-envoy-upstream-service-time"": ""151""}",text/html,Stream returned HTTP 403,,"['ID', 'e']",
b2da73eac5c729b6a4e8,beIN Sports 4,BEIN SPORTS 4,http://laurakaren.serv00.net/TRGoals.php?ID=yayinb4&e=.m3u8,https://raw.githubusercontent.com/proefem/titel1/HEAD/TRFTR,GEO_BLOCKED_OR_FORBIDDEN,,UNKNOWN,403,http://laurakaren.serv00.net/TRGoals.php?ID=yayinb4&e=.m3u8,"{""connection"": ""close"", ""content-length"": ""2625"", ""content-type"": ""text/html"", ""date"": ""Sat, 10 Oct 2026 16:24:22 GMT"", ""etag"": ""\""6695c3fb-a41\"""", ""server"": ""envoy"", ""x-envoy-upstream-service-time"": ""157""}",text/html,Stream returned HTTP 403,,"['ID', 'e']",
e665bf0c135a643f5e8f,beIN Sports 4,┃AR┃ BEIN SPORTS 4,http://line.goattv-ott.xyz/[access-controlled],https://gist.githubusercontent.com/Xo-Richie-Baldeo-oX/ac1a002b5c442908f134dd4958579ec2/raw,SKIPPED_ACCESS,ACCESS_QUERY_KEYS,UNKNOWN,,,{},NOT_REQUESTED,Credential/token/session-specific published URL; not reusable without access tokens,Find a credential-free distribution or obtain provider documentation. No HTTP request made with copied account/access parameters; subscription/geo status unconfirmed.,"['extension', 'mac', 'play_token', 'stream']","query keys intersect {token,ticket,password,username,mac,play_token,wmsauthsign,hdnts,hdnea,auth}"
45ee5ab8136425ce63a7,beIN Sports 4,┃AR┃ BEIN SPORTS 4 UHD,http://line.goattv-ott.xyz/[access-controlled],https://gist.githubusercontent.com/Xo-Richie-Baldeo-oX/ac1a002b5c442908f134dd4958579ec2/raw,SKIPPED_ACCESS,ACCESS_QUERY_KEYS,UNKNOWN,,,{},NOT_REQUESTED,Credential/token/session-specific published URL; not reusable without access tokens,Find a credential-free distribution or obtain provider documentation. No HTTP request made with copied account/access parameters; subscription/geo status unconfirmed.,"['extension', 'mac', 'play_token', 'stream']","query keys intersect {token,ticket,password,username,mac,play_token,wmsauthsign,hdnts,hdnea,auth}"
f3e9500ef6695d791e36,beIN Sports 4,bein Sport 4 HD,http://line.sweet-4k.cc/[access-controlled],https://raw.githubusercontent.com/proefem/titel1/HEAD/TRFTR,SKIPPED_ACCESS,ACCOUNT_PATH,UNKNOWN,,,{},NOT_REQUESTED,Credential-shaped IPTV line,Find a credential-free distribution or obtain provider documentation. No HTTP request made with copied account/access parameters; subscription/geo status unconfirmed.,[],"re.search(/(?:live|iptv)/[^/]+/[^/]+/\d+(?:[./]|$), path) or re.fullmatch(/[A-Za-z0-9]{6,}/[A-Za-z0-9]{6,}/\d+(?:\.[A-Za-z0-9]+)?/?, path) and any(character.isdigit() for part in path.strip(/).split(/)[:2] for character in part)"
f504efcf22a1fd3e7c60,beIN Sports 4,bein Sport 4 SD,http://line.sweet-4k.cc/[access-controlled],https://raw.githubusercontent.com/proefem/titel1/HEAD/TRFTR,SKIPPED_ACCESS,ACCOUNT_PATH,UNKNOWN,,,{},NOT_REQUESTED,Credential-shaped IPTV line,Find a credential-free distribution or obtain provider documentation. No HTTP request made with copied account/access parameters; subscription/geo status unconfirmed.,[],"re.search(/(?:live|iptv)/[^/]+/[^/]+/\d+(?:[./]|$), path) or re.fullmatch(/[A-Za-z0-9]{6,}/[A-Za-z0-9]{6,}/\d+(?:\.[A-Za-z0-9]+)?/?, path) and any(character.isdigit() for part in path.strip(/).split(/)[:2] for character in part)"
e06041e4c2b43f8bdaf0,beIN Sports 4,bein Sport 4 FHD,http://line.sweet-4k.cc/[access-controlled],https://raw.githubusercontent.com/proefem/titel1/HEAD/TRFTR,SKIPPED_ACCESS,ACCOUNT_PATH,UNKNOWN,,,{},NOT_REQUESTED,Credential-shaped IPTV line,Find a credential-free distribution or obtain provider documentation. No HTTP request made with copied account/access parameters; subscription/geo status unconfirmed.,[],"re.search(/(?:live|iptv)/[^/]+/[^/]+/\d+(?:[./]|$), path) or re.fullmatch(/[A-Za-z0-9]{6,}/[A-Za-z0-9]{6,}/\d+(?:\.[A-Za-z0-9]+)?/?, path) and any(character.isdigit() for part in path.strip(/).split(/)[:2] for character in part)"
ba334da4d96bb6a37fc5,beIN Sports 4,bein sports 4,http://listatv.cf/prem.php?id=beinsports4&tk=january&f=.m3u8,https://raw.githubusercontent.com/TVCABLEAR/VIP/HEAD/PAIS/USA/2018-USA.m3u,GEO_BLOCKED_OR_FORBIDDEN,,UNKNOWN,403,http://listatv.cf/prem.php?id=beinsports4&tk=january&f=.m3u8,"{""connection"": ""close"", ""content-length"": ""33"", ""content-type"": ""text/plain"", ""date"": ""Sat, 10 Oct 2026 16:30:07 GMT"", ""server"": ""envoy""}",text/plain,Stream returned HTTP 403,,"['f', 'id', 'tk']",
d40f1f56b23094b6b988,beIN Sports 4,Bein Sports 4,http://livetv.grabdeal.xyz/beinsport4,https://raw.githubusercontent.com/ajonx/Ambyar-TV/HEAD/Sports.m3u,BROKEN,,UNKNOWN,200,https://livetv.grabdeal.xyz/beinsport4,"{""alt-svc"": ""h3=\"":443\""; ma=86400"", ""cf-cache-status"": ""DYNAMIC"", ""cf-ray"": ""a486facf3fa06881-ORD"", ""connection"": ""close"", ""content-type"": ""text/html; charset=UTF-8"", ""date"": ""Sat, 10 Oct 2026 16:25:12 GMT"", ""nel"": ""{\""report_to\"":\""cf-nel\"",\""success_fraction\"":0.0,\""max_age\"":604800}"", ""report-to"": ""{\""group\"":\""cf-nel\"",\""max_age\"":604800,\""endpoints\"":[{\""url\"":\""https://a.nel.cloudflare.com/report/v4?s=07t3oUtzB8rqlJZ%2FqXUggb7%2BHYeSmmFEU%2B3o8CJPpEtUtzBmXcIcnfB1SYDCikuGR3W4Q4dTucQ3kgRIgVb0MHqjcJFn0qDUs%2FBg3vUiicscOt%2BQ9afUw10QyAh%2FZ0tsx8NYgnEh\""}]}"", ""server"": ""envoy"", ""transfer-encoding"": ""chunked"", ""vary"": ""accept-encoding"", ""x-envoy-upstream-service-time"": ""71"", ""x-powered-by"": ""Nginx""}",text/html; charset=UTF-8,Response was not a recognized playlist or media stream,,[],
f72014590e2dd6036bff,beIN Sports 4,BEIN SPORTS 4 SD,http://m1.webvps.de/[access-controlled],https://raw.githubusercontent.com/mchoumi/mchoumi.github.io/HEAD/IPTVsports.m3u,SKIPPED_ACCESS,ACCOUNT_PATH,UNKNOWN,,,{},NOT_REQUESTED,Credential-shaped IPTV line,Find a credential-free distribution or obtain provider documentation. No HTTP request made with copied account/access parameters; subscription/geo status unconfirmed.,[],"re.search(/(?:live|iptv)/[^/]+/[^/]+/\d+(?:[./]|$), path) or re.fullmatch(/[A-Za-z0-9]{6,}/[A-Za-z0-9]{6,}/\d+(?:\.[A-Za-z0-9]+)?/?, path) and any(character.isdigit() for part in path.strip(/).split(/)[:2] for character in part)"
52fceb5ac6a80d559cc8,beIN Sports 4,BEIN SPORTS 4 HD,http://m1.webvps.de/[access-controlled],https://raw.githubusercontent.com/mchoumi/mchoumi.github.io/HEAD/IPTVsports.m3u,SKIPPED_ACCESS,ACCOUNT_PATH,UNKNOWN,,,{},NOT_REQUESTED,Credential-shaped IPTV line,Find a credential-free distribution or obtain provider documentation. No HTTP request made with copied account/access parameters; subscription/geo status unconfirmed.,[],"re.search(/(?:live|iptv)/[^/]+/[^/]+/\d+(?:[./]|$), path) or re.fullmatch(/[A-Za-z0-9]{6,}/[A-Za-z0-9]{6,}/\d+(?:\.[A-Za-z0-9]+)?/?, path) and any(character.isdigit() for part in path.strip(/).split(/)[:2] for character in part)"
71f2e5d9f9bc31667174,beIN Sports 4,BEIN SPORTS 4 FHD,http://m1.webvps.de/[access-controlled],https://raw.githubusercontent.com/mchoumi/mchoumi.github.io/HEAD/IPTVsports.m3u,SKIPPED_ACCESS,ACCOUNT_PATH,UNKNOWN,,,{},NOT_REQUESTED,Credential-shaped IPTV line,Find a credential-free distribution or obtain provider documentation. No HTTP request made with copied account/access parameters; subscription/geo status unconfirmed.,[],"re.search(/(?:live|iptv)/[^/]+/[^/]+/\d+(?:[./]|$), path) or re.fullmatch(/[A-Za-z0-9]{6,}/[A-Za-z0-9]{6,}/\d+(?:\.[A-Za-z0-9]+)?/?, path) and any(character.isdigit() for part in path.strip(/).split(/)[:2] for character in part)"
caaeca7ba8065906ada9,beIN Sports 4,BEIN SPORTS 4 FHD 4K,http://m1.webvps.de/[access-controlled],https://raw.githubusercontent.com/mchoumi/mchoumi.github.io/HEAD/IPTVsports.m3u,SKIPPED_ACCESS,ACCOUNT_PATH,UNKNOWN,,,{},NOT_REQUESTED,Credential-shaped IPTV line,Find a credential-free distribution or obtain provider documentation. No HTTP request made with copied account/access parameters; subscription/geo status unconfirmed.,[],"re.search(/(?:live|iptv)/[^/]+/[^/]+/\d+(?:[./]|$), path) or re.fullmatch(/[A-Za-z0-9]{6,}/[A-Za-z0-9]{6,}/\d+(?:\.[A-Za-z0-9]+)?/?, path) and any(character.isdigit() for part in path.strip(/).split(/)[:2] for character in part)"
e55e83f588696437e503,beIN Sports 4,[FR] beinsports4,http://master2.ipfox.online/[access-controlled],https://raw.githubusercontent.com/jifat1980/Channels-List/HEAD/Sport/kili-beINSPORTS-Fr.m3u,SKIPPED_ACCESS,ACCOUNT_PATH,UNKNOWN,,,{},NOT_REQUESTED,Credential-shaped IPTV line,Find a credential-free distribution or obtain provider documentation. No HTTP request made with copied account/access parameters; subscription/geo status unconfirmed.,[],"re.search(/(?:live|iptv)/[^/]+/[^/]+/\d+(?:[./]|$), path) or re.fullmatch(/[A-Za-z0-9]{6,}/[A-Za-z0-9]{6,}/\d+(?:\.[A-Za-z0-9]+)?/?, path) and any(character.isdigit() for part in path.strip(/).split(/)[:2] for character in part)"
cad9e72faf6369a67407,beIN Sports 4,Bein Sports - 4 HD,http://platin4k.eu:80/eagleiptv/SsFAljPDDi/1804,https://raw.githubusercontent.com/BahyOsama/dinurunn/HEAD/oo.m3u,TIMEOUT,,TEMPORARY_FAILURE,,,{},unknown,Stream timeout: timed out,,[],
d89f87734a00602aac9e,beIN Sports 4,beIN Sports 4HD,http://s.showplustv.pro/[access-controlled],https://raw.githubusercontent.com/ktkooot1/Ustream/HEAD/Showplus%20Sport.m3u,SKIPPED_ACCESS,ACCOUNT_PATH,UNKNOWN,,,{},NOT_REQUESTED,Credential-shaped IPTV line,Find a credential-free distribution or obtain provider documentation. No HTTP request made with copied account/access parameters; subscription/geo status unconfirmed.,[],"re.search(/(?:live|iptv)/[^/]+/[^/]+/\d+(?:[./]|$), path) or re.fullmatch(/[A-Za-z0-9]{6,}/[A-Za-z0-9]{6,}/\d+(?:\.[A-Za-z0-9]+)?/?, path) and any(character.isdigit() for part in path.strip(/).split(/)[:2] for character in part)"
85a5f471923a4bc12fe2,beIN Sports 4,Bein Sports HD4 (H.265),http://s.showplustv.pro/[access-controlled],https://raw.githubusercontent.com/ktkooot1/Ustream/HEAD/Showplus%20Sport.m3u,SKIPPED_ACCESS,ACCOUNT_PATH,UNKNOWN,,,{},NOT_REQUESTED,Credential-shaped IPTV line,Find a credential-free distribution or obtain provider documentation. No HTTP request made with copied account/access parameters; subscription/geo status unconfirmed.,[],"re.search(/(?:live|iptv)/[^/]+/[^/]+/\d+(?:[./]|$), path) or re.fullmatch(/[A-Za-z0-9]{6,}/[A-Za-z0-9]{6,}/\d+(?:\.[A-Za-z0-9]+)?/?, path) and any(character.isdigit() for part in path.strip(/).split(/)[:2] for character in part)"
182d0732b3f1a157a089,beIN Sports 4,beIN Sports 4 4K (H265),http://s.showplustv.pro/[access-controlled],https://raw.githubusercontent.com/ktkooot1/Ustream/HEAD/Showplus%20Sport.m3u,SKIPPED_ACCESS,ACCOUNT_PATH,UNKNOWN,,,{},NOT_REQUESTED,Credential-shaped IPTV line,Find a credential-free distribution or obtain provider documentation. No HTTP request made with copied account/access parameters; subscription/geo status unconfirmed.,[],"re.search(/(?:live|iptv)/[^/]+/[^/]+/\d+(?:[./]|$), path) or re.fullmatch(/[A-Za-z0-9]{6,}/[A-Za-z0-9]{6,}/\d+(?:\.[A-Za-z0-9]+)?/?, path) and any(character.isdigit() for part in path.strip(/).split(/)[:2] for character in part)"
70cbfb1a0320362abff5,beIN Sports 4,beIN SPORTS 4 4K,http://sansatplus.net/[access-controlled],https://raw.githubusercontent.com/raid35/channel-links/HEAD/arab.m3u,SKIPPED_ACCESS,ACCOUNT_PATH,UNKNOWN,,,{},NOT_REQUESTED,Credential-shaped IPTV line,Find a credential-free distribution or obtain provider documentation. No HTTP request made with copied account/access parameters; subscription/geo status unconfirmed.,[],"re.search(/(?:live|iptv)/[^/]+/[^/]+/\d+(?:[./]|$), path) or re.fullmatch(/[A-Za-z0-9]{6,}/[A-Za-z0-9]{6,}/\d+(?:\.[A-Za-z0-9]+)?/?, path) and any(character.isdigit() for part in path.strip(/).split(/)[:2] for character in part)"
e4c50432a725a0a35c0d,beIN Sports 4,BeIn Sports 4 HD,http://satyrnsat.dyndns.org/[access-controlled],https://gist.githubusercontent.com/ItsRandall/3119615c8b4732d7b56e5217d66edbab/raw,SKIPPED_ACCESS,ACCOUNT_PATH,UNKNOWN,,,{},NOT_REQUESTED,Credential-shaped IPTV line,Find a credential-free distribution or obtain provider documentation. No HTTP request made with copied account/access parameters; subscription/geo status unconfirmed.,[],"re.search(/(?:live|iptv)/[^/]+/[^/]+/\d+(?:[./]|$), path) or re.fullmatch(/[A-Za-z0-9]{6,}/[A-Za-z0-9]{6,}/\d+(?:\.[A-Za-z0-9]+)?/?, path) and any(character.isdigit() for part in path.strip(/).split(/)[:2] for character in part)"
f253d63559092bcdc6e9,beIN Sports 4,BEIN SPORTS 4 4K,http://sky-tv.org/[access-controlled],https://raw.githubusercontent.com/mchoumi/mchoumi.github.io/HEAD/IPTVara.m3u,SKIPPED_ACCESS,ACCOUNT_PATH,UNKNOWN,,,{},NOT_REQUESTED,Credential-shaped IPTV line,Find a credential-free distribution or obtain provider documentation. No HTTP request made with copied account/access parameters; subscription/geo status unconfirmed.,[],"re.search(/(?:live|iptv)/[^/]+/[^/]+/\d+(?:[./]|$), path) or re.fullmatch(/[A-Za-z0-9]{6,}/[A-Za-z0-9]{6,}/\d+(?:\.[A-Za-z0-9]+)?/?, path) and any(character.isdigit() for part in path.strip(/).split(/)[:2] for character in part)"
afb8f33f497d7cbf46eb,beIN Sports 4,1080-Bein Sports 4,http://stream.mytvplus.net:7005/sport/ch4/ch4_1080.m3u8,https://gist.githubusercontent.com/mohannad-art/1f08bae8819eb6ced114bc5fd9920dac/raw,GEO_BLOCKED_OR_FORBIDDEN,,UNKNOWN,403,http://stream.mytvplus.net:7005/sport/ch4/ch4_1080.m3u8,"{""connection"": ""close"", ""content-length"": ""33"", ""content-type"": ""text/plain"", ""date"": ""Sat, 10 Oct 2026 16:24:01 GMT"", ""server"": ""envoy""}",text/plain,Stream returned HTTP 403,,[],
959773189ecb344494fe,beIN Sports 4,720-Bein Sports 4,http://stream.mytvplus.net:7005/sport/ch4/ch4_720.m3u8,https://gist.githubusercontent.com/mohannad-art/1f08bae8819eb6ced114bc5fd9920dac/raw,GEO_BLOCKED_OR_FORBIDDEN,,UNKNOWN,403,http://stream.mytvplus.net:7005/sport/ch4/ch4_720.m3u8,"{""connection"": ""close"", ""content-length"": ""33"", ""content-type"": ""text/plain"", ""date"": ""Sat, 10 Oct 2026 16:24:01 GMT"", ""server"": ""envoy""}",text/plain,Stream returned HTTP 403,,[],
d07010abde58d83371a0,beIN Sports 4,Bein Sports 4ᴴᴰ,http://tr.redatvgold.com/[access-controlled],https://gist.githubusercontent.com/R03nDL03n1/e3f461a6e39f8bdc3e9bf96df638fd44/raw,SKIPPED_ACCESS,ACCESS_QUERY_KEYS,UNKNOWN,,,{},NOT_REQUESTED,Credential/token/session-specific published URL; not reusable without access tokens,Find a credential-free distribution or obtain provider documentation. No HTTP request made with copied account/access parameters; subscription/geo status unconfirmed.,"['extension', 'mac', 'stream']","query keys intersect {token,ticket,password,username,mac,play_token,wmsauthsign,hdnts,hdnea,auth}"
e03dc54c4decb01c9c4a,beIN Sports 4,beIN SPORTS 4 HD,http://tv.startseven.tn/[access-controlled],https://raw.githubusercontent.com/raid35/channel-links/HEAD/ALWAN.m3u,SKIPPED_ACCESS,ACCOUNT_PATH,UNKNOWN,,,{},NOT_REQUESTED,Credential-shaped IPTV line,Find a credential-free distribution or obtain provider documentation. No HTTP request made with copied account/access parameters; subscription/geo status unconfirmed.,[],"re.search(/(?:live|iptv)/[^/]+/[^/]+/\d+(?:[./]|$), path) or re.fullmatch(/[A-Za-z0-9]{6,}/[A-Za-z0-9]{6,}/\d+(?:\.[A-Za-z0-9]+)?/?, path) and any(character.isdigit() for part in path.strip(/).split(/)[:2] for character in part)"
e5092e6c65be4e4f3031,beIN Sports 4,beIN SPORTS 4 HD,http://u.goldeniptv.com/[access-controlled],https://raw.githubusercontent.com/raid35/channel-links/HEAD/arab.m3u,SKIPPED_ACCESS,ACCOUNT_PATH,UNKNOWN,,,{},NOT_REQUESTED,Credential-shaped IPTV line,Find a credential-free distribution or obtain provider documentation. No HTTP request made with copied account/access parameters; subscription/geo status unconfirmed.,[],"re.search(/(?:live|iptv)/[^/]+/[^/]+/\d+(?:[./]|$), path) or re.fullmatch(/[A-Za-z0-9]{6,}/[A-Za-z0-9]{6,}/\d+(?:\.[A-Za-z0-9]+)?/?, path) and any(character.isdigit() for part in path.strip(/).split(/)[:2] for character in part)"
bf6f06d5b417b12948b6,beIN Sports 4,BEIN SPORTS 4 SD,http://vpn.modetv.ink/[access-controlled],https://raw.githubusercontent.com/mchoumi/mchoumi.github.io/HEAD/IPTVara.m3u,SKIPPED_ACCESS,ACCESS_QUERY_KEYS,UNKNOWN,,,{},NOT_REQUESTED,Credential/token/session-specific published URL; not reusable without access tokens,Find a credential-free distribution or obtain provider documentation. No HTTP request made with copied account/access parameters; subscription/geo status unconfirmed.,"['extension', 'mac', 'play_token', 'stream']","query keys intersect {token,ticket,password,username,mac,play_token,wmsauthsign,hdnts,hdnea,auth}"
c69fdcfb6567521ac10a,beIN Sports 4, beIN Sports 4,http://vpro.viptvclub.com/[access-controlled],https://raw.githubusercontent.com/yoyo82520/huaiptv/HEAD/HuaTV.m3u,SKIPPED_ACCESS,ACCOUNT_PATH,UNKNOWN,,,{},NOT_REQUESTED,Credential-shaped IPTV line,Find a credential-free distribution or obtain provider documentation. No HTTP request made with copied account/access parameters; subscription/geo status unconfirmed.,[],"re.search(/(?:live|iptv)/[^/]+/[^/]+/\d+(?:[./]|$), path) or re.fullmatch(/[A-Za-z0-9]{6,}/[A-Za-z0-9]{6,}/\d+(?:\.[A-Za-z0-9]+)?/?, path) and any(character.isdigit() for part in path.strip(/).split(/)[:2] for character in part)"
d150d6d35c2846984ddb,beIN Sports 4, beIN Sports 4 ᴴᴰ,http://vpro.viptvclub.com/[access-controlled],https://raw.githubusercontent.com/yoyo82520/huaiptv/HEAD/HuaTV.m3u,SKIPPED_ACCESS,ACCOUNT_PATH,UNKNOWN,,,{},NOT_REQUESTED,Credential-shaped IPTV line,Find a credential-free distribution or obtain provider documentation. No HTTP request made with copied account/access parameters; subscription/geo status unconfirmed.,[],"re.search(/(?:live|iptv)/[^/]+/[^/]+/\d+(?:[./]|$), path) or re.fullmatch(/[A-Za-z0-9]{6,}/[A-Za-z0-9]{6,}/\d+(?:\.[A-Za-z0-9]+)?/?, path) and any(character.isdigit() for part in path.strip(/).split(/)[:2] for character in part)"
d956e4c3900c92f9f0df,beIN Sports 4, beIN Sports 4 ᴴᴰ*,http://vpro.viptvclub.com/[access-controlled],https://raw.githubusercontent.com/yoyo82520/huaiptv/HEAD/HuaTV.m3u,SKIPPED_ACCESS,ACCOUNT_PATH,UNKNOWN,,,{},NOT_REQUESTED,Credential-shaped IPTV line,Find a credential-free distribution or obtain provider documentation. No HTTP request made with copied account/access parameters; subscription/geo status unconfirmed.,[],"re.search(/(?:live|iptv)/[^/]+/[^/]+/\d+(?:[./]|$), path) or re.fullmatch(/[A-Za-z0-9]{6,}/[A-Za-z0-9]{6,}/\d+(?:\.[A-Za-z0-9]+)?/?, path) and any(character.isdigit() for part in path.strip(/).split(/)[:2] for character in part)"
dc2f8275fdeb21c07a6a,beIN Sports 4, beIN Sports 4¹⁰⁸⁰ᵖ 4K,http://vpro.viptvclub.com/[access-controlled],https://raw.githubusercontent.com/yoyo82520/huaiptv/HEAD/HuaTV.m3u,SKIPPED_ACCESS,ACCOUNT_PATH,UNKNOWN,,,{},NOT_REQUESTED,Credential-shaped IPTV line,Find a credential-free distribution or obtain provider documentation. No HTTP request made with copied account/access parameters; subscription/geo status unconfirmed.,[],"re.search(/(?:live|iptv)/[^/]+/[^/]+/\d+(?:[./]|$), path) or re.fullmatch(/[A-Za-z0-9]{6,}/[A-Za-z0-9]{6,}/\d+(?:\.[A-Za-z0-9]+)?/?, path) and any(character.isdigit() for part in path.strip(/).split(/)[:2] for character in part)"
9398a2f1d0a0ec592594,beIN Sports 4,BEIN SPORTS 4 [AR],http://xown.site/[access-controlled],https://raw.githubusercontent.com/bugsfreeweb/LiveTVCollector/HEAD/LiveTV/Bangladesh/LiveTV.m3u,SKIPPED_ACCESS,ACCESS_QUERY_KEYS,UNKNOWN,,,{},NOT_REQUESTED,Credential/token/session-specific published URL; not reusable without access tokens,Find a credential-free distribution or obtain provider documentation. No HTTP request made with copied account/access parameters; subscription/geo status unconfirmed.,"['id', 'token']","query keys intersect {token,ticket,password,username,mac,play_token,wmsauthsign,hdnts,hdnea,auth}"
4fb55a79b48cc2f9e4f3,beIN Sports 4,bein sport 4,http://xxx12.trainer.pw/mubasher4/trainer.m3u8,https://raw.githubusercontent.com/m3and88/iptv.m3u/HEAD/khalifa%20alshamsi.m3u,GEO_BLOCKED_OR_FORBIDDEN,,UNKNOWN,403,http://xxx12.trainer.pw/mubasher4/trainer.m3u8,"{""connection"": ""close"", ""content-length"": ""33"", ""content-type"": ""text/plain"", ""date"": ""Sat, 10 Oct 2026 16:25:17 GMT"", ""server"": ""envoy""}",text/plain,Stream returned HTTP 403,,[],
76f4eb7fca6ecc83ffaf,beIN Sports 4,beIN 4 4K,http://ziyadiptv.net/[access-controlled],https://raw.githubusercontent.com/BahyOsama/dinurunn/HEAD/oo.m3u,SKIPPED_ACCESS,ACCOUNT_PATH,UNKNOWN,,,{},NOT_REQUESTED,Credential-shaped IPTV line,Find a credential-free distribution or obtain provider documentation. No HTTP request made with copied account/access parameters; subscription/geo status unconfirmed.,[],"re.search(/(?:live|iptv)/[^/]+/[^/]+/\d+(?:[./]|$), path) or re.fullmatch(/[A-Za-z0-9]{6,}/[A-Za-z0-9]{6,}/\d+(?:\.[A-Za-z0-9]+)?/?, path) and any(character.isdigit() for part in path.strip(/).split(/)[:2] for character in part)"
ed74e895f9cacb3ba4b0,beIN Sports 4,beIN Sports 4 HD,https://012v4.goiptv.us.ci/stream/starhub/beinsports4hd/,https://raw.githubusercontent.com/judy-gotv/iptv/HEAD/StarHub.m3u,TIMEOUT,,TEMPORARY_FAILURE,,,{},unknown,Stream timeout: The read operation timed out,,[],
12af57f12929f05c1807,beIN Sports 4,Bein Sports 4 HD,https://2ue.d72577a9dd0ec31.sbs/b4/mono.m3u8,https://raw.githubusercontent.com/kadirsener1/CanliTvListe/HEAD/1.m3u,UNKNOWN,,UNKNOWN,,,{},unknown,Mixed or insufficient failure evidence: Stream connection error: Tunnel connection failed: 403 Forbidden; Stream connection error: Tunnel connection failed: 403 Forbidden,,[],
e3bdfb8681d7953e3b2b,beIN Sports 4,beIN Sports 4 (DRM Protected),https://49-231-37-235-rewriter.ais-vidnt.com/ais/play/origin/live/eds/S0004/HLS/S0004.m3u8,https://raw.githubusercontent.com/winnie3101/WinnieIPTV/HEAD/WinnieIPTV_AISPlay.m3u,UNKNOWN,,UNKNOWN,,,{},unknown,Mixed or insufficient failure evidence: Stream connection error: Tunnel connection failed: 403 Forbidden; Stream connection error: Tunnel connection failed: 403 Forbidden,,[],
95bcef16c22e39ee7120,beIN Sports 4,BeinSport4,https://airmax.boats:443/airmaxtvMAX/airmaxtvXAM/309.ts,https://raw.githubusercontent.com/yousseffaouzi/playbein/HEAD/plbein.m3u,UNKNOWN,,UNKNOWN,,,{},unknown,Mixed or insufficient failure evidence: Stream connection error: Tunnel connection failed: 403 Forbidden; Stream connection error: Tunnel connection failed: 403 Forbidden,,[],
9fb88c2e64498518e14f,beIN Sports 4,BeinSport4,https://airmax.boats:443/airmaxtvMAX/airmaxtvXAM/310.ts,https://raw.githubusercontent.com/yousseffaouzi/playbein/HEAD/plbein.m3u,UNKNOWN,,UNKNOWN,,,{},unknown,Mixed or insufficient failure evidence: Stream connection error: Tunnel connection failed: 403 Forbidden; Stream connection error: Tunnel connection failed: 403 Forbidden,,[],
3d1d3b495a5c12924a50,beIN Sports 4,Bein Sports 4,https://andro.226503.xyz/checklist/androstreamlivebs4.m3u8,https://gist.githubusercontent.com/bdrajgaming654-byte/11d59f64cea2abb66c2b547dd6b9c208/raw,UNKNOWN,,UNKNOWN,,,{},unknown,Mixed or insufficient failure evidence: Stream connection error: Tunnel connection failed: 403 Forbidden; Stream connection error: Tunnel connection failed: 403 Forbidden,,[],
a25580927cf4d22a2891,beIN Sports 4,BeIN Sports 4,https://andro.evrenesoglu121.click/checklist/androstreamlivebs4.m3u8,https://raw.githubusercontent.com/falsisdev/anthology/HEAD/providers/M3U/Liste/canli.m3u,GEO_BLOCKED_OR_FORBIDDEN,,UNKNOWN,403,https://andro.evrenesoglu121.click/checklist/androstreamlivebs4.m3u8,"{""cache-control"": ""private, max-age=0, no-store, no-cache, must-revalidate, post-check=0, pre-check=0"", ""cf-ray"": ""a48701933e8ff7d2-ORD"", ""connection"": ""close"", ""content-type"": ""text/html"", ""date"": ""Sat, 10 Oct 2026 16:29:49 GMT"", ""expires"": ""Thu, 01 Jan 1970 00:00:01 GMT"", ""nel"": ""{\""report_to\"":\""cf-nel\"",\""success_fraction\"":0.0,\""max_age\"":604800}"", ""referrer-policy"": ""same-origin"", ""report-to"": ""{\""group\"":\""cf-nel\"",\""max_age\"":604800,\""endpoints\"":[{\""url\"":\""https://a.nel.cloudflare.com/report/v4?s=lcU9gowgL8fQ4%2B051sl6%2BFzpe%2FWYHTLo8kc9kwIt2zIPAASgGj58ovLLhbpHgRdMc%2BDtz%2FJymiMG10coHjbx0JPZrsSA%2F9wl9H4zai0uoInWDyMSA8P577JESHCtC6Qc1cyjn9jKc52C3t8gnw%3D%3D\""}]}"", ""server"": ""envoy"", ""transfer-encoding"": ""chunked"", ""x-envoy-upstream-service-time"": ""5"", ""x-frame-options"": ""SAMEORIGIN""}",text/html,Stream returned HTTP 403,,[],
aa6d84c46e90d9aa127f,beIN Sports 4,Bein Sports 4,https://dga1op10s1u3leo.52c26716e2e875.click/live/selcukbeinsports4/playlist.m3u8,https://raw.githubusercontent.com/iprtl/m3u/HEAD/Freetv.m3u,GEO_BLOCKED_OR_FORBIDDEN,,UNKNOWN,200,https://dga1op10s1u3leo.52c26716e2e875.click/live/selcukbeinsports4/playlist.m3u8,"{""access-control-allow-headers"": ""Range, Origin, Accept,DNT,User-Agent,X-Requested-With,If-Modified-Since,Cache-Control,Content-Type,Range"", ""access-control-allow-methods"": ""GET, HEAD, OPTIONS,GET, OPTIONS"", ""access-control-allow-origin"": ""*"", ""access-control-expose-headers"": ""Content-Length, Content-Range,Content-Length,Content-Range"", ""alt-svc"": ""h3=\"":443\""; ma=86400"", ""cache-control"": ""public, s-maxage=2, no-store"", ""cf-cache-status"": ""MISS"", ""cf-ray"": ""a486fa847d898158-ORD"", ""connection"": ""close"", ""content-type"": ""application/vnd.apple.mpegurl"", ""date"": ""Sat, 10 Oct 2026 16:25:01 GMT"", ""last-modified"": ""Sat, 10 Oct 2026 16:25:01 GMT"", ""nel"": ""{\""report_to\"":\""cf-nel\"",\""success_fraction\"":0.0,\""max_age\"":604800}"", ""report-to"": ""{\""group\"":\""cf-nel\"",\""max_age\"":604800,\""endpoints\"":[{\""url\"":\""https://a.nel.cloudflare.com/report/v4?s=YhRuR7anqPGA8pBm%2F2r9He1Blvs5Mn9JjAuxS6IqJJYDmvsZZ%2BNJPH6zh9tFITdHIOeKZ8fYfcBKDhPsmAlwbpRQSXzcvuYnOK9vByEiXbcxaGR%2BxM6tsxGItSsSUwCz%2Ba2cj4QusJQaedyDyAhCB%2Fyc9u6xczg%3D\""}]}"", ""server"": ""envoy"", ""strict-transport-security"": ""max-age=15552000; includeSubDomains"", ""transfer-encoding"": ""chunked"", ""x-b-status"": ""disabled"", ""x-cache-status"": ""MISS"", ""x-content-type-options"": ""nosniff"", ""x-e-cache-date"": ""Sat, 10 Oct 2026 16:24:59 GMT"", ""x-e-cache-status"": ""HIT"", ""x-e-server"": ""edge-2"", ""x-envoy-upstream-service-time"": ""297"", ""x-p-bp"": ""0"", ""x-p-to"": ""2to1"", ""x-stream-name"": ""selcukbeinsports4""}",hls-media,HLS media object returned HTTP 403,,[],
408c3861160e8e1c01ea,beIN Sports 4,beIN SPORTS 4,https://k0.b4c8d3e9f1a2b7c5d28.cfd/yayinb4.m3u8,https://raw.githubusercontent.com/Lunedor/iptvTR/HEAD/iptv_tum_kanallar.m3u,UNKNOWN,,UNKNOWN,,,{},unknown,Mixed or insufficient failure evidence: Stream connection error: Tunnel connection failed: 403 Forbidden; Stream connection error: Tunnel connection failed: 403 Forbidden,,[],
ba3bf23c8696257dc428,beIN Sports 4,beIN Sports 4,https://liveeu-gcp.alkassdigital.net/alkass4-p/main.m3u8,https://raw.githubusercontent.com/mi3umi/test-iptv-m3u/HEAD/combined.m3u,GEO_BLOCKED_OR_FORBIDDEN,,UNKNOWN,403,https://liveeu-gcp.alkassdigital.net/alkass4-p/main.m3u8,"{""access-control-allow-credentials"": ""true"", ""access-control-allow-headers"": ""origin,range,hdntl,hdnts,CMCD-Request,CMCD-Object,CMCD-Status,CMCD-Session"", ""access-control-allow-methods"": ""GET,POST,OPTIONS"", ""access-control-allow-origin"": ""https://shoof.alkass.net"", ""access-control-expose-headers"": ""Server,range,hdntl,hdnts,Akamai-Mon-Iucid-Ing,Akamai-Mon-Iucid-Del,Akamai-Request-BC"", ""access-control-max-age"": ""86400"", ""akamai-mon-iucid-del"": ""1901643"", ""alt-svc"": ""h3=\"":443\""; ma=93600,h3-29=\"":443\""; ma=93600"", ""cache-control"": ""max-age=0, no-cache, no-store"", ""connection"": ""close"", ""content-length"": ""417"", ""content-type"": ""text/html"", ""date"": ""Sat, 10 Oct 2026 16:24:15 GMT"", ""expires"": ""Sat, 10 Oct 2026 16:24:15 GMT"", ""mime-version"": ""1.0"", ""pragma"": ""no-cache"", ""server"": ""envoy"", ""x-envoy-upstream-service-time"": ""106""}",text/html,Stream returned HTTP 403,,[],
84861383c729c9b56695,beIN Sports 4,Bein Sports 4,https://ott.udptv.net/stream/iptv/beinsports4/master.m3u8?u=cocked&p=dd0abb52723d22acc0f97fe0336480feaa88a37ecda55a138a8d5e0ee14b0664,https://raw.githubusercontent.com/judy-gotv/iptv/HEAD/UDPTV.m3u,BROKEN,,UNKNOWN,404,https://ott.udptv.net/stream/iptv/beinsports4/master.m3u8?u=cocked&p=dd0abb52723d22acc0f97fe0336480feaa88a37ecda55a138a8d5e0ee14b0664,"{""alt-svc"": ""h3=\"":443\""; ma=86400"", ""cache-control"": ""private, no-cache, no-store, max-age=0, must-revalidate"", ""cf-cache-status"": ""DYNAMIC"", ""cf-ray"": ""a487018519fe5da7-ORD"", ""connection"": ""close"", ""content-type"": ""text/html; charset=utf-8"", ""date"": ""Sat, 10 Oct 2026 16:29:48 GMT"", ""nel"": ""{\""report_to\"":\""cf-nel\"",\""success_fraction\"":0.0,\""max_age\"":604800}"", ""permissions-policy"": ""camera=(), microphone=(), geolocation=(), payment=()"", ""referrer-policy"": ""strict-origin-when-cross-origin"", ""report-to"": ""{\""group\"":\""cf-nel\"",\""max_age\"":604800,\""endpoints\"":[{\""url\"":\""https://a.nel.cloudflare.com/report/v4?s=n8E%2FkM7qd96%2Fx3Wkg87vOQoTazhuDi%2FhG5wncpRx99CHtQw4R1u8bWHEkV6gYy5t1LyHrw0anPSnB1O7w5vFIYQrfYkVnx5Nv55unvbXg07HYwC9fBwQzuneJTH1PslG\""}]}"", ""server"": ""envoy"", ""transfer-encoding"": ""chunked"", ""vary"": ""rsc, next-router-state-tree, next-router-prefetch, next-router-segment-prefetch, Accept-Encoding"", ""x-content-type-options"": ""nosniff"", ""x-envoy-upstream-service-time"": ""764"", ""x-frame-options"": ""DENY"", ""x-powered-by"": ""Next.js""}",text/html; charset=utf-8,Stream returned HTTP 404,,"['p', 'u']",
d597673cb24142d6fe82,beIN Sports 4,BeIN Sport 4,https://s1.inattvcom300.xyz/cdn/b4.m3u8?,https://raw.githubusercontent.com/proefem/titel1/HEAD/TRFTR,UNKNOWN,,UNKNOWN,,,{},unknown,Mixed or insufficient failure evidence: Stream connection error: Tunnel connection failed: 403 Forbidden; Stream connection error: Tunnel connection failed: 403 Forbidden,,[],
57e7bb110d324f8e2594,beIN Sports 4,BeIN Sport 4 ʜᴅ,https://scr013.b-cdn.net/live/14.m3u8,https://raw.githubusercontent.com/proefem/titel1/HEAD/TRFTR,GEO_BLOCKED_OR_FORBIDDEN,,UNKNOWN,403,https://scr013.b-cdn.net/live/14.m3u8,"{""cache-control"": ""no-cache, no-store, max-age=0"", ""cdn-requestid"": ""829c6d95aba4e8f9cf730ae7381e8f3a"", ""connection"": ""close"", ""content-type"": ""text/html"", ""date"": ""Sat, 10 Oct 2026 16:24:21 GMT"", ""server"": ""envoy"", ""transfer-encoding"": ""chunked"", ""vary"": ""Accept-Encoding"", ""x-envoy-upstream-service-time"": ""163""}",text/html,Stream returned HTTP 403,,[],
0006c90e0334fc4079a3,beIN Sports 4,AR BEIN SPORTS 4 HD,https://stream.camcloud.stream/stream/4994d2defc1a/playlist.m3u8,https://raw.githubusercontent.com/raid35/channel-links/HEAD/ALWAN.m3u,UNKNOWN,,TEMPORARY_FAILURE,503,https://stream.camcloud.stream/stream/4994d2defc1a/playlist.m3u8,"{""connection"": ""close"", ""content-length"": ""98"", ""content-type"": ""text/plain"", ""date"": ""Sat, 10 Oct 2026 16:29:50 GMT"", ""server"": ""envoy""}",text/plain,Mixed or insufficient failure evidence: Stream returned HTTP 503; Stream returned HTTP 503,,[],
2327b5e4542079ce5eb6,beIN Sports 4,BeIN Sports 4 ʜᴅ,https://tayland.canlimachd10.site/hls/bein-sports-4.m3u8,https://raw.githubusercontent.com/proefem/titel1/HEAD/TRFTR,UNKNOWN,,UNKNOWN,,,{},unknown,Mixed or insufficient failure evidence: Stream connection error: Tunnel connection failed: 403 Forbidden; Stream connection error: Tunnel connection failed: 403 Forbidden,,[],
8df7a77fb11cd27c3a07,beIN Sports 4,beIN SPORTS 4,https://ten.4928d54d950ee70q30.lat/yayinb4.m3u8,https://raw.githubusercontent.com/kadirsener1/CanliTvListe/HEAD/trgoals.m3u,UNKNOWN,,UNKNOWN,,,{},unknown,Mixed or insufficient failure evidence: Stream connection error: Tunnel connection failed: 403 Forbidden; Stream connection error: Tunnel connection failed: 403 Forbidden,,[],
5fb6bb3110fcbb243e42,beIN Sports 4,BeIN Sports 4,rtmp://31.220.0.194/[access-controlled],https://raw.githubusercontent.com/hmemar/husham.com/HEAD/Lists/chimpsmithlist-znE9BaL9.txt,SKIPPED_ACCESS,NON_HTTP_URL,UNKNOWN,,,{},NOT_REQUESTED,Not an HTTP(S) stream,Find a credential-free distribution or obtain provider documentation. No HTTP request made with copied account/access parameters; subscription/geo status unconfirmed.,"['live', 'vh', 'vw']","scheme not in ('https', 'http') or hostname absent"
378a7341d051b8fac623,beIN Sports 4,BEIN 4 (ARA),rtmp://www1.iguide.to/[access-controlled],https://gist.githubusercontent.com/ItsRandall/3119615c8b4732d7b56e5217d66edbab/raw,SKIPPED_ACCESS,NON_HTTP_URL,UNKNOWN,,,{},NOT_REQUESTED,Not an HTTP(S) stream,Find a credential-free distribution or obtain provider documentation. No HTTP request made with copied account/access parameters; subscription/geo status unconfirmed.,"['autoplay', 'channel', 'height', 'width']","scheme not in ('https', 'http') or hostname absent"
22b3c855a45ba46f4516,beIN Sports 4 (Arabic),beIN Sports 4 Arabic,https://ondemand.st/papi/tv/dlhd/94/playlist.m3u8,https://raw.githubusercontent.com/BuddyChewChew/My-Streams/HEAD/Backup/dami-tv.m3u,GEO_BLOCKED_OR_FORBIDDEN,,UNKNOWN,403,https://ondemand.st/papi/tv/dlhd/94/playlist.m3u8,"{""access-control-allow-origin"": ""*"", ""connection"": ""close"", ""content-length"": ""146"", ""content-type"": ""text/html"", ""date"": ""Sat, 10 Oct 2026 16:29:47 GMT"", ""server"": ""envoy"", ""x-envoy-upstream-service-time"": ""318""}",text/html,Stream returned HTTP 403,,[],
4c5d605c164a4248c9d1,beIN Sports 4 (France),FR | Bein Sports 4,/[access-controlled],https://raw.githubusercontent.com/iprtl/m3u/HEAD/Freetv.m3u,SKIPPED_ACCESS,NON_HTTP_URL,UNKNOWN,,,{},NOT_REQUESTED,Not an HTTP(S) stream,Find a credential-free distribution or obtain provider documentation. No HTTP request made with copied account/access parameters; subscription/geo status unconfirmed.,[],"scheme not in ('https', 'http') or hostname absent"
fee4461c949b2002745a,beIN Sports 4 (Thailand),Bein sports 4 TH,http://dooballmundee.sai8.live/free/0x777_beinsporthd4_720p/playlist.m3u8,https://raw.githubusercontent.com/SulukNew/SMART-IPTV/HEAD/IPTV%20SMART,GEO_BLOCKED_OR_FORBIDDEN,,UNKNOWN,403,http://dooballmundee.sai8.live/free/0x777_beinsporthd4_720p/playlist.m3u8,"{""connection"": ""close"", ""content-length"": ""33"", ""content-type"": ""text/plain"", ""date"": ""Sat, 10 Oct 2026 16:24:12 GMT"", ""server"": ""envoy""}",text/plain,Stream returned HTTP 403,,[],
97436b1b0ca13958b505,beIN Sports 4 (Turkey),┃TR┃ BEIN SPORTS 4 FHD,http://line.goattv-ott.xyz/[access-controlled],https://gist.githubusercontent.com/Xo-Richie-Baldeo-oX/ac1a002b5c442908f134dd4958579ec2/raw,SKIPPED_ACCESS,ACCESS_QUERY_KEYS,UNKNOWN,,,{},NOT_REQUESTED,Credential/token/session-specific published URL; not reusable without access tokens,Find a credential-free distribution or obtain provider documentation. No HTTP request made with copied account/access parameters; subscription/geo status unconfirmed.,"['extension', 'mac', 'play_token', 'stream']","query keys intersect {token,ticket,password,username,mac,play_token,wmsauthsign,hdnts,hdnea,auth}"
c017a586caed0b37063e,beIN Sports 4 (Turkey),┃TR┃ BEIN SPORTS 4 HD,http://line.goattv-ott.xyz/[access-controlled],https://gist.githubusercontent.com/Xo-Richie-Baldeo-oX/ac1a002b5c442908f134dd4958579ec2/raw,SKIPPED_ACCESS,ACCESS_QUERY_KEYS,UNKNOWN,,,{},NOT_REQUESTED,Credential/token/session-specific published URL; not reusable without access tokens,Find a credential-free distribution or obtain provider documentation. No HTTP request made with copied account/access parameters; subscription/geo status unconfirmed.,"['extension', 'mac', 'play_token', 'stream']","query keys intersect {token,ticket,password,username,mac,play_token,wmsauthsign,hdnts,hdnea,auth}"
e306eecdc6ad7eb67304,beIN Sports 4 (Turkey),┃TR┃ BEIN SPORTS 4 FHD,http://line.goattv-ott.xyz/[access-controlled],https://gist.githubusercontent.com/Xo-Richie-Baldeo-oX/ac1a002b5c442908f134dd4958579ec2/raw,SKIPPED_ACCESS,ACCESS_QUERY_KEYS,UNKNOWN,,,{},NOT_REQUESTED,Credential/token/session-specific published URL; not reusable without access tokens,Find a credential-free distribution or obtain provider documentation. No HTTP request made with copied account/access parameters; subscription/geo status unconfirmed.,"['extension', 'mac', 'play_token', 'stream']","query keys intersect {token,ticket,password,username,mac,play_token,wmsauthsign,hdnts,hdnea,auth}"
4e7dc6f7dfe2a778f472,beIN Sports 4 (Turkey),┃TR┃ BEIN SPORTS 4 HD,http://line.goattv-ott.xyz/[access-controlled],https://gist.githubusercontent.com/Xo-Richie-Baldeo-oX/ac1a002b5c442908f134dd4958579ec2/raw,SKIPPED_ACCESS,ACCESS_QUERY_KEYS,UNKNOWN,,,{},NOT_REQUESTED,Credential/token/session-specific published URL; not reusable without access tokens,Find a credential-free distribution or obtain provider documentation. No HTTP request made with copied account/access parameters; subscription/geo status unconfirmed.,"['extension', 'mac', 'play_token', 'stream']","query keys intersect {token,ticket,password,username,mac,play_token,wmsauthsign,hdnts,hdnea,auth}"
939a3edd6fbde6756b9d,beIN Sports 4 (Turkey),beINSports4.tr,https://0108wooxangel.shop/704/mono.m3u8,https://raw.githubusercontent.com/proefem/titel1/HEAD/TRFTR,UNKNOWN,,UNKNOWN,,,{},unknown,Mixed or insufficient failure evidence: Stream connection error: Tunnel connection failed: 403 Forbidden; Stream connection error: Tunnel connection failed: 403 Forbidden,,[],
6638a73c321bb2488ec8,beIN Sports 4 (Turkey),beINSports4.tr,https://deathless-betsmantv.tiiny.io?url=704,https://raw.githubusercontent.com/proefem/titel1/HEAD/TRFTR,UNKNOWN,,UNKNOWN,400,https://deathless-betsmantv.tiiny.io?url=704,"{""connection"": ""close"", ""content-type"": ""text/html; charset=utf-8"", ""date"": ""Sat, 10 Oct 2026 16:24:23 GMT"", ""server"": ""envoy"", ""transfer-encoding"": ""chunked"", ""x-edge-region"": ""us-ashburn"", ""x-edge-request-outcome"": ""unknown_domain"", ""x-envoy-upstream-service-time"": ""153"", ""x-wasmer-request-id"": ""af7e11ea-2201-4ad5-afc6-68421683a388""}",text/html; charset=utf-8,Mixed or insufficient failure evidence: Stream returned HTTP 400; Stream returned HTTP 400,,['url'],
db7cf3164ab89747fe4c,beIN Sports 4 (Turkey),beIN SPORTS 4 Turkey,https://ondemand.st/papi/tv/dlhd/67/playlist.m3u8,https://raw.githubusercontent.com/BuddyChewChew/My-Streams/HEAD/Backup/dami-tv.m3u,GEO_BLOCKED_OR_FORBIDDEN,,UNKNOWN,403,https://ondemand.st/papi/tv/dlhd/67/playlist.m3u8,"{""access-control-allow-origin"": ""*"", ""connection"": ""close"", ""content-length"": ""146"", ""content-type"": ""text/html"", ""date"": ""Sat, 10 Oct 2026 16:29:47 GMT"", ""server"": ""envoy"", ""x-envoy-upstream-service-time"": ""248""}",text/html,Stream returned HTTP 403,,[],
67f4f9d6169c480caca9,beIN Sports 4 (Turkey),beIN SPORTS 4 Turkey,https://zekonew.newkso.ru/zeko/premium67/mono.m3u8,https://raw.githubusercontent.com/nightah/daddylive/HEAD/daddylive-channels.m3u8,GEO_BLOCKED_OR_FORBIDDEN,,UNKNOWN,403,https://zekonew.newkso.ru/zeko/premium67/mono.m3u8,"{""access-control-allow-origin"": ""*"", ""alt-svc"": ""h3=\"":443\""; ma=86400"", ""cache-control"": ""no-cache, no-store, must-revalidate"", ""cf-ray"": ""a48701fc7fc5341a-ORD"", ""connection"": ""close"", ""content-type"": ""text/html; charset=UTF-8"", ""date"": ""Sat, 10 Oct 2026 16:30:06 GMT"", ""expires"": ""Thu, 01 Jan 1970 00:00:01 GMT"", ""nel"": ""{\""report_to\"":\""cf-nel\"",\""success_fraction\"":0.0,\""max_age\"":604800}"", ""no-cache"": ""no-cache"", ""referrer-policy"": ""same-origin"", ""report-to"": ""{\""group\"":\""cf-nel\"",\""max_age\"":604800,\""endpoints\"":[{\""url\"":\""https://a.nel.cloudflare.com/report/v4?s=C6J23b1RZQc1j7EZgnqFIF799xpdGncN8o7PpivMayX7kQHJZimpL%2Fq5%2B7v5gFDmR%2BbxoIPERaw7RiwWFwUwezrLtQHTL0BGrnZitCpr0lWGyRSB1aW7pNPnbdipvHzhKDAk%2Fg%3D%3D\""}]}"", ""server"": ""envoy"", ""transfer-encoding"": ""chunked"", ""x-envoy-upstream-service-time"": ""12"", ""x-frame-options"": ""SAMEORIGIN""}",text/html; charset=UTF-8,Stream returned HTTP 403,,[],
44fd78f6da476d69ca51,beIN Sports 5,BEIN SPORTS 5 FHD,http://103.100.169.51/[access-controlled],https://raw.githubusercontent.com/mchoumi/mchoumi.github.io/HEAD/IPTVara.m3u,SKIPPED_ACCESS,ACCOUNT_PATH,UNKNOWN,,,{},NOT_REQUESTED,Credential-shaped IPTV line,Find a credential-free distribution or obtain provider documentation. No HTTP request made with copied account/access parameters; subscription/geo status unconfirmed.,[],"re.search(/(?:live|iptv)/[^/]+/[^/]+/\d+(?:[./]|$), path) or re.fullmatch(/[A-Za-z0-9]{6,}/[A-Za-z0-9]{6,}/\d+(?:\.[A-Za-z0-9]+)?/?, path) and any(character.isdigit() for part in path.strip(/).split(/)[:2] for character in part)"
48ef5e2fb5d1d2088050,beIN Sports 5,AR | BEIN SPORTS 5 FHD,http://116.202.165.211/[access-controlled],https://raw.githubusercontent.com/raid35/channel-links/HEAD/ALWAN.m3u,SKIPPED_ACCESS,ACCOUNT_PATH,UNKNOWN,,,{},NOT_REQUESTED,Credential-shaped IPTV line,Find a credential-free distribution or obtain provider documentation. No HTTP request made with copied account/access parameters; subscription/geo status unconfirmed.,[],"re.search(/(?:live|iptv)/[^/]+/[^/]+/\d+(?:[./]|$), path) or re.fullmatch(/[A-Za-z0-9]{6,}/[A-Za-z0-9]{6,}/\d+(?:\.[A-Za-z0-9]+)?/?, path) and any(character.isdigit() for part in path.strip(/).split(/)[:2] for character in part)"
a2967115c3f18d4f1f14,beIN Sports 5,Bein Sports 5,http://116.202.165.211/[access-controlled],https://raw.githubusercontent.com/raid35/channel-links/HEAD/ALWAN.m3u,SKIPPED_ACCESS,ACCOUNT_PATH,UNKNOWN,,,{},NOT_REQUESTED,Credential-shaped IPTV line,Find a credential-free distribution or obtain provider documentation. No HTTP request made with copied account/access parameters; subscription/geo status unconfirmed.,[],"re.search(/(?:live|iptv)/[^/]+/[^/]+/\d+(?:[./]|$), path) or re.fullmatch(/[A-Za-z0-9]{6,}/[A-Za-z0-9]{6,}/\d+(?:\.[A-Za-z0-9]+)?/?, path) and any(character.isdigit() for part in path.strip(/).split(/)[:2] for character in part)"
7a6c609d7365d2d6f0f9,beIN Sports 5,beinsport5,http://135.125.109.73:9000/beinsport5_.m3u8,https://raw.githubusercontent.com/mazenghannam16/my-iptv-lists/HEAD/super.m3u,UNKNOWN,,TEMPORARY_FAILURE,503,http://135.125.109.73:9000/beinsport5_.m3u8,"{""connection"": ""close"", ""content-length"": ""95"", ""content-type"": ""text/plain"", ""date"": ""Sat, 10 Oct 2026 16:25:01 GMT"", ""server"": ""envoy""}",text/plain,Mixed or insufficient failure evidence: Stream returned HTTP 503; Stream timeout: timed out,,[],
992f9629c6d4412061b4,beIN Sports 5,- 🔘 Bein Sports 5 (Francia) (🇫🇷),http://145.239.5.177/572/index.m3u8,https://raw.githubusercontent.com/miltonja/winsports/HEAD/WINSPORTS,GEO_BLOCKED_OR_FORBIDDEN,,UNKNOWN,403,http://145.239.5.177/572/index.m3u8,"{""access-control-allow-headers"": ""x-vsaas-session, x-no-redirect, origin, authorization, accept, range, content-type, x-add-effective"", ""access-control-allow-methods"": ""GET, PUT, DELETE, OPTIONS"", ""access-control-allow-origin"": ""*"", ""access-control-expose-headers"": ""Server, range, X-Run-Time, X-Sid, Content-Length, Location"", ""connection"": ""close"", ""content-length"": ""1147"", ""date"": ""Sat, 10 Oct 2026 16:29:07 GMT"", ""server"": ""envoy"", ""x-deny-reason"": ""deny_backend"", ""x-envoy-upstream-service-time"": ""300"", ""x-route-time"": ""26183"", ""x-run-time"": ""118""}",unknown,Stream returned HTTP 403,,[],
de20610e5151001b2c87,beIN Sports 5,BEIN SPORT 5,http://163.172.105.25:80/live?channelId=182&uid=2454&deviceMac=00:1A:79:3C:C9:29,https://raw.githubusercontent.com/SulukNew/SMART-IPTV/HEAD/IPTV%20SMART,BROKEN,,UNKNOWN,404,http://163.172.105.25:80/live?channelId=182&uid=2454&deviceMac=00:1A:79:3C:C9:29,"{""connection"": ""close"", ""content-length"": ""276"", ""content-type"": ""text/html; charset=iso-8859-1"", ""date"": ""Sat, 10 Oct 2026 16:24:12 GMT"", ""server"": ""envoy"", ""x-envoy-upstream-service-time"": ""319""}",text/html; charset=iso-8859-1,Stream returned HTTP 404,,"['channelId', 'deviceMac', 'uid']",
2c9e45030f074e98700b,beIN Sports 5,beIN Sport 5,http://185.93.3.84:5000/play/a02e,https://raw.githubusercontent.com/SulukNew/SMART-IPTV/HEAD/IPTV%20SMART,UNKNOWN,,TEMPORARY_FAILURE,503,http://185.93.3.84:5000/play/a02e,"{""connection"": ""close"", ""content-length"": ""95"", ""content-type"": ""text/plain"", ""date"": ""Sat, 10 Oct 2026 16:24:13 GMT"", ""server"": ""envoy""}",text/plain,Mixed or insufficient failure evidence: Stream returned HTTP 503; Stream returned HTTP 503,,[],
6823d677aad6ea45937f,beIN Sports 5,BEIN SPORTS 5 HD,http://195.128.24.55/[access-controlled],https://raw.githubusercontent.com/mchoumi/mchoumi.github.io/HEAD/IPTVara.m3u,SKIPPED_ACCESS,ACCESS_QUERY_KEYS,UNKNOWN,,,{},NOT_REQUESTED,Credential/token/session-specific published URL; not reusable without access tokens,Find a credential-free distribution or obtain provider documentation. No HTTP request made with copied account/access parameters; subscription/geo status unconfirmed.,"['extension', 'mac', 'play_token', 'stream']","query keys intersect {token,ticket,password,username,mac,play_token,wmsauthsign,hdnts,hdnea,auth}"
6bf7256a782558f0bf01,beIN Sports 5,beINSport 5,http://195.154.156.28:80/wXQcdtDuYt/zQFbKU48fL/32,https://raw.githubusercontent.com/ajonx/Ambyar-TV/HEAD/Sports.m3u,TIMEOUT,,TEMPORARY_FAILURE,,,{},unknown,Stream timeout: timed out,,[],
7dce6caadb6807e50e14,beIN Sports 5,BEIN SPORTS 5,http://209.205.221.74:130/R3$3202/3R1W3$32/9742_.m3u8,https://raw.githubusercontent.com/WMF2020/IPTV/HEAD/IPTV,TIMEOUT,,TEMPORARY_FAILURE,,,{},unknown,Stream timeout: timed out,,[],
f01f0f4615bdb99416ed,beIN Sports 5,beIN Sports 5,http://212.224.98.207:2200/EX/bein5hd-ar/index.m3u8?token=,https://gist.githubusercontent.com/motib09/b97539fc67f9a89d5f090359a2d29a9e/raw,TIMEOUT,,TEMPORARY_FAILURE,,,{},unknown,Stream timeout: timed out,,[],
93317dfa7e33ae08c5aa,beIN Sports 5,beIN SPORTS 5 HD,http://2756d46c.akciatv.ru/[access-controlled],https://gist.githubusercontent.com/bdrajgaming654-byte/11d59f64cea2abb66c2b547dd6b9c208/raw,SKIPPED_ACCESS,ACCOUNT_TOKEN_PATH,UNKNOWN,,,{},NOT_REQUESTED,Account-token-shaped IPTV line,Find a credential-free distribution or obtain provider documentation. No HTTP request made with copied account/access parameters; subscription/geo status unconfirmed.,[],"path matches /iptv/[A-Z0-9]{10,}/\d+/"
d63137ac666a7e523777,beIN Sports 5,bein sport 5,http://5.39.70.216/buy-IPTV/sports@fontsbay.com/62.ch?12345678,https://raw.githubusercontent.com/hmemar/husham.com/HEAD/Lists/chimpsmithlist-znE9BaL9.txt,TIMEOUT,,TEMPORARY_FAILURE,,,{},unknown,Stream timeout: timed out,,[],
c484c9cf190f343748c0,beIN Sports 5,AR: beIN Sports 5 HD,http://54.36.61.6/[access-controlled],https://raw.githubusercontent.com/vraomoturi/smartiptv-playlist/HEAD/sports.m3u,SKIPPED_ACCESS,ACCOUNT_PATH,UNKNOWN,,,{},NOT_REQUESTED,Credential-shaped IPTV line,Find a credential-free distribution or obtain provider documentation. No HTTP request made with copied account/access parameters; subscription/geo status unconfirmed.,[],"re.search(/(?:live|iptv)/[^/]+/[^/]+/\d+(?:[./]|$), path) or re.fullmatch(/[A-Za-z0-9]{6,}/[A-Za-z0-9]{6,}/\d+(?:\.[A-Za-z0-9]+)?/?, path) and any(character.isdigit() for part in path.strip(/).split(/)[:2] for character in part)"
c4c6a6cca4bbaf1101d1,beIN Sports 5,beIN Sports 5,http://85.237.89.6:9590/ar-s/bein-5-stop-TimeSheft/tracks-v1a1/mono.m3u8,https://t.me/s/connecttechnology?before=9026,BROKEN,,UNKNOWN,404,http://85.237.89.6:9590/ar-s/bein-5-stop-TimeSheft/tracks-v1a1/mono.m3u8,"{""access-control-allow-headers"": ""x-vsaas-session, x-no-redirect, origin, authorization, accept, range, content-type, x-add-effective, session, x-originator, x-sid"", ""access-control-allow-methods"": ""GET, PUT, DELETE, OPTIONS"", ""access-control-allow-origin"": ""*"", ""access-control-expose-headers"": ""Server, range, X-Run-Time, X-Sid, Content-Length, Location"", ""cache-control"": ""no-cache"", ""connection"": ""close"", ""content-length"": ""10"", ""date"": ""Sat, 10 Oct 2026 16:25:28 GMT"", ""pragma"": ""no-cache"", ""server"": ""envoy"", ""x-envoy-upstream-service-time"": ""117""}",unknown,Stream returned HTTP 404,,[],
06b8f41601ec6f3f47d0,beIN Sports 5,Bein Sport 5,http://95.170.215.101/hls/m3u8/Bein-S5-sx.m3u8,https://raw.githubusercontent.com/m3and88/iptv.m3u/HEAD/khalifa%20alshamsi.m3u,UNKNOWN,,UNKNOWN,407,http://95.170.215.101/hls/m3u8/Bein-S5-sx.m3u8,"{""access-control-allow-headers"": ""DNT,User-Agent,X-Requested-With,If-Modified-Since,Cache-Control,Content-Type,Range"", ""access-control-allow-methods"": ""GET, POST, OPTIONS"", ""access-control-allow-origin"": ""*"", ""access-control-expose-headers"": ""Content-Length,Content-Range"", ""cache-control"": ""no-cache, no-store, must-revalidate"", ""connection"": ""close"", ""content-type"": ""text/plain; charset=ISO-8859-1"", ""date"": ""Sat, 10 Oct 2026 16:25:20 GMT"", ""expires"": ""Sat, 10 Oct 2026 16:25:20 GMT"", ""last-modified"": ""Sat, 10 Oct 2026 16:25:20 GMT"", ""pragma"": ""no-cache"", ""server"": ""envoy"", ""transfer-encoding"": ""chunked"", ""x-envoy-upstream-service-time"": ""199"", ""x-powered-by"": ""PHP/8.1.33""}",text/plain; charset=ISO-8859-1,Mixed or insufficient failure evidence: Stream returned HTTP 407; Stream returned HTTP 407,,[],
3d7cf5e11cd92328c011,beIN Sports 5,BEIN SPORT 5 HD,http://95.170.215.101/hls/m3u8/Bein-Sport-HD5.m3u8,https://raw.githubusercontent.com/m3and88/iptv.m3u/HEAD/khalifa%20alshamsi.m3u,UNKNOWN,,UNKNOWN,407,http://95.170.215.101/hls/m3u8/Bein-Sport-HD5.m3u8,"{""access-control-allow-headers"": ""DNT,User-Agent,X-Requested-With,If-Modified-Since,Cache-Control,Content-Type,Range"", ""access-control-allow-methods"": ""GET, POST, OPTIONS"", ""access-control-allow-origin"": ""*"", ""access-control-expose-headers"": ""Content-Length,Content-Range"", ""cache-control"": ""no-cache, no-store, must-revalidate"", ""connection"": ""close"", ""content-type"": ""text/plain; charset=ISO-8859-1"", ""date"": ""Sat, 10 Oct 2026 16:25:22 GMT"", ""expires"": ""Sat, 10 Oct 2026 16:25:22 GMT"", ""last-modified"": ""Sat, 10 Oct 2026 16:25:22 GMT"", ""pragma"": ""no-cache"", ""server"": ""envoy"", ""transfer-encoding"": ""chunked"", ""x-envoy-upstream-service-time"": ""194"", ""x-powered-by"": ""PHP/8.1.33""}",text/plain; charset=ISO-8859-1,Mixed or insufficient failure evidence: Stream returned HTTP 407; Stream returned HTTP 407,,[],
d7bd10107c20fca8b546,beIN Sports 5,beIN Sports 5 Arab,http://95.170.215.120:80/hls/m3u8/BeinSport5.m3u8,https://raw.githubusercontent.com/m3and88/iptv.m3u/HEAD/khalifa%20alshamsi.m3u,TIMEOUT,,TEMPORARY_FAILURE,,,{},unknown,Stream timeout: timed out,,[],
6c553ff8eb12f5b185a6,beIN Sports 5,Bein Sports 5,http://belfast.dyndns.tv:5808/BEINHD5/tracks-v1a1/mono.m3u8,https://raw.githubusercontent.com/idhanmario/iptv/HEAD/README.md,GEO_BLOCKED_OR_FORBIDDEN,,UNKNOWN,403,http://belfast.dyndns.tv:5808/BEINHD5/tracks-v1a1/mono.m3u8,"{""connection"": ""close"", ""content-length"": ""33"", ""content-type"": ""text/plain"", ""date"": ""Sat, 10 Oct 2026 16:24:00 GMT"", ""server"": ""envoy""}",text/plain,Stream returned HTTP 403,,[],
1859e1b457a233ec9623,beIN Sports 5,BEIN SPORTS 5,http://fariszah.myq-see.com/[access-controlled],https://gist.githubusercontent.com/omarufulislam/e5f79ada3a4f8a377c1b5d74347c08fe/raw,SKIPPED_ACCESS,ACCOUNT_PATH,UNKNOWN,,,{},NOT_REQUESTED,Credential-shaped IPTV line,Find a credential-free distribution or obtain provider documentation. No HTTP request made with copied account/access parameters; subscription/geo status unconfirmed.,[],"re.search(/(?:live|iptv)/[^/]+/[^/]+/\d+(?:[./]|$), path) or re.fullmatch(/[A-Za-z0-9]{6,}/[A-Za-z0-9]{6,}/\d+(?:\.[A-Za-z0-9]+)?/?, path) and any(character.isdigit() for part in path.strip(/).split(/)[:2] for character in part)"
264a2421aa619da365a8,beIN Sports 5,BEIN SPORTS 5 *,http://fariszah.myq-see.com/[access-controlled],https://gist.githubusercontent.com/omarufulislam/e5f79ada3a4f8a377c1b5d74347c08fe/raw,SKIPPED_ACCESS,ACCOUNT_PATH,UNKNOWN,,,{},NOT_REQUESTED,Credential-shaped IPTV line,Find a credential-free distribution or obtain provider documentation. No HTTP request made with copied account/access parameters; subscription/geo status unconfirmed.,[],"re.search(/(?:live|iptv)/[^/]+/[^/]+/\d+(?:[./]|$), path) or re.fullmatch(/[A-Za-z0-9]{6,}/[A-Za-z0-9]{6,}/\d+(?:\.[A-Za-z0-9]+)?/?, path) and any(character.isdigit() for part in path.strip(/).split(/)[:2] for character in part)"
17c433ccd50d1c5accc7,beIN Sports 5,BEIN SPORTS 5 **,http://fariszah.myq-see.com/[access-controlled],https://gist.githubusercontent.com/omarufulislam/e5f79ada3a4f8a377c1b5d74347c08fe/raw,SKIPPED_ACCESS,ACCOUNT_PATH,UNKNOWN,,,{},NOT_REQUESTED,Credential-shaped IPTV line,Find a credential-free distribution or obtain provider documentation. No HTTP request made with copied account/access parameters; subscription/geo status unconfirmed.,[],"re.search(/(?:live|iptv)/[^/]+/[^/]+/\d+(?:[./]|$), path) or re.fullmatch(/[A-Za-z0-9]{6,}/[A-Za-z0-9]{6,}/\d+(?:\.[A-Za-z0-9]+)?/?, path) and any(character.isdigit() for part in path.strip(/).split(/)[:2] for character in part)"
a175f11f8dfd5fc5b38f,beIN Sports 5,beIN SPORTS 5 SD,http://forevertv.me/[access-controlled],https://raw.githubusercontent.com/ktkooot1/Ustream/HEAD/Forever%20Sport.m3u,SKIPPED_ACCESS,ACCOUNT_PATH,UNKNOWN,,,{},NOT_REQUESTED,Credential-shaped IPTV line,Find a credential-free distribution or obtain provider documentation. No HTTP request made with copied account/access parameters; subscription/geo status unconfirmed.,[],"re.search(/(?:live|iptv)/[^/]+/[^/]+/\d+(?:[./]|$), path) or re.fullmatch(/[A-Za-z0-9]{6,}/[A-Za-z0-9]{6,}/\d+(?:\.[A-Za-z0-9]+)?/?, path) and any(character.isdigit() for part in path.strip(/).split(/)[:2] for character in part)"
69f7c1c23db42bb4ddb3,beIN Sports 5,beIN SPORTS 5 4K,http://forevertv.me/[access-controlled],https://raw.githubusercontent.com/ktkooot1/Ustream/HEAD/Forever%20Sport.m3u,SKIPPED_ACCESS,ACCOUNT_PATH,UNKNOWN,,,{},NOT_REQUESTED,Credential-shaped IPTV line,Find a credential-free distribution or obtain provider documentation. No HTTP request made with copied account/access parameters; subscription/geo status unconfirmed.,[],"re.search(/(?:live|iptv)/[^/]+/[^/]+/\d+(?:[./]|$), path) or re.fullmatch(/[A-Za-z0-9]{6,}/[A-Za-z0-9]{6,}/\d+(?:\.[A-Za-z0-9]+)?/?, path) and any(character.isdigit() for part in path.strip(/).split(/)[:2] for character in part)"
d7b03b3e22fee8de293c,beIN Sports 5,beIN SPORTS 5 FHD,http://forevertv.me/[access-controlled],https://raw.githubusercontent.com/ktkooot1/Ustream/HEAD/Forever%20Sport.m3u,SKIPPED_ACCESS,ACCOUNT_PATH,UNKNOWN,,,{},NOT_REQUESTED,Credential-shaped IPTV line,Find a credential-free distribution or obtain provider documentation. No HTTP request made with copied account/access parameters; subscription/geo status unconfirmed.,[],"re.search(/(?:live|iptv)/[^/]+/[^/]+/\d+(?:[./]|$), path) or re.fullmatch(/[A-Za-z0-9]{6,}/[A-Za-z0-9]{6,}/\d+(?:\.[A-Za-z0-9]+)?/?, path) and any(character.isdigit() for part in path.strip(/).split(/)[:2] for character in part)"
0355403e41695c17470d,beIN Sports 5,beIN SPORTS 5 HD,http://forevertv.me/[access-controlled],https://raw.githubusercontent.com/ktkooot1/Ustream/HEAD/Forever%20Sport.m3u,SKIPPED_ACCESS,ACCOUNT_PATH,UNKNOWN,,,{},NOT_REQUESTED,Credential-shaped IPTV line,Find a credential-free distribution or obtain provider documentation. No HTTP request made with copied account/access parameters; subscription/geo status unconfirmed.,[],"re.search(/(?:live|iptv)/[^/]+/[^/]+/\d+(?:[./]|$), path) or re.fullmatch(/[A-Za-z0-9]{6,}/[A-Za-z0-9]{6,}/\d+(?:\.[A-Za-z0-9]+)?/?, path) and any(character.isdigit() for part in path.strip(/).split(/)[:2] for character in part)"
403e7f4b10474070559a,beIN Sports 5,bein sports 5 HD,http://goiptv.co:8080/live:56eed56608b644dbF/ZCjlyc8M9S/2087,https://raw.githubusercontent.com/sasuki2/IPTV/HEAD/NEdaLJB.m3u,GEO_BLOCKED_OR_FORBIDDEN,,AUTH_REQUIRED,401,http://goiptv.co:8080/live:56eed56608b644dbF/ZCjlyc8M9S/2087,"{""access-control-allow-origin"": ""*"", ""cf-cache-status"": ""DYNAMIC"", ""cf-ray"": ""a486fa82bec6b271-ORD"", ""connection"": ""close"", ""content-type"": ""text/html; charset=UTF-8"", ""date"": ""Sat, 10 Oct 2026 16:25:00 GMT"", ""nel"": ""{\""report_to\"":\""cf-nel\"",\""success_fraction\"":0.0,\""max_age\"":604800}"", ""report-to"": ""{\""group\"":\""cf-nel\"",\""max_age\"":604800,\""endpoints\"":[{\""url\"":\""https://a.nel.cloudflare.com/report/v4?s=g4788jUncLfDq1UAixFtFB7j8eXEoq4GCZ0psX61HuceeiHY6%2Fiby8C86FT8VBE7syxZD0htksO6Hmntkv%2FDty78qafZLbOfRFi3jAEJMJCPoy1IxiF%2BxUkWV4E%3D\""}]}"", ""server"": ""envoy"", ""transfer-encoding"": ""chunked"", ""x-envoy-upstream-service-time"": ""100""}",text/html; charset=UTF-8,Stream returned HTTP 401,,[],
543c5ea2431c2b84852e,beIN Sports 5,AR | BEIN SPORTS 5 FHD,http://goldenplayerz.xyz/[access-controlled],https://raw.githubusercontent.com/siksa40/xPola-Player/HEAD/novaler-bein.m3u,SKIPPED_ACCESS,ACCOUNT_PATH,UNKNOWN,,,{},NOT_REQUESTED,Credential-shaped IPTV line,Find a credential-free distribution or obtain provider documentation. No HTTP request made with copied account/access parameters; subscription/geo status unconfirmed.,[],"re.search(/(?:live|iptv)/[^/]+/[^/]+/\d+(?:[./]|$), path) or re.fullmatch(/[A-Za-z0-9]{6,}/[A-Za-z0-9]{6,}/\d+(?:\.[A-Za-z0-9]+)?/?, path) and any(character.isdigit() for part in path.strip(/).split(/)[:2] for character in part)"
196d5653e32f815d26c0,beIN Sports 5,Bein Sports 5,http://goldenplayerz.xyz/[access-controlled],https://raw.githubusercontent.com/siksa40/xPola-Player/HEAD/novaler-bein.m3u,SKIPPED_ACCESS,ACCOUNT_PATH,UNKNOWN,,,{},NOT_REQUESTED,Credential-shaped IPTV line,Find a credential-free distribution or obtain provider documentation. No HTTP request made with copied account/access parameters; subscription/geo status unconfirmed.,[],"re.search(/(?:live|iptv)/[^/]+/[^/]+/\d+(?:[./]|$), path) or re.fullmatch(/[A-Za-z0-9]{6,}/[A-Za-z0-9]{6,}/\d+(?:\.[A-Za-z0-9]+)?/?, path) and any(character.isdigit() for part in path.strip(/).split(/)[:2] for character in part)"
a79094bca1073dde3470,beIN Sports 5,BEIN SPORT 5,http://iptv.nonland.net:8080/KING_IPTV_xui/QtChUjfXPF/1317,https://raw.githubusercontent.com/yoyo82520/huaiptv/HEAD/MiTV.m3u,GEO_BLOCKED_OR_FORBIDDEN,,AUTH_REQUIRED,401,http://iptv.nonland.net:8080/KING_IPTV_xui/QtChUjfXPF/1317,"{""access-control-allow-origin"": ""*"", ""connection"": ""close"", ""content-type"": ""text/html; charset=UTF-8"", ""date"": ""Sat, 10 Oct 2026 16:29:48 GMT"", ""server"": ""envoy"", ""transfer-encoding"": ""chunked"", ""x-envoy-upstream-service-time"": ""546""}",text/html; charset=UTF-8,Stream returned HTTP 401,,[],
624cc0df80edde4430e7,beIN Sports 5,BEIN Sport 5ᴴᴰ,http://iptv.nonland.net:8080/KING_IPTV_xui/QtChUjfXPF/20070,https://raw.githubusercontent.com/yoyo82520/huaiptv/HEAD/MiTV.m3u,GEO_BLOCKED_OR_FORBIDDEN,,AUTH_REQUIRED,401,http://iptv.nonland.net:8080/KING_IPTV_xui/QtChUjfXPF/20070,"{""access-control-allow-origin"": ""*"", ""connection"": ""close"", ""content-type"": ""text/html; charset=UTF-8"", ""date"": ""Sat, 10 Oct 2026 16:29:48 GMT"", ""server"": ""envoy"", ""transfer-encoding"": ""chunked"", ""x-envoy-upstream-service-time"": ""401""}",text/html; charset=UTF-8,Stream returned HTTP 401,,[],
3cb95a22da7ed11ed1a3,beIN Sports 5,BEIN Sports 5,http://iptv.nonland.net:8080/KING_IPTV_xui/QtChUjfXPF/47509,https://raw.githubusercontent.com/yoyo82520/huaiptv/HEAD/MiTV.m3u,GEO_BLOCKED_OR_FORBIDDEN,,AUTH_REQUIRED,401,http://iptv.nonland.net:8080/KING_IPTV_xui/QtChUjfXPF/47509,"{""access-control-allow-origin"": ""*"", ""connection"": ""close"", ""content-type"": ""text/html; charset=UTF-8"", ""date"": ""Sat, 10 Oct 2026 16:29:49 GMT"", ""server"": ""envoy"", ""transfer-encoding"": ""chunked"", ""x-envoy-upstream-service-time"": ""536""}",text/html; charset=UTF-8,Stream returned HTTP 401,,[],
858a9fa14e4581a99f33,beIN Sports 5,BEIN SPORTS 5,http://iptv.nonland.net:8080/KING_IPTV_xui/QtChUjfXPF/7344,https://raw.githubusercontent.com/yoyo82520/huaiptv/HEAD/MiTV.m3u,GEO_BLOCKED_OR_FORBIDDEN,,AUTH_REQUIRED,401,http://iptv.nonland.net:8080/KING_IPTV_xui/QtChUjfXPF/7344,"{""access-control-allow-origin"": ""*"", ""connection"": ""close"", ""content-type"": ""text/html; charset=UTF-8"", ""date"": ""Sat, 10 Oct 2026 16:29:50 GMT"", ""server"": ""envoy"", ""transfer-encoding"": ""chunked"", ""x-envoy-upstream-service-time"": ""645""}",text/html; charset=UTF-8,Stream returned HTTP 401,,[],
748c378ecdfe07707610,beIN Sports 5,beIN SPORT 5 4K,http://ktv.im/[access-controlled],https://raw.githubusercontent.com/thermaxy/t/HEAD/e.m3u,SKIPPED_ACCESS,ACCOUNT_PATH,UNKNOWN,,,{},NOT_REQUESTED,Credential-shaped IPTV line,Find a credential-free distribution or obtain provider documentation. No HTTP request made with copied account/access parameters; subscription/geo status unconfirmed.,[],"re.search(/(?:live|iptv)/[^/]+/[^/]+/\d+(?:[./]|$), path) or re.fullmatch(/[A-Za-z0-9]{6,}/[A-Za-z0-9]{6,}/\d+(?:\.[A-Za-z0-9]+)?/?, path) and any(character.isdigit() for part in path.strip(/).split(/)[:2] for character in part)"
063520b3c88ca2836e8d,beIN Sports 5,BEIN SPORTS 5,http://laurakaren.serv00.net/TRGoals.php?ID=yayinb5&e=.m3u8,https://raw.githubusercontent.com/proefem/titel1/HEAD/TRFTR,GEO_BLOCKED_OR_FORBIDDEN,,UNKNOWN,403,http://laurakaren.serv00.net/TRGoals.php?ID=yayinb5&e=.m3u8,"{""connection"": ""close"", ""content-length"": ""2625"", ""content-type"": ""text/html"", ""date"": ""Sat, 10 Oct 2026 16:24:22 GMT"", ""etag"": ""\""6695c3fb-a41\"""", ""server"": ""envoy"", ""x-envoy-upstream-service-time"": ""147""}",text/html,Stream returned HTTP 403,,"['ID', 'e']",
063520b3c88ca2836e8d,beIN Sports 5,BEIN SPORTS 5,http://laurakaren.serv00.net/TRGoals.php?ID=yayinb5&e=.m3u8,https://raw.githubusercontent.com/proefem/titel1/HEAD/TRFTR,GEO_BLOCKED_OR_FORBIDDEN,,UNKNOWN,403,http://laurakaren.serv00.net/TRGoals.php?ID=yayinb5&e=.m3u8,"{""connection"": ""close"", ""content-length"": ""2625"", ""content-type"": ""text/html"", ""date"": ""Sat, 10 Oct 2026 16:24:22 GMT"", ""etag"": ""\""6695c3fb-a41\"""", ""server"": ""envoy"", ""x-envoy-upstream-service-time"": ""149""}",text/html,Stream returned HTTP 403,,"['ID', 'e']",
9f2bb17959fede244f12,beIN Sports 5,┃AR┃ BEIN SPORTS 5,http://line.goattv-ott.xyz/[access-controlled],https://gist.githubusercontent.com/Xo-Richie-Baldeo-oX/ac1a002b5c442908f134dd4958579ec2/raw,SKIPPED_ACCESS,ACCESS_QUERY_KEYS,UNKNOWN,,,{},NOT_REQUESTED,Credential/token/session-specific published URL; not reusable without access tokens,Find a credential-free distribution or obtain provider documentation. No HTTP request made with copied account/access parameters; subscription/geo status unconfirmed.,"['extension', 'mac', 'play_token', 'stream']","query keys intersect {token,ticket,password,username,mac,play_token,wmsauthsign,hdnts,hdnea,auth}"
4710e981f979d2766565,beIN Sports 5,┃AR┃ BEIN SPORTS 5 UHD,http://line.goattv-ott.xyz/[access-controlled],https://gist.githubusercontent.com/Xo-Richie-Baldeo-oX/ac1a002b5c442908f134dd4958579ec2/raw,SKIPPED_ACCESS,ACCESS_QUERY_KEYS,UNKNOWN,,,{},NOT_REQUESTED,Credential/token/session-specific published URL; not reusable without access tokens,Find a credential-free distribution or obtain provider documentation. No HTTP request made with copied account/access parameters; subscription/geo status unconfirmed.,"['extension', 'mac', 'play_token', 'stream']","query keys intersect {token,ticket,password,username,mac,play_token,wmsauthsign,hdnts,hdnea,auth}"
a8a9445600077a4e4977,beIN Sports 5,bein Sport 5 HD,http://line.sweet-4k.cc/[access-controlled],https://raw.githubusercontent.com/proefem/titel1/HEAD/TRFTR,SKIPPED_ACCESS,ACCOUNT_PATH,UNKNOWN,,,{},NOT_REQUESTED,Credential-shaped IPTV line,Find a credential-free distribution or obtain provider documentation. No HTTP request made with copied account/access parameters; subscription/geo status unconfirmed.,[],"re.search(/(?:live|iptv)/[^/]+/[^/]+/\d+(?:[./]|$), path) or re.fullmatch(/[A-Za-z0-9]{6,}/[A-Za-z0-9]{6,}/\d+(?:\.[A-Za-z0-9]+)?/?, path) and any(character.isdigit() for part in path.strip(/).split(/)[:2] for character in part)"
1ab2991838c3f6d29240,beIN Sports 5,bein Sport 5 FHD,http://line.sweet-4k.cc/[access-controlled],https://raw.githubusercontent.com/proefem/titel1/HEAD/TRFTR,SKIPPED_ACCESS,ACCOUNT_PATH,UNKNOWN,,,{},NOT_REQUESTED,Credential-shaped IPTV line,Find a credential-free distribution or obtain provider documentation. No HTTP request made with copied account/access parameters; subscription/geo status unconfirmed.,[],"re.search(/(?:live|iptv)/[^/]+/[^/]+/\d+(?:[./]|$), path) or re.fullmatch(/[A-Za-z0-9]{6,}/[A-Za-z0-9]{6,}/\d+(?:\.[A-Za-z0-9]+)?/?, path) and any(character.isdigit() for part in path.strip(/).split(/)[:2] for character in part)"
d705a6f9862f40a9210e,beIN Sports 5,bein Sport 5 SD,http://line.sweet-4k.cc/[access-controlled],https://raw.githubusercontent.com/proefem/titel1/HEAD/TRFTR,SKIPPED_ACCESS,ACCOUNT_PATH,UNKNOWN,,,{},NOT_REQUESTED,Credential-shaped IPTV line,Find a credential-free distribution or obtain provider documentation. No HTTP request made with copied account/access parameters; subscription/geo status unconfirmed.,[],"re.search(/(?:live|iptv)/[^/]+/[^/]+/\d+(?:[./]|$), path) or re.fullmatch(/[A-Za-z0-9]{6,}/[A-Za-z0-9]{6,}/\d+(?:\.[A-Za-z0-9]+)?/?, path) and any(character.isdigit() for part in path.strip(/).split(/)[:2] for character in part)"
279657e2ee08004f91ff,beIN Sports 5,bein sports 5,http://listatv.cf/prem.php?id=beinsports5&tk=january&f=.m3u8,https://raw.githubusercontent.com/TVCABLEAR/VIP/HEAD/PAIS/USA/2018-USA.m3u,GEO_BLOCKED_OR_FORBIDDEN,,UNKNOWN,403,http://listatv.cf/prem.php?id=beinsports5&tk=january&f=.m3u8,"{""connection"": ""close"", ""content-length"": ""33"", ""content-type"": ""text/plain"", ""date"": ""Sat, 10 Oct 2026 16:30:07 GMT"", ""server"": ""envoy""}",text/plain,Stream returned HTTP 403,,"['f', 'id', 'tk']",
3b062b162b8f04444412,beIN Sports 5,Bein Sports 5,http://livetv.grabdeal.xyz/beinsport5,https://raw.githubusercontent.com/ajonx/Ambyar-TV/HEAD/Sports.m3u,BROKEN,,UNKNOWN,200,https://livetv.grabdeal.xyz/beinsport5,"{""alt-svc"": ""h3=\"":443\""; ma=86400"", ""cf-cache-status"": ""DYNAMIC"", ""cf-ray"": ""a486fad86d0c1046-ORD"", ""connection"": ""close"", ""content-type"": ""text/html; charset=UTF-8"", ""date"": ""Sat, 10 Oct 2026 16:25:14 GMT"", ""nel"": ""{\""report_to\"":\""cf-nel\"",\""success_fraction\"":0.0,\""max_age\"":604800}"", ""report-to"": ""{\""group\"":\""cf-nel\"",\""max_age\"":604800,\""endpoints\"":[{\""url\"":\""https://a.nel.cloudflare.com/report/v4?s=MZYCpDULqeo7EfCjMWHe4xbbPMxzPgZ%2FCbkZI7Mej3LzZjOcHsB63UnD3swCt5pd27BVr3RutQEHNXSEdjWZsuK%2BMarplddtkcPvRwV00j0Fd4k0bpT%2BjNBWG6KMKldHrrqPDOY6\""}]}"", ""server"": ""envoy"", ""transfer-encoding"": ""chunked"", ""vary"": ""accept-encoding"", ""x-envoy-upstream-service-time"": ""201"", ""x-powered-by"": ""Nginx""}",text/html; charset=UTF-8,Response was not a recognized playlist or media stream,,[],
c74e5f40b053b9788dc5,beIN Sports 5,BEIN SPORTS 5 SD,http://m1.webvps.de/[access-controlled],https://raw.githubusercontent.com/mchoumi/mchoumi.github.io/HEAD/IPTVsports.m3u,SKIPPED_ACCESS,ACCOUNT_PATH,UNKNOWN,,,{},NOT_REQUESTED,Credential-shaped IPTV line,Find a credential-free distribution or obtain provider documentation. No HTTP request made with copied account/access parameters; subscription/geo status unconfirmed.,[],"re.search(/(?:live|iptv)/[^/]+/[^/]+/\d+(?:[./]|$), path) or re.fullmatch(/[A-Za-z0-9]{6,}/[A-Za-z0-9]{6,}/\d+(?:\.[A-Za-z0-9]+)?/?, path) and any(character.isdigit() for part in path.strip(/).split(/)[:2] for character in part)"
b7ab78dedba9dcf41a14,beIN Sports 5,BEIN SPORTS 5 HD,http://m1.webvps.de/[access-controlled],https://raw.githubusercontent.com/mchoumi/mchoumi.github.io/HEAD/IPTVsports.m3u,SKIPPED_ACCESS,ACCOUNT_PATH,UNKNOWN,,,{},NOT_REQUESTED,Credential-shaped IPTV line,Find a credential-free distribution or obtain provider documentation. No HTTP request made with copied account/access parameters; subscription/geo status unconfirmed.,[],"re.search(/(?:live|iptv)/[^/]+/[^/]+/\d+(?:[./]|$), path) or re.fullmatch(/[A-Za-z0-9]{6,}/[A-Za-z0-9]{6,}/\d+(?:\.[A-Za-z0-9]+)?/?, path) and any(character.isdigit() for part in path.strip(/).split(/)[:2] for character in part)"
aaa29c96ab4b6c22522e,beIN Sports 5,BEIN SPORTS 5 FHD,http://m1.webvps.de/[access-controlled],https://raw.githubusercontent.com/mchoumi/mchoumi.github.io/HEAD/IPTVsports.m3u,SKIPPED_ACCESS,ACCOUNT_PATH,UNKNOWN,,,{},NOT_REQUESTED,Credential-shaped IPTV line,Find a credential-free distribution or obtain provider documentation. No HTTP request made with copied account/access parameters; subscription/geo status unconfirmed.,[],"re.search(/(?:live|iptv)/[^/]+/[^/]+/\d+(?:[./]|$), path) or re.fullmatch(/[A-Za-z0-9]{6,}/[A-Za-z0-9]{6,}/\d+(?:\.[A-Za-z0-9]+)?/?, path) and any(character.isdigit() for part in path.strip(/).split(/)[:2] for character in part)"
e1c8fc2063ae7dd634fd,beIN Sports 5,BEIN SPORTS 5 FHD 4K,http://m1.webvps.de/[access-controlled],https://raw.githubusercontent.com/mchoumi/mchoumi.github.io/HEAD/IPTVsports.m3u,SKIPPED_ACCESS,ACCOUNT_PATH,UNKNOWN,,,{},NOT_REQUESTED,Credential-shaped IPTV line,Find a credential-free distribution or obtain provider documentation. No HTTP request made with copied account/access parameters; subscription/geo status unconfirmed.,[],"re.search(/(?:live|iptv)/[^/]+/[^/]+/\d+(?:[./]|$), path) or re.fullmatch(/[A-Za-z0-9]{6,}/[A-Za-z0-9]{6,}/\d+(?:\.[A-Za-z0-9]+)?/?, path) and any(character.isdigit() for part in path.strip(/).split(/)[:2] for character in part)"
22acceec1f52dd85214a,beIN Sports 5,[FR] beinsports5,http://master2.ipfox.online/[access-controlled],https://raw.githubusercontent.com/jifat1980/Channels-List/HEAD/Sport/kili-beINSPORTS-Fr.m3u,SKIPPED_ACCESS,ACCOUNT_PATH,UNKNOWN,,,{},NOT_REQUESTED,Credential-shaped IPTV line,Find a credential-free distribution or obtain provider documentation. No HTTP request made with copied account/access parameters; subscription/geo status unconfirmed.,[],"re.search(/(?:live|iptv)/[^/]+/[^/]+/\d+(?:[./]|$), path) or re.fullmatch(/[A-Za-z0-9]{6,}/[A-Za-z0-9]{6,}/\d+(?:\.[A-Za-z0-9]+)?/?, path) and any(character.isdigit() for part in path.strip(/).split(/)[:2] for character in part)"
a6ca03ab85a601ca57e3,beIN Sports 5,AR BEIN SPORTS 5 HD,http://pro.netmos.ovh/[access-controlled],https://raw.githubusercontent.com/raid35/channel-links/HEAD/ALWAN.m3u,SKIPPED_ACCESS,ACCOUNT_PATH,UNKNOWN,,,{},NOT_REQUESTED,Credential-shaped IPTV line,Find a credential-free distribution or obtain provider documentation. No HTTP request made with copied account/access parameters; subscription/geo status unconfirmed.,[],"re.search(/(?:live|iptv)/[^/]+/[^/]+/\d+(?:[./]|$), path) or re.fullmatch(/[A-Za-z0-9]{6,}/[A-Za-z0-9]{6,}/\d+(?:\.[A-Za-z0-9]+)?/?, path) and any(character.isdigit() for part in path.strip(/).split(/)[:2] for character in part)"
83cfc7e7573b3c2033b7,beIN Sports 5,beIN Sports 5HD,http://s.showplustv.pro/[access-controlled],https://raw.githubusercontent.com/ktkooot1/Ustream/HEAD/Showplus%20Sport.m3u,SKIPPED_ACCESS,ACCOUNT_PATH,UNKNOWN,,,{},NOT_REQUESTED,Credential-shaped IPTV line,Find a credential-free distribution or obtain provider documentation. No HTTP request made with copied account/access parameters; subscription/geo status unconfirmed.,[],"re.search(/(?:live|iptv)/[^/]+/[^/]+/\d+(?:[./]|$), path) or re.fullmatch(/[A-Za-z0-9]{6,}/[A-Za-z0-9]{6,}/\d+(?:\.[A-Za-z0-9]+)?/?, path) and any(character.isdigit() for part in path.strip(/).split(/)[:2] for character in part)"
a6b2655e6b4fadf1e8e6,beIN Sports 5,Bein Sports HD5 (H.265),http://s.showplustv.pro/[access-controlled],https://raw.githubusercontent.com/ktkooot1/Ustream/HEAD/Showplus%20Sport.m3u,SKIPPED_ACCESS,ACCOUNT_PATH,UNKNOWN,,,{},NOT_REQUESTED,Credential-shaped IPTV line,Find a credential-free distribution or obtain provider documentation. No HTTP request made with copied account/access parameters; subscription/geo status unconfirmed.,[],"re.search(/(?:live|iptv)/[^/]+/[^/]+/\d+(?:[./]|$), path) or re.fullmatch(/[A-Za-z0-9]{6,}/[A-Za-z0-9]{6,}/\d+(?:\.[A-Za-z0-9]+)?/?, path) and any(character.isdigit() for part in path.strip(/).split(/)[:2] for character in part)"
4b43024096c12d4519e6,beIN Sports 5,beIN Sports 5 4K (H265),http://s.showplustv.pro/[access-controlled],https://raw.githubusercontent.com/ktkooot1/Ustream/HEAD/Showplus%20Sport.m3u,SKIPPED_ACCESS,ACCOUNT_PATH,UNKNOWN,,,{},NOT_REQUESTED,Credential-shaped IPTV line,Find a credential-free distribution or obtain provider documentation. No HTTP request made with copied account/access parameters; subscription/geo status unconfirmed.,[],"re.search(/(?:live|iptv)/[^/]+/[^/]+/\d+(?:[./]|$), path) or re.fullmatch(/[A-Za-z0-9]{6,}/[A-Za-z0-9]{6,}/\d+(?:\.[A-Za-z0-9]+)?/?, path) and any(character.isdigit() for part in path.strip(/).split(/)[:2] for character in part)"
cbcd3ef4e37c888872e9,beIN Sports 5,beIN SPORTS 5 4K,http://sansatplus.net/[access-controlled],https://raw.githubusercontent.com/raid35/channel-links/HEAD/arab.m3u,SKIPPED_ACCESS,ACCOUNT_PATH,UNKNOWN,,,{},NOT_REQUESTED,Credential-shaped IPTV line,Find a credential-free distribution or obtain provider documentation. No HTTP request made with copied account/access parameters; subscription/geo status unconfirmed.,[],"re.search(/(?:live|iptv)/[^/]+/[^/]+/\d+(?:[./]|$), path) or re.fullmatch(/[A-Za-z0-9]{6,}/[A-Za-z0-9]{6,}/\d+(?:\.[A-Za-z0-9]+)?/?, path) and any(character.isdigit() for part in path.strip(/).split(/)[:2] for character in part)"
fd4f10a2ac7da623cb25,beIN Sports 5,BeIn Sports 5 HD,http://satyrnsat.dyndns.org/[access-controlled],https://gist.githubusercontent.com/ItsRandall/3119615c8b4732d7b56e5217d66edbab/raw,SKIPPED_ACCESS,ACCOUNT_PATH,UNKNOWN,,,{},NOT_REQUESTED,Credential-shaped IPTV line,Find a credential-free distribution or obtain provider documentation. No HTTP request made with copied account/access parameters; subscription/geo status unconfirmed.,[],"re.search(/(?:live|iptv)/[^/]+/[^/]+/\d+(?:[./]|$), path) or re.fullmatch(/[A-Za-z0-9]{6,}/[A-Za-z0-9]{6,}/\d+(?:\.[A-Za-z0-9]+)?/?, path) and any(character.isdigit() for part in path.strip(/).split(/)[:2] for character in part)"
8d27a70f11789f3704d5,beIN Sports 5,BEIN SPORTS 5 4K,http://sky-tv.org/[access-controlled],https://raw.githubusercontent.com/mchoumi/mchoumi.github.io/HEAD/IPTVara.m3u,SKIPPED_ACCESS,ACCOUNT_PATH,UNKNOWN,,,{},NOT_REQUESTED,Credential-shaped IPTV line,Find a credential-free distribution or obtain provider documentation. No HTTP request made with copied account/access parameters; subscription/geo status unconfirmed.,[],"re.search(/(?:live|iptv)/[^/]+/[^/]+/\d+(?:[./]|$), path) or re.fullmatch(/[A-Za-z0-9]{6,}/[A-Za-z0-9]{6,}/\d+(?:\.[A-Za-z0-9]+)?/?, path) and any(character.isdigit() for part in path.strip(/).split(/)[:2] for character in part)"
a13b1e8562fa151549ac,beIN Sports 5,1080-Bein Sports 5,http://stream.mytvplus.net:7006/sport/ch5/ch5_1080.m3u8,https://gist.githubusercontent.com/mohannad-art/1f08bae8819eb6ced114bc5fd9920dac/raw,GEO_BLOCKED_OR_FORBIDDEN,,UNKNOWN,403,http://stream.mytvplus.net:7006/sport/ch5/ch5_1080.m3u8,"{""connection"": ""close"", ""content-length"": ""33"", ""content-type"": ""text/plain"", ""date"": ""Sat, 10 Oct 2026 16:24:01 GMT"", ""server"": ""envoy""}",text/plain,Stream returned HTTP 403,,[],
469d217de40bd17bbb89,beIN Sports 5,720-Bein Sports 5,http://stream.mytvplus.net:7006/sport/ch5/ch5_720.m3u8,https://gist.githubusercontent.com/mohannad-art/1f08bae8819eb6ced114bc5fd9920dac/raw,GEO_BLOCKED_OR_FORBIDDEN,,UNKNOWN,403,http://stream.mytvplus.net:7006/sport/ch5/ch5_720.m3u8,"{""connection"": ""close"", ""content-length"": ""33"", ""content-type"": ""text/plain"", ""date"": ""Sat, 10 Oct 2026 16:24:01 GMT"", ""server"": ""envoy""}",text/plain,Stream returned HTTP 403,,[],
073b4f86a7fc61263cc7,beIN Sports 5,Bein Sports 5ᴴᴰ,http://tr.redatvgold.com/[access-controlled],https://gist.githubusercontent.com/R03nDL03n1/e3f461a6e39f8bdc3e9bf96df638fd44/raw,SKIPPED_ACCESS,ACCESS_QUERY_KEYS,UNKNOWN,,,{},NOT_REQUESTED,Credential/token/session-specific published URL; not reusable without access tokens,Find a credential-free distribution or obtain provider documentation. No HTTP request made with copied account/access parameters; subscription/geo status unconfirmed.,"['extension', 'mac', 'stream']","query keys intersect {token,ticket,password,username,mac,play_token,wmsauthsign,hdnts,hdnea,auth}"
806e63798258731c74ec,beIN Sports 5,beIN SPORTS 5 HD,http://tv.startseven.tn/[access-controlled],https://raw.githubusercontent.com/raid35/channel-links/HEAD/ALWAN.m3u,SKIPPED_ACCESS,ACCOUNT_PATH,UNKNOWN,,,{},NOT_REQUESTED,Credential-shaped IPTV line,Find a credential-free distribution or obtain provider documentation. No HTTP request made with copied account/access parameters; subscription/geo status unconfirmed.,[],"re.search(/(?:live|iptv)/[^/]+/[^/]+/\d+(?:[./]|$), path) or re.fullmatch(/[A-Za-z0-9]{6,}/[A-Za-z0-9]{6,}/\d+(?:\.[A-Za-z0-9]+)?/?, path) and any(character.isdigit() for part in path.strip(/).split(/)[:2] for character in part)"
085bf0263a264bbe8780,beIN Sports 5,beIN SPORTS 5 HD,http://u.goldeniptv.com/[access-controlled],https://raw.githubusercontent.com/raid35/channel-links/HEAD/arab.m3u,SKIPPED_ACCESS,ACCOUNT_PATH,UNKNOWN,,,{},NOT_REQUESTED,Credential-shaped IPTV line,Find a credential-free distribution or obtain provider documentation. No HTTP request made with copied account/access parameters; subscription/geo status unconfirmed.,[],"re.search(/(?:live|iptv)/[^/]+/[^/]+/\d+(?:[./]|$), path) or re.fullmatch(/[A-Za-z0-9]{6,}/[A-Za-z0-9]{6,}/\d+(?:\.[A-Za-z0-9]+)?/?, path) and any(character.isdigit() for part in path.strip(/).split(/)[:2] for character in part)"
bc19030e3947fc34fe30,beIN Sports 5, beIN Sports 5,http://vpro.viptvclub.com/[access-controlled],https://raw.githubusercontent.com/yoyo82520/huaiptv/HEAD/HuaTV.m3u,SKIPPED_ACCESS,ACCOUNT_PATH,UNKNOWN,,,{},NOT_REQUESTED,Credential-shaped IPTV line,Find a credential-free distribution or obtain provider documentation. No HTTP request made with copied account/access parameters; subscription/geo status unconfirmed.,[],"re.search(/(?:live|iptv)/[^/]+/[^/]+/\d+(?:[./]|$), path) or re.fullmatch(/[A-Za-z0-9]{6,}/[A-Za-z0-9]{6,}/\d+(?:\.[A-Za-z0-9]+)?/?, path) and any(character.isdigit() for part in path.strip(/).split(/)[:2] for character in part)"
94b224ab3c525f2e7a0a,beIN Sports 5, beIN Sports 5 ᴴᴰ,http://vpro.viptvclub.com/[access-controlled],https://raw.githubusercontent.com/yoyo82520/huaiptv/HEAD/HuaTV.m3u,SKIPPED_ACCESS,ACCOUNT_PATH,UNKNOWN,,,{},NOT_REQUESTED,Credential-shaped IPTV line,Find a credential-free distribution or obtain provider documentation. No HTTP request made with copied account/access parameters; subscription/geo status unconfirmed.,[],"re.search(/(?:live|iptv)/[^/]+/[^/]+/\d+(?:[./]|$), path) or re.fullmatch(/[A-Za-z0-9]{6,}/[A-Za-z0-9]{6,}/\d+(?:\.[A-Za-z0-9]+)?/?, path) and any(character.isdigit() for part in path.strip(/).split(/)[:2] for character in part)"
484362fae58b1ed91ec9,beIN Sports 5, beIN Sports 5 ᴴᴰ*,http://vpro.viptvclub.com/[access-controlled],https://raw.githubusercontent.com/yoyo82520/huaiptv/HEAD/HuaTV.m3u,SKIPPED_ACCESS,ACCOUNT_PATH,UNKNOWN,,,{},NOT_REQUESTED,Credential-shaped IPTV line,Find a credential-free distribution or obtain provider documentation. No HTTP request made with copied account/access parameters; subscription/geo status unconfirmed.,[],"re.search(/(?:live|iptv)/[^/]+/[^/]+/\d+(?:[./]|$), path) or re.fullmatch(/[A-Za-z0-9]{6,}/[A-Za-z0-9]{6,}/\d+(?:\.[A-Za-z0-9]+)?/?, path) and any(character.isdigit() for part in path.strip(/).split(/)[:2] for character in part)"
76fca702a7bbf90fefcb,beIN Sports 5, beIN Sports 5¹⁰⁸⁰ᵖ 4K,http://vpro.viptvclub.com/[access-controlled],https://raw.githubusercontent.com/yoyo82520/huaiptv/HEAD/HuaTV.m3u,SKIPPED_ACCESS,ACCOUNT_PATH,UNKNOWN,,,{},NOT_REQUESTED,Credential-shaped IPTV line,Find a credential-free distribution or obtain provider documentation. No HTTP request made with copied account/access parameters; subscription/geo status unconfirmed.,[],"re.search(/(?:live|iptv)/[^/]+/[^/]+/\d+(?:[./]|$), path) or re.fullmatch(/[A-Za-z0-9]{6,}/[A-Za-z0-9]{6,}/\d+(?:\.[A-Za-z0-9]+)?/?, path) and any(character.isdigit() for part in path.strip(/).split(/)[:2] for character in part)"
e3b561599e6d826a5aaf,beIN Sports 5,BEIN SPORTS 5 [AR],http://xown.site/[access-controlled],https://raw.githubusercontent.com/bugsfreeweb/LiveTVCollector/HEAD/LiveTV/Bangladesh/LiveTV.m3u,SKIPPED_ACCESS,ACCESS_QUERY_KEYS,UNKNOWN,,,{},NOT_REQUESTED,Credential/token/session-specific published URL; not reusable without access tokens,Find a credential-free distribution or obtain provider documentation. No HTTP request made with copied account/access parameters; subscription/geo status unconfirmed.,"['id', 'token']","query keys intersect {token,ticket,password,username,mac,play_token,wmsauthsign,hdnts,hdnea,auth}"
a2c1f20230a1dd49061f,beIN Sports 5,beIN 5 4K,http://ziyadiptv.net/[access-controlled],https://raw.githubusercontent.com/BahyOsama/dinurunn/HEAD/oo.m3u,SKIPPED_ACCESS,ACCOUNT_PATH,UNKNOWN,,,{},NOT_REQUESTED,Credential-shaped IPTV line,Find a credential-free distribution or obtain provider documentation. No HTTP request made with copied account/access parameters; subscription/geo status unconfirmed.,[],"re.search(/(?:live|iptv)/[^/]+/[^/]+/\d+(?:[./]|$), path) or re.fullmatch(/[A-Za-z0-9]{6,}/[A-Za-z0-9]{6,}/\d+(?:\.[A-Za-z0-9]+)?/?, path) and any(character.isdigit() for part in path.strip(/).split(/)[:2] for character in part)"
3ebe772834aba9648422,beIN Sports 5,beIN Sports 5 HD,https://012v4.goiptv.us.ci/stream/starhub/beinsports5hd/,https://raw.githubusercontent.com/judy-gotv/iptv/HEAD/StarHub.m3u,TIMEOUT,,TEMPORARY_FAILURE,,,{},unknown,Stream timeout: The read operation timed out,,[],
b74a04591ff601497308,beIN Sports 5,Bein Sports 5 HD,https://2ue.d72577a9dd0ec31.sbs/b5/mono.m3u8,https://raw.githubusercontent.com/kadirsener1/CanliTvListe/HEAD/1.m3u,UNKNOWN,,UNKNOWN,,,{},unknown,Mixed or insufficient failure evidence: Stream connection error: Tunnel connection failed: 403 Forbidden; Stream connection error: Tunnel connection failed: 403 Forbidden,,[],
a29c48fcd28cb44a938c,beIN Sports 5,beIN Sports 5 (DRM Protected),https://49-231-37-235-rewriter.ais-vidnt.com/ais/play/origin/live/eds/S0005/HLS/S0005.m3u8,https://raw.githubusercontent.com/winnie3101/WinnieIPTV/HEAD/WinnieIPTV_AISPlay.m3u,UNKNOWN,,UNKNOWN,,,{},unknown,Mixed or insufficient failure evidence: Stream connection error: Tunnel connection failed: 403 Forbidden; Stream connection error: Tunnel connection failed: 403 Forbidden,,[],
850bb0d0954914797c28,beIN Sports 5,BeinSport5,https://airmax.boats:443/airmaxtvMAX/airmaxtvXAM/311.ts,https://raw.githubusercontent.com/yousseffaouzi/playbein/HEAD/plbein.m3u,UNKNOWN,,UNKNOWN,,,{},unknown,Mixed or insufficient failure evidence: Stream connection error: Tunnel connection failed: 403 Forbidden; Stream connection error: Tunnel connection failed: 403 Forbidden,,[],
eb533fdb8a89f53f0883,beIN Sports 5,Bein Sports 5,https://andro.226503.xyz/checklist/androstreamlivebs5.m3u8,https://gist.githubusercontent.com/bdrajgaming654-byte/11d59f64cea2abb66c2b547dd6b9c208/raw,UNKNOWN,,UNKNOWN,,,{},unknown,Mixed or insufficient failure evidence: Stream connection error: Tunnel connection failed: 403 Forbidden; Stream connection error: Tunnel connection failed: 403 Forbidden,,[],
c3b201e780560de8014f,beIN Sports 5,BeIN Sports 5,https://andro.evrenesoglu121.click/checklist/androstreamlivebs5.m3u8,https://raw.githubusercontent.com/falsisdev/anthology/HEAD/providers/M3U/Liste/canli.m3u,GEO_BLOCKED_OR_FORBIDDEN,,UNKNOWN,403,https://andro.evrenesoglu121.click/checklist/androstreamlivebs5.m3u8,"{""cache-control"": ""private, max-age=0, no-store, no-cache, must-revalidate, post-check=0, pre-check=0"", ""cf-ray"": ""a4870192e9d50cda-ORD"", ""connection"": ""close"", ""content-type"": ""text/html"", ""date"": ""Sat, 10 Oct 2026 16:29:49 GMT"", ""expires"": ""Thu, 01 Jan 1970 00:00:01 GMT"", ""nel"": ""{\""report_to\"":\""cf-nel\"",\""success_fraction\"":0.0,\""max_age\"":604800}"", ""referrer-policy"": ""same-origin"", ""report-to"": ""{\""group\"":\""cf-nel\"",\""max_age\"":604800,\""endpoints\"":[{\""url\"":\""https://a.nel.cloudflare.com/report/v4?s=GbkGtATR%2BcDp8sECXT%2FyWfry0rZ1n27a13W2mgWISiEJs4xa9Bc3zJzN4%2B1DJUZwEFAVNs8M%2FXF%2BtO4afGbPGsKeIr%2BDR5%2F5OCrFzWyZzvi3uWoktNPsh7%2BTJRVGa8g4qDZ7b1jE6uO4PB5q1g%3D%3D\""}]}"", ""server"": ""envoy"", ""transfer-encoding"": ""chunked"", ""x-envoy-upstream-service-time"": ""58"", ""x-frame-options"": ""SAMEORIGIN""}",text/html,Stream returned HTTP 403,,[],
3631b43a8c87812b3cb4,beIN Sports 5,Bein Sports 5,https://dga1op10s1u3leo.52c26716e2e875.click/live/selcukbeinsports5/playlist.m3u8,https://raw.githubusercontent.com/iprtl/m3u/HEAD/Freetv.m3u,GEO_BLOCKED_OR_FORBIDDEN,,UNKNOWN,200,https://dga1op10s1u3leo.52c26716e2e875.click/live/selcukbeinsports5/playlist.m3u8,"{""access-control-allow-headers"": ""Range, Origin, Accept,DNT,User-Agent,X-Requested-With,If-Modified-Since,Cache-Control,Content-Type,Range"", ""access-control-allow-methods"": ""GET, HEAD, OPTIONS,GET, OPTIONS"", ""access-control-allow-origin"": ""*"", ""access-control-expose-headers"": ""Content-Length, Content-Range,Content-Length,Content-Range"", ""alt-svc"": ""h3=\"":443\""; ma=86400"", ""cache-control"": ""public, s-maxage=2, no-store"", ""cf-cache-status"": ""EXPIRED"", ""cf-ray"": ""a486fa85cca3eada-ORD"", ""connection"": ""close"", ""content-type"": ""application/vnd.apple.mpegurl"", ""date"": ""Sat, 10 Oct 2026 16:25:01 GMT"", ""last-modified"": ""Sat, 10 Oct 2026 16:25:01 GMT"", ""nel"": ""{\""report_to\"":\""cf-nel\"",\""success_fraction\"":0.0,\""max_age\"":604800}"", ""report-to"": ""{\""group\"":\""cf-nel\"",\""max_age\"":604800,\""endpoints\"":[{\""url\"":\""https://a.nel.cloudflare.com/report/v4?s=xiDG8aQB9UYerts3lvVRT2uJ07dl42ILK%2B7C6obSQAvG1y0%2BJwoaeAev3oF%2BbI2Tve61gGvolinFqS3DyP88Hp%2FXE%2BirVrK3TtRzHfS9qC9IjRSCSgnEu6dcrF3vF%2Bc7odMRtI%2BL2VgS0aR1SeV8QZ6Ot3SrRb4%3D\""}]}"", ""server"": ""envoy"", ""strict-transport-security"": ""max-age=15552000; includeSubDomains"", ""transfer-encoding"": ""chunked"", ""x-b-status"": ""disabled"", ""x-cache-status"": ""MISS"", ""x-content-type-options"": ""nosniff"", ""x-e-cache-date"": ""Sat, 10 Oct 2026 16:25:01 GMT"", ""x-e-cache-status"": ""EXPIRED"", ""x-e-server"": ""edge-2"", ""x-envoy-upstream-service-time"": ""394"", ""x-p-bp"": ""0"", ""x-p-to"": ""2to1"", ""x-stream-name"": ""selcukbeinsports5""}",hls-media,HLS media object returned HTTP 403,,[],
7b7f47f5118604825815,beIN Sports 5,beIN Sports 5,https://liveeu-gcp.alkassdigital.net/alkass5-p/main.m3u8,https://raw.githubusercontent.com/mi3umi/test-iptv-m3u/HEAD/combined.m3u,GEO_BLOCKED_OR_FORBIDDEN,,UNKNOWN,403,https://liveeu-gcp.alkassdigital.net/alkass5-p/main.m3u8,"{""access-control-allow-credentials"": ""true"", ""access-control-allow-headers"": ""origin,range,hdntl,hdnts,CMCD-Request,CMCD-Object,CMCD-Status,CMCD-Session"", ""access-control-allow-methods"": ""GET,POST,OPTIONS"", ""access-control-allow-origin"": ""https://shoof.alkass.net"", ""access-control-expose-headers"": ""Server,range,hdntl,hdnts,Akamai-Mon-Iucid-Ing,Akamai-Mon-Iucid-Del,Akamai-Request-BC"", ""access-control-max-age"": ""86400"", ""akamai-mon-iucid-del"": ""1901643"", ""alt-svc"": ""h3=\"":443\""; ma=93600,h3-29=\"":443\""; ma=93600"", ""cache-control"": ""max-age=0, no-cache, no-store"", ""connection"": ""close"", ""content-length"": ""417"", ""content-type"": ""text/html"", ""date"": ""Sat, 10 Oct 2026 16:24:15 GMT"", ""expires"": ""Sat, 10 Oct 2026 16:24:15 GMT"", ""mime-version"": ""1.0"", ""pragma"": ""no-cache"", ""server"": ""envoy"", ""x-envoy-upstream-service-time"": ""115""}",text/html,Stream returned HTTP 403,,[],
f1ee3d547e1286a9c080,beIN Sports 5,Bein Sports 5,https://ott.udptv.net/stream/iptv/beinsports5/master.m3u8?u=cocked&p=dd0abb52723d22acc0f97fe0336480feaa88a37ecda55a138a8d5e0ee14b0664,https://raw.githubusercontent.com/judy-gotv/iptv/HEAD/UDPTV.m3u,BROKEN,,UNKNOWN,404,https://ott.udptv.net/stream/iptv/beinsports5/master.m3u8?u=cocked&p=dd0abb52723d22acc0f97fe0336480feaa88a37ecda55a138a8d5e0ee14b0664,"{""alt-svc"": ""h3=\"":443\""; ma=86400"", ""cache-control"": ""private, no-cache, no-store, max-age=0, must-revalidate"", ""cf-cache-status"": ""DYNAMIC"", ""cf-ray"": ""a48701862fec89f7-ORD"", ""connection"": ""close"", ""content-type"": ""text/html; charset=utf-8"", ""date"": ""Sat, 10 Oct 2026 16:29:48 GMT"", ""nel"": ""{\""report_to\"":\""cf-nel\"",\""success_fraction\"":0.0,\""max_age\"":604800}"", ""permissions-policy"": ""camera=(), microphone=(), geolocation=(), payment=()"", ""referrer-policy"": ""strict-origin-when-cross-origin"", ""report-to"": ""{\""group\"":\""cf-nel\"",\""max_age\"":604800,\""endpoints\"":[{\""url\"":\""https://a.nel.cloudflare.com/report/v4?s=D2iH19u9NWI30%2Fy6iPCJrzcD%2B4RjtT%2FHMcoDEfsU0jXASQmWqGeVVlK3iPA7k3jp70SPB9C7SpFXIy4Ojwv9Tcv7FsaTqMbAdTfRxbB8rMIMD%2B8U%2FZrRy0t%2FhTEMO4NU\""}]}"", ""server"": ""envoy"", ""transfer-encoding"": ""chunked"", ""vary"": ""rsc, next-router-state-tree, next-router-prefetch, next-router-segment-prefetch, Accept-Encoding"", ""x-content-type-options"": ""nosniff"", ""x-envoy-upstream-service-time"": ""841"", ""x-frame-options"": ""DENY"", ""x-powered-by"": ""Next.js""}",text/html; charset=utf-8,Stream returned HTTP 404,,"['p', 'u']",
60ef30252192c8b0c4aa,beIN Sports 5,beIN SPORTS 5,https://pp.centtv38.live/yayinb5.m3u8,https://raw.githubusercontent.com/Lunedor/iptvTR/HEAD/iptv_tum_kanallar.m3u,UNKNOWN,,UNKNOWN,,,{},unknown,Mixed or insufficient failure evidence: Stream connection error: Tunnel connection failed: 403 Forbidden; Stream connection error: Tunnel connection failed: 403 Forbidden,,[],
5393c4e480aa4b262e05,beIN Sports 5,BeIN Sport 5 ʜᴅ,https://scr013.b-cdn.net/live/15.m3u8,https://raw.githubusercontent.com/proefem/titel1/HEAD/TRFTR,GEO_BLOCKED_OR_FORBIDDEN,,UNKNOWN,403,https://scr013.b-cdn.net/live/15.m3u8,"{""cache-control"": ""no-cache, no-store, max-age=0"", ""cdn-requestid"": ""94f4ce34dbd2d1d86914877858ace375"", ""connection"": ""close"", ""content-type"": ""text/html"", ""date"": ""Sat, 10 Oct 2026 16:24:21 GMT"", ""server"": ""envoy"", ""transfer-encoding"": ""chunked"", ""vary"": ""Accept-Encoding"", ""x-envoy-upstream-service-time"": ""118""}",text/html,Stream returned HTTP 403,,[],
d0216bf208785b8f5167,beIN Sports 5,BeIN Sports 5 ʜᴅ,https://tayland.canlimachd10.site/hls/bein-sports-5.m3u8,https://raw.githubusercontent.com/proefem/titel1/HEAD/TRFTR,UNKNOWN,,UNKNOWN,,,{},unknown,Mixed or insufficient failure evidence: Stream connection error: Tunnel connection failed: 403 Forbidden; Stream connection error: Tunnel connection failed: 403 Forbidden,,[],
63f95942d11f9a75e290,beIN Sports 5,beIN SPORTS 5,https://ten.4928d54d950ee70q30.lat/yayinb5.m3u8,https://raw.githubusercontent.com/kadirsener1/CanliTvListe/HEAD/trgoals.m3u,UNKNOWN,,UNKNOWN,,,{},unknown,Mixed or insufficient failure evidence: Stream connection error: Tunnel connection failed: 403 Forbidden; Stream connection error: Tunnel connection failed: 403 Forbidden,,[],
d51626b386a9cc595e6b,beIN Sports 5,BeIN Sports 5,rtmp://31.220.0.103/[access-controlled],https://raw.githubusercontent.com/hmemar/husham.com/HEAD/Lists/chimpsmithlist-znE9BaL9.txt,SKIPPED_ACCESS,NON_HTTP_URL,UNKNOWN,,,{},NOT_REQUESTED,Not an HTTP(S) stream,Find a credential-free distribution or obtain provider documentation. No HTTP request made with copied account/access parameters; subscription/geo status unconfirmed.,[],"scheme not in ('https', 'http') or hostname absent"
92eb5589ff6ee44f7065,beIN Sports 5,Bein Sports 5,rtmp://31.220.0.194/[access-controlled],https://raw.githubusercontent.com/hmemar/husham.com/HEAD/Lists/chimpsmithlist-znE9BaL9.txt,SKIPPED_ACCESS,NON_HTTP_URL,UNKNOWN,,,{},NOT_REQUESTED,Not an HTTP(S) stream,Find a credential-free distribution or obtain provider documentation. No HTTP request made with copied account/access parameters; subscription/geo status unconfirmed.,"['live', 'vh', 'vw']","scheme not in ('https', 'http') or hostname absent"
2c209e95886bc8780e81,beIN Sports 5,BEIN 5 (ARA),rtmp://www1.iguide.to/[access-controlled],https://gist.githubusercontent.com/ItsRandall/3119615c8b4732d7b56e5217d66edbab/raw,SKIPPED_ACCESS,NON_HTTP_URL,UNKNOWN,,,{},NOT_REQUESTED,Not an HTTP(S) stream,Find a credential-free distribution or obtain provider documentation. No HTTP request made with copied account/access parameters; subscription/geo status unconfirmed.,"['autoplay', 'channel', 'height', 'width']","scheme not in ('https', 'http') or hostname absent"
750d43362f2159b130f2,beIN Sports 5 (Arabic),beIN Sports 5 Arabic,https://ondemand.st/papi/tv/dlhd/95/playlist.m3u8,https://raw.githubusercontent.com/BuddyChewChew/My-Streams/HEAD/Backup/dami-tv.m3u,GEO_BLOCKED_OR_FORBIDDEN,,UNKNOWN,403,https://ondemand.st/papi/tv/dlhd/95/playlist.m3u8,"{""access-control-allow-origin"": ""*"", ""connection"": ""close"", ""content-length"": ""146"", ""content-type"": ""text/html"", ""date"": ""Sat, 10 Oct 2026 16:29:47 GMT"", ""server"": ""envoy"", ""x-envoy-upstream-service-time"": ""246""}",text/html,Stream returned HTTP 403,,[],
acce526440dd5f8fefe5,beIN Sports 5 (Turkey),┃TR┃ BEIN SPORTS 5 FHD,http://line.goattv-ott.xyz/[access-controlled],https://gist.githubusercontent.com/Xo-Richie-Baldeo-oX/ac1a002b5c442908f134dd4958579ec2/raw,SKIPPED_ACCESS,ACCESS_QUERY_KEYS,UNKNOWN,,,{},NOT_REQUESTED,Credential/token/session-specific published URL; not reusable without access tokens,Find a credential-free distribution or obtain provider documentation. No HTTP request made with copied account/access parameters; subscription/geo status unconfirmed.,"['extension', 'mac', 'play_token', 'stream']","query keys intersect {token,ticket,password,username,mac,play_token,wmsauthsign,hdnts,hdnea,auth}"
bba743aefe57c2b615f4,beIN Sports 5 (Turkey),┃TR┃ BEIN SPORTS 5 HD,http://line.goattv-ott.xyz/[access-controlled],https://gist.githubusercontent.com/Xo-Richie-Baldeo-oX/ac1a002b5c442908f134dd4958579ec2/raw,SKIPPED_ACCESS,ACCESS_QUERY_KEYS,UNKNOWN,,,{},NOT_REQUESTED,Credential/token/session-specific published URL; not reusable without access tokens,Find a credential-free distribution or obtain provider documentation. No HTTP request made with copied account/access parameters; subscription/geo status unconfirmed.,"['extension', 'mac', 'play_token', 'stream']","query keys intersect {token,ticket,password,username,mac,play_token,wmsauthsign,hdnts,hdnea,auth}"
aff955421fe29f9dbddf,beIN Sports 5 (Turkey),┃TR┃ BEIN SPORTS 5 FHD,http://line.goattv-ott.xyz/[access-controlled],https://gist.githubusercontent.com/Xo-Richie-Baldeo-oX/ac1a002b5c442908f134dd4958579ec2/raw,SKIPPED_ACCESS,ACCESS_QUERY_KEYS,UNKNOWN,,,{},NOT_REQUESTED,Credential/token/session-specific published URL; not reusable without access tokens,Find a credential-free distribution or obtain provider documentation. No HTTP request made with copied account/access parameters; subscription/geo status unconfirmed.,"['extension', 'mac', 'play_token', 'stream']","query keys intersect {token,ticket,password,username,mac,play_token,wmsauthsign,hdnts,hdnea,auth}"
685f8eeea6d7577ff92f,beIN Sports 5 (Turkey),┃TR┃ BEIN SPORTS 5 HD,http://line.goattv-ott.xyz/[access-controlled],https://gist.githubusercontent.com/Xo-Richie-Baldeo-oX/ac1a002b5c442908f134dd4958579ec2/raw,SKIPPED_ACCESS,ACCESS_QUERY_KEYS,UNKNOWN,,,{},NOT_REQUESTED,Credential/token/session-specific published URL; not reusable without access tokens,Find a credential-free distribution or obtain provider documentation. No HTTP request made with copied account/access parameters; subscription/geo status unconfirmed.,"['extension', 'mac', 'play_token', 'stream']","query keys intersect {token,ticket,password,username,mac,play_token,wmsauthsign,hdnts,hdnea,auth}"
0a6993bf1d072c19973c,beIN Sports 5 (Turkey),bein Sports 5 Turkey,https://ondemand.st/papi/tv/dlhd/1010/playlist.m3u8,https://raw.githubusercontent.com/BuddyChewChew/My-Streams/HEAD/Backup/dami-tv.m3u,GEO_BLOCKED_OR_FORBIDDEN,,UNKNOWN,403,https://ondemand.st/papi/tv/dlhd/1010/playlist.m3u8,"{""access-control-allow-origin"": ""*"", ""connection"": ""close"", ""content-length"": ""146"", ""content-type"": ""text/html"", ""date"": ""Sat, 10 Oct 2026 16:29:47 GMT"", ""server"": ""envoy"", ""x-envoy-upstream-service-time"": ""174""}",text/html,Stream returned HTTP 403,,[],
6760b02a09997f82416f,beIN Sports 6,Bein Sports 6,http://013tv.com:8080/vtprotonium/CuUWPf5b7jywB68SxZ5/105,https://gist.githubusercontent.com/R03nDL03n1/e3f461a6e39f8bdc3e9bf96df638fd44/raw,BROKEN,,UNKNOWN,404,http://195.178.110.146:8070/vtprotonium/CuUWPf5b7jywB68SxZ5/105,"{""connection"": ""close"", ""content-type"": ""text/html; charset=UTF-8"", ""date"": ""Sat, 10 Oct 2026 16:37:42 GMT"", ""server"": ""envoy"", ""transfer-encoding"": ""chunked"", ""x-envoy-upstream-service-time"": ""316"", ""x-powered-by"": ""PHP/8.3.32""}",text/html; charset=UTF-8,Stream returned HTTP 404,,[],
72a79af15e95334f0d69,beIN Sports 6,BEIN SPORTS 6 FHD,http://103.100.169.51/[access-controlled],https://raw.githubusercontent.com/mchoumi/mchoumi.github.io/HEAD/IPTVara.m3u,SKIPPED_ACCESS,ACCOUNT_PATH,UNKNOWN,,,{},NOT_REQUESTED,Credential-shaped IPTV line,Find a credential-free distribution or obtain provider documentation. No HTTP request made with copied account/access parameters; subscription/geo status unconfirmed.,[],"re.search(/(?:live|iptv)/[^/]+/[^/]+/\d+(?:[./]|$), path) or re.fullmatch(/[A-Za-z0-9]{6,}/[A-Za-z0-9]{6,}/\d+(?:\.[A-Za-z0-9]+)?/?, path) and any(character.isdigit() for part in path.strip(/).split(/)[:2] for character in part)"
af23241a553eac28a077,beIN Sports 6,AR | BEIN SPORTS 6 FHD,http://116.202.165.211/[access-controlled],https://raw.githubusercontent.com/raid35/channel-links/HEAD/ALWAN.m3u,SKIPPED_ACCESS,ACCOUNT_PATH,UNKNOWN,,,{},NOT_REQUESTED,Credential-shaped IPTV line,Find a credential-free distribution or obtain provider documentation. No HTTP request made with copied account/access parameters; subscription/geo status unconfirmed.,[],"re.search(/(?:live|iptv)/[^/]+/[^/]+/\d+(?:[./]|$), path) or re.fullmatch(/[A-Za-z0-9]{6,}/[A-Za-z0-9]{6,}/\d+(?:\.[A-Za-z0-9]+)?/?, path) and any(character.isdigit() for part in path.strip(/).split(/)[:2] for character in part)"
bce0a996c46f2b6d95a3,beIN Sports 6,Bein Sports 6,http://116.202.165.211/[access-controlled],https://raw.githubusercontent.com/raid35/channel-links/HEAD/ALWAN.m3u,SKIPPED_ACCESS,ACCOUNT_PATH,UNKNOWN,,,{},NOT_REQUESTED,Credential-shaped IPTV line,Find a credential-free distribution or obtain provider documentation. No HTTP request made with copied account/access parameters; subscription/geo status unconfirmed.,[],"re.search(/(?:live|iptv)/[^/]+/[^/]+/\d+(?:[./]|$), path) or re.fullmatch(/[A-Za-z0-9]{6,}/[A-Za-z0-9]{6,}/\d+(?:\.[A-Za-z0-9]+)?/?, path) and any(character.isdigit() for part in path.strip(/).split(/)[:2] for character in part)"
cc519d3e5cb42e3ff322,beIN Sports 6,beinsport6,http://135.125.109.73:9000/beinsport6_.m3u8,https://raw.githubusercontent.com/mazenghannam16/my-iptv-lists/HEAD/super.m3u,UNKNOWN,,TEMPORARY_FAILURE,,,{},unknown,Mixed or insufficient failure evidence: Stream timeout: timed out; Stream returned HTTP 503,,[],
d8925220d54df5cbf56b,beIN Sports 6,BEIN SPORT 6,http://163.172.105.25:80/live?channelId=183&uid=2454&deviceMac=00:1A:79:3C:C9:29,https://raw.githubusercontent.com/SulukNew/SMART-IPTV/HEAD/IPTV%20SMART,BROKEN,,UNKNOWN,404,http://163.172.105.25:80/live?channelId=183&uid=2454&deviceMac=00:1A:79:3C:C9:29,"{""connection"": ""close"", ""content-length"": ""276"", ""content-type"": ""text/html; charset=iso-8859-1"", ""date"": ""Sat, 10 Oct 2026 16:24:12 GMT"", ""server"": ""envoy"", ""x-envoy-upstream-service-time"": ""314""}",text/html; charset=iso-8859-1,Stream returned HTTP 404,,"['channelId', 'deviceMac', 'uid']",
c007e0d6aac6a9d02e21,beIN Sports 6,BEIN SPORTS 6 HD,http://195.128.24.55/[access-controlled],https://raw.githubusercontent.com/mchoumi/mchoumi.github.io/HEAD/IPTVara.m3u,SKIPPED_ACCESS,ACCESS_QUERY_KEYS,UNKNOWN,,,{},NOT_REQUESTED,Credential/token/session-specific published URL; not reusable without access tokens,Find a credential-free distribution or obtain provider documentation. No HTTP request made with copied account/access parameters; subscription/geo status unconfirmed.,"['extension', 'mac', 'play_token', 'stream']","query keys intersect {token,ticket,password,username,mac,play_token,wmsauthsign,hdnts,hdnea,auth}"
e06e4585dacb0c23e6d4,beIN Sports 6,beINSport 6,http://195.154.156.28:80/wXQcdtDuYt/zQFbKU48fL/28,https://raw.githubusercontent.com/ajonx/Ambyar-TV/HEAD/Sports.m3u,TIMEOUT,,TEMPORARY_FAILURE,,,{},unknown,Stream timeout: timed out,,[],
cfcd752bc9b136d85afc,beIN Sports 6,beIN Sports 6,http://212.224.98.207:2200/EX/bein6hd-ar/index.m3u8?token=,https://gist.githubusercontent.com/motib09/b97539fc67f9a89d5f090359a2d29a9e/raw,TIMEOUT,,TEMPORARY_FAILURE,,,{},unknown,Stream timeout: timed out,,[],
76145f76998422713c78,beIN Sports 6,beIN SPORTS 6 HD,http://2756d46c.akciatv.ru/[access-controlled],https://gist.githubusercontent.com/bdrajgaming654-byte/11d59f64cea2abb66c2b547dd6b9c208/raw,SKIPPED_ACCESS,ACCOUNT_TOKEN_PATH,UNKNOWN,,,{},NOT_REQUESTED,Account-token-shaped IPTV line,Find a credential-free distribution or obtain provider documentation. No HTTP request made with copied account/access parameters; subscription/geo status unconfirmed.,[],"path matches /iptv/[A-Z0-9]{10,}/\d+/"
75d1e7972db51b2d1580,beIN Sports 6,bein sport 6,http://5.39.70.216/buy-IPTV/sports@fontsbay.com/16.ch?12345678,https://raw.githubusercontent.com/hmemar/husham.com/HEAD/Lists/chimpsmithlist-znE9BaL9.txt,TIMEOUT,,TEMPORARY_FAILURE,,,{},unknown,Stream timeout: timed out,,[],
20c511801e1d52312091,beIN Sports 6,AR: beIN Sports 6 HD,http://54.36.61.6/[access-controlled],https://raw.githubusercontent.com/vraomoturi/smartiptv-playlist/HEAD/sports.m3u,SKIPPED_ACCESS,ACCOUNT_PATH,UNKNOWN,,,{},NOT_REQUESTED,Credential-shaped IPTV line,Find a credential-free distribution or obtain provider documentation. No HTTP request made with copied account/access parameters; subscription/geo status unconfirmed.,[],"re.search(/(?:live|iptv)/[^/]+/[^/]+/\d+(?:[./]|$), path) or re.fullmatch(/[A-Za-z0-9]{6,}/[A-Za-z0-9]{6,}/\d+(?:\.[A-Za-z0-9]+)?/?, path) and any(character.isdigit() for part in path.strip(/).split(/)[:2] for character in part)"
80ce7fb448b0ccab90c1,beIN Sports 6,beIN Sports 6,http://85.237.89.6:9590/ar-s/bein-6-stop-TimeSheft/tracks-v1a1/mono.m3u8,https://t.me/s/connecttechnology?before=9026,BROKEN,,UNKNOWN,404,http://85.237.89.6:9590/ar-s/bein-6-stop-TimeSheft/tracks-v1a1/mono.m3u8,"{""access-control-allow-headers"": ""x-vsaas-session, x-no-redirect, origin, authorization, accept, range, content-type, x-add-effective, session, x-originator, x-sid"", ""access-control-allow-methods"": ""GET, PUT, DELETE, OPTIONS"", ""access-control-allow-origin"": ""*"", ""access-control-expose-headers"": ""Server, range, X-Run-Time, X-Sid, Content-Length, Location"", ""cache-control"": ""no-cache"", ""connection"": ""close"", ""content-length"": ""10"", ""date"": ""Sat, 10 Oct 2026 16:25:28 GMT"", ""pragma"": ""no-cache"", ""server"": ""envoy"", ""x-envoy-upstream-service-time"": ""118""}",unknown,Stream returned HTTP 404,,[],
5072c510124c4304f8ae,beIN Sports 6,Bein Sport 6,http://95.170.215.101/hls/m3u8/Bein-S6-vnb.m3u8,https://raw.githubusercontent.com/m3and88/iptv.m3u/HEAD/khalifa%20alshamsi.m3u,UNKNOWN,,UNKNOWN,407,http://95.170.215.101/hls/m3u8/Bein-S6-vnb.m3u8,"{""access-control-allow-headers"": ""DNT,User-Agent,X-Requested-With,If-Modified-Since,Cache-Control,Content-Type,Range"", ""access-control-allow-methods"": ""GET, POST, OPTIONS"", ""access-control-allow-origin"": ""*"", ""access-control-expose-headers"": ""Content-Length,Content-Range"", ""cache-control"": ""no-cache, no-store, must-revalidate"", ""connection"": ""close"", ""content-type"": ""text/plain; charset=ISO-8859-1"", ""date"": ""Sat, 10 Oct 2026 16:25:20 GMT"", ""expires"": ""Sat, 10 Oct 2026 16:25:20 GMT"", ""last-modified"": ""Sat, 10 Oct 2026 16:25:20 GMT"", ""pragma"": ""no-cache"", ""server"": ""envoy"", ""transfer-encoding"": ""chunked"", ""x-envoy-upstream-service-time"": ""189"", ""x-powered-by"": ""PHP/8.1.33""}",text/plain; charset=ISO-8859-1,Mixed or insufficient failure evidence: Stream returned HTTP 407; Stream returned HTTP 407,,[],
d0239cb4bd3f999fd88f,beIN Sports 6,beIN Sports 6 Arab,http://95.170.215.120:80/hls/m3u8/BeinSport6.m3u8,https://raw.githubusercontent.com/m3and88/iptv.m3u/HEAD/khalifa%20alshamsi.m3u,TIMEOUT,,TEMPORARY_FAILURE,,,{},unknown,Stream timeout: timed out,,[],
a025c3402cc8328c63b5,beIN Sports 6,Bein Sports 6,http://belfast.dyndns.tv:5808/BEINHD6/tracks-v1a1/mono.m3u8,https://raw.githubusercontent.com/idhanmario/iptv/HEAD/README.md,GEO_BLOCKED_OR_FORBIDDEN,,UNKNOWN,403,http://belfast.dyndns.tv:5808/BEINHD6/tracks-v1a1/mono.m3u8,"{""connection"": ""close"", ""content-length"": ""33"", ""content-type"": ""text/plain"", ""date"": ""Sat, 10 Oct 2026 16:24:00 GMT"", ""server"": ""envoy""}",text/plain,Stream returned HTTP 403,,[],
8c2c24f6d82bba88b265,beIN Sports 6,beIN SPORTS 6 SD,http://forevertv.me/[access-controlled],https://raw.githubusercontent.com/ktkooot1/Ustream/HEAD/Forever%20Sport.m3u,SKIPPED_ACCESS,ACCOUNT_PATH,UNKNOWN,,,{},NOT_REQUESTED,Credential-shaped IPTV line,Find a credential-free distribution or obtain provider documentation. No HTTP request made with copied account/access parameters; subscription/geo status unconfirmed.,[],"re.search(/(?:live|iptv)/[^/]+/[^/]+/\d+(?:[./]|$), path) or re.fullmatch(/[A-Za-z0-9]{6,}/[A-Za-z0-9]{6,}/\d+(?:\.[A-Za-z0-9]+)?/?, path) and any(character.isdigit() for part in path.strip(/).split(/)[:2] for character in part)"
163980ca2ab7109f215b,beIN Sports 6,beIN SPORTS 6 4K,http://forevertv.me/[access-controlled],https://raw.githubusercontent.com/ktkooot1/Ustream/HEAD/Forever%20Sport.m3u,SKIPPED_ACCESS,ACCOUNT_PATH,UNKNOWN,,,{},NOT_REQUESTED,Credential-shaped IPTV line,Find a credential-free distribution or obtain provider documentation. No HTTP request made with copied account/access parameters; subscription/geo status unconfirmed.,[],"re.search(/(?:live|iptv)/[^/]+/[^/]+/\d+(?:[./]|$), path) or re.fullmatch(/[A-Za-z0-9]{6,}/[A-Za-z0-9]{6,}/\d+(?:\.[A-Za-z0-9]+)?/?, path) and any(character.isdigit() for part in path.strip(/).split(/)[:2] for character in part)"
6bd1d68c1cf3da85afda,beIN Sports 6,beIN SPORTS 6 FHD,http://forevertv.me/[access-controlled],https://raw.githubusercontent.com/ktkooot1/Ustream/HEAD/Forever%20Sport.m3u,SKIPPED_ACCESS,ACCOUNT_PATH,UNKNOWN,,,{},NOT_REQUESTED,Credential-shaped IPTV line,Find a credential-free distribution or obtain provider documentation. No HTTP request made with copied account/access parameters; subscription/geo status unconfirmed.,[],"re.search(/(?:live|iptv)/[^/]+/[^/]+/\d+(?:[./]|$), path) or re.fullmatch(/[A-Za-z0-9]{6,}/[A-Za-z0-9]{6,}/\d+(?:\.[A-Za-z0-9]+)?/?, path) and any(character.isdigit() for part in path.strip(/).split(/)[:2] for character in part)"
423e4487e6f0767b5853,beIN Sports 6,beIN SPORTS 6 HD,http://forevertv.me/[access-controlled],https://raw.githubusercontent.com/ktkooot1/Ustream/HEAD/Forever%20Sport.m3u,SKIPPED_ACCESS,ACCOUNT_PATH,UNKNOWN,,,{},NOT_REQUESTED,Credential-shaped IPTV line,Find a credential-free distribution or obtain provider documentation. No HTTP request made with copied account/access parameters; subscription/geo status unconfirmed.,[],"re.search(/(?:live|iptv)/[^/]+/[^/]+/\d+(?:[./]|$), path) or re.fullmatch(/[A-Za-z0-9]{6,}/[A-Za-z0-9]{6,}/\d+(?:\.[A-Za-z0-9]+)?/?, path) and any(character.isdigit() for part in path.strip(/).split(/)[:2] for character in part)"
1caec834e9306d034513,beIN Sports 6,bein sports 6 HD,http://goiptv.co:8080/live:56eed56608b644dbF/ZCjlyc8M9S/789,https://raw.githubusercontent.com/sasuki2/IPTV/HEAD/NEdaLJB.m3u,GEO_BLOCKED_OR_FORBIDDEN,,AUTH_REQUIRED,401,http://goiptv.co:8080/live:56eed56608b644dbF/ZCjlyc8M9S/789,"{""access-control-allow-origin"": ""*"", ""cf-cache-status"": ""DYNAMIC"", ""cf-ray"": ""a486fa82d86cff5a-ORD"", ""connection"": ""close"", ""content-type"": ""text/html; charset=UTF-8"", ""date"": ""Sat, 10 Oct 2026 16:25:00 GMT"", ""nel"": ""{\""report_to\"":\""cf-nel\"",\""success_fraction\"":0.0,\""max_age\"":604800}"", ""report-to"": ""{\""group\"":\""cf-nel\"",\""max_age\"":604800,\""endpoints\"":[{\""url\"":\""https://a.nel.cloudflare.com/report/v4?s=5HC66CydRCvKnxfsFUU60iBv7QO81FfR%2FaD7O1i2HkhJCQ%2BNaPPQ2%2FQfaVD5Ec3DuHLPY4m9sZJoFCA4Nmooux4uf4YnjEYKV%2BZ4%2Fh0Jndpu%2BgGU75ybbd5cdPI%3D\""}]}"", ""server"": ""envoy"", ""transfer-encoding"": ""chunked"", ""x-envoy-upstream-service-time"": ""86""}",text/html; charset=UTF-8,Stream returned HTTP 401,,[],
f062ea00ad72def4a9ea,beIN Sports 6,AR | BEIN SPORTS 6 FHD,http://goldenplayerz.xyz/[access-controlled],https://raw.githubusercontent.com/siksa40/xPola-Player/HEAD/novaler-bein.m3u,SKIPPED_ACCESS,ACCOUNT_PATH,UNKNOWN,,,{},NOT_REQUESTED,Credential-shaped IPTV line,Find a credential-free distribution or obtain provider documentation. No HTTP request made with copied account/access parameters; subscription/geo status unconfirmed.,[],"re.search(/(?:live|iptv)/[^/]+/[^/]+/\d+(?:[./]|$), path) or re.fullmatch(/[A-Za-z0-9]{6,}/[A-Za-z0-9]{6,}/\d+(?:\.[A-Za-z0-9]+)?/?, path) and any(character.isdigit() for part in path.strip(/).split(/)[:2] for character in part)"
2b780f3ccfa8800688e6,beIN Sports 6,Bein Sports 6,http://goldenplayerz.xyz/[access-controlled],https://raw.githubusercontent.com/siksa40/xPola-Player/HEAD/novaler-bein.m3u,SKIPPED_ACCESS,ACCOUNT_PATH,UNKNOWN,,,{},NOT_REQUESTED,Credential-shaped IPTV line,Find a credential-free distribution or obtain provider documentation. No HTTP request made with copied account/access parameters; subscription/geo status unconfirmed.,[],"re.search(/(?:live|iptv)/[^/]+/[^/]+/\d+(?:[./]|$), path) or re.fullmatch(/[A-Za-z0-9]{6,}/[A-Za-z0-9]{6,}/\d+(?:\.[A-Za-z0-9]+)?/?, path) and any(character.isdigit() for part in path.strip(/).split(/)[:2] for character in part)"
ecc34f4672e7191b6bfa,beIN Sports 6,BEIN SPORT 6,http://iptv.nonland.net:8080/KING_IPTV_xui/QtChUjfXPF/1318,https://raw.githubusercontent.com/yoyo82520/huaiptv/HEAD/MiTV.m3u,GEO_BLOCKED_OR_FORBIDDEN,,AUTH_REQUIRED,401,http://iptv.nonland.net:8080/KING_IPTV_xui/QtChUjfXPF/1318,"{""access-control-allow-origin"": ""*"", ""connection"": ""close"", ""content-type"": ""text/html; charset=UTF-8"", ""date"": ""Sat, 10 Oct 2026 16:29:48 GMT"", ""server"": ""envoy"", ""transfer-encoding"": ""chunked"", ""x-envoy-upstream-service-time"": ""629""}",text/html; charset=UTF-8,Stream returned HTTP 401,,[],
c3a471521ceb1fb381e0,beIN Sports 6,BEIN Sport 6ᴴᴰ,http://iptv.nonland.net:8080/KING_IPTV_xui/QtChUjfXPF/20071,https://raw.githubusercontent.com/yoyo82520/huaiptv/HEAD/MiTV.m3u,GEO_BLOCKED_OR_FORBIDDEN,,AUTH_REQUIRED,401,http://iptv.nonland.net:8080/KING_IPTV_xui/QtChUjfXPF/20071,"{""access-control-allow-origin"": ""*"", ""connection"": ""close"", ""content-type"": ""text/html; charset=UTF-8"", ""date"": ""Sat, 10 Oct 2026 16:29:48 GMT"", ""server"": ""envoy"", ""transfer-encoding"": ""chunked"", ""x-envoy-upstream-service-time"": ""299""}",text/html; charset=UTF-8,Stream returned HTTP 401,,[],
d77fa00c07a055980ec4,beIN Sports 6,BEIN Sports 6,http://iptv.nonland.net:8080/KING_IPTV_xui/QtChUjfXPF/47510,https://raw.githubusercontent.com/yoyo82520/huaiptv/HEAD/MiTV.m3u,GEO_BLOCKED_OR_FORBIDDEN,,AUTH_REQUIRED,401,http://iptv.nonland.net:8080/KING_IPTV_xui/QtChUjfXPF/47510,"{""access-control-allow-origin"": ""*"", ""connection"": ""close"", ""content-type"": ""text/html; charset=UTF-8"", ""date"": ""Sat, 10 Oct 2026 16:29:49 GMT"", ""server"": ""envoy"", ""transfer-encoding"": ""chunked"", ""x-envoy-upstream-service-time"": ""598""}",text/html; charset=UTF-8,Stream returned HTTP 401,,[],
2baaf476795079884e0f,beIN Sports 6,BEIN SPORTS 6,http://iptv.nonland.net:8080/KING_IPTV_xui/QtChUjfXPF/7345,https://raw.githubusercontent.com/yoyo82520/huaiptv/HEAD/MiTV.m3u,GEO_BLOCKED_OR_FORBIDDEN,,AUTH_REQUIRED,401,http://iptv.nonland.net:8080/KING_IPTV_xui/QtChUjfXPF/7345,"{""access-control-allow-origin"": ""*"", ""connection"": ""close"", ""content-type"": ""text/html; charset=UTF-8"", ""date"": ""Sat, 10 Oct 2026 16:29:50 GMT"", ""server"": ""envoy"", ""transfer-encoding"": ""chunked"", ""x-envoy-upstream-service-time"": ""661""}",text/html; charset=UTF-8,Stream returned HTTP 401,,[],
978229ad2e7b8e29ebc2,beIN Sports 6,beIN SPORT 6 4K,http://ktv.im/[access-controlled],https://raw.githubusercontent.com/thermaxy/t/HEAD/e.m3u,SKIPPED_ACCESS,ACCOUNT_PATH,UNKNOWN,,,{},NOT_REQUESTED,Credential-shaped IPTV line,Find a credential-free distribution or obtain provider documentation. No HTTP request made with copied account/access parameters; subscription/geo status unconfirmed.,[],"re.search(/(?:live|iptv)/[^/]+/[^/]+/\d+(?:[./]|$), path) or re.fullmatch(/[A-Za-z0-9]{6,}/[A-Za-z0-9]{6,}/\d+(?:\.[A-Za-z0-9]+)?/?, path) and any(character.isdigit() for part in path.strip(/).split(/)[:2] for character in part)"
f152e81cf22efc93d2db,beIN Sports 6,┃AR┃ BEIN SPORTS 6,http://line.goattv-ott.xyz/[access-controlled],https://gist.githubusercontent.com/Xo-Richie-Baldeo-oX/ac1a002b5c442908f134dd4958579ec2/raw,SKIPPED_ACCESS,ACCESS_QUERY_KEYS,UNKNOWN,,,{},NOT_REQUESTED,Credential/token/session-specific published URL; not reusable without access tokens,Find a credential-free distribution or obtain provider documentation. No HTTP request made with copied account/access parameters; subscription/geo status unconfirmed.,"['extension', 'mac', 'play_token', 'stream']","query keys intersect {token,ticket,password,username,mac,play_token,wmsauthsign,hdnts,hdnea,auth}"
2487216800030c9b3a03,beIN Sports 6,┃AR┃ BEIN SPORTS 6 UHD,http://line.goattv-ott.xyz/[access-controlled],https://gist.githubusercontent.com/Xo-Richie-Baldeo-oX/ac1a002b5c442908f134dd4958579ec2/raw,SKIPPED_ACCESS,ACCESS_QUERY_KEYS,UNKNOWN,,,{},NOT_REQUESTED,Credential/token/session-specific published URL; not reusable without access tokens,Find a credential-free distribution or obtain provider documentation. No HTTP request made with copied account/access parameters; subscription/geo status unconfirmed.,"['extension', 'mac', 'play_token', 'stream']","query keys intersect {token,ticket,password,username,mac,play_token,wmsauthsign,hdnts,hdnea,auth}"
84236be5d8e0de567742,beIN Sports 6,bein sports 6,http://listatv.cf/prem.php?id=beinsports6&tk=january&f=.m3u8,https://raw.githubusercontent.com/TVCABLEAR/VIP/HEAD/PAIS/USA/2018-USA.m3u,GEO_BLOCKED_OR_FORBIDDEN,,UNKNOWN,403,http://listatv.cf/prem.php?id=beinsports6&tk=january&f=.m3u8,"{""connection"": ""close"", ""content-length"": ""33"", ""content-type"": ""text/plain"", ""date"": ""Sat, 10 Oct 2026 16:30:07 GMT"", ""server"": ""envoy""}",text/plain,Stream returned HTTP 403,,"['f', 'id', 'tk']",
0d9cc235d1da0e8925d9,beIN Sports 6,Bein Sports 6,http://livetv.grabdeal.xyz/beinsport6,https://raw.githubusercontent.com/ajonx/Ambyar-TV/HEAD/Sports.m3u,BROKEN,,UNKNOWN,200,https://livetv.grabdeal.xyz/beinsport6,"{""alt-svc"": ""h3=\"":443\""; ma=86400"", ""cf-cache-status"": ""DYNAMIC"", ""cf-ray"": ""a486fad8c881508f-ORD"", ""connection"": ""close"", ""content-type"": ""text/html; charset=UTF-8"", ""date"": ""Sat, 10 Oct 2026 16:25:14 GMT"", ""nel"": ""{\""report_to\"":\""cf-nel\"",\""success_fraction\"":0.0,\""max_age\"":604800}"", ""report-to"": ""{\""group\"":\""cf-nel\"",\""max_age\"":604800,\""endpoints\"":[{\""url\"":\""https://a.nel.cloudflare.com/report/v4?s=Ug%2FdAQIk0i%2BZE8PMa4VWvVpri5FukB%2B%2FBxCPfc48zfioWn6eXH8LTXjwR0g%2BWc%2FpOs4HJlN%2B4AJKyR%2FQB9UyeEjxFlUJ6BLQv%2F0EiZUqLgYsQjmM98xsyuYgivWzSBQ8NULAK7%2Fc\""}]}"", ""server"": ""envoy"", ""transfer-encoding"": ""chunked"", ""vary"": ""accept-encoding"", ""x-envoy-upstream-service-time"": ""67"", ""x-powered-by"": ""Nginx""}",text/html; charset=UTF-8,Response was not a recognized playlist or media stream,,[],
2d7e91ae00a9db0c3cd9,beIN Sports 6,BEIN SPORTS 6 HD,http://m1.webvps.de/[access-controlled],https://raw.githubusercontent.com/mchoumi/mchoumi.github.io/HEAD/IPTVsports.m3u,SKIPPED_ACCESS,ACCOUNT_PATH,UNKNOWN,,,{},NOT_REQUESTED,Credential-shaped IPTV line,Find a credential-free distribution or obtain provider documentation. No HTTP request made with copied account/access parameters; subscription/geo status unconfirmed.,[],"re.search(/(?:live|iptv)/[^/]+/[^/]+/\d+(?:[./]|$), path) or re.fullmatch(/[A-Za-z0-9]{6,}/[A-Za-z0-9]{6,}/\d+(?:\.[A-Za-z0-9]+)?/?, path) and any(character.isdigit() for part in path.strip(/).split(/)[:2] for character in part)"
d4c760771426c0f58d72,beIN Sports 6,BEIN SPORTS 6 FHD,http://m1.webvps.de/[access-controlled],https://raw.githubusercontent.com/mchoumi/mchoumi.github.io/HEAD/IPTVsports.m3u,SKIPPED_ACCESS,ACCOUNT_PATH,UNKNOWN,,,{},NOT_REQUESTED,Credential-shaped IPTV line,Find a credential-free distribution or obtain provider documentation. No HTTP request made with copied account/access parameters; subscription/geo status unconfirmed.,[],"re.search(/(?:live|iptv)/[^/]+/[^/]+/\d+(?:[./]|$), path) or re.fullmatch(/[A-Za-z0-9]{6,}/[A-Za-z0-9]{6,}/\d+(?:\.[A-Za-z0-9]+)?/?, path) and any(character.isdigit() for part in path.strip(/).split(/)[:2] for character in part)"
9c7acb50c5b6391e55ea,beIN Sports 6,BEIN SPORTS 6 FHD 4K,http://m1.webvps.de/[access-controlled],https://raw.githubusercontent.com/mchoumi/mchoumi.github.io/HEAD/IPTVsports.m3u,SKIPPED_ACCESS,ACCOUNT_PATH,UNKNOWN,,,{},NOT_REQUESTED,Credential-shaped IPTV line,Find a credential-free distribution or obtain provider documentation. No HTTP request made with copied account/access parameters; subscription/geo status unconfirmed.,[],"re.search(/(?:live|iptv)/[^/]+/[^/]+/\d+(?:[./]|$), path) or re.fullmatch(/[A-Za-z0-9]{6,}/[A-Za-z0-9]{6,}/\d+(?:\.[A-Za-z0-9]+)?/?, path) and any(character.isdigit() for part in path.strip(/).split(/)[:2] for character in part)"
5a2769d37da4f16be5b0,beIN Sports 6,BEIN SPORTS 6 SD,http://m1.webvps.de/[access-controlled],https://raw.githubusercontent.com/mchoumi/mchoumi.github.io/HEAD/IPTVsports.m3u,SKIPPED_ACCESS,ACCOUNT_PATH,UNKNOWN,,,{},NOT_REQUESTED,Credential-shaped IPTV line,Find a credential-free distribution or obtain provider documentation. No HTTP request made with copied account/access parameters; subscription/geo status unconfirmed.,[],"re.search(/(?:live|iptv)/[^/]+/[^/]+/\d+(?:[./]|$), path) or re.fullmatch(/[A-Za-z0-9]{6,}/[A-Za-z0-9]{6,}/\d+(?:\.[A-Za-z0-9]+)?/?, path) and any(character.isdigit() for part in path.strip(/).split(/)[:2] for character in part)"
64b6cf96fb678160a667,beIN Sports 6,[FR] beinsports6,http://master2.ipfox.online/[access-controlled],https://raw.githubusercontent.com/jifat1980/Channels-List/HEAD/Sport/kili-beINSPORTS-Fr.m3u,SKIPPED_ACCESS,ACCOUNT_PATH,UNKNOWN,,,{},NOT_REQUESTED,Credential-shaped IPTV line,Find a credential-free distribution or obtain provider documentation. No HTTP request made with copied account/access parameters; subscription/geo status unconfirmed.,[],"re.search(/(?:live|iptv)/[^/]+/[^/]+/\d+(?:[./]|$), path) or re.fullmatch(/[A-Za-z0-9]{6,}/[A-Za-z0-9]{6,}/\d+(?:\.[A-Za-z0-9]+)?/?, path) and any(character.isdigit() for part in path.strip(/).split(/)[:2] for character in part)"
813a60d3fdaaa79418a6,beIN Sports 6,AR BEIN SPORTS 6 HD,http://pro.netmos.ovh/[access-controlled],https://raw.githubusercontent.com/raid35/channel-links/HEAD/ALWAN.m3u,SKIPPED_ACCESS,ACCOUNT_PATH,UNKNOWN,,,{},NOT_REQUESTED,Credential-shaped IPTV line,Find a credential-free distribution or obtain provider documentation. No HTTP request made with copied account/access parameters; subscription/geo status unconfirmed.,[],"re.search(/(?:live|iptv)/[^/]+/[^/]+/\d+(?:[./]|$), path) or re.fullmatch(/[A-Za-z0-9]{6,}/[A-Za-z0-9]{6,}/\d+(?:\.[A-Za-z0-9]+)?/?, path) and any(character.isdigit() for part in path.strip(/).split(/)[:2] for character in part)"
4ff8f34fcc2066dcf159,beIN Sports 6,beIN Sports 6HD,http://s.showplustv.pro/[access-controlled],https://raw.githubusercontent.com/ktkooot1/Ustream/HEAD/Showplus%20Sport.m3u,SKIPPED_ACCESS,ACCOUNT_PATH,UNKNOWN,,,{},NOT_REQUESTED,Credential-shaped IPTV line,Find a credential-free distribution or obtain provider documentation. No HTTP request made with copied account/access parameters; subscription/geo status unconfirmed.,[],"re.search(/(?:live|iptv)/[^/]+/[^/]+/\d+(?:[./]|$), path) or re.fullmatch(/[A-Za-z0-9]{6,}/[A-Za-z0-9]{6,}/\d+(?:\.[A-Za-z0-9]+)?/?, path) and any(character.isdigit() for part in path.strip(/).split(/)[:2] for character in part)"
9fecf3767522c8afe75c,beIN Sports 6,Bein Sports HD6 (H.265),http://s.showplustv.pro/[access-controlled],https://raw.githubusercontent.com/ktkooot1/Ustream/HEAD/Showplus%20Sport.m3u,SKIPPED_ACCESS,ACCOUNT_PATH,UNKNOWN,,,{},NOT_REQUESTED,Credential-shaped IPTV line,Find a credential-free distribution or obtain provider documentation. No HTTP request made with copied account/access parameters; subscription/geo status unconfirmed.,[],"re.search(/(?:live|iptv)/[^/]+/[^/]+/\d+(?:[./]|$), path) or re.fullmatch(/[A-Za-z0-9]{6,}/[A-Za-z0-9]{6,}/\d+(?:\.[A-Za-z0-9]+)?/?, path) and any(character.isdigit() for part in path.strip(/).split(/)[:2] for character in part)"
eeec2a32639caa41e9ea,beIN Sports 6,beIN Sports 6 4K (H265),http://s.showplustv.pro/[access-controlled],https://raw.githubusercontent.com/ktkooot1/Ustream/HEAD/Showplus%20Sport.m3u,SKIPPED_ACCESS,ACCOUNT_PATH,UNKNOWN,,,{},NOT_REQUESTED,Credential-shaped IPTV line,Find a credential-free distribution or obtain provider documentation. No HTTP request made with copied account/access parameters; subscription/geo status unconfirmed.,[],"re.search(/(?:live|iptv)/[^/]+/[^/]+/\d+(?:[./]|$), path) or re.fullmatch(/[A-Za-z0-9]{6,}/[A-Za-z0-9]{6,}/\d+(?:\.[A-Za-z0-9]+)?/?, path) and any(character.isdigit() for part in path.strip(/).split(/)[:2] for character in part)"
d49f5abf6185435a6768,beIN Sports 6,beIN SPORTS 6 4K,http://sansatplus.net/[access-controlled],https://raw.githubusercontent.com/raid35/channel-links/HEAD/arab.m3u,SKIPPED_ACCESS,ACCOUNT_PATH,UNKNOWN,,,{},NOT_REQUESTED,Credential-shaped IPTV line,Find a credential-free distribution or obtain provider documentation. No HTTP request made with copied account/access parameters; subscription/geo status unconfirmed.,[],"re.search(/(?:live|iptv)/[^/]+/[^/]+/\d+(?:[./]|$), path) or re.fullmatch(/[A-Za-z0-9]{6,}/[A-Za-z0-9]{6,}/\d+(?:\.[A-Za-z0-9]+)?/?, path) and any(character.isdigit() for part in path.strip(/).split(/)[:2] for character in part)"
de9dc6b1ad670125d829,beIN Sports 6,BeIn Sports 6 HD,http://satyrnsat.dyndns.org/[access-controlled],https://gist.githubusercontent.com/ItsRandall/3119615c8b4732d7b56e5217d66edbab/raw,SKIPPED_ACCESS,ACCOUNT_PATH,UNKNOWN,,,{},NOT_REQUESTED,Credential-shaped IPTV line,Find a credential-free distribution or obtain provider documentation. No HTTP request made with copied account/access parameters; subscription/geo status unconfirmed.,[],"re.search(/(?:live|iptv)/[^/]+/[^/]+/\d+(?:[./]|$), path) or re.fullmatch(/[A-Za-z0-9]{6,}/[A-Za-z0-9]{6,}/\d+(?:\.[A-Za-z0-9]+)?/?, path) and any(character.isdigit() for part in path.strip(/).split(/)[:2] for character in part)"
542b92e42d5399f9be05,beIN Sports 6,BEIN SPORTS 6 4K,http://sky-tv.org/[access-controlled],https://raw.githubusercontent.com/mchoumi/mchoumi.github.io/HEAD/IPTVara.m3u,SKIPPED_ACCESS,ACCOUNT_PATH,UNKNOWN,,,{},NOT_REQUESTED,Credential-shaped IPTV line,Find a credential-free distribution or obtain provider documentation. No HTTP request made with copied account/access parameters; subscription/geo status unconfirmed.,[],"re.search(/(?:live|iptv)/[^/]+/[^/]+/\d+(?:[./]|$), path) or re.fullmatch(/[A-Za-z0-9]{6,}/[A-Za-z0-9]{6,}/\d+(?:\.[A-Za-z0-9]+)?/?, path) and any(character.isdigit() for part in path.strip(/).split(/)[:2] for character in part)"
d312a3e1d966f419069e,beIN Sports 6,1080-Bein Sports 6,http://stream.mytvplus.net:7007/sport/ch6/ch6_1080.m3u8,https://gist.githubusercontent.com/mohannad-art/1f08bae8819eb6ced114bc5fd9920dac/raw,GEO_BLOCKED_OR_FORBIDDEN,,UNKNOWN,403,http://stream.mytvplus.net:7007/sport/ch6/ch6_1080.m3u8,"{""connection"": ""close"", ""content-length"": ""33"", ""content-type"": ""text/plain"", ""date"": ""Sat, 10 Oct 2026 16:24:01 GMT"", ""server"": ""envoy""}",text/plain,Stream returned HTTP 403,,[],
b86253ba0143f8207887,beIN Sports 6,720-Bein Sports 6,http://stream.mytvplus.net:7007/sport/ch6/ch6_720.m3u8,https://gist.githubusercontent.com/mohannad-art/1f08bae8819eb6ced114bc5fd9920dac/raw,GEO_BLOCKED_OR_FORBIDDEN,,UNKNOWN,403,http://stream.mytvplus.net:7007/sport/ch6/ch6_720.m3u8,"{""connection"": ""close"", ""content-length"": ""33"", ""content-type"": ""text/plain"", ""date"": ""Sat, 10 Oct 2026 16:24:01 GMT"", ""server"": ""envoy""}",text/plain,Stream returned HTTP 403,,[],
e4b8870a719bf21647ee,beIN Sports 6,beIN SPORTS 6 HD,http://tv.startseven.tn/[access-controlled],https://raw.githubusercontent.com/raid35/channel-links/HEAD/ALWAN.m3u,SKIPPED_ACCESS,ACCOUNT_PATH,UNKNOWN,,,{},NOT_REQUESTED,Credential-shaped IPTV line,Find a credential-free distribution or obtain provider documentation. No HTTP request made with copied account/access parameters; subscription/geo status unconfirmed.,[],"re.search(/(?:live|iptv)/[^/]+/[^/]+/\d+(?:[./]|$), path) or re.fullmatch(/[A-Za-z0-9]{6,}/[A-Za-z0-9]{6,}/\d+(?:\.[A-Za-z0-9]+)?/?, path) and any(character.isdigit() for part in path.strip(/).split(/)[:2] for character in part)"
4dfe5cf608a5d2847270,beIN Sports 6,beIN SPORTS 6 HD,http://u.goldeniptv.com/[access-controlled],https://raw.githubusercontent.com/raid35/channel-links/HEAD/arab.m3u,SKIPPED_ACCESS,ACCOUNT_PATH,UNKNOWN,,,{},NOT_REQUESTED,Credential-shaped IPTV line,Find a credential-free distribution or obtain provider documentation. No HTTP request made with copied account/access parameters; subscription/geo status unconfirmed.,[],"re.search(/(?:live|iptv)/[^/]+/[^/]+/\d+(?:[./]|$), path) or re.fullmatch(/[A-Za-z0-9]{6,}/[A-Za-z0-9]{6,}/\d+(?:\.[A-Za-z0-9]+)?/?, path) and any(character.isdigit() for part in path.strip(/).split(/)[:2] for character in part)"
58059d6391b475652fe0,beIN Sports 6, beIN Sports 6,http://vpro.viptvclub.com/[access-controlled],https://raw.githubusercontent.com/yoyo82520/huaiptv/HEAD/HuaTV.m3u,SKIPPED_ACCESS,ACCOUNT_PATH,UNKNOWN,,,{},NOT_REQUESTED,Credential-shaped IPTV line,Find a credential-free distribution or obtain provider documentation. No HTTP request made with copied account/access parameters; subscription/geo status unconfirmed.,[],"re.search(/(?:live|iptv)/[^/]+/[^/]+/\d+(?:[./]|$), path) or re.fullmatch(/[A-Za-z0-9]{6,}/[A-Za-z0-9]{6,}/\d+(?:\.[A-Za-z0-9]+)?/?, path) and any(character.isdigit() for part in path.strip(/).split(/)[:2] for character in part)"
665004f6b6ab4c39115b,beIN Sports 6, beIN Sports 6 ᴴᴰ,http://vpro.viptvclub.com/[access-controlled],https://raw.githubusercontent.com/yoyo82520/huaiptv/HEAD/HuaTV.m3u,SKIPPED_ACCESS,ACCOUNT_PATH,UNKNOWN,,,{},NOT_REQUESTED,Credential-shaped IPTV line,Find a credential-free distribution or obtain provider documentation. No HTTP request made with copied account/access parameters; subscription/geo status unconfirmed.,[],"re.search(/(?:live|iptv)/[^/]+/[^/]+/\d+(?:[./]|$), path) or re.fullmatch(/[A-Za-z0-9]{6,}/[A-Za-z0-9]{6,}/\d+(?:\.[A-Za-z0-9]+)?/?, path) and any(character.isdigit() for part in path.strip(/).split(/)[:2] for character in part)"
d005a8e34f0352b24b17,beIN Sports 6, beIN Sports 6 ᴴᴰ*,http://vpro.viptvclub.com/[access-controlled],https://raw.githubusercontent.com/yoyo82520/huaiptv/HEAD/HuaTV.m3u,SKIPPED_ACCESS,ACCOUNT_PATH,UNKNOWN,,,{},NOT_REQUESTED,Credential-shaped IPTV line,Find a credential-free distribution or obtain provider documentation. No HTTP request made with copied account/access parameters; subscription/geo status unconfirmed.,[],"re.search(/(?:live|iptv)/[^/]+/[^/]+/\d+(?:[./]|$), path) or re.fullmatch(/[A-Za-z0-9]{6,}/[A-Za-z0-9]{6,}/\d+(?:\.[A-Za-z0-9]+)?/?, path) and any(character.isdigit() for part in path.strip(/).split(/)[:2] for character in part)"
e9949866806f8dea03da,beIN Sports 6, beIN Sports 6¹⁰⁸⁰ᵖ 4K,http://vpro.viptvclub.com/[access-controlled],https://raw.githubusercontent.com/yoyo82520/huaiptv/HEAD/HuaTV.m3u,SKIPPED_ACCESS,ACCOUNT_PATH,UNKNOWN,,,{},NOT_REQUESTED,Credential-shaped IPTV line,Find a credential-free distribution or obtain provider documentation. No HTTP request made with copied account/access parameters; subscription/geo status unconfirmed.,[],"re.search(/(?:live|iptv)/[^/]+/[^/]+/\d+(?:[./]|$), path) or re.fullmatch(/[A-Za-z0-9]{6,}/[A-Za-z0-9]{6,}/\d+(?:\.[A-Za-z0-9]+)?/?, path) and any(character.isdigit() for part in path.strip(/).split(/)[:2] for character in part)"
09a3dceefd9768ed5263,beIN Sports 6,BEIN SPORTS 6 [AR],http://xown.site/[access-controlled],https://raw.githubusercontent.com/bugsfreeweb/LiveTVCollector/HEAD/LiveTV/Bangladesh/LiveTV.m3u,SKIPPED_ACCESS,ACCESS_QUERY_KEYS,UNKNOWN,,,{},NOT_REQUESTED,Credential/token/session-specific published URL; not reusable without access tokens,Find a credential-free distribution or obtain provider documentation. No HTTP request made with copied account/access parameters; subscription/geo status unconfirmed.,"['id', 'token']","query keys intersect {token,ticket,password,username,mac,play_token,wmsauthsign,hdnts,hdnea,auth}"
ab7e17e026488fe49d55,beIN Sports 6,bein sport 6,http://xxx12.trainer.pw/mubasher6/trainer.m3u8,https://raw.githubusercontent.com/m3and88/iptv.m3u/HEAD/khalifa%20alshamsi.m3u,GEO_BLOCKED_OR_FORBIDDEN,,UNKNOWN,403,http://xxx12.trainer.pw/mubasher6/trainer.m3u8,"{""connection"": ""close"", ""content-length"": ""33"", ""content-type"": ""text/plain"", ""date"": ""Sat, 10 Oct 2026 16:25:17 GMT"", ""server"": ""envoy""}",text/plain,Stream returned HTTP 403,,[],
cfae8e7a40bb02776125,beIN Sports 6,beIN 6 4K,http://ziyadiptv.net/[access-controlled],https://raw.githubusercontent.com/BahyOsama/dinurunn/HEAD/oo.m3u,SKIPPED_ACCESS,ACCOUNT_PATH,UNKNOWN,,,{},NOT_REQUESTED,Credential-shaped IPTV line,Find a credential-free distribution or obtain provider documentation. No HTTP request made with copied account/access parameters; subscription/geo status unconfirmed.,[],"re.search(/(?:live|iptv)/[^/]+/[^/]+/\d+(?:[./]|$), path) or re.fullmatch(/[A-Za-z0-9]{6,}/[A-Za-z0-9]{6,}/\d+(?:\.[A-Za-z0-9]+)?/?, path) and any(character.isdigit() for part in path.strip(/).split(/)[:2] for character in part)"
06aae80e49076b877dfd,beIN Sports 6,beIN Sports 6 (DRM Protected),https://49-231-37-235-rewriter.ais-vidnt.com/ais/play/origin/live/eds/S0006/HLS/S0006.m3u8,https://raw.githubusercontent.com/winnie3101/WinnieIPTV/HEAD/WinnieIPTV_AISPlay.m3u,UNKNOWN,,UNKNOWN,,,{},unknown,Mixed or insufficient failure evidence: Stream connection error: Tunnel connection failed: 403 Forbidden; Stream timeout: timed out,,[],
29d7e0c52409a398b26f,beIN Sports 6,BeinSport6,https://airmax.boats:443/airmaxtvMAX/airmaxtvXAM/312.ts,https://raw.githubusercontent.com/yousseffaouzi/playbein/HEAD/plbein.m3u,UNKNOWN,,UNKNOWN,,,{},unknown,Mixed or insufficient failure evidence: Stream connection error: Tunnel connection failed: 403 Forbidden; Stream connection error: Tunnel connection failed: 403 Forbidden,,[],
8847ba80bed8220f5744,beIN Sports 6,beIN Sports 6,https://liveeu-gcp.alkassdigital.net/alkass6-p/main.m3u8,https://raw.githubusercontent.com/mi3umi/test-iptv-m3u/HEAD/combined.m3u,GEO_BLOCKED_OR_FORBIDDEN,,UNKNOWN,403,https://liveeu-gcp.alkassdigital.net/alkass6-p/main.m3u8,"{""access-control-allow-credentials"": ""true"", ""access-control-allow-headers"": ""origin,range,hdntl,hdnts,CMCD-Request,CMCD-Object,CMCD-Status,CMCD-Session"", ""access-control-allow-methods"": ""GET,POST,OPTIONS"", ""access-control-allow-origin"": ""https://shoof.alkass.net"", ""access-control-expose-headers"": ""Server,range,hdntl,hdnts,Akamai-Mon-Iucid-Ing,Akamai-Mon-Iucid-Del,Akamai-Request-BC"", ""access-control-max-age"": ""86400"", ""akamai-mon-iucid-del"": ""1901643"", ""alt-svc"": ""h3=\"":443\""; ma=93600,h3-29=\"":443\""; ma=93600"", ""cache-control"": ""max-age=0, no-cache, no-store"", ""connection"": ""close"", ""content-length"": ""417"", ""content-type"": ""text/html"", ""date"": ""Sat, 10 Oct 2026 16:24:15 GMT"", ""expires"": ""Sat, 10 Oct 2026 16:24:15 GMT"", ""mime-version"": ""1.0"", ""pragma"": ""no-cache"", ""server"": ""envoy"", ""x-envoy-upstream-service-time"": ""126""}",text/html,Stream returned HTTP 403,,[],
9edd36bde62c92bc7edd,beIN Sports 6,BeIN Sports 6,rtmp://31.220.0.103/[access-controlled],https://raw.githubusercontent.com/hmemar/husham.com/HEAD/Lists/chimpsmithlist-znE9BaL9.txt,SKIPPED_ACCESS,NON_HTTP_URL,UNKNOWN,,,{},NOT_REQUESTED,Not an HTTP(S) stream,Find a credential-free distribution or obtain provider documentation. No HTTP request made with copied account/access parameters; subscription/geo status unconfirmed.,[],"scheme not in ('https', 'http') or hostname absent"
871210328d0be39865a8,beIN Sports 6,Bein Sports 6,rtmp://31.220.0.194/[access-controlled],https://raw.githubusercontent.com/hmemar/husham.com/HEAD/Lists/chimpsmithlist-znE9BaL9.txt,SKIPPED_ACCESS,NON_HTTP_URL,UNKNOWN,,,{},NOT_REQUESTED,Not an HTTP(S) stream,Find a credential-free distribution or obtain provider documentation. No HTTP request made with copied account/access parameters; subscription/geo status unconfirmed.,"['live', 'vh', 'vw']","scheme not in ('https', 'http') or hostname absent"
19c4d86a9af101c8d4b6,beIN Sports 6,BEIN 6 (ARA),rtmp://www1.iguide.to/[access-controlled],https://gist.githubusercontent.com/ItsRandall/3119615c8b4732d7b56e5217d66edbab/raw,SKIPPED_ACCESS,NON_HTTP_URL,UNKNOWN,,,{},NOT_REQUESTED,Not an HTTP(S) stream,Find a credential-free distribution or obtain provider documentation. No HTTP request made with copied account/access parameters; subscription/geo status unconfirmed.,"['autoplay', 'channel', 'height', 'width']","scheme not in ('https', 'http') or hostname absent"
c265364d044080eff0c2,beIN Sports 6 (Arabic),beIN Sports 6 Arabic,https://ondemand.st/papi/tv/dlhd/96/playlist.m3u8,https://raw.githubusercontent.com/BuddyChewChew/My-Streams/HEAD/Backup/dami-tv.m3u,GEO_BLOCKED_OR_FORBIDDEN,,UNKNOWN,403,https://ondemand.st/papi/tv/dlhd/96/playlist.m3u8,"{""access-control-allow-origin"": ""*"", ""connection"": ""close"", ""content-length"": ""146"", ""content-type"": ""text/html"", ""date"": ""Sat, 10 Oct 2026 16:29:47 GMT"", ""server"": ""envoy"", ""x-envoy-upstream-service-time"": ""135""}",text/html,Stream returned HTTP 403,,[],
02bd4cdcfdc98c9d5cd3,beIN Sports 7,Bein Sports 7,http://013tv.com:8080/vtprotonium/CuUWPf5b7jywB68SxZ5/106,https://gist.githubusercontent.com/R03nDL03n1/e3f461a6e39f8bdc3e9bf96df638fd44/raw,BROKEN,,UNKNOWN,404,http://195.178.110.38:8070/vtprotonium/CuUWPf5b7jywB68SxZ5/106,"{""connection"": ""close"", ""content-type"": ""text/html; charset=UTF-8"", ""date"": ""Sat, 10 Oct 2026 16:37:43 GMT"", ""server"": ""envoy"", ""transfer-encoding"": ""chunked"", ""x-envoy-upstream-service-time"": ""272"", ""x-powered-by"": ""PHP/8.3.35""}",text/html; charset=UTF-8,Stream returned HTTP 404,,[],
42965ab8a4bb197c345f,beIN Sports 7,BEIN SPORTS 7 FHD,http://103.100.169.51/[access-controlled],https://raw.githubusercontent.com/mchoumi/mchoumi.github.io/HEAD/IPTVara.m3u,SKIPPED_ACCESS,ACCOUNT_PATH,UNKNOWN,,,{},NOT_REQUESTED,Credential-shaped IPTV line,Find a credential-free distribution or obtain provider documentation. No HTTP request made with copied account/access parameters; subscription/geo status unconfirmed.,[],"re.search(/(?:live|iptv)/[^/]+/[^/]+/\d+(?:[./]|$), path) or re.fullmatch(/[A-Za-z0-9]{6,}/[A-Za-z0-9]{6,}/\d+(?:\.[A-Za-z0-9]+)?/?, path) and any(character.isdigit() for part in path.strip(/).split(/)[:2] for character in part)"
e177dd86d02a90406369,beIN Sports 7,AR | BEIN SPORTS 7 FHD,http://116.202.165.211/[access-controlled],https://raw.githubusercontent.com/raid35/channel-links/HEAD/ALWAN.m3u,SKIPPED_ACCESS,ACCOUNT_PATH,UNKNOWN,,,{},NOT_REQUESTED,Credential-shaped IPTV line,Find a credential-free distribution or obtain provider documentation. No HTTP request made with copied account/access parameters; subscription/geo status unconfirmed.,[],"re.search(/(?:live|iptv)/[^/]+/[^/]+/\d+(?:[./]|$), path) or re.fullmatch(/[A-Za-z0-9]{6,}/[A-Za-z0-9]{6,}/\d+(?:\.[A-Za-z0-9]+)?/?, path) and any(character.isdigit() for part in path.strip(/).split(/)[:2] for character in part)"
dc74ed849ff9e4a07880,beIN Sports 7,Bein Sports 7,http://116.202.165.211/[access-controlled],https://raw.githubusercontent.com/raid35/channel-links/HEAD/ALWAN.m3u,SKIPPED_ACCESS,ACCOUNT_PATH,UNKNOWN,,,{},NOT_REQUESTED,Credential-shaped IPTV line,Find a credential-free distribution or obtain provider documentation. No HTTP request made with copied account/access parameters; subscription/geo status unconfirmed.,[],"re.search(/(?:live|iptv)/[^/]+/[^/]+/\d+(?:[./]|$), path) or re.fullmatch(/[A-Za-z0-9]{6,}/[A-Za-z0-9]{6,}/\d+(?:\.[A-Za-z0-9]+)?/?, path) and any(character.isdigit() for part in path.strip(/).split(/)[:2] for character in part)"
399fb18c2d49e33728ee,beIN Sports 7,beinsport7,http://135.125.109.73:9000/beinsport7_.m3u8,https://raw.githubusercontent.com/mazenghannam16/my-iptv-lists/HEAD/super.m3u,UNKNOWN,,TEMPORARY_FAILURE,503,http://135.125.109.73:9000/beinsport7_.m3u8,"{""connection"": ""close"", ""content-length"": ""95"", ""content-type"": ""text/plain"", ""date"": ""Sat, 10 Oct 2026 16:25:02 GMT"", ""server"": ""envoy""}",text/plain,Mixed or insufficient failure evidence: Stream returned HTTP 503; Stream timeout: timed out,,[],
74bc9538a7b1514d7dbe,beIN Sports 7,BEIN SPORT 7,http://163.172.105.25:80/live?channelId=184&uid=2454&deviceMac=00:1A:79:3C:C9:29,https://raw.githubusercontent.com/SulukNew/SMART-IPTV/HEAD/IPTV%20SMART,BROKEN,,UNKNOWN,404,http://163.172.105.25:80/live?channelId=184&uid=2454&deviceMac=00:1A:79:3C:C9:29,"{""connection"": ""close"", ""content-length"": ""276"", ""content-type"": ""text/html; charset=iso-8859-1"", ""date"": ""Sat, 10 Oct 2026 16:24:12 GMT"", ""server"": ""envoy"", ""x-envoy-upstream-service-time"": ""126""}",text/html; charset=iso-8859-1,Stream returned HTTP 404,,"['channelId', 'deviceMac', 'uid']",
e334c6b859f896d1c16f,beIN Sports 7,BEIN SPORTS 7 HD,http://195.128.24.55/[access-controlled],https://raw.githubusercontent.com/mchoumi/mchoumi.github.io/HEAD/IPTVara.m3u,SKIPPED_ACCESS,ACCESS_QUERY_KEYS,UNKNOWN,,,{},NOT_REQUESTED,Credential/token/session-specific published URL; not reusable without access tokens,Find a credential-free distribution or obtain provider documentation. No HTTP request made with copied account/access parameters; subscription/geo status unconfirmed.,"['extension', 'mac', 'play_token', 'stream']","query keys intersect {token,ticket,password,username,mac,play_token,wmsauthsign,hdnts,hdnea,auth}"
8f404e1271c6e6a944ce,beIN Sports 7,beINSport 7,http://195.154.156.28:80/wXQcdtDuYt/zQFbKU48fL/24,https://raw.githubusercontent.com/ajonx/Ambyar-TV/HEAD/Sports.m3u,TIMEOUT,,TEMPORARY_FAILURE,,,{},unknown,Stream timeout: timed out,,[],
48cabb51de03b140cacc,beIN Sports 7,beIN Sports 7,http://212.224.98.207:2200/EX/bein7hd-ar/index.m3u8?token=,https://gist.githubusercontent.com/motib09/b97539fc67f9a89d5f090359a2d29a9e/raw,TIMEOUT,,TEMPORARY_FAILURE,,,{},unknown,Stream timeout: timed out,,[],
7a522780c3712a7cad40,beIN Sports 7,beIN SPORTS 7 HD,http://2756d46c.akciatv.ru/[access-controlled],https://gist.githubusercontent.com/bdrajgaming654-byte/11d59f64cea2abb66c2b547dd6b9c208/raw,SKIPPED_ACCESS,ACCOUNT_TOKEN_PATH,UNKNOWN,,,{},NOT_REQUESTED,Account-token-shaped IPTV line,Find a credential-free distribution or obtain provider documentation. No HTTP request made with copied account/access parameters; subscription/geo status unconfirmed.,[],"path matches /iptv/[A-Z0-9]{10,}/\d+/"
6c00c36b57a2f8fd227d,beIN Sports 7,bein sport 7,http://5.39.70.216/buy-IPTV/sports@fontsbay.com/17.ch?12345678,https://raw.githubusercontent.com/hmemar/husham.com/HEAD/Lists/chimpsmithlist-znE9BaL9.txt,TIMEOUT,,TEMPORARY_FAILURE,,,{},unknown,Stream timeout: timed out,,[],
efb63d1766b2dd818005,beIN Sports 7,AR: beIN Sports 7 HD,http://54.36.61.6/[access-controlled],https://raw.githubusercontent.com/vraomoturi/smartiptv-playlist/HEAD/sports.m3u,SKIPPED_ACCESS,ACCOUNT_PATH,UNKNOWN,,,{},NOT_REQUESTED,Credential-shaped IPTV line,Find a credential-free distribution or obtain provider documentation. No HTTP request made with copied account/access parameters; subscription/geo status unconfirmed.,[],"re.search(/(?:live|iptv)/[^/]+/[^/]+/\d+(?:[./]|$), path) or re.fullmatch(/[A-Za-z0-9]{6,}/[A-Za-z0-9]{6,}/\d+(?:\.[A-Za-z0-9]+)?/?, path) and any(character.isdigit() for part in path.strip(/).split(/)[:2] for character in part)"
11474e0c7f4a2694b108,beIN Sports 7,beIN Sports 7,http://85.237.89.6:9590/ar-s/bein-7-stop-TimeSheft/tracks-v1a1/mono.m3u8,https://t.me/s/connecttechnology?before=9026,BROKEN,,UNKNOWN,404,http://85.237.89.6:9590/ar-s/bein-7-stop-TimeSheft/tracks-v1a1/mono.m3u8,"{""access-control-allow-headers"": ""x-vsaas-session, x-no-redirect, origin, authorization, accept, range, content-type, x-add-effective, session, x-originator, x-sid"", ""access-control-allow-methods"": ""GET, PUT, DELETE, OPTIONS"", ""access-control-allow-origin"": ""*"", ""access-control-expose-headers"": ""Server, range, X-Run-Time, X-Sid, Content-Length, Location"", ""cache-control"": ""no-cache"", ""connection"": ""close"", ""content-length"": ""10"", ""date"": ""Sat, 10 Oct 2026 16:25:29 GMT"", ""pragma"": ""no-cache"", ""server"": ""envoy"", ""x-envoy-upstream-service-time"": ""119""}",unknown,Stream returned HTTP 404,,[],
ab7194792591430dbacd,beIN Sports 7,Bein Sports 7,http://belfast.dyndns.tv:5808/BEINHD7/tracks-v1a1/mono.m3u8,https://raw.githubusercontent.com/idhanmario/iptv/HEAD/README.md,GEO_BLOCKED_OR_FORBIDDEN,,UNKNOWN,403,http://belfast.dyndns.tv:5808/BEINHD7/tracks-v1a1/mono.m3u8,"{""connection"": ""close"", ""content-length"": ""33"", ""content-type"": ""text/plain"", ""date"": ""Sat, 10 Oct 2026 16:24:00 GMT"", ""server"": ""envoy""}",text/plain,Stream returned HTTP 403,,[],
31d8a4ac7249c3853835,beIN Sports 7,beIN SPORTS 7 SD,http://forevertv.me/[access-controlled],https://raw.githubusercontent.com/ktkooot1/Ustream/HEAD/Forever%20Sport.m3u,SKIPPED_ACCESS,ACCOUNT_PATH,UNKNOWN,,,{},NOT_REQUESTED,Credential-shaped IPTV line,Find a credential-free distribution or obtain provider documentation. No HTTP request made with copied account/access parameters; subscription/geo status unconfirmed.,[],"re.search(/(?:live|iptv)/[^/]+/[^/]+/\d+(?:[./]|$), path) or re.fullmatch(/[A-Za-z0-9]{6,}/[A-Za-z0-9]{6,}/\d+(?:\.[A-Za-z0-9]+)?/?, path) and any(character.isdigit() for part in path.strip(/).split(/)[:2] for character in part)"
f4d701bf3107f0df8a15,beIN Sports 7,beIN SPORTS 7 4K,http://forevertv.me/[access-controlled],https://raw.githubusercontent.com/ktkooot1/Ustream/HEAD/Forever%20Sport.m3u,SKIPPED_ACCESS,ACCOUNT_PATH,UNKNOWN,,,{},NOT_REQUESTED,Credential-shaped IPTV line,Find a credential-free distribution or obtain provider documentation. No HTTP request made with copied account/access parameters; subscription/geo status unconfirmed.,[],"re.search(/(?:live|iptv)/[^/]+/[^/]+/\d+(?:[./]|$), path) or re.fullmatch(/[A-Za-z0-9]{6,}/[A-Za-z0-9]{6,}/\d+(?:\.[A-Za-z0-9]+)?/?, path) and any(character.isdigit() for part in path.strip(/).split(/)[:2] for character in part)"
dd9b90bbdfc33a6e1437,beIN Sports 7,beIN SPORTS 7 FHD,http://forevertv.me/[access-controlled],https://raw.githubusercontent.com/ktkooot1/Ustream/HEAD/Forever%20Sport.m3u,SKIPPED_ACCESS,ACCOUNT_PATH,UNKNOWN,,,{},NOT_REQUESTED,Credential-shaped IPTV line,Find a credential-free distribution or obtain provider documentation. No HTTP request made with copied account/access parameters; subscription/geo status unconfirmed.,[],"re.search(/(?:live|iptv)/[^/]+/[^/]+/\d+(?:[./]|$), path) or re.fullmatch(/[A-Za-z0-9]{6,}/[A-Za-z0-9]{6,}/\d+(?:\.[A-Za-z0-9]+)?/?, path) and any(character.isdigit() for part in path.strip(/).split(/)[:2] for character in part)"
aa8f3d01440269d2d37d,beIN Sports 7,beIN SPORTS 7 HD,http://forevertv.me/[access-controlled],https://raw.githubusercontent.com/ktkooot1/Ustream/HEAD/Forever%20Sport.m3u,SKIPPED_ACCESS,ACCOUNT_PATH,UNKNOWN,,,{},NOT_REQUESTED,Credential-shaped IPTV line,Find a credential-free distribution or obtain provider documentation. No HTTP request made with copied account/access parameters; subscription/geo status unconfirmed.,[],"re.search(/(?:live|iptv)/[^/]+/[^/]+/\d+(?:[./]|$), path) or re.fullmatch(/[A-Za-z0-9]{6,}/[A-Za-z0-9]{6,}/\d+(?:\.[A-Za-z0-9]+)?/?, path) and any(character.isdigit() for part in path.strip(/).split(/)[:2] for character in part)"
bdf5f4a5818b86030547,beIN Sports 7,beIN SPORT 7 HD,http://goiptv.co:8080/live:56eed56608b644dbF/ZCjlyc8M9S/790,https://raw.githubusercontent.com/sasuki2/IPTV/HEAD/NEdaLJB.m3u,GEO_BLOCKED_OR_FORBIDDEN,,AUTH_REQUIRED,401,http://goiptv.co:8080/live:56eed56608b644dbF/ZCjlyc8M9S/790,"{""access-control-allow-origin"": ""*"", ""cf-cache-status"": ""DYNAMIC"", ""cf-ray"": ""a486fa82ef56b07e-ORD"", ""connection"": ""close"", ""content-type"": ""text/html; charset=UTF-8"", ""date"": ""Sat, 10 Oct 2026 16:25:00 GMT"", ""nel"": ""{\""report_to\"":\""cf-nel\"",\""success_fraction\"":0.0,\""max_age\"":604800}"", ""report-to"": ""{\""group\"":\""cf-nel\"",\""max_age\"":604800,\""endpoints\"":[{\""url\"":\""https://a.nel.cloudflare.com/report/v4?s=RoJd58h2Ssn%2Fbu6VU%2Fh0IK%2Bdjdl3fLirhHC3zaXm5MTy3o1Yog%2BKWVud87Wb40eN2vvW2SqSD1i3g9ieH0f3ouCTlTRoNjZxbJLqZMeI%2BwNdbuk%2F7R6Erd3BtiE%3D\""}]}"", ""server"": ""envoy"", ""transfer-encoding"": ""chunked"", ""x-envoy-upstream-service-time"": ""65""}",text/html; charset=UTF-8,Stream returned HTTP 401,,[],
5e7eb163de13fb8281e2,beIN Sports 7,AR | BEIN SPORTS 7 FHD,http://goldenplayerz.xyz/[access-controlled],https://raw.githubusercontent.com/siksa40/xPola-Player/HEAD/novaler-bein.m3u,SKIPPED_ACCESS,ACCOUNT_PATH,UNKNOWN,,,{},NOT_REQUESTED,Credential-shaped IPTV line,Find a credential-free distribution or obtain provider documentation. No HTTP request made with copied account/access parameters; subscription/geo status unconfirmed.,[],"re.search(/(?:live|iptv)/[^/]+/[^/]+/\d+(?:[./]|$), path) or re.fullmatch(/[A-Za-z0-9]{6,}/[A-Za-z0-9]{6,}/\d+(?:\.[A-Za-z0-9]+)?/?, path) and any(character.isdigit() for part in path.strip(/).split(/)[:2] for character in part)"
1c339598b3e2728afbc1,beIN Sports 7,Bein Sports 7,http://goldenplayerz.xyz/[access-controlled],https://raw.githubusercontent.com/siksa40/xPola-Player/HEAD/novaler-bein.m3u,SKIPPED_ACCESS,ACCOUNT_PATH,UNKNOWN,,,{},NOT_REQUESTED,Credential-shaped IPTV line,Find a credential-free distribution or obtain provider documentation. No HTTP request made with copied account/access parameters; subscription/geo status unconfirmed.,[],"re.search(/(?:live|iptv)/[^/]+/[^/]+/\d+(?:[./]|$), path) or re.fullmatch(/[A-Za-z0-9]{6,}/[A-Za-z0-9]{6,}/\d+(?:\.[A-Za-z0-9]+)?/?, path) and any(character.isdigit() for part in path.strip(/).split(/)[:2] for character in part)"
da2222e8b04c52c60487,beIN Sports 7,BEIN SPORT 7,http://iptv.nonland.net:8080/KING_IPTV_xui/QtChUjfXPF/1319,https://raw.githubusercontent.com/yoyo82520/huaiptv/HEAD/MiTV.m3u,GEO_BLOCKED_OR_FORBIDDEN,,AUTH_REQUIRED,401,http://iptv.nonland.net:8080/KING_IPTV_xui/QtChUjfXPF/1319,"{""access-control-allow-origin"": ""*"", ""connection"": ""close"", ""content-type"": ""text/html; charset=UTF-8"", ""date"": ""Sat, 10 Oct 2026 16:29:48 GMT"", ""server"": ""envoy"", ""transfer-encoding"": ""chunked"", ""x-envoy-upstream-service-time"": ""576""}",text/html; charset=UTF-8,Stream returned HTTP 401,,[],
2303d9ae2f35dfa85d47,beIN Sports 7,BEIN Sport 7ᴴᴰ,http://iptv.nonland.net:8080/KING_IPTV_xui/QtChUjfXPF/20072,https://raw.githubusercontent.com/yoyo82520/huaiptv/HEAD/MiTV.m3u,GEO_BLOCKED_OR_FORBIDDEN,,AUTH_REQUIRED,401,http://iptv.nonland.net:8080/KING_IPTV_xui/QtChUjfXPF/20072,"{""access-control-allow-origin"": ""*"", ""connection"": ""close"", ""content-type"": ""text/html; charset=UTF-8"", ""date"": ""Sat, 10 Oct 2026 16:29:48 GMT"", ""server"": ""envoy"", ""transfer-encoding"": ""chunked"", ""x-envoy-upstream-service-time"": ""349""}",text/html; charset=UTF-8,Stream returned HTTP 401,,[],
edbc0019eb25251abadd,beIN Sports 7,BEIN Sports 7,http://iptv.nonland.net:8080/KING_IPTV_xui/QtChUjfXPF/47511,https://raw.githubusercontent.com/yoyo82520/huaiptv/HEAD/MiTV.m3u,GEO_BLOCKED_OR_FORBIDDEN,,AUTH_REQUIRED,401,http://iptv.nonland.net:8080/KING_IPTV_xui/QtChUjfXPF/47511,"{""access-control-allow-origin"": ""*"", ""connection"": ""close"", ""content-type"": ""text/html; charset=UTF-8"", ""date"": ""Sat, 10 Oct 2026 16:29:49 GMT"", ""server"": ""envoy"", ""transfer-encoding"": ""chunked"", ""x-envoy-upstream-service-time"": ""584""}",text/html; charset=UTF-8,Stream returned HTTP 401,,[],
b1e8e8f69c4b9e76ad79,beIN Sports 7,BEIN SPORTS 7,http://iptv.nonland.net:8080/KING_IPTV_xui/QtChUjfXPF/7346,https://raw.githubusercontent.com/yoyo82520/huaiptv/HEAD/MiTV.m3u,GEO_BLOCKED_OR_FORBIDDEN,,AUTH_REQUIRED,401,http://iptv.nonland.net:8080/KING_IPTV_xui/QtChUjfXPF/7346,"{""access-control-allow-origin"": ""*"", ""connection"": ""close"", ""content-type"": ""text/html; charset=UTF-8"", ""date"": ""Sat, 10 Oct 2026 16:29:50 GMT"", ""server"": ""envoy"", ""transfer-encoding"": ""chunked"", ""x-envoy-upstream-service-time"": ""648""}",text/html; charset=UTF-8,Stream returned HTTP 401,,[],
6404976eb742560e8511,beIN Sports 7,beIN SPORT 7 4K,http://ktv.im/[access-controlled],https://raw.githubusercontent.com/thermaxy/t/HEAD/e.m3u,SKIPPED_ACCESS,ACCOUNT_PATH,UNKNOWN,,,{},NOT_REQUESTED,Credential-shaped IPTV line,Find a credential-free distribution or obtain provider documentation. No HTTP request made with copied account/access parameters; subscription/geo status unconfirmed.,[],"re.search(/(?:live|iptv)/[^/]+/[^/]+/\d+(?:[./]|$), path) or re.fullmatch(/[A-Za-z0-9]{6,}/[A-Za-z0-9]{6,}/\d+(?:\.[A-Za-z0-9]+)?/?, path) and any(character.isdigit() for part in path.strip(/).split(/)[:2] for character in part)"
0f2a92851c442e4dcdc4,beIN Sports 7,┃AR┃ BEIN SPORTS 7,http://line.goattv-ott.xyz/[access-controlled],https://gist.githubusercontent.com/Xo-Richie-Baldeo-oX/ac1a002b5c442908f134dd4958579ec2/raw,SKIPPED_ACCESS,ACCESS_QUERY_KEYS,UNKNOWN,,,{},NOT_REQUESTED,Credential/token/session-specific published URL; not reusable without access tokens,Find a credential-free distribution or obtain provider documentation. No HTTP request made with copied account/access parameters; subscription/geo status unconfirmed.,"['extension', 'mac', 'play_token', 'stream']","query keys intersect {token,ticket,password,username,mac,play_token,wmsauthsign,hdnts,hdnea,auth}"
ce0e37e7a79d86efd89d,beIN Sports 7,┃AR┃ BEIN SPORTS 7 UHD,http://line.goattv-ott.xyz/[access-controlled],https://gist.githubusercontent.com/Xo-Richie-Baldeo-oX/ac1a002b5c442908f134dd4958579ec2/raw,SKIPPED_ACCESS,ACCESS_QUERY_KEYS,UNKNOWN,,,{},NOT_REQUESTED,Credential/token/session-specific published URL; not reusable without access tokens,Find a credential-free distribution or obtain provider documentation. No HTTP request made with copied account/access parameters; subscription/geo status unconfirmed.,"['extension', 'mac', 'play_token', 'stream']","query keys intersect {token,ticket,password,username,mac,play_token,wmsauthsign,hdnts,hdnea,auth}"
ec40bc9ba3d283c1c6d1,beIN Sports 7,bein sports 7,http://listatv.cf/prem.php?id=beinsports7&tk=january&f=.m3u8,https://raw.githubusercontent.com/TVCABLEAR/VIP/HEAD/PAIS/USA/2018-USA.m3u,GEO_BLOCKED_OR_FORBIDDEN,,UNKNOWN,403,http://listatv.cf/prem.php?id=beinsports7&tk=january&f=.m3u8,"{""connection"": ""close"", ""content-length"": ""33"", ""content-type"": ""text/plain"", ""date"": ""Sat, 10 Oct 2026 16:30:07 GMT"", ""server"": ""envoy""}",text/plain,Stream returned HTTP 403,,"['f', 'id', 'tk']",
9f59538d2e191c596376,beIN Sports 7,Bein Sports 7,http://livetv.grabdeal.xyz/beinsport7,https://raw.githubusercontent.com/ajonx/Ambyar-TV/HEAD/Sports.m3u,BROKEN,,UNKNOWN,200,https://livetv.grabdeal.xyz/beinsport7,"{""alt-svc"": ""h3=\"":443\""; ma=86400"", ""cf-cache-status"": ""DYNAMIC"", ""cf-ray"": ""a486fadf8aab4e06-ORD"", ""connection"": ""close"", ""content-type"": ""text/html; charset=UTF-8"", ""date"": ""Sat, 10 Oct 2026 16:25:15 GMT"", ""nel"": ""{\""report_to\"":\""cf-nel\"",\""success_fraction\"":0.0,\""max_age\"":604800}"", ""report-to"": ""{\""group\"":\""cf-nel\"",\""max_age\"":604800,\""endpoints\"":[{\""url\"":\""https://a.nel.cloudflare.com/report/v4?s=PH50NQ5VyjD8Og3EjJIjR%2BR2aIfBGw8R7xud4SaaLzfWjgOq%2BzQ3RFziuYzU4kspvoAzCJPBDMor4WqdswWrtos4FXhXF2kAWy7Db1Kk3%2FS2QLEq798ZDj7QLYO3rVgK6RxaJNFK\""}]}"", ""server"": ""envoy"", ""transfer-encoding"": ""chunked"", ""vary"": ""accept-encoding"", ""x-envoy-upstream-service-time"": ""155"", ""x-powered-by"": ""Nginx""}",text/html; charset=UTF-8,Response was not a recognized playlist or media stream,,[],
38ff186262de5f612699,beIN Sports 7,BEIN SPORTS 7 SD,http://m1.webvps.de/[access-controlled],https://raw.githubusercontent.com/mchoumi/mchoumi.github.io/HEAD/IPTVsports.m3u,SKIPPED_ACCESS,ACCOUNT_PATH,UNKNOWN,,,{},NOT_REQUESTED,Credential-shaped IPTV line,Find a credential-free distribution or obtain provider documentation. No HTTP request made with copied account/access parameters; subscription/geo status unconfirmed.,[],"re.search(/(?:live|iptv)/[^/]+/[^/]+/\d+(?:[./]|$), path) or re.fullmatch(/[A-Za-z0-9]{6,}/[A-Za-z0-9]{6,}/\d+(?:\.[A-Za-z0-9]+)?/?, path) and any(character.isdigit() for part in path.strip(/).split(/)[:2] for character in part)"
bb53d5a67ef65f3bd7a9,beIN Sports 7,BEIN SPORTS 7 HD,http://m1.webvps.de/[access-controlled],https://raw.githubusercontent.com/mchoumi/mchoumi.github.io/HEAD/IPTVsports.m3u,SKIPPED_ACCESS,ACCOUNT_PATH,UNKNOWN,,,{},NOT_REQUESTED,Credential-shaped IPTV line,Find a credential-free distribution or obtain provider documentation. No HTTP request made with copied account/access parameters; subscription/geo status unconfirmed.,[],"re.search(/(?:live|iptv)/[^/]+/[^/]+/\d+(?:[./]|$), path) or re.fullmatch(/[A-Za-z0-9]{6,}/[A-Za-z0-9]{6,}/\d+(?:\.[A-Za-z0-9]+)?/?, path) and any(character.isdigit() for part in path.strip(/).split(/)[:2] for character in part)"
08d8dbc1280e350a27c4,beIN Sports 7,BEIN SPORTS 7 FHD,http://m1.webvps.de/[access-controlled],https://raw.githubusercontent.com/mchoumi/mchoumi.github.io/HEAD/IPTVsports.m3u,SKIPPED_ACCESS,ACCOUNT_PATH,UNKNOWN,,,{},NOT_REQUESTED,Credential-shaped IPTV line,Find a credential-free distribution or obtain provider documentation. No HTTP request made with copied account/access parameters; subscription/geo status unconfirmed.,[],"re.search(/(?:live|iptv)/[^/]+/[^/]+/\d+(?:[./]|$), path) or re.fullmatch(/[A-Za-z0-9]{6,}/[A-Za-z0-9]{6,}/\d+(?:\.[A-Za-z0-9]+)?/?, path) and any(character.isdigit() for part in path.strip(/).split(/)[:2] for character in part)"
e648ae5181c2d8030d92,beIN Sports 7,BEIN SPORTS 7 FHD 4K,http://m1.webvps.de/[access-controlled],https://raw.githubusercontent.com/mchoumi/mchoumi.github.io/HEAD/IPTVsports.m3u,SKIPPED_ACCESS,ACCOUNT_PATH,UNKNOWN,,,{},NOT_REQUESTED,Credential-shaped IPTV line,Find a credential-free distribution or obtain provider documentation. No HTTP request made with copied account/access parameters; subscription/geo status unconfirmed.,[],"re.search(/(?:live|iptv)/[^/]+/[^/]+/\d+(?:[./]|$), path) or re.fullmatch(/[A-Za-z0-9]{6,}/[A-Za-z0-9]{6,}/\d+(?:\.[A-Za-z0-9]+)?/?, path) and any(character.isdigit() for part in path.strip(/).split(/)[:2] for character in part)"
00ab966eed54a8b19fe6,beIN Sports 7,[FR] beinsports7,http://master2.ipfox.online/[access-controlled],https://raw.githubusercontent.com/jifat1980/Channels-List/HEAD/Sport/kili-beINSPORTS-Fr.m3u,SKIPPED_ACCESS,ACCOUNT_PATH,UNKNOWN,,,{},NOT_REQUESTED,Credential-shaped IPTV line,Find a credential-free distribution or obtain provider documentation. No HTTP request made with copied account/access parameters; subscription/geo status unconfirmed.,[],"re.search(/(?:live|iptv)/[^/]+/[^/]+/\d+(?:[./]|$), path) or re.fullmatch(/[A-Za-z0-9]{6,}/[A-Za-z0-9]{6,}/\d+(?:\.[A-Za-z0-9]+)?/?, path) and any(character.isdigit() for part in path.strip(/).split(/)[:2] for character in part)"
b28587d030b5418579c8,beIN Sports 7,beIN Sports 7HD,http://s.showplustv.pro/[access-controlled],https://raw.githubusercontent.com/ktkooot1/Ustream/HEAD/Showplus%20Sport.m3u,SKIPPED_ACCESS,ACCOUNT_PATH,UNKNOWN,,,{},NOT_REQUESTED,Credential-shaped IPTV line,Find a credential-free distribution or obtain provider documentation. No HTTP request made with copied account/access parameters; subscription/geo status unconfirmed.,[],"re.search(/(?:live|iptv)/[^/]+/[^/]+/\d+(?:[./]|$), path) or re.fullmatch(/[A-Za-z0-9]{6,}/[A-Za-z0-9]{6,}/\d+(?:\.[A-Za-z0-9]+)?/?, path) and any(character.isdigit() for part in path.strip(/).split(/)[:2] for character in part)"
b9bea8d9d60c58d7c20d,beIN Sports 7,Bein Sports HD7 (H.265),http://s.showplustv.pro/[access-controlled],https://raw.githubusercontent.com/ktkooot1/Ustream/HEAD/Showplus%20Sport.m3u,SKIPPED_ACCESS,ACCOUNT_PATH,UNKNOWN,,,{},NOT_REQUESTED,Credential-shaped IPTV line,Find a credential-free distribution or obtain provider documentation. No HTTP request made with copied account/access parameters; subscription/geo status unconfirmed.,[],"re.search(/(?:live|iptv)/[^/]+/[^/]+/\d+(?:[./]|$), path) or re.fullmatch(/[A-Za-z0-9]{6,}/[A-Za-z0-9]{6,}/\d+(?:\.[A-Za-z0-9]+)?/?, path) and any(character.isdigit() for part in path.strip(/).split(/)[:2] for character in part)"
d094a6626dbfc6d85d35,beIN Sports 7,beIN Sports 7 4K (H265),http://s.showplustv.pro/[access-controlled],https://raw.githubusercontent.com/ktkooot1/Ustream/HEAD/Showplus%20Sport.m3u,SKIPPED_ACCESS,ACCOUNT_PATH,UNKNOWN,,,{},NOT_REQUESTED,Credential-shaped IPTV line,Find a credential-free distribution or obtain provider documentation. No HTTP request made with copied account/access parameters; subscription/geo status unconfirmed.,[],"re.search(/(?:live|iptv)/[^/]+/[^/]+/\d+(?:[./]|$), path) or re.fullmatch(/[A-Za-z0-9]{6,}/[A-Za-z0-9]{6,}/\d+(?:\.[A-Za-z0-9]+)?/?, path) and any(character.isdigit() for part in path.strip(/).split(/)[:2] for character in part)"
e20ac612da3fe77f4159,beIN Sports 7,beIN SPORTS 7 4K,http://sansatplus.net/[access-controlled],https://raw.githubusercontent.com/raid35/channel-links/HEAD/arab.m3u,SKIPPED_ACCESS,ACCOUNT_PATH,UNKNOWN,,,{},NOT_REQUESTED,Credential-shaped IPTV line,Find a credential-free distribution or obtain provider documentation. No HTTP request made with copied account/access parameters; subscription/geo status unconfirmed.,[],"re.search(/(?:live|iptv)/[^/]+/[^/]+/\d+(?:[./]|$), path) or re.fullmatch(/[A-Za-z0-9]{6,}/[A-Za-z0-9]{6,}/\d+(?:\.[A-Za-z0-9]+)?/?, path) and any(character.isdigit() for part in path.strip(/).split(/)[:2] for character in part)"
2bd35f0902c78391ab93,beIN Sports 7,BeIn Sports 7 HD,http://satyrnsat.dyndns.org/[access-controlled],https://gist.githubusercontent.com/ItsRandall/3119615c8b4732d7b56e5217d66edbab/raw,SKIPPED_ACCESS,ACCOUNT_PATH,UNKNOWN,,,{},NOT_REQUESTED,Credential-shaped IPTV line,Find a credential-free distribution or obtain provider documentation. No HTTP request made with copied account/access parameters; subscription/geo status unconfirmed.,[],"re.search(/(?:live|iptv)/[^/]+/[^/]+/\d+(?:[./]|$), path) or re.fullmatch(/[A-Za-z0-9]{6,}/[A-Za-z0-9]{6,}/\d+(?:\.[A-Za-z0-9]+)?/?, path) and any(character.isdigit() for part in path.strip(/).split(/)[:2] for character in part)"
8a241199e6c03b443ba3,beIN Sports 7,BEIN SPORTS 7 4K,http://sky-tv.org/[access-controlled],https://raw.githubusercontent.com/mchoumi/mchoumi.github.io/HEAD/IPTVara.m3u,SKIPPED_ACCESS,ACCOUNT_PATH,UNKNOWN,,,{},NOT_REQUESTED,Credential-shaped IPTV line,Find a credential-free distribution or obtain provider documentation. No HTTP request made with copied account/access parameters; subscription/geo status unconfirmed.,[],"re.search(/(?:live|iptv)/[^/]+/[^/]+/\d+(?:[./]|$), path) or re.fullmatch(/[A-Za-z0-9]{6,}/[A-Za-z0-9]{6,}/\d+(?:\.[A-Za-z0-9]+)?/?, path) and any(character.isdigit() for part in path.strip(/).split(/)[:2] for character in part)"
22e8e317cf45b5e2d832,beIN Sports 7,1080-Bein Sports 7,http://stream.mytvplus.net:7008/sport/ch7/ch7_1080.m3u8,https://gist.githubusercontent.com/mohannad-art/1f08bae8819eb6ced114bc5fd9920dac/raw,GEO_BLOCKED_OR_FORBIDDEN,,UNKNOWN,403,http://stream.mytvplus.net:7008/sport/ch7/ch7_1080.m3u8,"{""connection"": ""close"", ""content-length"": ""33"", ""content-type"": ""text/plain"", ""date"": ""Sat, 10 Oct 2026 16:24:01 GMT"", ""server"": ""envoy""}",text/plain,Stream returned HTTP 403,,[],
26167deded2a42481bbd,beIN Sports 7,720-Bein Sports 7,http://stream.mytvplus.net:7008/sport/ch7/ch7_720.m3u8,https://gist.githubusercontent.com/mohannad-art/1f08bae8819eb6ced114bc5fd9920dac/raw,GEO_BLOCKED_OR_FORBIDDEN,,UNKNOWN,403,http://stream.mytvplus.net:7008/sport/ch7/ch7_720.m3u8,"{""connection"": ""close"", ""content-length"": ""33"", ""content-type"": ""text/plain"", ""date"": ""Sat, 10 Oct 2026 16:24:01 GMT"", ""server"": ""envoy""}",text/plain,Stream returned HTTP 403,,[],
f2d64c4359782eed7ba8,beIN Sports 7,beIN SPORTS 7 HD,http://tv.startseven.tn/[access-controlled],https://raw.githubusercontent.com/raid35/channel-links/HEAD/ALWAN.m3u,SKIPPED_ACCESS,ACCOUNT_PATH,UNKNOWN,,,{},NOT_REQUESTED,Credential-shaped IPTV line,Find a credential-free distribution or obtain provider documentation. No HTTP request made with copied account/access parameters; subscription/geo status unconfirmed.,[],"re.search(/(?:live|iptv)/[^/]+/[^/]+/\d+(?:[./]|$), path) or re.fullmatch(/[A-Za-z0-9]{6,}/[A-Za-z0-9]{6,}/\d+(?:\.[A-Za-z0-9]+)?/?, path) and any(character.isdigit() for part in path.strip(/).split(/)[:2] for character in part)"
c51c76dcb4670cf90a8e,beIN Sports 7,beIN SPORTS 7 HD,http://u.goldeniptv.com/[access-controlled],https://raw.githubusercontent.com/raid35/channel-links/HEAD/arab.m3u,SKIPPED_ACCESS,ACCOUNT_PATH,UNKNOWN,,,{},NOT_REQUESTED,Credential-shaped IPTV line,Find a credential-free distribution or obtain provider documentation. No HTTP request made with copied account/access parameters; subscription/geo status unconfirmed.,[],"re.search(/(?:live|iptv)/[^/]+/[^/]+/\d+(?:[./]|$), path) or re.fullmatch(/[A-Za-z0-9]{6,}/[A-Za-z0-9]{6,}/\d+(?:\.[A-Za-z0-9]+)?/?, path) and any(character.isdigit() for part in path.strip(/).split(/)[:2] for character in part)"
2fe9e6d729cdada106e9,beIN Sports 7, beIN Sports 7,http://vpro.viptvclub.com/[access-controlled],https://raw.githubusercontent.com/yoyo82520/huaiptv/HEAD/HuaTV.m3u,SKIPPED_ACCESS,ACCOUNT_PATH,UNKNOWN,,,{},NOT_REQUESTED,Credential-shaped IPTV line,Find a credential-free distribution or obtain provider documentation. No HTTP request made with copied account/access parameters; subscription/geo status unconfirmed.,[],"re.search(/(?:live|iptv)/[^/]+/[^/]+/\d+(?:[./]|$), path) or re.fullmatch(/[A-Za-z0-9]{6,}/[A-Za-z0-9]{6,}/\d+(?:\.[A-Za-z0-9]+)?/?, path) and any(character.isdigit() for part in path.strip(/).split(/)[:2] for character in part)"
f7520f5360388cafdd64,beIN Sports 7, beIN Sports 7 ᴴᴰ,http://vpro.viptvclub.com/[access-controlled],https://raw.githubusercontent.com/yoyo82520/huaiptv/HEAD/HuaTV.m3u,SKIPPED_ACCESS,ACCOUNT_PATH,UNKNOWN,,,{},NOT_REQUESTED,Credential-shaped IPTV line,Find a credential-free distribution or obtain provider documentation. No HTTP request made with copied account/access parameters; subscription/geo status unconfirmed.,[],"re.search(/(?:live|iptv)/[^/]+/[^/]+/\d+(?:[./]|$), path) or re.fullmatch(/[A-Za-z0-9]{6,}/[A-Za-z0-9]{6,}/\d+(?:\.[A-Za-z0-9]+)?/?, path) and any(character.isdigit() for part in path.strip(/).split(/)[:2] for character in part)"
7beca783c0fffea08f5f,beIN Sports 7, beIN Sports 7 ᴴᴰ*,http://vpro.viptvclub.com/[access-controlled],https://raw.githubusercontent.com/yoyo82520/huaiptv/HEAD/HuaTV.m3u,SKIPPED_ACCESS,ACCOUNT_PATH,UNKNOWN,,,{},NOT_REQUESTED,Credential-shaped IPTV line,Find a credential-free distribution or obtain provider documentation. No HTTP request made with copied account/access parameters; subscription/geo status unconfirmed.,[],"re.search(/(?:live|iptv)/[^/]+/[^/]+/\d+(?:[./]|$), path) or re.fullmatch(/[A-Za-z0-9]{6,}/[A-Za-z0-9]{6,}/\d+(?:\.[A-Za-z0-9]+)?/?, path) and any(character.isdigit() for part in path.strip(/).split(/)[:2] for character in part)"
26e11a52b51d18068977,beIN Sports 7, beIN Sports 7¹⁰⁸⁰ᵖ 4K,http://vpro.viptvclub.com/[access-controlled],https://raw.githubusercontent.com/yoyo82520/huaiptv/HEAD/HuaTV.m3u,SKIPPED_ACCESS,ACCOUNT_PATH,UNKNOWN,,,{},NOT_REQUESTED,Credential-shaped IPTV line,Find a credential-free distribution or obtain provider documentation. No HTTP request made with copied account/access parameters; subscription/geo status unconfirmed.,[],"re.search(/(?:live|iptv)/[^/]+/[^/]+/\d+(?:[./]|$), path) or re.fullmatch(/[A-Za-z0-9]{6,}/[A-Za-z0-9]{6,}/\d+(?:\.[A-Za-z0-9]+)?/?, path) and any(character.isdigit() for part in path.strip(/).split(/)[:2] for character in part)"
23ff2ac88efb378ed964,beIN Sports 7,BEIN SPORTS 7 [AR],http://xown.site/[access-controlled],https://raw.githubusercontent.com/bugsfreeweb/LiveTVCollector/HEAD/LiveTV/Bangladesh/LiveTV.m3u,SKIPPED_ACCESS,ACCESS_QUERY_KEYS,UNKNOWN,,,{},NOT_REQUESTED,Credential/token/session-specific published URL; not reusable without access tokens,Find a credential-free distribution or obtain provider documentation. No HTTP request made with copied account/access parameters; subscription/geo status unconfirmed.,"['id', 'token']","query keys intersect {token,ticket,password,username,mac,play_token,wmsauthsign,hdnts,hdnea,auth}"
439159fd4863af1b203e,beIN Sports 7,beIN 7 4K,http://ziyadiptv.net/[access-controlled],https://raw.githubusercontent.com/BahyOsama/dinurunn/HEAD/oo.m3u,SKIPPED_ACCESS,ACCOUNT_PATH,UNKNOWN,,,{},NOT_REQUESTED,Credential-shaped IPTV line,Find a credential-free distribution or obtain provider documentation. No HTTP request made with copied account/access parameters; subscription/geo status unconfirmed.,[],"re.search(/(?:live|iptv)/[^/]+/[^/]+/\d+(?:[./]|$), path) or re.fullmatch(/[A-Za-z0-9]{6,}/[A-Za-z0-9]{6,}/\d+(?:\.[A-Za-z0-9]+)?/?, path) and any(character.isdigit() for part in path.strip(/).split(/)[:2] for character in part)"
b2d3d22444dac457e372,beIN Sports 7,beIN Sports 7 (DRM Protected),https://49-231-37-235-rewriter.ais-vidnt.com/ais/play/origin/live/eds/S0007/HLS/S0007.m3u8,https://raw.githubusercontent.com/winnie3101/WinnieIPTV/HEAD/WinnieIPTV_AISPlay.m3u,UNKNOWN,,UNKNOWN,,,{},unknown,Mixed or insufficient failure evidence: Stream connection error: Tunnel connection failed: 403 Forbidden; Stream connection error: Tunnel connection failed: 403 Forbidden,,[],
ba97a0d086d4fbf8747b,beIN Sports 7,BeinSport7,https://airmax.boats:443/airmaxtvMAX/airmaxtvXAM/313.ts,https://raw.githubusercontent.com/yousseffaouzi/playbein/HEAD/plbein.m3u,UNKNOWN,,UNKNOWN,,,{},unknown,Mixed or insufficient failure evidence: Stream connection error: Tunnel connection failed: 403 Forbidden; Stream connection error: Tunnel connection failed: 403 Forbidden,,[],
33524e9270e5d170730e,beIN Sports 7,BEIN SPORTS7,https://airmax.boats:443/airmaxtvMAX/airmaxtvXAM/315.ts,https://raw.githubusercontent.com/yousseffaouzi/playbein/HEAD/plbein.m3u,UNKNOWN,,UNKNOWN,,,{},unknown,Mixed or insufficient failure evidence: Stream connection error: Tunnel connection failed: 403 Forbidden; Stream connection error: Tunnel connection failed: 403 Forbidden,,[],
2688e34c3e87cf04e4e2,beIN Sports 7,beIN Sports 7,https://liveeu-gcp.alkassdigital.net/alkass7-p/main.m3u8,https://raw.githubusercontent.com/mi3umi/test-iptv-m3u/HEAD/combined.m3u,GEO_BLOCKED_OR_FORBIDDEN,,UNKNOWN,403,https://liveeu-gcp.alkassdigital.net/alkass7-p/main.m3u8,"{""access-control-allow-credentials"": ""true"", ""access-control-allow-headers"": ""origin,range,hdntl,hdnts,CMCD-Request,CMCD-Object,CMCD-Status,CMCD-Session"", ""access-control-allow-methods"": ""GET,POST,OPTIONS"", ""access-control-allow-origin"": ""https://shoof.alkass.net"", ""access-control-expose-headers"": ""Server,range,hdntl,hdnts,Akamai-Mon-Iucid-Ing,Akamai-Mon-Iucid-Del,Akamai-Request-BC"", ""access-control-max-age"": ""86400"", ""akamai-mon-iucid-del"": ""1901643"", ""alt-svc"": ""h3=\"":443\""; ma=93600,h3-29=\"":443\""; ma=93600"", ""cache-control"": ""max-age=0, no-cache, no-store"", ""connection"": ""close"", ""content-length"": ""417"", ""content-type"": ""text/html"", ""date"": ""Sat, 10 Oct 2026 16:24:16 GMT"", ""expires"": ""Sat, 10 Oct 2026 16:24:16 GMT"", ""mime-version"": ""1.0"", ""pragma"": ""no-cache"", ""server"": ""envoy"", ""x-envoy-upstream-service-time"": ""143""}",text/html,Stream returned HTTP 403,,[],
5bff81828c81a2a8e4d7,beIN Sports 7,BeIN Sports 7,rtmp://31.220.0.194/[access-controlled],https://raw.githubusercontent.com/hmemar/husham.com/HEAD/Lists/chimpsmithlist-znE9BaL9.txt,SKIPPED_ACCESS,NON_HTTP_URL,UNKNOWN,,,{},NOT_REQUESTED,Not an HTTP(S) stream,Find a credential-free distribution or obtain provider documentation. No HTTP request made with copied account/access parameters; subscription/geo status unconfirmed.,"['live', 'vh', 'vw']","scheme not in ('https', 'http') or hostname absent"
f71dfa9e711c6048e96b,beIN Sports 7,BEIN 7 (ARA),rtmp://www1.iguide.to/[access-controlled],https://gist.githubusercontent.com/ItsRandall/3119615c8b4732d7b56e5217d66edbab/raw,SKIPPED_ACCESS,NON_HTTP_URL,UNKNOWN,,,{},NOT_REQUESTED,Not an HTTP(S) stream,Find a credential-free distribution or obtain provider documentation. No HTTP request made with copied account/access parameters; subscription/geo status unconfirmed.,"['autoplay', 'channel', 'height', 'width']","scheme not in ('https', 'http') or hostname absent"
9793312b58f332141802,beIN Sports 7 (Arabic),beIN Sports 7 Arabic,https://ondemand.st/papi/tv/dlhd/97/playlist.m3u8,https://raw.githubusercontent.com/BuddyChewChew/My-Streams/HEAD/Backup/dami-tv.m3u,GEO_BLOCKED_OR_FORBIDDEN,,UNKNOWN,403,https://ondemand.st/papi/tv/dlhd/97/playlist.m3u8,"{""access-control-allow-origin"": ""*"", ""connection"": ""close"", ""content-length"": ""146"", ""content-type"": ""text/html"", ""date"": ""Sat, 10 Oct 2026 16:29:47 GMT"", ""server"": ""envoy"", ""x-envoy-upstream-service-time"": ""330""}",text/html,Stream returned HTTP 403,,[],
d3ceaba383834545f8c5,beIN Sports 8,Bein Sports 8,http://013tv.com:8080/vtprotonium/CuUWPf5b7jywB68SxZ5/107,https://gist.githubusercontent.com/R03nDL03n1/e3f461a6e39f8bdc3e9bf96df638fd44/raw,BROKEN,,UNKNOWN,404,http://195.178.110.38:8070/vtprotonium/CuUWPf5b7jywB68SxZ5/107,"{""connection"": ""close"", ""content-type"": ""text/html; charset=UTF-8"", ""date"": ""Sat, 10 Oct 2026 16:37:43 GMT"", ""server"": ""envoy"", ""transfer-encoding"": ""chunked"", ""x-envoy-upstream-service-time"": ""265"", ""x-powered-by"": ""PHP/8.3.35""}",text/html; charset=UTF-8,Stream returned HTTP 404,,[],
f01f1107a36ae7a5135e,beIN Sports 8,BEIN SPORTS 8 FHD,http://103.100.169.51/[access-controlled],https://raw.githubusercontent.com/mchoumi/mchoumi.github.io/HEAD/IPTVara.m3u,SKIPPED_ACCESS,ACCOUNT_PATH,UNKNOWN,,,{},NOT_REQUESTED,Credential-shaped IPTV line,Find a credential-free distribution or obtain provider documentation. No HTTP request made with copied account/access parameters; subscription/geo status unconfirmed.,[],"re.search(/(?:live|iptv)/[^/]+/[^/]+/\d+(?:[./]|$), path) or re.fullmatch(/[A-Za-z0-9]{6,}/[A-Za-z0-9]{6,}/\d+(?:\.[A-Za-z0-9]+)?/?, path) and any(character.isdigit() for part in path.strip(/).split(/)[:2] for character in part)"
94f196b4b6fc7d51a622,beIN Sports 8,Bein Sports 8,http://116.202.165.211/[access-controlled],https://raw.githubusercontent.com/raid35/channel-links/HEAD/ALWAN.m3u,SKIPPED_ACCESS,ACCOUNT_PATH,UNKNOWN,,,{},NOT_REQUESTED,Credential-shaped IPTV line,Find a credential-free distribution or obtain provider documentation. No HTTP request made with copied account/access parameters; subscription/geo status unconfirmed.,[],"re.search(/(?:live|iptv)/[^/]+/[^/]+/\d+(?:[./]|$), path) or re.fullmatch(/[A-Za-z0-9]{6,}/[A-Za-z0-9]{6,}/\d+(?:\.[A-Za-z0-9]+)?/?, path) and any(character.isdigit() for part in path.strip(/).split(/)[:2] for character in part)"
c87bc79871c5afb9670d,beIN Sports 8,beinsport8,http://135.125.109.73:9000/beinsport8_.m3u8,https://raw.githubusercontent.com/mazenghannam16/my-iptv-lists/HEAD/super.m3u,UNKNOWN,,TEMPORARY_FAILURE,503,http://135.125.109.73:9000/beinsport8_.m3u8,"{""connection"": ""close"", ""content-length"": ""95"", ""content-type"": ""text/plain"", ""date"": ""Sat, 10 Oct 2026 16:25:04 GMT"", ""server"": ""envoy""}",text/plain,Mixed or insufficient failure evidence: Stream returned HTTP 503; Stream returned HTTP 503,,[],
45671b67f0d6d76706d3,beIN Sports 8,BEIN SPORT 8,http://163.172.105.25:80/live?channelId=185&uid=2454&deviceMac=00:1A:79:3C:C9:29,https://raw.githubusercontent.com/SulukNew/SMART-IPTV/HEAD/IPTV%20SMART,BROKEN,,UNKNOWN,404,http://163.172.105.25:80/live?channelId=185&uid=2454&deviceMac=00:1A:79:3C:C9:29,"{""connection"": ""close"", ""content-length"": ""276"", ""content-type"": ""text/html; charset=iso-8859-1"", ""date"": ""Sat, 10 Oct 2026 16:24:12 GMT"", ""server"": ""envoy"", ""x-envoy-upstream-service-time"": ""137""}",text/html; charset=iso-8859-1,Stream returned HTTP 404,,"['channelId', 'deviceMac', 'uid']",
6a34e213b39080d34594,beIN Sports 8,BEIN SPORTS 8 HD,http://195.128.24.55/[access-controlled],https://raw.githubusercontent.com/mchoumi/mchoumi.github.io/HEAD/IPTVara.m3u,SKIPPED_ACCESS,ACCESS_QUERY_KEYS,UNKNOWN,,,{},NOT_REQUESTED,Credential/token/session-specific published URL; not reusable without access tokens,Find a credential-free distribution or obtain provider documentation. No HTTP request made with copied account/access parameters; subscription/geo status unconfirmed.,"['extension', 'mac', 'play_token', 'stream']","query keys intersect {token,ticket,password,username,mac,play_token,wmsauthsign,hdnts,hdnea,auth}"
217186744ac73b91966c,beIN Sports 8,beINSport 8,http://195.154.156.28:80/wXQcdtDuYt/zQFbKU48fL/20,https://raw.githubusercontent.com/ajonx/Ambyar-TV/HEAD/Sports.m3u,TIMEOUT,,TEMPORARY_FAILURE,,,{},unknown,Stream timeout: timed out,,[],
59acb4379ecd4ec6b437,beIN Sports 8,bein sport 8,http://5.39.70.216/buy-IPTV/sports@fontsbay.com/18.ch?12345678,https://raw.githubusercontent.com/hmemar/husham.com/HEAD/Lists/chimpsmithlist-znE9BaL9.txt,TIMEOUT,,TEMPORARY_FAILURE,,,{},unknown,Stream timeout: timed out,,[],
2f5220ada8089302eb1c,beIN Sports 8,AR: beIN Sports 8 HD,http://54.36.61.6/[access-controlled],https://raw.githubusercontent.com/vraomoturi/smartiptv-playlist/HEAD/sports.m3u,SKIPPED_ACCESS,ACCOUNT_PATH,UNKNOWN,,,{},NOT_REQUESTED,Credential-shaped IPTV line,Find a credential-free distribution or obtain provider documentation. No HTTP request made with copied account/access parameters; subscription/geo status unconfirmed.,[],"re.search(/(?:live|iptv)/[^/]+/[^/]+/\d+(?:[./]|$), path) or re.fullmatch(/[A-Za-z0-9]{6,}/[A-Za-z0-9]{6,}/\d+(?:\.[A-Za-z0-9]+)?/?, path) and any(character.isdigit() for part in path.strip(/).split(/)[:2] for character in part)"
b7a7fea3102738881132,beIN Sports 8,beIN SPORTS 8 SD,http://forevertv.me/[access-controlled],https://raw.githubusercontent.com/ktkooot1/Ustream/HEAD/Forever%20Sport.m3u,SKIPPED_ACCESS,ACCOUNT_PATH,UNKNOWN,,,{},NOT_REQUESTED,Credential-shaped IPTV line,Find a credential-free distribution or obtain provider documentation. No HTTP request made with copied account/access parameters; subscription/geo status unconfirmed.,[],"re.search(/(?:live|iptv)/[^/]+/[^/]+/\d+(?:[./]|$), path) or re.fullmatch(/[A-Za-z0-9]{6,}/[A-Za-z0-9]{6,}/\d+(?:\.[A-Za-z0-9]+)?/?, path) and any(character.isdigit() for part in path.strip(/).split(/)[:2] for character in part)"
d7ee1ba5bcb95e41ec40,beIN Sports 8,beIN SPORTS 8 4K,http://forevertv.me/[access-controlled],https://raw.githubusercontent.com/ktkooot1/Ustream/HEAD/Forever%20Sport.m3u,SKIPPED_ACCESS,ACCOUNT_PATH,UNKNOWN,,,{},NOT_REQUESTED,Credential-shaped IPTV line,Find a credential-free distribution or obtain provider documentation. No HTTP request made with copied account/access parameters; subscription/geo status unconfirmed.,[],"re.search(/(?:live|iptv)/[^/]+/[^/]+/\d+(?:[./]|$), path) or re.fullmatch(/[A-Za-z0-9]{6,}/[A-Za-z0-9]{6,}/\d+(?:\.[A-Za-z0-9]+)?/?, path) and any(character.isdigit() for part in path.strip(/).split(/)[:2] for character in part)"
9cc72651dde68700e277,beIN Sports 8,beIN SPORTS 8 FHD,http://forevertv.me/[access-controlled],https://raw.githubusercontent.com/ktkooot1/Ustream/HEAD/Forever%20Sport.m3u,SKIPPED_ACCESS,ACCOUNT_PATH,UNKNOWN,,,{},NOT_REQUESTED,Credential-shaped IPTV line,Find a credential-free distribution or obtain provider documentation. No HTTP request made with copied account/access parameters; subscription/geo status unconfirmed.,[],"re.search(/(?:live|iptv)/[^/]+/[^/]+/\d+(?:[./]|$), path) or re.fullmatch(/[A-Za-z0-9]{6,}/[A-Za-z0-9]{6,}/\d+(?:\.[A-Za-z0-9]+)?/?, path) and any(character.isdigit() for part in path.strip(/).split(/)[:2] for character in part)"
5d530a0411331d104387,beIN Sports 8,beIN SPORTS 8 HD,http://forevertv.me/[access-controlled],https://raw.githubusercontent.com/ktkooot1/Ustream/HEAD/Forever%20Sport.m3u,SKIPPED_ACCESS,ACCOUNT_PATH,UNKNOWN,,,{},NOT_REQUESTED,Credential-shaped IPTV line,Find a credential-free distribution or obtain provider documentation. No HTTP request made with copied account/access parameters; subscription/geo status unconfirmed.,[],"re.search(/(?:live|iptv)/[^/]+/[^/]+/\d+(?:[./]|$), path) or re.fullmatch(/[A-Za-z0-9]{6,}/[A-Za-z0-9]{6,}/\d+(?:\.[A-Za-z0-9]+)?/?, path) and any(character.isdigit() for part in path.strip(/).split(/)[:2] for character in part)"
f8f7cc846d9202ef6505,beIN Sports 8,Bein Sports 8,http://goldenplayerz.xyz/[access-controlled],https://raw.githubusercontent.com/siksa40/xPola-Player/HEAD/novaler-bein.m3u,SKIPPED_ACCESS,ACCOUNT_PATH,UNKNOWN,,,{},NOT_REQUESTED,Credential-shaped IPTV line,Find a credential-free distribution or obtain provider documentation. No HTTP request made with copied account/access parameters; subscription/geo status unconfirmed.,[],"re.search(/(?:live|iptv)/[^/]+/[^/]+/\d+(?:[./]|$), path) or re.fullmatch(/[A-Za-z0-9]{6,}/[A-Za-z0-9]{6,}/\d+(?:\.[A-Za-z0-9]+)?/?, path) and any(character.isdigit() for part in path.strip(/).split(/)[:2] for character in part)"
f181e503e98774de3f26,beIN Sports 8,BEIN SPORT 8,http://iptv.nonland.net:8080/KING_IPTV_xui/QtChUjfXPF/1320,https://raw.githubusercontent.com/yoyo82520/huaiptv/HEAD/MiTV.m3u,GEO_BLOCKED_OR_FORBIDDEN,,AUTH_REQUIRED,401,http://iptv.nonland.net:8080/KING_IPTV_xui/QtChUjfXPF/1320,"{""access-control-allow-origin"": ""*"", ""connection"": ""close"", ""content-type"": ""text/html; charset=UTF-8"", ""date"": ""Sat, 10 Oct 2026 16:29:48 GMT"", ""server"": ""envoy"", ""transfer-encoding"": ""chunked"", ""x-envoy-upstream-service-time"": ""665""}",text/html; charset=UTF-8,Stream returned HTTP 401,,[],
ee5654e352ad26ffe7d2,beIN Sports 8,BEIN Sport 8ᴴᴰ,http://iptv.nonland.net:8080/KING_IPTV_xui/QtChUjfXPF/20073,https://raw.githubusercontent.com/yoyo82520/huaiptv/HEAD/MiTV.m3u,GEO_BLOCKED_OR_FORBIDDEN,,AUTH_REQUIRED,401,http://iptv.nonland.net:8080/KING_IPTV_xui/QtChUjfXPF/20073,"{""access-control-allow-origin"": ""*"", ""connection"": ""close"", ""content-type"": ""text/html; charset=UTF-8"", ""date"": ""Sat, 10 Oct 2026 16:29:48 GMT"", ""server"": ""envoy"", ""transfer-encoding"": ""chunked"", ""x-envoy-upstream-service-time"": ""363""}",text/html; charset=UTF-8,Stream returned HTTP 401,,[],
2822c37781ce51dab062,beIN Sports 8,BEIN Sports 8,http://iptv.nonland.net:8080/KING_IPTV_xui/QtChUjfXPF/47512,https://raw.githubusercontent.com/yoyo82520/huaiptv/HEAD/MiTV.m3u,GEO_BLOCKED_OR_FORBIDDEN,,AUTH_REQUIRED,401,http://iptv.nonland.net:8080/KING_IPTV_xui/QtChUjfXPF/47512,"{""access-control-allow-origin"": ""*"", ""connection"": ""close"", ""content-type"": ""text/html; charset=UTF-8"", ""date"": ""Sat, 10 Oct 2026 16:29:49 GMT"", ""server"": ""envoy"", ""transfer-encoding"": ""chunked"", ""x-envoy-upstream-service-time"": ""597""}",text/html; charset=UTF-8,Stream returned HTTP 401,,[],
acc87b1edd732026ee62,beIN Sports 8,BEIN SPORTS 8,http://iptv.nonland.net:8080/KING_IPTV_xui/QtChUjfXPF/7347,https://raw.githubusercontent.com/yoyo82520/huaiptv/HEAD/MiTV.m3u,GEO_BLOCKED_OR_FORBIDDEN,,AUTH_REQUIRED,401,http://iptv.nonland.net:8080/KING_IPTV_xui/QtChUjfXPF/7347,"{""access-control-allow-origin"": ""*"", ""connection"": ""close"", ""content-type"": ""text/html; charset=UTF-8"", ""date"": ""Sat, 10 Oct 2026 16:29:50 GMT"", ""server"": ""envoy"", ""transfer-encoding"": ""chunked"", ""x-envoy-upstream-service-time"": ""643""}",text/html; charset=UTF-8,Stream returned HTTP 401,,[],
e17b342e5b2756f7d84f,beIN Sports 8,beIN SPORT 8 4K,http://ktv.im/[access-controlled],https://raw.githubusercontent.com/thermaxy/t/HEAD/e.m3u,SKIPPED_ACCESS,ACCOUNT_PATH,UNKNOWN,,,{},NOT_REQUESTED,Credential-shaped IPTV line,Find a credential-free distribution or obtain provider documentation. No HTTP request made with copied account/access parameters; subscription/geo status unconfirmed.,[],"re.search(/(?:live|iptv)/[^/]+/[^/]+/\d+(?:[./]|$), path) or re.fullmatch(/[A-Za-z0-9]{6,}/[A-Za-z0-9]{6,}/\d+(?:\.[A-Za-z0-9]+)?/?, path) and any(character.isdigit() for part in path.strip(/).split(/)[:2] for character in part)"
4ac42e9618fa4bf06fab,beIN Sports 8,┃AR┃ BEIN SPORTS 8,http://line.goattv-ott.xyz/[access-controlled],https://gist.githubusercontent.com/Xo-Richie-Baldeo-oX/ac1a002b5c442908f134dd4958579ec2/raw,SKIPPED_ACCESS,ACCESS_QUERY_KEYS,UNKNOWN,,,{},NOT_REQUESTED,Credential/token/session-specific published URL; not reusable without access tokens,Find a credential-free distribution or obtain provider documentation. No HTTP request made with copied account/access parameters; subscription/geo status unconfirmed.,"['extension', 'mac', 'play_token', 'stream']","query keys intersect {token,ticket,password,username,mac,play_token,wmsauthsign,hdnts,hdnea,auth}"
8eb21a77efe5f3853d94,beIN Sports 8,┃AR┃ BEIN SPORTS 8 UHD,http://line.goattv-ott.xyz/[access-controlled],https://gist.githubusercontent.com/Xo-Richie-Baldeo-oX/ac1a002b5c442908f134dd4958579ec2/raw,SKIPPED_ACCESS,ACCESS_QUERY_KEYS,UNKNOWN,,,{},NOT_REQUESTED,Credential/token/session-specific published URL; not reusable without access tokens,Find a credential-free distribution or obtain provider documentation. No HTTP request made with copied account/access parameters; subscription/geo status unconfirmed.,"['extension', 'mac', 'play_token', 'stream']","query keys intersect {token,ticket,password,username,mac,play_token,wmsauthsign,hdnts,hdnea,auth}"
2801b60eb136a4ab59d4,beIN Sports 8,bein sports 8,http://listatv.cf/prem.php?id=beinsports8&tk=january&f=.m3u8,https://raw.githubusercontent.com/TVCABLEAR/VIP/HEAD/PAIS/USA/2018-USA.m3u,GEO_BLOCKED_OR_FORBIDDEN,,UNKNOWN,403,http://listatv.cf/prem.php?id=beinsports8&tk=january&f=.m3u8,"{""connection"": ""close"", ""content-length"": ""33"", ""content-type"": ""text/plain"", ""date"": ""Sat, 10 Oct 2026 16:30:08 GMT"", ""server"": ""envoy""}",text/plain,Stream returned HTTP 403,,"['f', 'id', 'tk']",
3a0e5b8e91757dbeaf55,beIN Sports 8,Bein Sports 8,http://livetv.grabdeal.xyz/beinsport8,https://raw.githubusercontent.com/ajonx/Ambyar-TV/HEAD/Sports.m3u,BROKEN,,UNKNOWN,200,https://livetv.grabdeal.xyz/beinsport8,"{""alt-svc"": ""h3=\"":443\""; ma=86400"", ""cf-cache-status"": ""DYNAMIC"", ""cf-ray"": ""a486fae01958508f-ORD"", ""connection"": ""close"", ""content-type"": ""text/html; charset=UTF-8"", ""date"": ""Sat, 10 Oct 2026 16:25:15 GMT"", ""nel"": ""{\""report_to\"":\""cf-nel\"",\""success_fraction\"":0.0,\""max_age\"":604800}"", ""report-to"": ""{\""group\"":\""cf-nel\"",\""max_age\"":604800,\""endpoints\"":[{\""url\"":\""https://a.nel.cloudflare.com/report/v4?s=%2F1ThRoJQN48XR%2F0%2Bml7pJ5MQ8poSbjpnMz5K8vkSFdd7ZJrqsuY6TqpIWFXzwxlVtarsRn9AYkn92%2F2wmF8X4dgAABW5ih%2FfdpVyw92N6E9FVA999raOBPiBLqOSP5BAh1domVBU\""}]}"", ""server"": ""envoy"", ""transfer-encoding"": ""chunked"", ""vary"": ""accept-encoding"", ""x-envoy-upstream-service-time"": ""67"", ""x-powered-by"": ""Nginx""}",text/html; charset=UTF-8,Response was not a recognized playlist or media stream,,[],
d55cf6d9aed9478a4469,beIN Sports 8,BEIN SPORTS 8 SD,http://m1.webvps.de/[access-controlled],https://raw.githubusercontent.com/mchoumi/mchoumi.github.io/HEAD/IPTVsports.m3u,SKIPPED_ACCESS,ACCOUNT_PATH,UNKNOWN,,,{},NOT_REQUESTED,Credential-shaped IPTV line,Find a credential-free distribution or obtain provider documentation. No HTTP request made with copied account/access parameters; subscription/geo status unconfirmed.,[],"re.search(/(?:live|iptv)/[^/]+/[^/]+/\d+(?:[./]|$), path) or re.fullmatch(/[A-Za-z0-9]{6,}/[A-Za-z0-9]{6,}/\d+(?:\.[A-Za-z0-9]+)?/?, path) and any(character.isdigit() for part in path.strip(/).split(/)[:2] for character in part)"
4a9fdba580a04c84adbd,beIN Sports 8,BEIN SPORTS 8 HD,http://m1.webvps.de/[access-controlled],https://raw.githubusercontent.com/mchoumi/mchoumi.github.io/HEAD/IPTVsports.m3u,SKIPPED_ACCESS,ACCOUNT_PATH,UNKNOWN,,,{},NOT_REQUESTED,Credential-shaped IPTV line,Find a credential-free distribution or obtain provider documentation. No HTTP request made with copied account/access parameters; subscription/geo status unconfirmed.,[],"re.search(/(?:live|iptv)/[^/]+/[^/]+/\d+(?:[./]|$), path) or re.fullmatch(/[A-Za-z0-9]{6,}/[A-Za-z0-9]{6,}/\d+(?:\.[A-Za-z0-9]+)?/?, path) and any(character.isdigit() for part in path.strip(/).split(/)[:2] for character in part)"
7f73bb19e17d4d296a63,beIN Sports 8,BEIN SPORTS 8 FHD,http://m1.webvps.de/[access-controlled],https://raw.githubusercontent.com/mchoumi/mchoumi.github.io/HEAD/IPTVsports.m3u,SKIPPED_ACCESS,ACCOUNT_PATH,UNKNOWN,,,{},NOT_REQUESTED,Credential-shaped IPTV line,Find a credential-free distribution or obtain provider documentation. No HTTP request made with copied account/access parameters; subscription/geo status unconfirmed.,[],"re.search(/(?:live|iptv)/[^/]+/[^/]+/\d+(?:[./]|$), path) or re.fullmatch(/[A-Za-z0-9]{6,}/[A-Za-z0-9]{6,}/\d+(?:\.[A-Za-z0-9]+)?/?, path) and any(character.isdigit() for part in path.strip(/).split(/)[:2] for character in part)"
3a4a66e49dab25e76a56,beIN Sports 8,BEIN SPORTS 8 FHD 4K,http://m1.webvps.de/[access-controlled],https://raw.githubusercontent.com/mchoumi/mchoumi.github.io/HEAD/IPTVsports.m3u,SKIPPED_ACCESS,ACCOUNT_PATH,UNKNOWN,,,{},NOT_REQUESTED,Credential-shaped IPTV line,Find a credential-free distribution or obtain provider documentation. No HTTP request made with copied account/access parameters; subscription/geo status unconfirmed.,[],"re.search(/(?:live|iptv)/[^/]+/[^/]+/\d+(?:[./]|$), path) or re.fullmatch(/[A-Za-z0-9]{6,}/[A-Za-z0-9]{6,}/\d+(?:\.[A-Za-z0-9]+)?/?, path) and any(character.isdigit() for part in path.strip(/).split(/)[:2] for character in part)"
5a30c899315f3360e0ca,beIN Sports 8,[FR] beinsports8,http://master2.ipfox.online/[access-controlled],https://raw.githubusercontent.com/jifat1980/Channels-List/HEAD/Sport/kili-beINSPORTS-Fr.m3u,SKIPPED_ACCESS,ACCOUNT_PATH,UNKNOWN,,,{},NOT_REQUESTED,Credential-shaped IPTV line,Find a credential-free distribution or obtain provider documentation. No HTTP request made with copied account/access parameters; subscription/geo status unconfirmed.,[],"re.search(/(?:live|iptv)/[^/]+/[^/]+/\d+(?:[./]|$), path) or re.fullmatch(/[A-Za-z0-9]{6,}/[A-Za-z0-9]{6,}/\d+(?:\.[A-Za-z0-9]+)?/?, path) and any(character.isdigit() for part in path.strip(/).split(/)[:2] for character in part)"
e1af5d54c2b74da5153c,beIN Sports 8,beIN Sports 8HD,http://s.showplustv.pro/[access-controlled],https://raw.githubusercontent.com/ktkooot1/Ustream/HEAD/Showplus%20Sport.m3u,SKIPPED_ACCESS,ACCOUNT_PATH,UNKNOWN,,,{},NOT_REQUESTED,Credential-shaped IPTV line,Find a credential-free distribution or obtain provider documentation. No HTTP request made with copied account/access parameters; subscription/geo status unconfirmed.,[],"re.search(/(?:live|iptv)/[^/]+/[^/]+/\d+(?:[./]|$), path) or re.fullmatch(/[A-Za-z0-9]{6,}/[A-Za-z0-9]{6,}/\d+(?:\.[A-Za-z0-9]+)?/?, path) and any(character.isdigit() for part in path.strip(/).split(/)[:2] for character in part)"
70d44162566704d626d8,beIN Sports 8,Bein Sports HD8 (H.265),http://s.showplustv.pro/[access-controlled],https://raw.githubusercontent.com/ktkooot1/Ustream/HEAD/Showplus%20Sport.m3u,SKIPPED_ACCESS,ACCOUNT_PATH,UNKNOWN,,,{},NOT_REQUESTED,Credential-shaped IPTV line,Find a credential-free distribution or obtain provider documentation. No HTTP request made with copied account/access parameters; subscription/geo status unconfirmed.,[],"re.search(/(?:live|iptv)/[^/]+/[^/]+/\d+(?:[./]|$), path) or re.fullmatch(/[A-Za-z0-9]{6,}/[A-Za-z0-9]{6,}/\d+(?:\.[A-Za-z0-9]+)?/?, path) and any(character.isdigit() for part in path.strip(/).split(/)[:2] for character in part)"
4e1f9644ed6712f7ab04,beIN Sports 8,beIN Sports 8 4K (H265),http://s.showplustv.pro/[access-controlled],https://raw.githubusercontent.com/ktkooot1/Ustream/HEAD/Showplus%20Sport.m3u,SKIPPED_ACCESS,ACCOUNT_PATH,UNKNOWN,,,{},NOT_REQUESTED,Credential-shaped IPTV line,Find a credential-free distribution or obtain provider documentation. No HTTP request made with copied account/access parameters; subscription/geo status unconfirmed.,[],"re.search(/(?:live|iptv)/[^/]+/[^/]+/\d+(?:[./]|$), path) or re.fullmatch(/[A-Za-z0-9]{6,}/[A-Za-z0-9]{6,}/\d+(?:\.[A-Za-z0-9]+)?/?, path) and any(character.isdigit() for part in path.strip(/).split(/)[:2] for character in part)"
8716b6c1ab5cff5cc472,beIN Sports 8,beIN SPORTS 8 4K,http://sansatplus.net/[access-controlled],https://raw.githubusercontent.com/raid35/channel-links/HEAD/arab.m3u,SKIPPED_ACCESS,ACCOUNT_PATH,UNKNOWN,,,{},NOT_REQUESTED,Credential-shaped IPTV line,Find a credential-free distribution or obtain provider documentation. No HTTP request made with copied account/access parameters; subscription/geo status unconfirmed.,[],"re.search(/(?:live|iptv)/[^/]+/[^/]+/\d+(?:[./]|$), path) or re.fullmatch(/[A-Za-z0-9]{6,}/[A-Za-z0-9]{6,}/\d+(?:\.[A-Za-z0-9]+)?/?, path) and any(character.isdigit() for part in path.strip(/).split(/)[:2] for character in part)"
a8eda828af47e5e876b8,beIN Sports 8,BeIn Sports 8 HD,http://satyrnsat.dyndns.org/[access-controlled],https://gist.githubusercontent.com/ItsRandall/3119615c8b4732d7b56e5217d66edbab/raw,SKIPPED_ACCESS,ACCOUNT_PATH,UNKNOWN,,,{},NOT_REQUESTED,Credential-shaped IPTV line,Find a credential-free distribution or obtain provider documentation. No HTTP request made with copied account/access parameters; subscription/geo status unconfirmed.,[],"re.search(/(?:live|iptv)/[^/]+/[^/]+/\d+(?:[./]|$), path) or re.fullmatch(/[A-Za-z0-9]{6,}/[A-Za-z0-9]{6,}/\d+(?:\.[A-Za-z0-9]+)?/?, path) and any(character.isdigit() for part in path.strip(/).split(/)[:2] for character in part)"
54194cb8f3ca3345026e,beIN Sports 8,BEIN SPORTS 8 4K,http://sky-tv.org/[access-controlled],https://raw.githubusercontent.com/mchoumi/mchoumi.github.io/HEAD/IPTVara.m3u,SKIPPED_ACCESS,ACCOUNT_PATH,UNKNOWN,,,{},NOT_REQUESTED,Credential-shaped IPTV line,Find a credential-free distribution or obtain provider documentation. No HTTP request made with copied account/access parameters; subscription/geo status unconfirmed.,[],"re.search(/(?:live|iptv)/[^/]+/[^/]+/\d+(?:[./]|$), path) or re.fullmatch(/[A-Za-z0-9]{6,}/[A-Za-z0-9]{6,}/\d+(?:\.[A-Za-z0-9]+)?/?, path) and any(character.isdigit() for part in path.strip(/).split(/)[:2] for character in part)"
96b162609e6936da26a6,beIN Sports 8,1080-Bein Sports 8,http://stream.mytvplus.net:7009/sport/ch8/ch8_1080.m3u8,https://gist.githubusercontent.com/mohannad-art/1f08bae8819eb6ced114bc5fd9920dac/raw,GEO_BLOCKED_OR_FORBIDDEN,,UNKNOWN,403,http://stream.mytvplus.net:7009/sport/ch8/ch8_1080.m3u8,"{""connection"": ""close"", ""content-length"": ""33"", ""content-type"": ""text/plain"", ""date"": ""Sat, 10 Oct 2026 16:24:01 GMT"", ""server"": ""envoy""}",text/plain,Stream returned HTTP 403,,[],
d16550a4a2211233e64a,beIN Sports 8,720-Bein Sports 8,http://stream.mytvplus.net:7009/sport/ch8/ch8_720.m3u8,https://gist.githubusercontent.com/mohannad-art/1f08bae8819eb6ced114bc5fd9920dac/raw,GEO_BLOCKED_OR_FORBIDDEN,,UNKNOWN,403,http://stream.mytvplus.net:7009/sport/ch8/ch8_720.m3u8,"{""connection"": ""close"", ""content-length"": ""33"", ""content-type"": ""text/plain"", ""date"": ""Sat, 10 Oct 2026 16:24:01 GMT"", ""server"": ""envoy""}",text/plain,Stream returned HTTP 403,,[],
6ecd6030a8658a900b26,beIN Sports 8,beIN SPORTS 8 HD,http://tv.startseven.tn/[access-controlled],https://raw.githubusercontent.com/raid35/channel-links/HEAD/ALWAN.m3u,SKIPPED_ACCESS,ACCOUNT_PATH,UNKNOWN,,,{},NOT_REQUESTED,Credential-shaped IPTV line,Find a credential-free distribution or obtain provider documentation. No HTTP request made with copied account/access parameters; subscription/geo status unconfirmed.,[],"re.search(/(?:live|iptv)/[^/]+/[^/]+/\d+(?:[./]|$), path) or re.fullmatch(/[A-Za-z0-9]{6,}/[A-Za-z0-9]{6,}/\d+(?:\.[A-Za-z0-9]+)?/?, path) and any(character.isdigit() for part in path.strip(/).split(/)[:2] for character in part)"
cbe607b01841e6d53d42,beIN Sports 8,beIN SPORTS 8 HD,http://u.goldeniptv.com/[access-controlled],https://raw.githubusercontent.com/raid35/channel-links/HEAD/arab.m3u,SKIPPED_ACCESS,ACCOUNT_PATH,UNKNOWN,,,{},NOT_REQUESTED,Credential-shaped IPTV line,Find a credential-free distribution or obtain provider documentation. No HTTP request made with copied account/access parameters; subscription/geo status unconfirmed.,[],"re.search(/(?:live|iptv)/[^/]+/[^/]+/\d+(?:[./]|$), path) or re.fullmatch(/[A-Za-z0-9]{6,}/[A-Za-z0-9]{6,}/\d+(?:\.[A-Za-z0-9]+)?/?, path) and any(character.isdigit() for part in path.strip(/).split(/)[:2] for character in part)"
f5b0a4120932940816d9,beIN Sports 8,BEIN SPORTS 8 [AR],http://xown.site/[access-controlled],https://raw.githubusercontent.com/bugsfreeweb/LiveTVCollector/HEAD/LiveTV/Bangladesh/LiveTV.m3u,SKIPPED_ACCESS,ACCESS_QUERY_KEYS,UNKNOWN,,,{},NOT_REQUESTED,Credential/token/session-specific published URL; not reusable without access tokens,Find a credential-free distribution or obtain provider documentation. No HTTP request made with copied account/access parameters; subscription/geo status unconfirmed.,"['id', 'token']","query keys intersect {token,ticket,password,username,mac,play_token,wmsauthsign,hdnts,hdnea,auth}"
190ebe0b62e83c0512e0,beIN Sports 8,bein sport 8,http://xxx12.trainer.pw/mubasher8/trainer.m3u8,https://raw.githubusercontent.com/m3and88/iptv.m3u/HEAD/khalifa%20alshamsi.m3u,GEO_BLOCKED_OR_FORBIDDEN,,UNKNOWN,403,http://xxx12.trainer.pw/mubasher8/trainer.m3u8,"{""connection"": ""close"", ""content-length"": ""33"", ""content-type"": ""text/plain"", ""date"": ""Sat, 10 Oct 2026 16:25:17 GMT"", ""server"": ""envoy""}",text/plain,Stream returned HTTP 403,,[],
462d6d17fe7c200e1121,beIN Sports 8,BeinSport8,https://airmax.boats:443/airmaxtvMAX/airmaxtvXAM/314.ts,https://raw.githubusercontent.com/yousseffaouzi/playbein/HEAD/plbein.m3u,UNKNOWN,,UNKNOWN,,,{},unknown,Mixed or insufficient failure evidence: Stream connection error: Tunnel connection failed: 403 Forbidden; Stream connection error: Tunnel connection failed: 403 Forbidden,,[],
be16cd977b21bf985be7,beIN Sports 8,Bein Sports 8,rtmp://62.210.84.233/[access-controlled],https://raw.githubusercontent.com/hmemar/husham.com/HEAD/Lists/chimpsmithlist-znE9BaL9.txt,SKIPPED_ACCESS,NON_HTTP_URL,UNKNOWN,,,{},NOT_REQUESTED,Not an HTTP(S) stream,Find a credential-free distribution or obtain provider documentation. No HTTP request made with copied account/access parameters; subscription/geo status unconfirmed.,[],"scheme not in ('https', 'http') or hostname absent"
8e5eab05603563d87162,beIN Sports 8,BEIN 8 (ARA),rtmp://www1.iguide.to/[access-controlled],https://gist.githubusercontent.com/ItsRandall/3119615c8b4732d7b56e5217d66edbab/raw,SKIPPED_ACCESS,NON_HTTP_URL,UNKNOWN,,,{},NOT_REQUESTED,Not an HTTP(S) stream,Find a credential-free distribution or obtain provider documentation. No HTTP request made with copied account/access parameters; subscription/geo status unconfirmed.,"['autoplay', 'channel', 'height', 'width']","scheme not in ('https', 'http') or hostname absent"
da3044e830041ff1f9ae,beIN Sports 8 (Arabic),beIN Sports 8 Arabic,https://ondemand.st/papi/tv/dlhd/98/playlist.m3u8,https://raw.githubusercontent.com/BuddyChewChew/My-Streams/HEAD/Backup/dami-tv.m3u,GEO_BLOCKED_OR_FORBIDDEN,,UNKNOWN,403,https://ondemand.st/papi/tv/dlhd/98/playlist.m3u8,"{""access-control-allow-origin"": ""*"", ""connection"": ""close"", ""content-length"": ""146"", ""content-type"": ""text/html"", ""date"": ""Sat, 10 Oct 2026 16:29:47 GMT"", ""server"": ""envoy"", ""x-envoy-upstream-service-time"": ""335""}",text/html,Stream returned HTTP 403,,[],
2a91c1a9a540180c915c,beIN Sports 9,Bein Sports 9,http://013tv.com:8080/vtprotonium/CuUWPf5b7jywB68SxZ5/108,https://gist.githubusercontent.com/R03nDL03n1/e3f461a6e39f8bdc3e9bf96df638fd44/raw,BROKEN,,UNKNOWN,404,http://013tv.com:8080/vtprotonium/CuUWPf5b7jywB68SxZ5/108,"{""connection"": ""close"", ""content-type"": ""text/html; charset=utf-8"", ""date"": ""Sat, 10 Oct 2026 16:37:43 GMT"", ""server"": ""envoy"", ""transfer-encoding"": ""chunked"", ""x-envoy-upstream-service-time"": ""394""}",text/html; charset=utf-8,Stream returned HTTP 404,,[],
761cae0b40557c5ecade,beIN Sports 9,beinsport9,http://135.125.109.73:9000/beinsport9_.m3u8,https://raw.githubusercontent.com/mazenghannam16/my-iptv-lists/HEAD/super.m3u,UNKNOWN,,TEMPORARY_FAILURE,503,http://135.125.109.73:9000/beinsport9_.m3u8,"{""connection"": ""close"", ""content-length"": ""95"", ""content-type"": ""text/plain"", ""date"": ""Sat, 10 Oct 2026 16:25:07 GMT"", ""server"": ""envoy""}",text/plain,Mixed or insufficient failure evidence: Stream returned HTTP 503; Stream returned HTTP 503,,[],
9c9a816ac69247660bfa,beIN Sports 9,BEIN SPORT 9,http://163.172.105.25:80/live?channelId=186&uid=2454&deviceMac=00:1A:79:3C:C9:29,https://raw.githubusercontent.com/SulukNew/SMART-IPTV/HEAD/IPTV%20SMART,BROKEN,,UNKNOWN,404,http://163.172.105.25:80/live?channelId=186&uid=2454&deviceMac=00:1A:79:3C:C9:29,"{""connection"": ""close"", ""content-length"": ""276"", ""content-type"": ""text/html; charset=iso-8859-1"", ""date"": ""Sat, 10 Oct 2026 16:24:12 GMT"", ""server"": ""envoy"", ""x-envoy-upstream-service-time"": ""136""}",text/html; charset=iso-8859-1,Stream returned HTTP 404,,"['channelId', 'deviceMac', 'uid']",
e7151307387fe9d7c401,beIN Sports 9,beINSport 9,http://195.154.156.28:80/wXQcdtDuYt/zQFbKU48fL/15,https://raw.githubusercontent.com/ajonx/Ambyar-TV/HEAD/Sports.m3u,TIMEOUT,,TEMPORARY_FAILURE,,,{},unknown,Stream timeout: timed out,,[],
40f86643196dbab2d9e4,beIN Sports 9,bein sport 9,http://5.39.70.216/buy-IPTV/sports@fontsbay.com/19.ch?12345678,https://raw.githubusercontent.com/hmemar/husham.com/HEAD/Lists/chimpsmithlist-znE9BaL9.txt,TIMEOUT,,TEMPORARY_FAILURE,,,{},unknown,Stream timeout: timed out,,[],
d691e8bc8932df2faa41,beIN Sports 9,AR: beIN Sports 9 HD,http://54.36.61.6/[access-controlled],https://raw.githubusercontent.com/vraomoturi/smartiptv-playlist/HEAD/sports.m3u,SKIPPED_ACCESS,ACCOUNT_PATH,UNKNOWN,,,{},NOT_REQUESTED,Credential-shaped IPTV line,Find a credential-free distribution or obtain provider documentation. No HTTP request made with copied account/access parameters; subscription/geo status unconfirmed.,[],"re.search(/(?:live|iptv)/[^/]+/[^/]+/\d+(?:[./]|$), path) or re.fullmatch(/[A-Za-z0-9]{6,}/[A-Za-z0-9]{6,}/\d+(?:\.[A-Za-z0-9]+)?/?, path) and any(character.isdigit() for part in path.strip(/).split(/)[:2] for character in part)"
daffa8a3826ebe63e316,beIN Sports 9,beIN SPORTS 9 SD,http://forevertv.me/[access-controlled],https://raw.githubusercontent.com/ktkooot1/Ustream/HEAD/Forever%20Sport.m3u,SKIPPED_ACCESS,ACCOUNT_PATH,UNKNOWN,,,{},NOT_REQUESTED,Credential-shaped IPTV line,Find a credential-free distribution or obtain provider documentation. No HTTP request made with copied account/access parameters; subscription/geo status unconfirmed.,[],"re.search(/(?:live|iptv)/[^/]+/[^/]+/\d+(?:[./]|$), path) or re.fullmatch(/[A-Za-z0-9]{6,}/[A-Za-z0-9]{6,}/\d+(?:\.[A-Za-z0-9]+)?/?, path) and any(character.isdigit() for part in path.strip(/).split(/)[:2] for character in part)"
bfb2734c5a1035bcf5b0,beIN Sports 9,beIN SPORTS 9 4K,http://forevertv.me/[access-controlled],https://raw.githubusercontent.com/ktkooot1/Ustream/HEAD/Forever%20Sport.m3u,SKIPPED_ACCESS,ACCOUNT_PATH,UNKNOWN,,,{},NOT_REQUESTED,Credential-shaped IPTV line,Find a credential-free distribution or obtain provider documentation. No HTTP request made with copied account/access parameters; subscription/geo status unconfirmed.,[],"re.search(/(?:live|iptv)/[^/]+/[^/]+/\d+(?:[./]|$), path) or re.fullmatch(/[A-Za-z0-9]{6,}/[A-Za-z0-9]{6,}/\d+(?:\.[A-Za-z0-9]+)?/?, path) and any(character.isdigit() for part in path.strip(/).split(/)[:2] for character in part)"
7771b254d4296fc2c94e,beIN Sports 9,beIN SPORTS 9 FHD,http://forevertv.me/[access-controlled],https://raw.githubusercontent.com/ktkooot1/Ustream/HEAD/Forever%20Sport.m3u,SKIPPED_ACCESS,ACCOUNT_PATH,UNKNOWN,,,{},NOT_REQUESTED,Credential-shaped IPTV line,Find a credential-free distribution or obtain provider documentation. No HTTP request made with copied account/access parameters; subscription/geo status unconfirmed.,[],"re.search(/(?:live|iptv)/[^/]+/[^/]+/\d+(?:[./]|$), path) or re.fullmatch(/[A-Za-z0-9]{6,}/[A-Za-z0-9]{6,}/\d+(?:\.[A-Za-z0-9]+)?/?, path) and any(character.isdigit() for part in path.strip(/).split(/)[:2] for character in part)"
1482459ffc769354da8a,beIN Sports 9,beIN SPORTS 9 HD,http://forevertv.me/[access-controlled],https://raw.githubusercontent.com/ktkooot1/Ustream/HEAD/Forever%20Sport.m3u,SKIPPED_ACCESS,ACCOUNT_PATH,UNKNOWN,,,{},NOT_REQUESTED,Credential-shaped IPTV line,Find a credential-free distribution or obtain provider documentation. No HTTP request made with copied account/access parameters; subscription/geo status unconfirmed.,[],"re.search(/(?:live|iptv)/[^/]+/[^/]+/\d+(?:[./]|$), path) or re.fullmatch(/[A-Za-z0-9]{6,}/[A-Za-z0-9]{6,}/\d+(?:\.[A-Za-z0-9]+)?/?, path) and any(character.isdigit() for part in path.strip(/).split(/)[:2] for character in part)"
0f8adb1b0289c2c914a4,beIN Sports 9,BEIN SPORT 9,http://iptv.nonland.net:8080/KING_IPTV_xui/QtChUjfXPF/1321,https://raw.githubusercontent.com/yoyo82520/huaiptv/HEAD/MiTV.m3u,GEO_BLOCKED_OR_FORBIDDEN,,AUTH_REQUIRED,503,http://iptv.nonland.net:8080/KING_IPTV_xui/QtChUjfXPF/1321,"{""connection"": ""close"", ""content-length"": ""190"", ""content-type"": ""text/html"", ""date"": ""Sat, 10 Oct 2026 16:29:48 GMT"", ""server"": ""envoy"", ""x-envoy-upstream-service-time"": ""264""}",text/html,Stream returned HTTP 401,,[],
a5af5a4ee118a7925962,beIN Sports 9,BEIN Sport 9ᴴᴰ,http://iptv.nonland.net:8080/KING_IPTV_xui/QtChUjfXPF/20074,https://raw.githubusercontent.com/yoyo82520/huaiptv/HEAD/MiTV.m3u,GEO_BLOCKED_OR_FORBIDDEN,,AUTH_REQUIRED,401,http://iptv.nonland.net:8080/KING_IPTV_xui/QtChUjfXPF/20074,"{""access-control-allow-origin"": ""*"", ""connection"": ""close"", ""content-type"": ""text/html; charset=UTF-8"", ""date"": ""Sat, 10 Oct 2026 16:29:48 GMT"", ""server"": ""envoy"", ""transfer-encoding"": ""chunked"", ""x-envoy-upstream-service-time"": ""305""}",text/html; charset=UTF-8,Stream returned HTTP 401,,[],
dd745c6b57e1de8c812c,beIN Sports 9,BEIN SPORTS 9,http://iptv.nonland.net:8080/KING_IPTV_xui/QtChUjfXPF/7348,https://raw.githubusercontent.com/yoyo82520/huaiptv/HEAD/MiTV.m3u,GEO_BLOCKED_OR_FORBIDDEN,,AUTH_REQUIRED,401,http://iptv.nonland.net:8080/KING_IPTV_xui/QtChUjfXPF/7348,"{""access-control-allow-origin"": ""*"", ""connection"": ""close"", ""content-type"": ""text/html; charset=UTF-8"", ""date"": ""Sat, 10 Oct 2026 16:29:50 GMT"", ""server"": ""envoy"", ""transfer-encoding"": ""chunked"", ""x-envoy-upstream-service-time"": ""642""}",text/html; charset=UTF-8,Stream returned HTTP 401,,[],
32e31aefd8f3765ec4b4,beIN Sports 9,beIN SPORT 9 4K,http://ktv.im/[access-controlled],https://raw.githubusercontent.com/thermaxy/t/HEAD/e.m3u,SKIPPED_ACCESS,ACCOUNT_PATH,UNKNOWN,,,{},NOT_REQUESTED,Credential-shaped IPTV line,Find a credential-free distribution or obtain provider documentation. No HTTP request made with copied account/access parameters; subscription/geo status unconfirmed.,[],"re.search(/(?:live|iptv)/[^/]+/[^/]+/\d+(?:[./]|$), path) or re.fullmatch(/[A-Za-z0-9]{6,}/[A-Za-z0-9]{6,}/\d+(?:\.[A-Za-z0-9]+)?/?, path) and any(character.isdigit() for part in path.strip(/).split(/)[:2] for character in part)"
77ed7f7e77a3e53556ff,beIN Sports 9,┃AR┃ BEIN SPORTS 9,http://line.goattv-ott.xyz/[access-controlled],https://gist.githubusercontent.com/Xo-Richie-Baldeo-oX/ac1a002b5c442908f134dd4958579ec2/raw,SKIPPED_ACCESS,ACCESS_QUERY_KEYS,UNKNOWN,,,{},NOT_REQUESTED,Credential/token/session-specific published URL; not reusable without access tokens,Find a credential-free distribution or obtain provider documentation. No HTTP request made with copied account/access parameters; subscription/geo status unconfirmed.,"['extension', 'mac', 'play_token', 'stream']","query keys intersect {token,ticket,password,username,mac,play_token,wmsauthsign,hdnts,hdnea,auth}"
f524a4ca381395a0ff6a,beIN Sports 9,┃AR┃ BEIN SPORTS 9 UHD,http://line.goattv-ott.xyz/[access-controlled],https://gist.githubusercontent.com/Xo-Richie-Baldeo-oX/ac1a002b5c442908f134dd4958579ec2/raw,SKIPPED_ACCESS,ACCESS_QUERY_KEYS,UNKNOWN,,,{},NOT_REQUESTED,Credential/token/session-specific published URL; not reusable without access tokens,Find a credential-free distribution or obtain provider documentation. No HTTP request made with copied account/access parameters; subscription/geo status unconfirmed.,"['extension', 'mac', 'play_token', 'stream']","query keys intersect {token,ticket,password,username,mac,play_token,wmsauthsign,hdnts,hdnea,auth}"
89f0fd546845becf15f0,beIN Sports 9,bein sports 9,http://listatv.cf/prem.php?id=beinsports9&tk=january&f=.m3u8,https://raw.githubusercontent.com/TVCABLEAR/VIP/HEAD/PAIS/USA/2018-USA.m3u,GEO_BLOCKED_OR_FORBIDDEN,,UNKNOWN,403,http://listatv.cf/prem.php?id=beinsports9&tk=january&f=.m3u8,"{""connection"": ""close"", ""content-length"": ""33"", ""content-type"": ""text/plain"", ""date"": ""Sat, 10 Oct 2026 16:30:07 GMT"", ""server"": ""envoy""}",text/plain,Stream returned HTTP 403,,"['f', 'id', 'tk']",
b2bf32074cb019e00f56,beIN Sports 9,Bein Sports 9,http://livetv.grabdeal.xyz/beinsport9,https://raw.githubusercontent.com/ajonx/Ambyar-TV/HEAD/Sports.m3u,BROKEN,,UNKNOWN,200,https://livetv.grabdeal.xyz/beinsport9,"{""alt-svc"": ""h3=\"":443\""; ma=86400"", ""cf-cache-status"": ""DYNAMIC"", ""cf-ray"": ""a486fae8cf3a6881-ORD"", ""connection"": ""close"", ""content-type"": ""text/html; charset=UTF-8"", ""date"": ""Sat, 10 Oct 2026 16:25:16 GMT"", ""nel"": ""{\""report_to\"":\""cf-nel\"",\""success_fraction\"":0.0,\""max_age\"":604800}"", ""report-to"": ""{\""group\"":\""cf-nel\"",\""max_age\"":604800,\""endpoints\"":[{\""url\"":\""https://a.nel.cloudflare.com/report/v4?s=RVXJiY2MQm6yEpjI%2F4OOGIBU%2FEEMsbCXbkZXdHhg2EyhNbv%2BoQzgFYRIzvxmbGqErJZCLI65DF2aKt6FB6jCFqWkzTiDUbODdcPiq2%2FNeaGb7ErXsADJ%2BCK3VT8WROV2d1UrWJQx\""}]}"", ""server"": ""envoy"", ""transfer-encoding"": ""chunked"", ""vary"": ""accept-encoding"", ""x-envoy-upstream-service-time"": ""77"", ""x-powered-by"": ""Nginx""}",text/html; charset=UTF-8,Response was not a recognized playlist or media stream,,[],
f7b7aac8c279d25be99b,beIN Sports 9,[FR] beinsports9,http://master2.ipfox.online/[access-controlled],https://raw.githubusercontent.com/jifat1980/Channels-List/HEAD/Sport/kili-beINSPORTS-Fr.m3u,SKIPPED_ACCESS,ACCOUNT_PATH,UNKNOWN,,,{},NOT_REQUESTED,Credential-shaped IPTV line,Find a credential-free distribution or obtain provider documentation. No HTTP request made with copied account/access parameters; subscription/geo status unconfirmed.,[],"re.search(/(?:live|iptv)/[^/]+/[^/]+/\d+(?:[./]|$), path) or re.fullmatch(/[A-Za-z0-9]{6,}/[A-Za-z0-9]{6,}/\d+(?:\.[A-Za-z0-9]+)?/?, path) and any(character.isdigit() for part in path.strip(/).split(/)[:2] for character in part)"
5678e40c403bb1316883,beIN Sports 9,beIN Sports 9HD,http://s.showplustv.pro/[access-controlled],https://raw.githubusercontent.com/ktkooot1/Ustream/HEAD/Showplus%20Sport.m3u,SKIPPED_ACCESS,ACCOUNT_PATH,UNKNOWN,,,{},NOT_REQUESTED,Credential-shaped IPTV line,Find a credential-free distribution or obtain provider documentation. No HTTP request made with copied account/access parameters; subscription/geo status unconfirmed.,[],"re.search(/(?:live|iptv)/[^/]+/[^/]+/\d+(?:[./]|$), path) or re.fullmatch(/[A-Za-z0-9]{6,}/[A-Za-z0-9]{6,}/\d+(?:\.[A-Za-z0-9]+)?/?, path) and any(character.isdigit() for part in path.strip(/).split(/)[:2] for character in part)"
5588518f1e333c0a1f6f,beIN Sports 9,Bein Sports HD9 (H.265),http://s.showplustv.pro/[access-controlled],https://raw.githubusercontent.com/ktkooot1/Ustream/HEAD/Showplus%20Sport.m3u,SKIPPED_ACCESS,ACCOUNT_PATH,UNKNOWN,,,{},NOT_REQUESTED,Credential-shaped IPTV line,Find a credential-free distribution or obtain provider documentation. No HTTP request made with copied account/access parameters; subscription/geo status unconfirmed.,[],"re.search(/(?:live|iptv)/[^/]+/[^/]+/\d+(?:[./]|$), path) or re.fullmatch(/[A-Za-z0-9]{6,}/[A-Za-z0-9]{6,}/\d+(?:\.[A-Za-z0-9]+)?/?, path) and any(character.isdigit() for part in path.strip(/).split(/)[:2] for character in part)"
abe2d6bca216ba482054,beIN Sports 9,beIN Sports 9 4K (H265),http://s.showplustv.pro/[access-controlled],https://raw.githubusercontent.com/ktkooot1/Ustream/HEAD/Showplus%20Sport.m3u,SKIPPED_ACCESS,ACCOUNT_PATH,UNKNOWN,,,{},NOT_REQUESTED,Credential-shaped IPTV line,Find a credential-free distribution or obtain provider documentation. No HTTP request made with copied account/access parameters; subscription/geo status unconfirmed.,[],"re.search(/(?:live|iptv)/[^/]+/[^/]+/\d+(?:[./]|$), path) or re.fullmatch(/[A-Za-z0-9]{6,}/[A-Za-z0-9]{6,}/\d+(?:\.[A-Za-z0-9]+)?/?, path) and any(character.isdigit() for part in path.strip(/).split(/)[:2] for character in part)"
2af3de8e12ec1c4e61e8,beIN Sports 9,beIN SPORTS 9 4K,http://sansatplus.net/[access-controlled],https://raw.githubusercontent.com/raid35/channel-links/HEAD/arab.m3u,SKIPPED_ACCESS,ACCOUNT_PATH,UNKNOWN,,,{},NOT_REQUESTED,Credential-shaped IPTV line,Find a credential-free distribution or obtain provider documentation. No HTTP request made with copied account/access parameters; subscription/geo status unconfirmed.,[],"re.search(/(?:live|iptv)/[^/]+/[^/]+/\d+(?:[./]|$), path) or re.fullmatch(/[A-Za-z0-9]{6,}/[A-Za-z0-9]{6,}/\d+(?:\.[A-Za-z0-9]+)?/?, path) and any(character.isdigit() for part in path.strip(/).split(/)[:2] for character in part)"
d30e2f7beaf0c560a3ce,beIN Sports 9,beIN SPORTS 9 HD,http://sansatplus.net/[access-controlled],https://raw.githubusercontent.com/raid35/channel-links/HEAD/arab.m3u,SKIPPED_ACCESS,ACCOUNT_PATH,UNKNOWN,,,{},NOT_REQUESTED,Credential-shaped IPTV line,Find a credential-free distribution or obtain provider documentation. No HTTP request made with copied account/access parameters; subscription/geo status unconfirmed.,[],"re.search(/(?:live|iptv)/[^/]+/[^/]+/\d+(?:[./]|$), path) or re.fullmatch(/[A-Za-z0-9]{6,}/[A-Za-z0-9]{6,}/\d+(?:\.[A-Za-z0-9]+)?/?, path) and any(character.isdigit() for part in path.strip(/).split(/)[:2] for character in part)"
5945fc50e47cc68d0ea6,beIN Sports 9,BeIn Sports 9 HD,http://satyrnsat.dyndns.org/[access-controlled],https://gist.githubusercontent.com/ItsRandall/3119615c8b4732d7b56e5217d66edbab/raw,SKIPPED_ACCESS,ACCOUNT_PATH,UNKNOWN,,,{},NOT_REQUESTED,Credential-shaped IPTV line,Find a credential-free distribution or obtain provider documentation. No HTTP request made with copied account/access parameters; subscription/geo status unconfirmed.,[],"re.search(/(?:live|iptv)/[^/]+/[^/]+/\d+(?:[./]|$), path) or re.fullmatch(/[A-Za-z0-9]{6,}/[A-Za-z0-9]{6,}/\d+(?:\.[A-Za-z0-9]+)?/?, path) and any(character.isdigit() for part in path.strip(/).split(/)[:2] for character in part)"
6d4759b6c1224682c5cb,beIN Sports 9,1080-Bein Sports 9,http://stream.mytvplus.net:7010/sport/ch9/ch9_1080.m3u8,https://gist.githubusercontent.com/mohannad-art/1f08bae8819eb6ced114bc5fd9920dac/raw,GEO_BLOCKED_OR_FORBIDDEN,,UNKNOWN,403,http://stream.mytvplus.net:7010/sport/ch9/ch9_1080.m3u8,"{""connection"": ""close"", ""content-length"": ""33"", ""content-type"": ""text/plain"", ""date"": ""Sat, 10 Oct 2026 16:24:01 GMT"", ""server"": ""envoy""}",text/plain,Stream returned HTTP 403,,[],
d74a83df207a3c29f226,beIN Sports 9,720-Bein Sports 9,http://stream.mytvplus.net:7010/sport/ch9/ch9_720.m3u8,https://gist.githubusercontent.com/mohannad-art/1f08bae8819eb6ced114bc5fd9920dac/raw,GEO_BLOCKED_OR_FORBIDDEN,,UNKNOWN,403,http://stream.mytvplus.net:7010/sport/ch9/ch9_720.m3u8,"{""connection"": ""close"", ""content-length"": ""33"", ""content-type"": ""text/plain"", ""date"": ""Sat, 10 Oct 2026 16:24:01 GMT"", ""server"": ""envoy""}",text/plain,Stream returned HTTP 403,,[],
425e699b609f338f831a,beIN Sports 9,beIN SPORTS 9 HD,http://tv.startseven.tn/[access-controlled],https://raw.githubusercontent.com/raid35/channel-links/HEAD/ALWAN.m3u,SKIPPED_ACCESS,ACCOUNT_PATH,UNKNOWN,,,{},NOT_REQUESTED,Credential-shaped IPTV line,Find a credential-free distribution or obtain provider documentation. No HTTP request made with copied account/access parameters; subscription/geo status unconfirmed.,[],"re.search(/(?:live|iptv)/[^/]+/[^/]+/\d+(?:[./]|$), path) or re.fullmatch(/[A-Za-z0-9]{6,}/[A-Za-z0-9]{6,}/\d+(?:\.[A-Za-z0-9]+)?/?, path) and any(character.isdigit() for part in path.strip(/).split(/)[:2] for character in part)"
07fa61b085d9517fe592,beIN Sports 9,BEIN SPORTS 9 [AR],http://xown.site/[access-controlled],https://raw.githubusercontent.com/bugsfreeweb/LiveTVCollector/HEAD/LiveTV/Bangladesh/LiveTV.m3u,SKIPPED_ACCESS,ACCESS_QUERY_KEYS,UNKNOWN,,,{},NOT_REQUESTED,Credential/token/session-specific published URL; not reusable without access tokens,Find a credential-free distribution or obtain provider documentation. No HTTP request made with copied account/access parameters; subscription/geo status unconfirmed.,"['id', 'token']","query keys intersect {token,ticket,password,username,mac,play_token,wmsauthsign,hdnts,hdnea,auth}"
630078ff029b31cdb7ca,beIN Sports 9,bein sport 9,http://xxx12.trainer.pw/mubasher9/trainer.m3u8,https://raw.githubusercontent.com/m3and88/iptv.m3u/HEAD/khalifa%20alshamsi.m3u,GEO_BLOCKED_OR_FORBIDDEN,,UNKNOWN,403,http://xxx12.trainer.pw/mubasher9/trainer.m3u8,"{""connection"": ""close"", ""content-length"": ""33"", ""content-type"": ""text/plain"", ""date"": ""Sat, 10 Oct 2026 16:25:17 GMT"", ""server"": ""envoy""}",text/plain,Stream returned HTTP 403,,[],
5fbb25d77fd407de91d0,beIN Sports 9,BeIN Sports 9,rtmp://31.220.0.194/[access-controlled],https://raw.githubusercontent.com/hmemar/husham.com/HEAD/Lists/chimpsmithlist-znE9BaL9.txt,SKIPPED_ACCESS,NON_HTTP_URL,UNKNOWN,,,{},NOT_REQUESTED,Not an HTTP(S) stream,Find a credential-free distribution or obtain provider documentation. No HTTP request made with copied account/access parameters; subscription/geo status unconfirmed.,"['live', 'vh', 'vw']","scheme not in ('https', 'http') or hostname absent"
f18276a1456720068d7f,beIN Sports 9 (Arabic),beIN Sports 9 Arabic,https://ondemand.st/papi/tv/dlhd/99/playlist.m3u8,https://raw.githubusercontent.com/BuddyChewChew/My-Streams/HEAD/Backup/dami-tv.m3u,GEO_BLOCKED_OR_FORBIDDEN,,UNKNOWN,403,https://ondemand.st/papi/tv/dlhd/99/playlist.m3u8,"{""access-control-allow-origin"": ""*"", ""connection"": ""close"", ""content-length"": ""146"", ""content-type"": ""text/html"", ""date"": ""Sat, 10 Oct 2026 16:29:47 GMT"", ""server"": ""envoy"", ""x-envoy-upstream-service-time"": ""214""}",text/html,Stream returned HTTP 403,,[],
5f3beb88431314261497,beIN Sports Premium 1,beIN Premium 1,http://212.224.98.207:2200/EX/bein8hd-ar/index.m3u8?token=,https://gist.githubusercontent.com/motib09/b97539fc67f9a89d5f090359a2d29a9e/raw,TIMEOUT,,TEMPORARY_FAILURE,,,{},unknown,Stream timeout: timed out,,[],
8cedd9cb74dbc3b8719a,beIN Sports Premium 1,Bein Sports 1 Premium,http://belfast.dyndns.tv:5808/BEINHD8/tracks-v1a1/mono.m3u8,https://raw.githubusercontent.com/idhanmario/iptv/HEAD/README.md,GEO_BLOCKED_OR_FORBIDDEN,,UNKNOWN,403,http://belfast.dyndns.tv:5808/BEINHD8/tracks-v1a1/mono.m3u8,"{""connection"": ""close"", ""content-length"": ""33"", ""content-type"": ""text/plain"", ""date"": ""Sat, 10 Oct 2026 16:24:00 GMT"", ""server"": ""envoy""}",text/plain,Stream returned HTTP 403,,[],
78e4befe30d5adb9d39c,beIN Sports Premium 1,bein sports Premium 1 HD,http://goiptv.co:8080/live:56eed56608b644dbF/ZCjlyc8M9S/1833,https://raw.githubusercontent.com/sasuki2/IPTV/HEAD/NEdaLJB.m3u,GEO_BLOCKED_OR_FORBIDDEN,,AUTH_REQUIRED,401,http://goiptv.co:8080/live:56eed56608b644dbF/ZCjlyc8M9S/1833,"{""access-control-allow-origin"": ""*"", ""cf-cache-status"": ""DYNAMIC"", ""cf-ray"": ""a486fa820c36b07e-ORD"", ""connection"": ""close"", ""content-type"": ""text/html; charset=UTF-8"", ""date"": ""Sat, 10 Oct 2026 16:25:00 GMT"", ""nel"": ""{\""report_to\"":\""cf-nel\"",\""success_fraction\"":0.0,\""max_age\"":604800}"", ""report-to"": ""{\""group\"":\""cf-nel\"",\""max_age\"":604800,\""endpoints\"":[{\""url\"":\""https://a.nel.cloudflare.com/report/v4?s=pIwA%2BxpXSQY2JwbIg5ty%2B%2BBShU%2FMOoeVSMyZ8yTK7TCNM3%2FtNML73ieha%2FPZ%2BIZw%2B9%2FD1rm%2Bkh8BHXFNRUAf49QqbkGl4cyBgaoGEzDyVupgr3WcMIvUUw%2Bp5hs%3D\""}]}"", ""server"": ""envoy"", ""transfer-encoding"": ""chunked"", ""x-envoy-upstream-service-time"": ""162""}",text/html; charset=UTF-8,Stream returned HTTP 401,,[],
bfe2ce1dcfcb5bc9958f,beIN Sports Premium 1,beIN Premium 1,http://red.ipfox.org:8080/1234/12345678/31498,https://raw.githubusercontent.com/yoyo82520/huaiptv/HEAD/HuaTV.m3u,GEO_BLOCKED_OR_FORBIDDEN,,UNKNOWN,403,http://red.ipfox.org:8080/1234/12345678/31498,"{""connection"": ""close"", ""content-length"": ""33"", ""content-type"": ""text/plain"", ""date"": ""Sat, 10 Oct 2026 16:29:52 GMT"", ""server"": ""envoy""}",text/plain,Stream returned HTTP 403,,[],
11602d728e2aff4279ac,beIN Sports Premium 1, beIN Sports PREMIUM 1,http://vpro.viptvclub.com/[access-controlled],https://raw.githubusercontent.com/yoyo82520/huaiptv/HEAD/HuaTV.m3u,SKIPPED_ACCESS,ACCOUNT_PATH,UNKNOWN,,,{},NOT_REQUESTED,Credential-shaped IPTV line,Find a credential-free distribution or obtain provider documentation. No HTTP request made with copied account/access parameters; subscription/geo status unconfirmed.,[],"re.search(/(?:live|iptv)/[^/]+/[^/]+/\d+(?:[./]|$), path) or re.fullmatch(/[A-Za-z0-9]{6,}/[A-Za-z0-9]{6,}/\d+(?:\.[A-Za-z0-9]+)?/?, path) and any(character.isdigit() for part in path.strip(/).split(/)[:2] for character in part)"
eea47563895171b6d9e3,beIN Sports Premium 1, beIN Sports PREMIUM 1 ᴴᴰ,http://vpro.viptvclub.com/[access-controlled],https://raw.githubusercontent.com/yoyo82520/huaiptv/HEAD/HuaTV.m3u,SKIPPED_ACCESS,ACCOUNT_PATH,UNKNOWN,,,{},NOT_REQUESTED,Credential-shaped IPTV line,Find a credential-free distribution or obtain provider documentation. No HTTP request made with copied account/access parameters; subscription/geo status unconfirmed.,[],"re.search(/(?:live|iptv)/[^/]+/[^/]+/\d+(?:[./]|$), path) or re.fullmatch(/[A-Za-z0-9]{6,}/[A-Za-z0-9]{6,}/\d+(?:\.[A-Za-z0-9]+)?/?, path) and any(character.isdigit() for part in path.strip(/).split(/)[:2] for character in part)"
b885ba98232934875399,beIN Sports Premium 1, beIN Sports PREMIUM 1 ᴴᴰ*,http://vpro.viptvclub.com/[access-controlled],https://raw.githubusercontent.com/yoyo82520/huaiptv/HEAD/HuaTV.m3u,SKIPPED_ACCESS,ACCOUNT_PATH,UNKNOWN,,,{},NOT_REQUESTED,Credential-shaped IPTV line,Find a credential-free distribution or obtain provider documentation. No HTTP request made with copied account/access parameters; subscription/geo status unconfirmed.,[],"re.search(/(?:live|iptv)/[^/]+/[^/]+/\d+(?:[./]|$), path) or re.fullmatch(/[A-Za-z0-9]{6,}/[A-Za-z0-9]{6,}/\d+(?:\.[A-Za-z0-9]+)?/?, path) and any(character.isdigit() for part in path.strip(/).split(/)[:2] for character in part)"
87d90ff5984fd1ce72ff,beIN Sports Premium 1, beIN Sports PREMIUM 1¹⁰⁸⁰ᵖ 4K,http://vpro.viptvclub.com/[access-controlled],https://raw.githubusercontent.com/yoyo82520/huaiptv/HEAD/HuaTV.m3u,SKIPPED_ACCESS,ACCOUNT_PATH,UNKNOWN,,,{},NOT_REQUESTED,Credential-shaped IPTV line,Find a credential-free distribution or obtain provider documentation. No HTTP request made with copied account/access parameters; subscription/geo status unconfirmed.,[],"re.search(/(?:live|iptv)/[^/]+/[^/]+/\d+(?:[./]|$), path) or re.fullmatch(/[A-Za-z0-9]{6,}/[A-Za-z0-9]{6,}/\d+(?:\.[A-Za-z0-9]+)?/?, path) and any(character.isdigit() for part in path.strip(/).split(/)[:2] for character in part)"
fb89db57581411a4b1b7,beIN Sports Premium 1,beIN Premium 1,http://ziyadiptv.net/[access-controlled],https://raw.githubusercontent.com/BahyOsama/dinurunn/HEAD/oo.m3u,SKIPPED_ACCESS,ACCOUNT_PATH,UNKNOWN,,,{},NOT_REQUESTED,Credential-shaped IPTV line,Find a credential-free distribution or obtain provider documentation. No HTTP request made with copied account/access parameters; subscription/geo status unconfirmed.,[],"re.search(/(?:live|iptv)/[^/]+/[^/]+/\d+(?:[./]|$), path) or re.fullmatch(/[A-Za-z0-9]{6,}/[A-Za-z0-9]{6,}/\d+(?:\.[A-Za-z0-9]+)?/?, path) and any(character.isdigit() for part in path.strip(/).split(/)[:2] for character in part)"
f377d72bdbf52f71c2d7,beIN Sports Premium 1,beIN Premium 1,http://ziyadiptv.net/[access-controlled],https://raw.githubusercontent.com/BahyOsama/dinurunn/HEAD/oo.m3u,SKIPPED_ACCESS,ACCOUNT_PATH,UNKNOWN,,,{},NOT_REQUESTED,Credential-shaped IPTV line,Find a credential-free distribution or obtain provider documentation. No HTTP request made with copied account/access parameters; subscription/geo status unconfirmed.,[],"re.search(/(?:live|iptv)/[^/]+/[^/]+/\d+(?:[./]|$), path) or re.fullmatch(/[A-Za-z0-9]{6,}/[A-Za-z0-9]{6,}/\d+(?:\.[A-Za-z0-9]+)?/?, path) and any(character.isdigit() for part in path.strip(/).split(/)[:2] for character in part)"
f5acb759cd2aef2283ba,beIN Sports Premium 1,beIN Premium 1,http://ziyadiptv.net/[access-controlled],https://raw.githubusercontent.com/BahyOsama/dinurunn/HEAD/oo.m3u,SKIPPED_ACCESS,ACCOUNT_PATH,UNKNOWN,,,{},NOT_REQUESTED,Credential-shaped IPTV line,Find a credential-free distribution or obtain provider documentation. No HTTP request made with copied account/access parameters; subscription/geo status unconfirmed.,[],"re.search(/(?:live|iptv)/[^/]+/[^/]+/\d+(?:[./]|$), path) or re.fullmatch(/[A-Za-z0-9]{6,}/[A-Za-z0-9]{6,}/\d+(?:\.[A-Za-z0-9]+)?/?, path) and any(character.isdigit() for part in path.strip(/).split(/)[:2] for character in part)"
55537243bce01b52c78e,beIN Sports Premium 1,beIN Premium 1,http://ziyadiptv.net/[access-controlled],https://raw.githubusercontent.com/BahyOsama/dinurunn/HEAD/oo.m3u,SKIPPED_ACCESS,ACCOUNT_PATH,UNKNOWN,,,{},NOT_REQUESTED,Credential-shaped IPTV line,Find a credential-free distribution or obtain provider documentation. No HTTP request made with copied account/access parameters; subscription/geo status unconfirmed.,[],"re.search(/(?:live|iptv)/[^/]+/[^/]+/\d+(?:[./]|$), path) or re.fullmatch(/[A-Za-z0-9]{6,}/[A-Za-z0-9]{6,}/\d+(?:\.[A-Za-z0-9]+)?/?, path) and any(character.isdigit() for part in path.strip(/).split(/)[:2] for character in part)"
9efe636b63d4876641fc,beIN Sports Premium 2,beIN Premium 2,http://212.224.98.207:2200/EX/bein9hd-ar/index.m3u8?token=,https://gist.githubusercontent.com/motib09/b97539fc67f9a89d5f090359a2d29a9e/raw,TIMEOUT,,TEMPORARY_FAILURE,,,{},unknown,Stream timeout: timed out,,[],
5d8cadaa8716ab85623b,beIN Sports Premium 2,Bein Sports 2 Premium,http://belfast.dyndns.tv:5808/BEINHD9/tracks-v1a1/mono.m3u8,https://raw.githubusercontent.com/idhanmario/iptv/HEAD/README.md,GEO_BLOCKED_OR_FORBIDDEN,,UNKNOWN,403,http://belfast.dyndns.tv:5808/BEINHD9/tracks-v1a1/mono.m3u8,"{""connection"": ""close"", ""content-length"": ""33"", ""content-type"": ""text/plain"", ""date"": ""Sat, 10 Oct 2026 16:24:00 GMT"", ""server"": ""envoy""}",text/plain,Stream returned HTTP 403,,[],
3db45d5112a46b4473f9,beIN Sports Premium 2,bein sports Premium 2 HD,http://goiptv.co:8080/live:56eed56608b644dbF/ZCjlyc8M9S/1834,https://raw.githubusercontent.com/sasuki2/IPTV/HEAD/NEdaLJB.m3u,GEO_BLOCKED_OR_FORBIDDEN,,AUTH_REQUIRED,401,http://goiptv.co:8080/live:56eed56608b644dbF/ZCjlyc8M9S/1834,"{""access-control-allow-origin"": ""*"", ""cf-cache-status"": ""DYNAMIC"", ""cf-ray"": ""a486fa81fbecfc36-ORD"", ""connection"": ""close"", ""content-type"": ""text/html; charset=UTF-8"", ""date"": ""Sat, 10 Oct 2026 16:25:00 GMT"", ""nel"": ""{\""report_to\"":\""cf-nel\"",\""success_fraction\"":0.0,\""max_age\"":604800}"", ""report-to"": ""{\""group\"":\""cf-nel\"",\""max_age\"":604800,\""endpoints\"":[{\""url\"":\""https://a.nel.cloudflare.com/report/v4?s=oWlNfQ4G5b39RPIZ%2Bc7tf%2FS8U%2Fssus0JEF73qtQ1p4JedRPA%2BGgBu4X312vv2eBl4UBBYIicnPcY2%2BofSHwCozkrlIW7S5BFN3SkqEQ8f%2BYhTuPXs11Q5aWHmlM%3D\""}]}"", ""server"": ""envoy"", ""transfer-encoding"": ""chunked"", ""x-envoy-upstream-service-time"": ""164""}",text/html; charset=UTF-8,Stream returned HTTP 401,,[],
f113597fe95ae32fcc3c,beIN Sports Premium 2,beIN Premium 2,http://red.ipfox.org:8080/1234/12345678/31497,https://raw.githubusercontent.com/yoyo82520/huaiptv/HEAD/HuaTV.m3u,GEO_BLOCKED_OR_FORBIDDEN,,UNKNOWN,403,http://red.ipfox.org:8080/1234/12345678/31497,"{""connection"": ""close"", ""content-length"": ""33"", ""content-type"": ""text/plain"", ""date"": ""Sat, 10 Oct 2026 16:29:52 GMT"", ""server"": ""envoy""}",text/plain,Stream returned HTTP 403,,[],
ea3b4592d6026888612a,beIN Sports Premium 2, beIN Sports PREMIUM 2,http://vpro.viptvclub.com/[access-controlled],https://raw.githubusercontent.com/yoyo82520/huaiptv/HEAD/HuaTV.m3u,SKIPPED_ACCESS,ACCOUNT_PATH,UNKNOWN,,,{},NOT_REQUESTED,Credential-shaped IPTV line,Find a credential-free distribution or obtain provider documentation. No HTTP request made with copied account/access parameters; subscription/geo status unconfirmed.,[],"re.search(/(?:live|iptv)/[^/]+/[^/]+/\d+(?:[./]|$), path) or re.fullmatch(/[A-Za-z0-9]{6,}/[A-Za-z0-9]{6,}/\d+(?:\.[A-Za-z0-9]+)?/?, path) and any(character.isdigit() for part in path.strip(/).split(/)[:2] for character in part)"
33372ac3f0db8c830eaa,beIN Sports Premium 2, beIN Sports PREMIUM 2 ᴴᴰ,http://vpro.viptvclub.com/[access-controlled],https://raw.githubusercontent.com/yoyo82520/huaiptv/HEAD/HuaTV.m3u,SKIPPED_ACCESS,ACCOUNT_PATH,UNKNOWN,,,{},NOT_REQUESTED,Credential-shaped IPTV line,Find a credential-free distribution or obtain provider documentation. No HTTP request made with copied account/access parameters; subscription/geo status unconfirmed.,[],"re.search(/(?:live|iptv)/[^/]+/[^/]+/\d+(?:[./]|$), path) or re.fullmatch(/[A-Za-z0-9]{6,}/[A-Za-z0-9]{6,}/\d+(?:\.[A-Za-z0-9]+)?/?, path) and any(character.isdigit() for part in path.strip(/).split(/)[:2] for character in part)"
61283d57ef69b52ae4db,beIN Sports Premium 2, beIN Sports PREMIUM 2 ᴴᴰ*,http://vpro.viptvclub.com/[access-controlled],https://raw.githubusercontent.com/yoyo82520/huaiptv/HEAD/HuaTV.m3u,SKIPPED_ACCESS,ACCOUNT_PATH,UNKNOWN,,,{},NOT_REQUESTED,Credential-shaped IPTV line,Find a credential-free distribution or obtain provider documentation. No HTTP request made with copied account/access parameters; subscription/geo status unconfirmed.,[],"re.search(/(?:live|iptv)/[^/]+/[^/]+/\d+(?:[./]|$), path) or re.fullmatch(/[A-Za-z0-9]{6,}/[A-Za-z0-9]{6,}/\d+(?:\.[A-Za-z0-9]+)?/?, path) and any(character.isdigit() for part in path.strip(/).split(/)[:2] for character in part)"
f1c74a3b1c57fe5fafa3,beIN Sports Premium 2, beIN Sports PREMIUM 2¹⁰⁸⁰ᵖ 4K,http://vpro.viptvclub.com/[access-controlled],https://raw.githubusercontent.com/yoyo82520/huaiptv/HEAD/HuaTV.m3u,SKIPPED_ACCESS,ACCOUNT_PATH,UNKNOWN,,,{},NOT_REQUESTED,Credential-shaped IPTV line,Find a credential-free distribution or obtain provider documentation. No HTTP request made with copied account/access parameters; subscription/geo status unconfirmed.,[],"re.search(/(?:live|iptv)/[^/]+/[^/]+/\d+(?:[./]|$), path) or re.fullmatch(/[A-Za-z0-9]{6,}/[A-Za-z0-9]{6,}/\d+(?:\.[A-Za-z0-9]+)?/?, path) and any(character.isdigit() for part in path.strip(/).split(/)[:2] for character in part)"
5a352b6217bfb1155c14,beIN Sports Premium 2,beIN Premium 2,http://ziyadiptv.net/[access-controlled],https://raw.githubusercontent.com/BahyOsama/dinurunn/HEAD/oo.m3u,SKIPPED_ACCESS,ACCOUNT_PATH,UNKNOWN,,,{},NOT_REQUESTED,Credential-shaped IPTV line,Find a credential-free distribution or obtain provider documentation. No HTTP request made with copied account/access parameters; subscription/geo status unconfirmed.,[],"re.search(/(?:live|iptv)/[^/]+/[^/]+/\d+(?:[./]|$), path) or re.fullmatch(/[A-Za-z0-9]{6,}/[A-Za-z0-9]{6,}/\d+(?:\.[A-Za-z0-9]+)?/?, path) and any(character.isdigit() for part in path.strip(/).split(/)[:2] for character in part)"
6460d7acbae7c47bd965,beIN Sports Premium 2,beIN Premium 2,http://ziyadiptv.net/[access-controlled],https://raw.githubusercontent.com/BahyOsama/dinurunn/HEAD/oo.m3u,SKIPPED_ACCESS,ACCOUNT_PATH,UNKNOWN,,,{},NOT_REQUESTED,Credential-shaped IPTV line,Find a credential-free distribution or obtain provider documentation. No HTTP request made with copied account/access parameters; subscription/geo status unconfirmed.,[],"re.search(/(?:live|iptv)/[^/]+/[^/]+/\d+(?:[./]|$), path) or re.fullmatch(/[A-Za-z0-9]{6,}/[A-Za-z0-9]{6,}/\d+(?:\.[A-Za-z0-9]+)?/?, path) and any(character.isdigit() for part in path.strip(/).split(/)[:2] for character in part)"
6274560f841df71cbadb,beIN Sports Premium 2,beIN Premium 2,http://ziyadiptv.net/[access-controlled],https://raw.githubusercontent.com/BahyOsama/dinurunn/HEAD/oo.m3u,SKIPPED_ACCESS,ACCOUNT_PATH,UNKNOWN,,,{},NOT_REQUESTED,Credential-shaped IPTV line,Find a credential-free distribution or obtain provider documentation. No HTTP request made with copied account/access parameters; subscription/geo status unconfirmed.,[],"re.search(/(?:live|iptv)/[^/]+/[^/]+/\d+(?:[./]|$), path) or re.fullmatch(/[A-Za-z0-9]{6,}/[A-Za-z0-9]{6,}/\d+(?:\.[A-Za-z0-9]+)?/?, path) and any(character.isdigit() for part in path.strip(/).split(/)[:2] for character in part)"
3344467fcaaa4ffb74f2,beIN Sports Premium 2,beIN Premium 2,http://ziyadiptv.net/[access-controlled],https://raw.githubusercontent.com/BahyOsama/dinurunn/HEAD/oo.m3u,SKIPPED_ACCESS,ACCOUNT_PATH,UNKNOWN,,,{},NOT_REQUESTED,Credential-shaped IPTV line,Find a credential-free distribution or obtain provider documentation. No HTTP request made with copied account/access parameters; subscription/geo status unconfirmed.,[],"re.search(/(?:live|iptv)/[^/]+/[^/]+/\d+(?:[./]|$), path) or re.fullmatch(/[A-Za-z0-9]{6,}/[A-Za-z0-9]{6,}/\d+(?:\.[A-Za-z0-9]+)?/?, path) and any(character.isdigit() for part in path.strip(/).split(/)[:2] for character in part)"
8fbac79b85b4cc06423d,beIN Sports Premium 3,beIN Premium 3,http://212.224.98.207:2200/EX/bein10hd-ar/index.m3u8?token=,https://gist.githubusercontent.com/motib09/b97539fc67f9a89d5f090359a2d29a9e/raw,TIMEOUT,,TEMPORARY_FAILURE,,,{},unknown,Stream timeout: timed out,,[],
8ccb27c8d475ce5161fa,beIN Sports Premium 3,Bein Sports 3 Premium,http://belfast.dyndns.tv:5808/BEINHD10/tracks-v1a1/mono.m3u8,https://raw.githubusercontent.com/idhanmario/iptv/HEAD/README.md,GEO_BLOCKED_OR_FORBIDDEN,,UNKNOWN,403,http://belfast.dyndns.tv:5808/BEINHD10/tracks-v1a1/mono.m3u8,"{""connection"": ""close"", ""content-length"": ""33"", ""content-type"": ""text/plain"", ""date"": ""Sat, 10 Oct 2026 16:24:00 GMT"", ""server"": ""envoy""}",text/plain,Stream returned HTTP 403,,[],
b1de51b66fe1dd4c9ca4,beIN Sports Premium 3,bein sports Premium3 HD,http://goiptv.co:8080/live:56eed56608b644dbF/ZCjlyc8M9S/1859,https://raw.githubusercontent.com/sasuki2/IPTV/HEAD/NEdaLJB.m3u,GEO_BLOCKED_OR_FORBIDDEN,,AUTH_REQUIRED,401,http://goiptv.co:8080/live:56eed56608b644dbF/ZCjlyc8M9S/1859,"{""access-control-allow-origin"": ""*"", ""cf-cache-status"": ""DYNAMIC"", ""cf-ray"": ""a486fa820b9ef32d-ORD"", ""connection"": ""close"", ""content-type"": ""text/html; charset=UTF-8"", ""date"": ""Sat, 10 Oct 2026 16:25:00 GMT"", ""nel"": ""{\""report_to\"":\""cf-nel\"",\""success_fraction\"":0.0,\""max_age\"":604800}"", ""report-to"": ""{\""group\"":\""cf-nel\"",\""max_age\"":604800,\""endpoints\"":[{\""url\"":\""https://a.nel.cloudflare.com/report/v4?s=qOeyjRPtsGne%2Fny73mJY5augGf8JJcLKKH%2FGeJyhGyo5PKqv9LVarFCChTIAVBPpb8ARTSA%2Fo0fiM0iXAgyzbnWCDJJldkqWOsUC1cLrbyyvwB6HzcwzYeP5OWE%3D\""}]}"", ""server"": ""envoy"", ""transfer-encoding"": ""chunked"", ""x-envoy-upstream-service-time"": ""174""}",text/html; charset=UTF-8,Stream returned HTTP 401,,[],
0048f3ee58d6fe5c8fc4,beIN Sports Premium 3,beIN SPORTS 3 PREMIUM FHD,http://goiptv.co:8080/live:56eed56608b644dbF/ZCjlyc8M9S/5050,https://raw.githubusercontent.com/sasuki2/IPTV/HEAD/NEdaLJB.m3u,GEO_BLOCKED_OR_FORBIDDEN,,AUTH_REQUIRED,401,http://goiptv.co:8080/live:56eed56608b644dbF/ZCjlyc8M9S/5050,"{""access-control-allow-origin"": ""*"", ""cf-cache-status"": ""DYNAMIC"", ""cf-ray"": ""a486fa81ffa9ff5a-ORD"", ""connection"": ""close"", ""content-type"": ""text/html; charset=UTF-8"", ""date"": ""Sat, 10 Oct 2026 16:25:00 GMT"", ""nel"": ""{\""report_to\"":\""cf-nel\"",\""success_fraction\"":0.0,\""max_age\"":604800}"", ""report-to"": ""{\""group\"":\""cf-nel\"",\""max_age\"":604800,\""endpoints\"":[{\""url\"":\""https://a.nel.cloudflare.com/report/v4?s=fd6cRCLuaoF7oBbtfTF0nLSrmrSOBzpCL9eJm7P39MBZtbLFQiFVFAcEh2KasDtGOMOdiOIymIFrwNLUbzfb1U7Tk5WFwQf8xDbptwpYR5Dx4d9%2B0d3pia6e8K8%3D\""}]}"", ""server"": ""envoy"", ""transfer-encoding"": ""chunked"", ""x-envoy-upstream-service-time"": ""178""}",text/html; charset=UTF-8,Stream returned HTTP 401,,[],
d56f1d4442e4455ed677,beIN Sports Premium 3,beIN Premium 3,http://red.ipfox.org:8080/1234/12345678/31496,https://raw.githubusercontent.com/yoyo82520/huaiptv/HEAD/HuaTV.m3u,GEO_BLOCKED_OR_FORBIDDEN,,UNKNOWN,403,http://red.ipfox.org:8080/1234/12345678/31496,"{""connection"": ""close"", ""content-length"": ""33"", ""content-type"": ""text/plain"", ""date"": ""Sat, 10 Oct 2026 16:29:52 GMT"", ""server"": ""envoy""}",text/plain,Stream returned HTTP 403,,[],
abe3525501f29ad7b14b,beIN Sports Premium 3, beIN Sports PREMIUM 3,http://vpro.viptvclub.com/[access-controlled],https://raw.githubusercontent.com/yoyo82520/huaiptv/HEAD/HuaTV.m3u,SKIPPED_ACCESS,ACCOUNT_PATH,UNKNOWN,,,{},NOT_REQUESTED,Credential-shaped IPTV line,Find a credential-free distribution or obtain provider documentation. No HTTP request made with copied account/access parameters; subscription/geo status unconfirmed.,[],"re.search(/(?:live|iptv)/[^/]+/[^/]+/\d+(?:[./]|$), path) or re.fullmatch(/[A-Za-z0-9]{6,}/[A-Za-z0-9]{6,}/\d+(?:\.[A-Za-z0-9]+)?/?, path) and any(character.isdigit() for part in path.strip(/).split(/)[:2] for character in part)"
94d17074a84c81cdcf30,beIN Sports Premium 3, beIN Sports PREMIUM 3 ᴴᴰ,http://vpro.viptvclub.com/[access-controlled],https://raw.githubusercontent.com/yoyo82520/huaiptv/HEAD/HuaTV.m3u,SKIPPED_ACCESS,ACCOUNT_PATH,UNKNOWN,,,{},NOT_REQUESTED,Credential-shaped IPTV line,Find a credential-free distribution or obtain provider documentation. No HTTP request made with copied account/access parameters; subscription/geo status unconfirmed.,[],"re.search(/(?:live|iptv)/[^/]+/[^/]+/\d+(?:[./]|$), path) or re.fullmatch(/[A-Za-z0-9]{6,}/[A-Za-z0-9]{6,}/\d+(?:\.[A-Za-z0-9]+)?/?, path) and any(character.isdigit() for part in path.strip(/).split(/)[:2] for character in part)"
13c2dca7092bfa6928fe,beIN Sports Premium 3, beIN Sports PREMIUM 3 ᴴᴰ*,http://vpro.viptvclub.com/[access-controlled],https://raw.githubusercontent.com/yoyo82520/huaiptv/HEAD/HuaTV.m3u,SKIPPED_ACCESS,ACCOUNT_PATH,UNKNOWN,,,{},NOT_REQUESTED,Credential-shaped IPTV line,Find a credential-free distribution or obtain provider documentation. No HTTP request made with copied account/access parameters; subscription/geo status unconfirmed.,[],"re.search(/(?:live|iptv)/[^/]+/[^/]+/\d+(?:[./]|$), path) or re.fullmatch(/[A-Za-z0-9]{6,}/[A-Za-z0-9]{6,}/\d+(?:\.[A-Za-z0-9]+)?/?, path) and any(character.isdigit() for part in path.strip(/).split(/)[:2] for character in part)"
1b60e0fc3d7c8e7d1328,beIN Sports Premium 3, beIN Sports PREMIUM 3¹⁰⁸⁰ᵖ 4K,http://vpro.viptvclub.com/[access-controlled],https://raw.githubusercontent.com/yoyo82520/huaiptv/HEAD/HuaTV.m3u,SKIPPED_ACCESS,ACCOUNT_PATH,UNKNOWN,,,{},NOT_REQUESTED,Credential-shaped IPTV line,Find a credential-free distribution or obtain provider documentation. No HTTP request made with copied account/access parameters; subscription/geo status unconfirmed.,[],"re.search(/(?:live|iptv)/[^/]+/[^/]+/\d+(?:[./]|$), path) or re.fullmatch(/[A-Za-z0-9]{6,}/[A-Za-z0-9]{6,}/\d+(?:\.[A-Za-z0-9]+)?/?, path) and any(character.isdigit() for part in path.strip(/).split(/)[:2] for character in part)"
7d9343586f6ded26747a,beIN Sports Premium 3,beIN Premium 3,http://ziyadiptv.net/[access-controlled],https://raw.githubusercontent.com/BahyOsama/dinurunn/HEAD/oo.m3u,SKIPPED_ACCESS,ACCOUNT_PATH,UNKNOWN,,,{},NOT_REQUESTED,Credential-shaped IPTV line,Find a credential-free distribution or obtain provider documentation. No HTTP request made with copied account/access parameters; subscription/geo status unconfirmed.,[],"re.search(/(?:live|iptv)/[^/]+/[^/]+/\d+(?:[./]|$), path) or re.fullmatch(/[A-Za-z0-9]{6,}/[A-Za-z0-9]{6,}/\d+(?:\.[A-Za-z0-9]+)?/?, path) and any(character.isdigit() for part in path.strip(/).split(/)[:2] for character in part)"
b9a40c10219279fc44ad,beIN Sports Premium 3,beIN Premium 3,http://ziyadiptv.net/[access-controlled],https://raw.githubusercontent.com/BahyOsama/dinurunn/HEAD/oo.m3u,SKIPPED_ACCESS,ACCOUNT_PATH,UNKNOWN,,,{},NOT_REQUESTED,Credential-shaped IPTV line,Find a credential-free distribution or obtain provider documentation. No HTTP request made with copied account/access parameters; subscription/geo status unconfirmed.,[],"re.search(/(?:live|iptv)/[^/]+/[^/]+/\d+(?:[./]|$), path) or re.fullmatch(/[A-Za-z0-9]{6,}/[A-Za-z0-9]{6,}/\d+(?:\.[A-Za-z0-9]+)?/?, path) and any(character.isdigit() for part in path.strip(/).split(/)[:2] for character in part)"
b5c54d9bf7b75a5e7692,beIN Sports Premium 3,beIN Premium 3,http://ziyadiptv.net/[access-controlled],https://raw.githubusercontent.com/BahyOsama/dinurunn/HEAD/oo.m3u,SKIPPED_ACCESS,ACCOUNT_PATH,UNKNOWN,,,{},NOT_REQUESTED,Credential-shaped IPTV line,Find a credential-free distribution or obtain provider documentation. No HTTP request made with copied account/access parameters; subscription/geo status unconfirmed.,[],"re.search(/(?:live|iptv)/[^/]+/[^/]+/\d+(?:[./]|$), path) or re.fullmatch(/[A-Za-z0-9]{6,}/[A-Za-z0-9]{6,}/\d+(?:\.[A-Za-z0-9]+)?/?, path) and any(character.isdigit() for part in path.strip(/).split(/)[:2] for character in part)"
532b17fd09b70b752a80,beIN Sports Premium 3,beIN Premium 3,http://ziyadiptv.net/[access-controlled],https://raw.githubusercontent.com/BahyOsama/dinurunn/HEAD/oo.m3u,SKIPPED_ACCESS,ACCOUNT_PATH,UNKNOWN,,,{},NOT_REQUESTED,Credential-shaped IPTV line,Find a credential-free distribution or obtain provider documentation. No HTTP request made with copied account/access parameters; subscription/geo status unconfirmed.,[],"re.search(/(?:live|iptv)/[^/]+/[^/]+/\d+(?:[./]|$), path) or re.fullmatch(/[A-Za-z0-9]{6,}/[A-Za-z0-9]{6,}/\d+(?:\.[A-Za-z0-9]+)?/?, path) and any(character.isdigit() for part in path.strip(/).split(/)[:2] for character in part)"
