name,category,provider,languages,newly_added,resolution,lower_resolution_alternative_existed,preferred_576_or_720_alternative_existed,alternative_resolutions,source_urls,website,stream_url,access_notes
beIN SPORTS XTRA,Sports,beIN,eng,False,720p,False,True,1080p; 720p,https://iptv-org.github.io/api/streams.json,https://www.beinsportsxtra.com/,https://aegis-cloudfront-1.tubi.video/651ee7d3-e75b-4748-be86-422d43ff24b6/playlist.m3u8,
CBS Sports Golazo Network,Sports,CBS Sports,eng,False,720p,False,True,720p,https://iptv-org.github.io/api/streams.json,https://www.cbssports.com/promotions/cbs-sports-golazo-network-how-to-watch-live-stream-a-24-hour-streaming-soccer-channel-online/,https://proped3fhg87.airspace-cdn.cbsivideo.com/golazo-live-dai/master/golazo-live-dai.m3u8,
CBS Sports HQ,Sports,CBS Sports,eng,False,720p,False,True,1080p; 720p,https://iptv-org.github.io/api/streams.json; https://iptv-org.github.io/iptv/index.m3u,https://pluto.tv/en/live-tv/cbs-sports-hq,https://jmp2.uk/plu-5e9f2c05172a0f0007db4786.m3u8,
ESPN8: The Ocho,Sports,ESPN8:,eng,True,1080p,False,False,1080p,https://iptv-org.github.io/api/streams.json; https://iptv-org.github.io/iptv/index.m3u,,https://d3b6q2ou5kp8ke.cloudfront.net/ESPNTheOcho.m3u8,
FIFA+,Sports,FIFA+,eng,False,720p,False,True,720p; unknown,https://iptv-org.github.io/api/streams.json,https://www.plus.fifa.com/,https://a62dad94.wurl.com/master/f36d25e7e52f1ba8d7e56eb859c636563214f541/UmFrdXRlblRWLWV1X0ZJRkFQbHVzRW5nbGlzaF9ITFM/playlist.m3u8,
FIFA+ Women,Sports,FIFA+,eng,True,720p,False,True,720p,https://iptv-org.github.io/api/streams.json; https://iptv-org.github.io/iptv/index.m3u,https://www.plus.fifa.com/,https://cffda8ff.wurl.com/master/f36d25e7e52f1ba8d7e56eb859c636563214f541/U2Ftc3VuZy1nYl9GSUZBUGx1c3dvbWVuX0hMUw/playlist.m3u8,
NBC Sports NOW,Sports,NBC,eng,True,720p,False,True,1080p; 720p,https://iptv-org.github.io/api/streams.json,https://www.nbcsports.com/now,https://jmp2.uk/plu-6549306c83595c000815a696.m3u8,
Red Bull TV,Sports,Red,eng,False,720p,False,True,1080p; 720p,https://iptv-org.github.io/api/streams.json,https://www.redbull.tv/,https://rbmn-live.akamaized.net/hls/live/590964/BoRB-AT/master_3360.m3u8,
Sky Racing 1,Sports,Sky,eng,False,720p,False,True,720p,https://iptv-org.github.io/api/streams.json; https://iptv-org.github.io/iptv/index.m3u,https://www.skyracing.com.au/,https://636ffd31f0e12.streamlock.net/RacingStream1/RacingStream1/playlist.m3u8,
Sky Racing 2,Sports,Sky,eng,False,720p,False,True,720p,https://iptv-org.github.io/api/streams.json; https://iptv-org.github.io/iptv/index.m3u,https://www.skyracing.com.au/,https://skylivetab-new.akamaized.net/hls/live/2038781/sky2/index.m3u8,
Tennis Channel,Sports,Tennis,eng,False,720p,False,True,1080p; 720p; unknown,https://iptv-org.github.io/api/streams.json,https://www.tennischannel.app/,https://jmp2.uk/plu-6627621d56fc840008e47c90.m3u8,
ACC Digital Network,Sports,ACC,eng,True,1080p,False,False,1080p,https://iptv-org.github.io/api/streams.json,https://theacc.com/watch/,https://aegis-cloudfront-1.tubi.video/a1e671ae-d1c2-4e39-99c7-889e83056fd2/playlist.m3u8,
Bahrain Sports 1,Sports,Bahrain,ara,True,720p,False,True,720p,https://iptv-org.github.io/api/streams.json; https://iptv-org.github.io/iptv/index.m3u,https://www.mia.gov.bh/media-center/live-tv-and-radio/?lang=en,https://5c7b683162943.streamlock.net/live/ngrp:sportsone_all/playlist.m3u8,
Bahrain Sports 2,Sports,Bahrain,ara,True,720p,False,True,720p,https://iptv-org.github.io/api/streams.json; https://iptv-org.github.io/iptv/index.m3u,https://www.mia.gov.bh/media-center/live-tv-and-radio/?lang=en,https://5c7b683162943.streamlock.net/live/ngrp:bahrainsportstwo_all/playlist.m3u8,
Bellator MMA,Sports,Pluto TV,eng,True,unknown,False,False,unknown,https://iptv-org.github.io/api/streams.json; https://iptv-org.github.io/iptv/index.m3u,https://pluto.tv/en/live-tv/bellator-mma,https://jmp2.uk/plu-5ebc8688f3697d00072f7cf8.m3u8,
Billiard TV,Sports,Billiard,eng,True,1080p,False,False,1080p,https://iptv-org.github.io/api/streams.json; https://iptv-org.github.io/iptv/index.m3u,https://streamstak.com/billiardtv/,https://pb-wm04vonaerv0k.akamaized.net/billi.m3u8,
Cricket Gold,Sports,Cricket,eng,False,1080p,False,False,1080p,https://iptv-org.github.io/api/streams.json,https://www.cricket.com.au/cricket-gold,https://d382r3rgbxdixq.cloudfront.net/scheduler/scheduleMaster/418.m3u8,
DAZN Combat,Sports,DAZN,eng,True,684p,False,False,684p; unknown,https://iptv-org.github.io/api/streams.json,https://www.dazn.com/,https://jmp2.uk/plu-648056f0f77b61000828f1ba.m3u8,
DD Sports,Sports,Doordarshan,eng; hin,False,720p,False,True,1080p; 720p,https://iptv-org.github.io/api/streams.json,http://doordarshan.gov.in/ddsports,https://cdn.pishow.tv/ott/live/13/master.m3u8,
DraftKings Network,Sports,DraftKings,eng,True,1080p,False,False,1080p,https://iptv-org.github.io/api/streams.json,https://dknetwork.draftkings.com,https://d2obyvq5go60aw.cloudfront.net/DraftKings_Network.m3u8,
Dubai Racing 2,Sports,Dubai,ara; eng,True,unknown,False,False,unknown,https://raw.githubusercontent.com/Free-TV/IPTV/master/playlist.m3u8,http://www.dubairacing.ae/,https://dmithrvll.cdn.mangomolo.com/dubairacing/smil:dubairacing.smil/playlist.m3u8,
Dubai Racing 3,Sports,Dubai,ara,True,unknown,False,False,unknown,https://raw.githubusercontent.com/Free-TV/IPTV/master/playlist.m3u8,http://www.dubairacing.ae/,https://dmithrvll.cdn.mangomolo.com/dubaimubasher/smil:dubaimubasher.smil/playlist.m3u8,
Dubai Sports 1,Sports,Dubai,ara,True,unknown,False,False,unknown,https://raw.githubusercontent.com/Free-TV/IPTV/master/playlist.m3u8,http://www.dubaisports.ae/,https://dmitnthfr.cdn.mgmlcdn.com/dubaisports/smil:dubaisports.stream.smil/chunklist.m3u8,
Dubai Sports 2,Sports,Dubai,ara,True,unknown,False,False,unknown,https://raw.githubusercontent.com/Free-TV/IPTV/master/playlist.m3u8,http://www.dubaisports.ae/,https://dmitwlvvll.cdn.mangomolo.com/dubaisportshd/smil:dubaisportshd.smil/index.m3u8,
Dubai Sports 3,Sports,Dubai,ara,True,unknown,False,False,unknown,https://raw.githubusercontent.com/Free-TV/IPTV/master/playlist.m3u8,http://www.dubaisports.ae/,https://dmitwlvvll.cdn.mangomolo.com/dubaisportshd5/smil:dubaisportshd5.smil/index.m3u8,
El-Heddaf TV,Sports,El-Heddaf,ara,True,1080p,False,False,1080p,https://iptv-org.github.io/api/streams.json; https://iptv-org.github.io/iptv/index.m3u,https://www.elheddaf.com/,https://live.elheddaftv.com:8081/elheddaftv/index.m3u8,
F1 Channel,Sports,F1,eng,True,1080p,False,False,1080p,https://iptv-org.github.io/api/streams.json; https://iptv-org.github.io/iptv/index.m3u,https://www.c15.studio/channels/formula-1-channel/,https://amg12058-c15studio-amg12058c1-lg-us-5787.playouts.now.amagi.tv/playlist.m3u8,
Fight Network,Sports,Fight,eng,True,720p,False,True,1080p; 720p,https://iptv-org.github.io/api/streams.json,https://www.fightnetwork.com/,https://a-cdn.klowdtv.com/live2/fight_720p/playlist.m3u8,
FITE 24/7,Sports,FITE,eng,True,720p,False,True,1080p; 720p,https://iptv-org.github.io/api/streams.json,https://watch.plex.tv/live-tv/channel/fite-24-7,https://a-cdn.klowdtv.com/live2/fite247_720p/playlist.m3u8,
FloHockey,Sports,FloSports,eng,True,1080p,False,False,1080p,https://iptv-org.github.io/api/streams.json; https://iptv-org.github.io/iptv/index.m3u,https://flosports.tv/,https://amg02278-amg02278c2-flosports-worldwide-9916.playouts.now.amagi.tv/playlist.m3u8,
FloRacing,Sports,FloSports,eng,False,1080p,False,False,1080p,https://iptv-org.github.io/api/streams.json; https://iptv-org.github.io/iptv/index.m3u,https://flosports.tv/,https://amg02278-amg02278c1-flosports-worldwide-7592.playouts.now.amagi.tv/playlist.m3u8,
FTF Sports,Sports,FTF,eng,True,720p,False,True,720p,https://iptv-org.github.io/api/streams.json,https://watch.plex.tv/live-tv/channel/for-the-fans,https://a-cdn.klowdtv.com/live2/ftf_720p/playlist.m3u8,
Fubo Sports Network,Sports,Fubo,eng,True,720p,False,True,1080p; 720p,https://iptv-org.github.io/api/streams.json,https://www.fubo.tv/news/uncategorized/contact-us/,https://aegis-cloudfront-1.tubi.video/c2ac89da-5c69-439e-b85d-d87de0548b54/5.m3u8,
FUEL TV,Sports,FUEL,eng,False,1080p,False,False,1080p,https://iptv-org.github.io/api/streams.json,https://fuel.tv/,https://amg01074-fueltv-amg01074c1-stirr-us-4214.playouts.now.amagi.tv/playlist.m3u8,
Game+,Sports,Game+,eng,True,720p,False,True,720p,https://iptv-org.github.io/api/streams.json; https://iptv-org.github.io/iptv/index.m3u,https://www.gameplusnetwork.com/,https://a-cdn.klowdtv.com/live2/fntsy_720p/playlist.m3u8,
Glory Kickboxing,Sports,Pluto TV,eng,False,720p,False,True,720p,https://iptv-org.github.io/api/streams.json; https://iptv-org.github.io/iptv/index.m3u,https://pluto.tv/en/live-tv/glory-kickboxing,https://6f972d29.wurl.com/master/f36d25e7e52f1ba8d7e56eb859c636563214f541/UmFrdXRlblRWLWV1X0dsb3J5S2lja2JveGluZ19ITFM/playlist.m3u8,
Hard Knocks,Sports,Hard,eng,True,1080p,False,False,1080p,https://iptv-org.github.io/api/streams.json; https://iptv-org.github.io/iptv/index.m3u,,https://d3uyzhwvmemdyf.cloudfront.net/v1/master/9d062541f2ff39b5c0f48b743c6411d25f62fc25/Hard-Knocks-DistroTV/109.m3u8?ads.vf=6pOF6kgy418,
InTrouble,Sports,Insight TV,eng,True,1080p,False,False,1080p,https://iptv-org.github.io/api/streams.json; https://iptv-org.github.io/iptv/index.m3u,https://www.in.tv/channel/introuble,https://amg00861-amg00861c6-stirr-us-8229.playouts.now.amagi.tv/playlist.m3u8,
IRIB 3,Sports,IRIB,fas,True,unknown,False,False,unknown,https://iptv-org.github.io/api/streams.json; https://iptv-org.github.io/iptv/index.m3u; https://raw.githubusercontent.com/Free-TV/IPTV/master/playlist.m3u8,https://tv3.ir/,https://ncdn.telewebion.ir/tv3/live/playlist.m3u8,
Jordan Sport,Sports,Jordan,ara,True,1080p,False,False,1080p,https://iptv-org.github.io/api/streams.json; https://iptv-org.github.io/iptv/index.m3u,,https://jrtv-live.ercdn.net/jordansporthd/jordansporthd.m3u8,
Kozoom TV,Sports,Kozoom,eng,True,1080p,False,False,1080p,https://iptv-org.github.io/api/streams.json; https://iptv-org.github.io/iptv/index.m3u,https://tv.kozoom.com/,https://streams2.sofast.tv/v1/master/611d79b11b77e2f571934fd80ca1413453772ac7/fdd6f243-f971-4a1a-9510-97ac01d6b37f/manifest.m3u8,
KTV Sport,Sports,KTV,ara; eng,True,1080p,False,False,1080p,https://iptv-org.github.io/api/streams.json; https://iptv-org.github.io/iptv/index.m3u,https://media.gov.kw/,https://kwtspta.cdn.mangomolo.com/sp/smil:sp.stream.smil/chunklist.m3u8,
KTV Sport Plus,Sports,KTV,ara,True,1080p,False,False,1080p,https://iptv-org.github.io/api/streams.json; https://iptv-org.github.io/iptv/index.m3u,,https://kwtsplta.cdn.mangomolo.com/spl/smil:spl.stream.smil/chunklist.m3u8,
Lacrosse TV,Sports,Lacrosse,eng,True,720p,False,True,720p,https://iptv-org.github.io/api/streams.json; https://iptv-org.github.io/iptv/index.m3u,https://streamstak.com/lacrossetv/,https://a-cdn.klowdtv.com/live2/lsn_720p/playlist.m3u8,
M Sports,Sports,M,urd,False,1080p,False,False,1080p; unknown,https://iptv-org.github.io/api/streams.json; https://iptv-org.github.io/iptv/index.m3u,https://msports.pk/live/,https://cdn.rabta.stream/M-Sports/index.m3u8,
MLB,Sports,Pluto TV,eng,True,720p,False,True,1080p; 720p,https://iptv-org.github.io/api/streams.json; https://iptv-org.github.io/iptv/index.m3u,https://pluto.tv/en/live-tv/mlb,https://jmp2.uk/plu-5e66968a70f34c0007d050be.m3u8,
Monster Jam,Sports,Monster,eng,True,720p,False,True,720p; unknown,https://iptv-org.github.io/api/streams.json,https://www.monsterjam.com/en-us/streaming/,https://4b9627c7.wurl.com/master/f36d25e7e52f1ba8d7e56eb859c636563214f541/UmFrdXRlblRWLWV1X01vbnN0ZXJKYW1fSExT/playlist.m3u8,
Nautical Channel,Sports,Nautical,eng,True,720p,False,True,720p,https://iptv-org.github.io/api/streams.json; https://iptv-org.github.io/iptv/index.m3u,https://nauticalchannel.com/,https://a-cdn.klowdtv.com/live2/nautical_720p/playlist.m3u8,
NBA TV,Sports,NBA,eng,True,1080p,False,False,1080p,https://iptv-org.github.io/api/streams.json,http://www.nba.com/nba_tv/,https://amg00556-amg00556c3-firetv-us-6060.playouts.now.amagi.tv/playlist.m3u8,Public FAST distribution address in the index; availability/entitlements not playback-tested.
NFL Channel,Sports,Pluto TV,eng,True,720p,False,True,1080p; 720p,https://iptv-org.github.io/api/streams.json; https://iptv-org.github.io/iptv/index.m3u,https://pluto.tv/en/live-tv/nfl-channel,https://jmp2.uk/plu-5ced7d5df64be98e07ed47b6.m3u8,
NHL Network,Sports,NHL,eng,True,1080p,False,False,1080p,https://iptv-org.github.io/api/streams.json,https://www.nhl.com/info/network,https://aegis-cloudfront-1.tubi.video/1f4cbb33-cb23-40ab-b54b-2965cc551b32/playlist.m3u8,
NHRA TV,Sports,NHRA,eng,True,720p,False,True,1080p; 720p,https://iptv-org.github.io/api/streams.json,https://www.nhra.tv/,https://aegis-cloudfront-1.tubi.video/b8c5eb48-349b-454f-9625-63911ee923f5/playlist.m3u8,
Oman Sports TV,Sports,Oman,ara; eng,True,1080p,False,False,1080p,https://iptv-org.github.io/api/streams.json; https://iptv-org.github.io/iptv/index.m3u,http://part.gov.om/omantvsport/,https://partneta.cdn.mgmlcdn.com/omsport/smil:omsport.stream.smil/chunklist.m3u8,
Overtime,Sports,Overtime,eng,True,1080p,False,False,1080p,https://iptv-org.github.io/api/streams.json; https://iptv-org.github.io/iptv/index.m3u,https://watch.plex.tv/live-tv/channel/overtime,https://d1a8aq6t30gkqj.cloudfront.net/v1/amc_overtime_1/samsungheadend_us/latest/main/hls/playlist_hd.m3u8,
Pac-12 Insider,Sports,Pac-12,eng,True,720p,False,True,1080p; 720p,https://iptv-org.github.io/api/streams.json,https://pac-12.com/,https://pac12-vizio.amagi.tv/playlist.m3u8,
PBR RidePass,Sports,Pluto TV,eng,True,720p,False,True,720p,https://iptv-org.github.io/api/streams.json; https://iptv-org.github.io/iptv/index.m3u,https://pluto.tv/en/live-tv/pbr-ridepass,https://jmp2.uk/plu-60d39387706fe50007fda8e8.m3u8,
Persiana Fight,Sports,Persiana,fas,True,unknown,False,False,unknown,https://iptv-org.github.io/api/streams.json; https://iptv-org.github.io/iptv/index.m3u,https://www.persianagroup.tv/,https://fighthls.persiana.live/hls/stream.m3u8,
PFL MMA,Sports,PFL,eng,True,720p,False,True,720p; unknown,https://iptv-org.github.io/api/streams.json,https://pflmma.com/fast-channels,https://a883593c.wurl.com/master/f36d25e7e52f1ba8d7e56eb859c636563214f541/UmFrdXRlblRWLWV1X1BGTE1NQV9ITFM/playlist.m3u8,
PGA Tour,Sports,Pluto TV,eng,True,720p,False,True,1080p; 720p; unknown,https://iptv-org.github.io/api/streams.json,https://pluto.tv/en/live-tv/pga-tour,https://aegis-cloudfront-1.tubi.video/9c59800e-fa9a-4539-b8e5-5769918e7c5a/playlist.m3u8,
PK Sports,Sports,PK,urd,False,720p,False,True,720p,https://iptv-org.github.io/api/streams.json; https://iptv-org.github.io/iptv/index.m3u,,https://lbgo.bozztv.com/ssh101/ssh101/pksportshd/playlist.m3u8,
PokerGo,Sports,Pluto TV,eng,True,unknown,False,False,unknown,https://iptv-org.github.io/api/streams.json; https://iptv-org.github.io/iptv/index.m3u,https://pluto.tv/en/live-tv/pokergo,https://jmp2.uk/plu-5fc54366b04b2300072e31af.m3u8,
RACER International,Sports,RACER,eng,True,1080p,False,False,1080p,https://iptv-org.github.io/api/streams.json; https://iptv-org.github.io/iptv/index.m3u,https://www.rakuten.tv/pl/live_channels/racer-international,https://amg00378-mavtv-amg00378c2-rakuten-us-1048.playouts.now.amagi.tv/playlist/amg00378-mavtvfast-motorsportsnetwork-rakutenus/playlist.m3u8,
Racer Select,Sports,Racer,eng,True,1080p,False,False,1080p,https://iptv-org.github.io/api/streams.json; https://iptv-org.github.io/iptv/index.m3u,https://www.mavtv.com/platforms/,https://amg00378-amg00378c4-freelivesports-emea-5637.playouts.now.amagi.tv/playlist.m3u8,
Racing.com,Sports,Seven Network/Foxtel,eng,False,720p,False,True,720p; unknown,https://iptv-org.github.io/api/streams.json; https://iptv-org.github.io/iptv/index.m3u,http://www.racing.com/,https://racingvic-i.akamaized.net/hls/live/598695/racingvic/index1500.m3u8,
Rally TV,Sports,Rally,eng,True,720p,False,True,1080p; 720p; unknown,https://iptv-org.github.io/api/streams.json,https://www.rally.tv/,https://jmp2.uk/plu-696e02423b9ce349c90edef9.m3u8,
Real Madrid TV English,Sports,Real,eng,True,unknown,False,False,unknown,https://iptv-org.github.io/api/streams.json,https://www.realmadrid.com/en-US/real-madrid-tv/,https://rmtv.akamaized.net/hls/live/2043154/rmtv-en-web/bitrate_3.m3u8,
Right Now TV,Sports,Right,eng,True,720p,False,True,720p,https://iptv-org.github.io/api/streams.json,https://www.rightnowtelevision.com/watch-live/,https://2-fss-1.streamhoster.com/pl_154/amlst:205448-2145652/rightnowtv.m3u8,
Sharjah Sports,Sports,Sharjah,ara; eng,True,1080p,False,False,1080p; unknown,https://iptv-org.github.io/api/streams.json; https://iptv-org.github.io/iptv/index.m3u,https://sba.net.ae/ar/tv/channel/35,https://svs.itworkscdn.net/smc4sportslive/smc4tv.smil/playlist.m3u8,
SKI TV,Sports,SKI,eng,True,1080p,False,False,1080p,https://iptv-org.github.io/api/streams.json; https://iptv-org.github.io/iptv/index.m3u,https://www.skitv.tv/,https://d2xeo83q8fcni6.cloudfront.net/v1/master/9d062541f2ff39b5c0f48b743c6411d25f62fc25/SkiTV-SportsTribal/193.m3u8,
Slopes TV,Sports,Slopes,eng,True,720p,False,True,720p,https://iptv-org.github.io/api/streams.json; https://iptv-org.github.io/iptv/index.m3u,https://www.slopes.tv/,https://stream-us-east-1.getpublica.com/playlist.m3u8?network_id=2241,
SportsGrid,Sports,SportsGrid,eng,False,720p,False,True,1080p; 720p,https://iptv-org.github.io/api/streams.json,https://www.sportsgrid.com/live/,https://sportsgrid-klowdtv.amagi.tv/playlist.m3u8,
Stadium,Sports,Stadium,eng,True,720p,False,True,720p,https://iptv-org.github.io/api/streams.json,https://watchstadium.com/,https://aegis-cloudfront-1.tubi.video/74681dcc-e6d0-4add-ad67-a22ad9c152e6/playlist.m3u8,
Strongman Champions League,Sports,Strongman,eng,True,720p,False,True,720p; unknown,https://iptv-org.github.io/api/streams.json; https://iptv-org.github.io/iptv/index.m3u,https://rightsbooster.com/fast-channels,https://rightsboosterltd-scl-1-be.samsung.wurl.tv/playlist.m3u8,
Swerve Combat,Sports,Swerve,eng,True,720p,False,True,1080p; 720p,https://iptv-org.github.io/api/streams.json,https://www.swerve.tv/,https://a-cdn.klowdtv.com/live3/swervecombat_720p/playlist.m3u8,
Swerve Sports,Sports,Swerve,eng,True,720p,False,True,720p,https://iptv-org.github.io/api/streams.json; https://iptv-org.github.io/iptv/index.m3u,https://www.swerve.tv/,https://a-cdn.klowdtv.com/live3/swervewomenssports_720p/playlist.m3u8,
talkSPORT,Sports,talkSPORT,eng,True,1080p,False,False,1080p,https://iptv-org.github.io/api/streams.json; https://iptv-org.github.io/iptv/index.m3u,https://talksport.com/,https://af7a8b4e.wurl.com/master/f36d25e7e52f1ba8d7e56eb859c636563214f541/TEctZ2JfdGFsa1NQT1JUX0hMUw/playlist.m3u8,
Trace Sport Stars,Sports,Trace,eng,False,1080p,False,False,1080p; unknown,https://iptv-org.github.io/api/streams.json,http://www.trace.tv/fr/tv/sport,https://amg01131-tracetv-amg01131c2-stirr-us-4392.playouts.now.amagi.tv/playlist.m3u8,
Unbeaten,Sports,Unbeaten,eng,True,1080p,False,False,1080p,https://iptv-org.github.io/api/streams.json; https://iptv-org.github.io/iptv/index.m3u,,https://d1t5afz6qed3xk.cloudfront.net/Unbeaten.m3u8,
Varzesh TV,Sports,Varzesh,fas,True,unknown,False,False,unknown,https://iptv-org.github.io/api/streams.json; https://iptv-org.github.io/iptv/index.m3u; https://raw.githubusercontent.com/Free-TV/IPTV/master/playlist.m3u8,https://varzeshtv.ir/,https://ncdn.telewebion.ir/varzesh/live/playlist.m3u8,
Willow Sports,Sports,Willow,eng,True,720p,False,True,1080p; 720p,https://iptv-org.github.io/api/streams.json,https://www.willow.tv/willow_sports,https://jmp2.uk/plu-6972546cc62833833a187f50.m3u8,
World Poker Tour,Sports,World,eng,True,720p,False,True,1080p; 720p; unknown,https://iptv-org.github.io/api/streams.json,https://www.worldpokertour.tv/watch/channel/live/live/hFz9XetVSqRy-pluto,https://amg00218-wptenterprisesi-worldpokertour-klowdtv-5619e.amagi.tv/playlist/amg00218-wptenterprisesi-worldpokertour-klowdtv/playlist.m3u8,
XFC TV,Sports,XFC,eng,True,720p,False,True,720p,https://iptv-org.github.io/api/streams.json; https://iptv-org.github.io/iptv/index.m3u,https://watch.plex.tv/live-tv/channel/xfc-tv,https://stream-us-east-1.getpublica.com/playlist.m3u8?network_id=2247,
TVS Bowling Network,Sports,TVS,eng,True,720p,False,True,720p,https://iptv-org.github.io/api/streams.json; https://iptv-org.github.io/iptv/index.m3u,https://www.watchyour.tv/live.php?id=833,https://rpn.bozztv.com/gusa/gusa-tvsbowling/index.m3u8,
TVS Sports Bureau,Sports,TVS,eng,True,720p,False,True,720p,https://iptv-org.github.io/api/streams.json; https://iptv-org.github.io/iptv/index.m3u,,https://rpn.bozztv.com/gusa/gusa-tvssportsbureau/index.m3u8,
TVS Women Sports,Sports,TVS,eng,True,720p,False,True,720p,https://iptv-org.github.io/api/streams.json; https://iptv-org.github.io/iptv/index.m3u,,https://rpn.bozztv.com/gusa/gusa-tvswsn/index.m3u8,
MBC Bollywood,Movies,MBC,ara; eng; hin,True,1080p,False,False,1080p,https://iptv-org.github.io/api/streams.json; https://iptv-org.github.io/iptv/index.m3u; https://raw.githubusercontent.com/Free-TV/IPTV/master/playlist.m3u8,http://mbc.net/bollywood,https://shd-gcp-live.edgenextcdn.net/live/bitmovin-mbc-bollywood/546eb40d7dcf9a209255dd2496903764/index.m3u8,
Paramount Movie Channel,Movies,Pluto TV,eng,True,unknown,False,False,unknown,https://iptv-org.github.io/api/streams.json; https://iptv-org.github.io/iptv/index.m3u,https://pluto.tv/en/live-tv/paramount-movie-channel,https://jmp2.uk/plu-5cb0cae7a461406ffe3f5213.m3u8,
Rotana Cinema Egypt,Movies,Rotana,ara,True,1080p,False,False,1080p,https://iptv-org.github.io/api/streams.json; https://iptv-org.github.io/iptv/index.m3u,http://www.cinema.rotana.net/,https://rotana.hibridcdn.net/rotananet/cinemamasr_net-7Y83PP5adWixDF93/playlist.m3u8,
Rotana Cinema KSA,Movies,Rotana,ara,True,1080p,False,False,1080p,https://iptv-org.github.io/api/streams.json; https://iptv-org.github.io/iptv/index.m3u; https://raw.githubusercontent.com/Free-TV/IPTV/master/playlist.m3u8,http://www.cinema.rotana.net/,https://rotana.hibridcdn.net/rotananet/cinema_net-7Y83PP5adWixDF93/playlist.m3u8,
Rotana Classic,Movies,Rotana,ara,True,1080p,False,False,1080p,https://iptv-org.github.io/api/streams.json; https://iptv-org.github.io/iptv/index.m3u,https://rotana.net/,https://rotana.hibridcdn.net/rotananet/classical_net-7Y83PP5adWixDF93/playlist.m3u8,
50 Cent Action,Movies,50,eng,False,720p,False,True,720p,https://iptv-org.github.io/api/streams.json; https://iptv-org.github.io/iptv/index.m3u,https://50centaction.com/,https://jmp2.uk/plu-68487fb3f212bedacf5a53e3.m3u8,
ARTFLIX Movie Classics,Movies,ARTFLIX,eng,True,720p,False,True,720p,https://iptv-org.github.io/api/streams.json; https://iptv-org.github.io/iptv/index.m3u,https://watch.plex.tv/live-tv/channel/artflix-movie-classics,https://amogonetworx-artflix-1-nl.samsung.wurl.tv/playlist.m3u8,
BET Cinema,Movies,Pluto TV,eng,True,unknown,False,False,unknown,https://iptv-org.github.io/api/streams.json; https://iptv-org.github.io/iptv/index.m3u,https://pluto.tv/live-tv/bet-cinema/details,https://jmp2.uk/plu-58af4c093a41ca9d4ecabe96.m3u8,
Cinevault 80s,Movies,Cinevault,eng,True,720p,True,True,540p; 720p,https://iptv-org.github.io/api/streams.json; https://iptv-org.github.io/iptv/index.m3u,https://www.cinevaulttv.com/,https://aegis-cloudfront-1.tubi.video/ea1ab5d1-f554-4f6b-b03f-2611fcd94257/playlist.m3u8,
DUST,Movies,DUST,eng,True,1080p,False,False,1080p,https://iptv-org.github.io/api/streams.json; https://iptv-org.github.io/iptv/index.m3u,https://watchdust.com/,https://dqi7ayt2o24fn.cloudfront.net/playlist.m3u8,
Ebony TV by Lionsgate,Movies,Ebony,eng,True,1080p,False,False,1080p,https://iptv-org.github.io/api/streams.json; https://iptv-org.github.io/iptv/index.m3u,https://lionsgatechannels.com/ebonytv,https://aegis-cloudfront-1.tubi.video/a0ad4b53-ab3a-48dd-be12-bc7f533c372c/playlist.m3u8,
FilmRise Western,Movies,FilmRise,eng,True,720p,False,True,720p,https://iptv-org.github.io/api/streams.json,https://filmrise.com/,https://dz05z8iljgvbe.cloudfront.net/master.m3u8,
Flicks of Fury,Movies,Pluto TV,eng,True,unknown,False,False,unknown,https://iptv-org.github.io/api/streams.json; https://iptv-org.github.io/iptv/index.m3u,https://pluto.tv/en/live-tv/flicks-of-fury,https://jmp2.uk/plu-58e55b14ad8e9c364d55f717.m3u8,
Gravitas Movies,Movies,Gravitas,eng,True,1080p,False,False,1080p,https://iptv-org.github.io/api/streams.json; https://iptv-org.github.io/iptv/index.m3u,,https://d6dg3ebeih71x.cloudfront.net/Gravitas_Movies.m3u8,
GREAT! movies,Movies,GREAT!,eng,True,1080p,False,False,1080p,https://iptv-org.github.io/api/streams.json,https://www.greatnetwork.com/movies/,https://amg01753-narrativeentert-greatmovies-samsunguk-7z6eh.amagi.tv/playlist/amg01753-narrativeentert-greatmovies-samsunguk/playlist.m3u8,
GREAT! romance,Movies,GREAT!,eng,True,1080p,False,False,1080p,https://iptv-org.github.io/api/streams.json,https://www.greatnetwork.com/moviesclassic/,https://amg01753-narrativeentert-greatchristmas-samsunguk-8atls.amagi.tv/playlist/amg01753-narrativeentert-greatchristmas-samsunguk/playlist.m3u8,
Hallmark Movies & More,Movies,Hallmark,eng,True,720p,False,True,1080p; 720p,https://iptv-org.github.io/api/streams.json,,https://jmp2.uk/plu-628e685ba3811100070551a8.m3u8,
iFilm Arabic,Movies,iFilm,ara,True,unknown,False,False,unknown,https://iptv-org.github.io/api/streams.json; https://iptv-org.github.io/iptv/index.m3u,http://www.ifilmtv.ir/,https://live.presstv.ir/hls/ifilmar.m3u8,
iFilm English,Movies,iFilm,eng,True,unknown,False,False,unknown,https://iptv-org.github.io/api/streams.json; https://iptv-org.github.io/iptv/index.m3u,http://www.ifilmtv.ir/,https://live.presstv.ir/hls/ifilmen.m3u8,
iFilm Persian,Movies,iFilm,fas,True,unknown,False,False,unknown,https://iptv-org.github.io/api/streams.json; https://iptv-org.github.io/iptv/index.m3u,http://www.ifilmtv.ir/,https://live.presstv.ir/hls/ifilmfa.m3u8,
Maverick Black Cinema,Movies,Maverick,eng,True,720p,False,True,1080p; 720p,https://iptv-org.github.io/api/streams.json,https://www.maverickentertainment.cc/,https://aegis-cloudfront-1.tubi.video/55607a73-d5bd-4a09-979e-5933354469ee/playlist.m3u8,
MovieSphere,Movies,MovieSphere,eng,True,720p,False,True,1080p; 720p; unknown,https://iptv-org.github.io/api/streams.json,https://lionsgatechannels.com/movie-sphere,https://aegis-cloudfront-1.tubi.video/8b127a5b-3054-4f39-93a2-1c4aab9ef5ff/playlist.m3u8,
MovieSphere Gold,Movies,MovieSphere,eng,False,1080p,False,False,1080p,https://iptv-org.github.io/api/streams.json; https://iptv-org.github.io/iptv/index.m3u,https://moviespheregold.com/,https://cdn-uw2-prod.tsv2.amagi.tv/linear/amg01438-ewscrippscompan-ionmystery-tablo/playlist.m3u8,
MyTime Movie Network,Movies,MyTime,eng,True,720p,False,True,1080p; 720p,https://iptv-org.github.io/api/streams.json,https://mytimemovienetwork.com/,https://appletree-mytimeuk-samsung.amagi.tv/playlist.m3u8,
NOST,Movies,NOST,eng,True,720p,False,True,720p,https://iptv-org.github.io/api/streams.json; https://iptv-org.github.io/iptv/index.m3u,https://watchnost.com,https://a-cdn.klowdtv.com/live2/nost_720p/playlist.m3u8,
OuterSphere,Movies,OuterSphere,eng,True,1080p,False,False,1080p; unknown,https://iptv-org.github.io/api/streams.json,https://lionsgatechannels.com/outer-sphere,https://aegis-cloudfront-1.tubi.video/27de4f2e-7f9c-418a-9b0d-e4b35b0843a0/playlist.m3u8,
Persiana Cinema,Movies,Persiana,fas,True,unknown,False,False,unknown,https://iptv-org.github.io/api/streams.json; https://iptv-org.github.io/iptv/index.m3u,https://persianagroup.tv/,https://cinehls.persiana.live/hls/stream.m3u8,
Persiana Iranian,Movies,Persiana,fas,True,unknown,False,False,unknown,https://iptv-org.github.io/api/streams.json; https://iptv-org.github.io/iptv/index.m3u,https://persianagroup.tv/,https://irhls.persiana.live/hls/stream.m3u8,
Pluto TV Action,Movies,Pluto TV,eng,False,unknown,False,False,unknown,https://iptv-org.github.io/api/streams.json; https://iptv-org.github.io/iptv/index.m3u,https://www.pluto.tv/en/live-tv/pluto-tv-action,https://jmp2.uk/plu-561d7d484dc7c8770484914a.m3u8,
Rakuten TV Action Movies,Movies,Rakuten TV,eng,False,1080p,False,False,1080p,https://iptv-org.github.io/api/streams.json; https://iptv-org.github.io/iptv/index.m3u,,https://54045f0c40fd442c8b06df076aaf1e85.mediatailor.eu-west-1.amazonaws.com/v1/master/0547f18649bd788bec7b67b746e47670f558b6b2/production-LiveChannel-6065/master.m3u8,
Rakuten TV Comedy Movies,Movies,Rakuten TV,eng,False,1080p,False,False,1080p,https://iptv-org.github.io/api/streams.json; https://iptv-org.github.io/iptv/index.m3u,,https://9be783d652cd4b099cf63e1dc134c4a3.mediatailor.eu-west-1.amazonaws.com/v1/master/0547f18649bd788bec7b67b746e47670f558b6b2/production-LiveChannel-6181/master.m3u8,
Rakuten TV Top Movies,Movies,Rakuten TV,eng,False,1080p,False,False,1080p,https://iptv-org.github.io/api/streams.json; https://iptv-org.github.io/iptv/index.m3u,,https://0145451975a64b35866170fd2e8fa486.mediatailor.eu-west-1.amazonaws.com/v1/master/0547f18649bd788bec7b67b746e47670f558b6b2/production-LiveChannel-5987/master.m3u8,
Runtime,Movies,Runtime,eng,True,720p,False,True,720p; unknown,https://iptv-org.github.io/api/streams.json; https://iptv-org.github.io/iptv/index.m3u,https://www.runtime.tv/,https://jmp2.uk/plu-6086d3f420fc8500075f8dbf.m3u8,
The Film Detective,Movies,The,eng,True,720p,False,True,720p,https://iptv-org.github.io/api/streams.json; https://iptv-org.github.io/iptv/index.m3u,,https://cinedigm-entertainment-corp-thefilmdetective-1-us.ono.wurl.tv/playlist.m3u8,
Watch it Scream!,Movies,Watch,eng,True,720p,False,True,720p,https://iptv-org.github.io/api/streams.json; https://iptv-org.github.io/iptv/index.m3u,https://watchitscream.com/,https://stream-us-east-1.getpublica.com/playlist.m3u8?network_id=2246,
Wu Tang Collection,Movies,Wu,eng,True,720p,False,True,720p,https://iptv-org.github.io/api/streams.json; https://iptv-org.github.io/iptv/index.m3u,https://watch.plex.tv/live-tv/channel/wu-tang-collection,https://dbrb49pjoymg4.cloudfront.net/10001/99991745/hls/master.m3u8?ads.xumo_channelId=99991745,
TVS Drive In Movie,Movies,TVS,eng,True,360p,False,False,360p,https://iptv-org.github.io/api/streams.json; https://iptv-org.github.io/iptv/index.m3u,,https://rpn.bozztv.com/gusa/gusa-tvsdriveinmovie/index.m3u8,
MBC Drama,Series,MBC,ara,False,1080p,False,False,1080p,https://iptv-org.github.io/api/streams.json; https://iptv-org.github.io/iptv/index.m3u; https://raw.githubusercontent.com/Free-TV/IPTV/master/playlist.m3u8,https://www.mbc.net/channels/mbc-drama,https://shd-gcp-live.edgenextcdn.net/live/bitmovin-mbc-drama/2c28a458e2f3253e678b07ac7d13fe71/index.m3u8,
MBC Masr Drama,Series,MBC,ara,False,1080p,False,False,1080p,https://iptv-org.github.io/api/streams.json; https://iptv-org.github.io/iptv/index.m3u,https://www.mbc.net/,https://shd-gcp-live.edgenextcdn.net/live/bitmovin-mbc-masr-drama/567b703c19ede6598222de81b0e4508b/index.m3u8,
NBC Comedy Vault,Series,NBC,eng,True,1080p,False,False,1080p,https://iptv-org.github.io/api/streams.json; https://iptv-org.github.io/iptv/index.m3u,,https://xumo-xumoent-vc-105-z0vpm.fast.nbcuni.com/live/master.m3u8,
Paramount+ Picks,Series,Pluto TV,eng,True,unknown,False,False,unknown,https://iptv-org.github.io/api/streams.json; https://iptv-org.github.io/iptv/index.m3u,https://pluto.tv/en/live-tv/paramount-ptv1,https://jmp2.uk/plu-5ff8c708653d080007361b14.m3u8,
Rotana Drama,Series,Rotana,ara,False,1080p,False,False,1080p,https://iptv-org.github.io/api/streams.json; https://iptv-org.github.io/iptv/index.m3u; https://raw.githubusercontent.com/Free-TV/IPTV/master/playlist.m3u8,https://rotana.net/,https://rotana.hibridcdn.net/rotananet/drama_net-7Y83PP5adWixDF93/playlist.m3u8,
Universal Crime,Series,Universal,eng,False,720p,False,True,1080p; 720p,https://iptv-org.github.io/api/streams.json,https://www.universalplus.com/,https://jmp2.uk/plu-6549341853fc9700083901ac.m3u8,
Baywatch,Series,Pluto TV,eng,True,720p,False,True,1080p; 720p; unknown,https://iptv-org.github.io/api/streams.json,https://pluto.tv/en/live-tv/baywatch,https://aegis-cloudfront-1.tubi.video/9d1cd886-32b9-41ce-a7de-3babb46506aa/playlist.m3u8,
Dark Matter TV,Series,Dark,eng,True,720p,False,True,720p,https://iptv-org.github.io/api/streams.json; https://iptv-org.github.io/iptv/index.m3u,https://www.darkmattertv.com/,https://tricoast-tv-dark-matter-01-us.ono.wurl.tv/playlist.m3u8,
FilmRise Forensic Files,Series,FilmRise,eng,True,720p,False,True,720p,https://iptv-org.github.io/api/streams.json; https://iptv-org.github.io/iptv/index.m3u,https://filmrise.com/tv/forensic-files,https://pb-x9qsxrudiq9d2.akamaized.net/webvtt/v1/18584c3f3a2a4df8/88886014/master.m3u8,
Midsomer Murders,Series,Pluto TV,eng,True,720p,False,True,1080p; 720p; unknown,https://iptv-org.github.io/api/streams.json,https://pluto.tv/en/live-tv/midsomer-murders,https://aegis-cloudfront-1.tubi.video/d76934f9-bea8-4cc2-a812-c2e8a9c5d40a/playlist.m3u8,
Persiana Family,Series,Persiana,fas,True,unknown,False,False,unknown,https://iptv-org.github.io/api/streams.json; https://iptv-org.github.io/iptv/index.m3u,https://persianagroup.tv/,https://familyhls.persiana.live/hls/stream.m3u8,
Persiana Plus,Series,Persiana,fas,True,unknown,False,False,unknown,https://iptv-org.github.io/api/streams.json; https://iptv-org.github.io/iptv/index.m3u,https://persianagroup.tv/,https://euhls.persiana.live/hls/stream.m3u8,
Persiana Series,Series,Persiana,fas,False,unknown,False,False,unknown,https://iptv-org.github.io/api/streams.json; https://iptv-org.github.io/iptv/index.m3u,https://www.persianagroup.tv/,https://onehls.persiana.live/hls/stream.m3u8,
The Conners,Series,The,eng,True,720p,False,True,1080p; 720p; unknown,https://iptv-org.github.io/api/streams.json,https://lionsgatechannels.com/channel/the-conners,https://aegis-cloudfront-1.tubi.video/e08080ff-3d87-4d9e-a156-91554fd2e39b/playlist.m3u8,
The Walking Dead Universe,Series,The,eng,True,720p,False,True,720p; unknown,https://iptv-org.github.io/api/streams.json; https://iptv-org.github.io/iptv/index.m3u,https://watch.plex.tv/live-tv/channel/the-walking-dead-universe-2,https://jmp2.uk/plu-62fa8176b9884200074ef5ae.m3u8,
Unsolved Mysteries,Series,FilmRise,eng,True,720p,False,True,720p; unknown,https://iptv-org.github.io/api/streams.json; https://iptv-org.github.io/iptv/index.m3u,https://www.radialentertainment.com/unsolved-mysteries,https://d31z96rdrmwfsp.cloudfront.net/master.m3u8,
BBC Four,Entertainment,BBC,eng,True,720p,False,True,720p; unknown,https://iptv-org.github.io/api/streams.json,http://www.bbc.co.uk/bbcfour/,https://vs-cmaf-pushb-uk.live.fastly.md.bbci.co.uk/x=4/i=urn:bbc:pips:service:bbc_four_hd/iptv_hd_abr_v1.mpd,
BBC One,Entertainment,BBC Television,eng,True,720p,True,True,540p; 720p; unknown,https://iptv-org.github.io/api/streams.json,http://www.bbc.co.uk/bbcone/,https://vs-cmaf-push-uk-live.akamaized.net/x=4/i=urn:bbc:pips:service:bbc_one_london/iptv_hd_abr_v1.mpd,
BBC Three,Entertainment,BBC,eng,True,720p,False,True,720p; unknown,https://iptv-org.github.io/api/streams.json; https://iptv-org.github.io/iptv/index.m3u,https://www.bbc.co.uk/bbcthree,https://vs-cmaf-pushb-uk-live.akamaized.net/x=4/i=urn:bbc:pips:service:bbc_three_hd/iptv_hd_abr_v1.mpd,
BBC Two,Entertainment,BBC,eng,True,720p,True,True,540p; 720p; unknown,https://iptv-org.github.io/api/streams.json,http://www.bbc.co.uk/bbctwo/,https://vs-cmaf-push-uk-live.akamaized.net/x=4/i=urn:bbc:pips:service:bbc_two_hd/iptv_hd_abr_v1.mpd,
MBC 1,Entertainment,MBC,ara,True,1080p,False,False,1080p,https://iptv-org.github.io/api/streams.json; https://iptv-org.github.io/iptv/index.m3u; https://raw.githubusercontent.com/Free-TV/IPTV/master/playlist.m3u8,http://www.mbc.net/mbc1,https://shd-gcp-live.edgenextcdn.net/live/bitmovin-mbc-1/15cf99af5de54063fdabfefe66adc075/index.m3u8,
MBC 4,Entertainment,MBC,ara,True,1080p,False,False,1080p,https://iptv-org.github.io/api/streams.json; https://iptv-org.github.io/iptv/index.m3u; https://raw.githubusercontent.com/Free-TV/IPTV/master/playlist.m3u8,http://www.mbc.net/mbc4,https://shd-gcp-live.edgenextcdn.net/live/bitmovin-mbc-4/24f134f1cd63db9346439e96b86ca6ed/index.m3u8,
MBC 5,Entertainment,MBC,ara,True,1080p,False,False,1080p,https://iptv-org.github.io/api/streams.json; https://iptv-org.github.io/iptv/index.m3u; https://raw.githubusercontent.com/Free-TV/IPTV/master/playlist.m3u8,https://www.mbc.net/channels/mbc5,https://shd-gcp-live.edgenextcdn.net/live/bitmovin-mbc-5/ee6b000cee0629411b666ab26cb13e9b/index.m3u8,
MBC Iraq,Entertainment,MBC,ara,True,1080p,False,False,1080p,https://iptv-org.github.io/api/streams.json; https://iptv-org.github.io/iptv/index.m3u,https://www.mbc.net/channels/mbc-iraq,https://shd-gcp-live.edgenextcdn.net/live/bitmovin-mbc-iraq/e38c44b1b43474e1c39cb5b90203691e/index.m3u8,
MBC Masr,Entertainment,MBC,ara,True,1080p,False,False,1080p,https://iptv-org.github.io/api/streams.json; https://iptv-org.github.io/iptv/index.m3u,http://www.mbc.net/ar/mbc-maser.html,https://shd-gcp-live.edgenextcdn.net/live/bitmovin-mbc-masr/956eac069c78a35d47245db6cdbb1575/index.m3u8,
MBC Masr 2,Entertainment,MBC,ara,True,1080p,False,False,1080p,https://iptv-org.github.io/api/streams.json; https://iptv-org.github.io/iptv/index.m3u; https://raw.githubusercontent.com/Free-TV/IPTV/master/playlist.m3u8,http://www.mbc.net/ar/mbc-maser.html,https://shd-gcp-live.edgenextcdn.net/live/bitmovin-mbc-masr-2/754931856515075b0aabf0e583495c68/index.m3u8,
MTV Pluto TV,Entertainment,Pluto TV,eng,False,unknown,False,False,unknown,https://iptv-org.github.io/api/streams.json; https://iptv-org.github.io/iptv/index.m3u,https://pluto.tv/en/live-tv/mtv-pluto-tv,https://jmp2.uk/plu-5ca672f515a62078d2ec0ad2.m3u8,
MTV Reality,Entertainment,MTV,eng,True,unknown,False,False,unknown,https://iptv-org.github.io/api/streams.json; https://iptv-org.github.io/iptv/index.m3u,https://pluto.tv/live-tv/mtv-reality/details,https://jmp2.uk/plu-64f89fcfd661bb00081ba45c.m3u8,
Zee One,Entertainment,Zee,eng,True,720p,False,True,1080p; 720p; unknown,https://iptv-org.github.io/api/streams.json,,https://536ec699.wurl.com/master/f36d25e7e52f1ba8d7e56eb859c636563214f541/U2Ftc3VuZy1nYl9aZWVXb3JsZC0xX0hMUw/playlist.m3u8,
Abu Dhabi TV,Entertainment,Abu,ara; eng,True,unknown,False,False,unknown,https://raw.githubusercontent.com/Free-TV/IPTV/master/playlist.m3u8,https://adtv.ae/,http://admdn2.cdn.mangomolo.com/adtv/smil:adtv.stream.smil/chunklist.m3u8,
Bahrain TV,Entertainment,Bahrain,ara,True,720p,False,True,720p,https://iptv-org.github.io/api/streams.json; https://iptv-org.github.io/iptv/index.m3u,https://www.mia.gov.bh/media-center/live-tv-and-radio/?lang=en,https://5c7b683162943.streamlock.net/live/ngrp:bahraintvmain_all/playlist.m3u8,
BET Classics Pluto TV,Entertainment,Pluto TV,eng,False,unknown,False,False,unknown,https://iptv-org.github.io/api/streams.json; https://iptv-org.github.io/iptv/index.m3u,https://pluto.tv/live-tv/bet-classics/details,https://jmp2.uk/plu-60f85644a9493e0007a1f035.m3u8,
BET Pluto TV,Entertainment,Pluto TV,eng,False,unknown,False,False,unknown,https://iptv-org.github.io/api/streams.json; https://iptv-org.github.io/iptv/index.m3u,https://pluto.tv/en/live-tv/bet-pluto-tv-ptv1,https://jmp2.uk/plu-5ca670f6593a5d78f0e85aed.m3u8,
Bounce XL,Entertainment,Pluto TV,eng,True,720p,False,True,1080p; 720p; unknown,https://iptv-org.github.io/api/streams.json,https://pluto.tv/en/live-tv/bounce-xl,https://aegis-cloudfront-1.tubi.video/22eea4e9-00a6-427c-92dd-57e78cc160dc/playlist.m3u8,
Buzzr,Entertainment,Buzzr,eng,True,720p,False,True,1080p; 720p,https://iptv-org.github.io/api/streams.json,https://buzzrtv.com/,https://aegis-cloudfront-1.tubi.video/d4038326-a3e3-4aba-b1f1-f0526c912c74/playlist.m3u8,
DD Urdu,Entertainment,Doordarshan,eng; hin; urd,True,720p,True,True,504p; 720p,https://iptv-org.github.io/api/streams.json; https://iptv-org.github.io/iptv/index.m3u,https://prasarbharati.gov.in/doordarshan/,https://cdn.pishow.tv/ott/live/8/master.m3u8,
Dubai One,Entertainment,Dubai,eng,True,unknown,False,False,unknown,https://raw.githubusercontent.com/Free-TV/IPTV/master/playlist.m3u8,http://www.dubaione.ae/,https://dminnvll.cdn.mangomolo.com/dubaione/smil:dubaione.stream.smil/playlist.m3u8,
Dubai TV,Entertainment,Dubai,ara,True,unknown,False,False,unknown,https://raw.githubusercontent.com/Free-TV/IPTV/master/playlist.m3u8,http://www.dubaitv.ae/,https://dmisxthvll.cdn.mgmlcdn.com/dubaitvht/smil:dubaitv.stream.smil/playlist.m3u8,
Dubai Zaman,Entertainment,Dubai,ara,True,unknown,False,False,unknown,https://raw.githubusercontent.com/Free-TV/IPTV/master/playlist.m3u8,http://www.dubaizaman.ae/,https://dmiffthvll.cdn.mangomolo.com/dubaizaman/smil:dubaizaman.stream.smil/playlist.m3u8,
Electric Now,Entertainment,Electric,eng,True,720p,False,True,1080p; 720p,https://iptv-org.github.io/api/streams.json; https://iptv-org.github.io/iptv/index.m3u,https://www.electricnow.tv/,https://amg01705-amg01705c1-amgplt0095.playout.now3.amagi.tv/playlist.m3u8,
Entertainment Tonight,Entertainment,Entertainment,eng,True,720p,False,True,1080p; 720p,https://iptv-org.github.io/api/streams.json,https://www.etonline.com/contact,https://jmp2.uk/plu-5dc0c78281eddb0009a02d5e.m3u8,
Fox Soul,Entertainment,Fox,eng,True,720p,False,True,1080p; 720p,https://iptv-org.github.io/api/streams.json,https://foxsoul.tv/,https://aegis-cloudfront-1.tubi.video/0c4bd880-76cc-4000-b9cb-8edabeb88daa/index.m3u8,
Game Show Central,Entertainment,Pluto TV,eng,True,720p,False,True,720p; unknown,https://iptv-org.github.io/api/streams.json; https://iptv-org.github.io/iptv/index.m3u,https://pluto.tv/en/live-tv/game-show-central,https://jmp2.uk/plu-5e54187aae660e00093561d6.m3u8,
Game Show Network,Entertainment,Game,eng,True,720p,False,True,720p,https://iptv-org.github.io/api/streams.json; https://iptv-org.github.io/iptv/index.m3u,https://www.gsntv.com/,https://a-cdn.klowdtv.com/live2/gsn_720p/playlist.m3u8,
ION TV,Entertainment,Scripps Networks,eng,True,1080p,False,False,1080p,https://iptv-org.github.io/api/streams.json,https://iontelevision.com/,https://pb-xhb3ic8b61whm.akamaized.net/Ion_US.m3u8,
Jordan TV,Entertainment,Jordan,ara,True,1080p,False,False,1080p,https://iptv-org.github.io/api/streams.json; https://iptv-org.github.io/iptv/index.m3u,https://www.jrtv.gov.jo/,https://jrtv-live.ercdn.net/jordanhd/jordanhd.m3u8,
KTV 1,Entertainment,KTV,ara,True,360p,False,False,1080p; 360p,https://iptv-org.github.io/api/streams.json,https://media.gov.kw/,https://cdn-globecast.akamaized.net/live/eds/kuwait_tv1/hls_roku/index.m3u8,
KTV Arabe,Entertainment,KTV,ara,True,1080p,False,False,1080p,https://iptv-org.github.io/api/streams.json; https://iptv-org.github.io/iptv/index.m3u,https://media.gov.kw/,https://kwtktvata.cdn.mangomolo.com/ktva/smil:tktva.stream.smil/chunklist.m3u8,
Oman TV,Entertainment,Oman,ara,True,360p,False,False,1080p; 360p,https://iptv-org.github.io/api/streams.json,http://part.gov.om/part/,https://cdn-globecast.akamaized.net/live/eds/oman_tv/hls_roku/index.m3u8,
People Are Awesome,Entertainment,People,eng,True,720p,False,True,720p; unknown,https://iptv-org.github.io/api/streams.json; https://iptv-org.github.io/iptv/index.m3u,https://www.peopleareawesome.com/pages/streaming,https://3ab76e42.wurl.com/master/f36d25e7e52f1ba8d7e56eb859c636563214f541/UmFrdXRlblRWLWV1X1Blb3BsZUFyZUF3ZXNvbWVfSExT/playlist.m3u8,
Persiana Comedy,Entertainment,Persiana,fas,True,unknown,False,False,unknown,https://iptv-org.github.io/api/streams.json; https://iptv-org.github.io/iptv/index.m3u,https://persianagroup.tv/,https://comedyhls.persiana.live/hls/stream.m3u8,
Persiana Reality,Entertainment,Persiana,fas,True,unknown,False,False,unknown,https://iptv-org.github.io/api/streams.json; https://iptv-org.github.io/iptv/index.m3u,https://www.persianagroup.tv/,https://twohls.persiana.live/hls/stream.m3u8,
Qatar Television,Entertainment,Qatar,ara,True,1080p,False,False,1080p,https://iptv-org.github.io/api/streams.json; https://iptv-org.github.io/iptv/index.m3u,http://www.qtv.qa/,https://live.kwikmotion.com/qtv1live/qtv1.smil/playlist.m3u8,
Qatar Television 2,Entertainment,Qatar,ara,True,720p,False,True,1080p; 720p,https://iptv-org.github.io/api/streams.json,http://www.qtv.qa/,https://qatartv.akamaized.net/hls/live/2026574/qtv2/master.m3u8,
Sama Dubai,Entertainment,Sama,ara,True,unknown,False,False,unknown,https://raw.githubusercontent.com/Free-TV/IPTV/master/playlist.m3u8,http://www.samadubai.ae/,https://dmieigthvll.cdn.mgmlcdn.com/samadubaiht/smil:samadubai.stream.smil/playlist.m3u8,
Shabakeh 7,Entertainment,Shabakeh,fas,True,unknown,False,False,unknown,https://iptv-org.github.io/api/streams.json; https://iptv-org.github.io/iptv/index.m3u,https://www.shabakeh7.tv/,https://sh7hls.wns.live/hls/stream.m3u8,
Tin TV,Entertainment,Tin,fas,True,720p,False,True,720p,https://iptv-org.github.io/api/streams.json; https://iptv-org.github.io/iptv/index.m3u,http://tintv.tv/,https://tulixcdn.akamaized.net/tintv6/tintv/tintv/playlist.m3u8,
TMZ,Entertainment,TMZ,eng,True,720p,False,True,1080p; 720p,https://iptv-org.github.io/api/streams.json; https://iptv-org.github.io/iptv/index.m3u,,https://aegis-cloudfront-1.tubi.video/57c1fa3c-566b-4998-b6de-d6de67031d99/index.m3u8,
Top Gear,Entertainment,Top,eng,True,720p,False,True,720p; unknown,https://iptv-org.github.io/api/streams.json,https://www.topgear.com/,https://aegis-cloudfront-1.tubi.video/33ccaca5-a666-4b28-8578-55a9ab9f06d5/playlist.m3u8,
VH1 Queens of Reality,Entertainment,Pluto TV,eng,True,unknown,False,False,unknown,https://iptv-org.github.io/api/streams.json; https://iptv-org.github.io/iptv/index.m3u,https://pluto.tv/live-tv/vh1-queens-of-reality/details,https://jmp2.uk/plu-66abefe5d2d50d00082c7d12.m3u8,
MTV Biggest Pop,Music,MTV,eng,True,1080p,False,False,1080p,https://iptv-org.github.io/api/streams.json; https://iptv-org.github.io/iptv/index.m3u,https://pluto.tv/en/live-tv/mtv-biggest-pop,https://jmp2.uk/plu-5d14fd1a252d35decbc4080c.m3u8,
MTV Classic,Music,MTV,eng,True,720p,False,True,720p,https://iptv-org.github.io/api/streams.json; https://iptv-org.github.io/iptv/index.m3u,http://www.mtv.com/classic,https://jmp2.uk/plu-654100b4bdf3cf0008aa49c7.m3u8,
MTV Spankin' New,Music,MTV,eng,True,1080p,False,False,1080p,https://iptv-org.github.io/api/streams.json; https://iptv-org.github.io/iptv/index.m3u,https://pluto.tv/en/live-tv/mtv-spankin-new,https://jmp2.uk/plu-5d14fdb8ca91eedee1633117.m3u8,
Rotana Clip,Music,Rotana,ara,True,1080p,False,False,1080p,https://iptv-org.github.io/api/streams.json; https://iptv-org.github.io/iptv/index.m3u; https://raw.githubusercontent.com/Free-TV/IPTV/master/playlist.m3u8,https://rotana.net/,https://rotana.hibridcdn.net/rotananet/clip_net-7Y83PP5adWixDF93/playlist.m3u8,
Rotana Music,Music,Rotana,ara,True,1080p,False,False,1080p,https://iptv-org.github.io/api/streams.json; https://iptv-org.github.io/iptv/index.m3u; https://raw.githubusercontent.com/Free-TV/IPTV/master/playlist.m3u8,https://rotana.net/,https://rotana.hibridcdn.net/rotananet/music_net-7Y83PP5adWixDF93/playlist.m3u8,
4 Music,Music,4,fas,True,unknown,False,False,unknown,https://iptv-org.github.io/api/streams.json,https://4music.persiana.live/,https://itthls.wns.live/hls/stream.m3u8,
Clubbing TV,Music,Pluto TV,eng,True,720p,False,True,720p; unknown,https://iptv-org.github.io/api/streams.json; https://iptv-org.github.io/iptv/index.m3u,https://pluto.tv/en/live-tv/clubbing-tv-de,https://a-cdn.klowdtv.com/live3/clubbingtv_720p/playlist.m3u8,
CMT Equal Play,Music,Pluto TV,eng,True,720p,False,True,720p,https://iptv-org.github.io/api/streams.json; https://iptv-org.github.io/iptv/index.m3u,https://pluto.tv/en/live-tv/cmt-equal-play,https://jmp2.uk/plu-5f68f53eb1e5800007390bf8.m3u8,
Concert Channel,Music,Concert,eng,True,720p,False,True,720p,https://iptv-org.github.io/api/streams.json; https://iptv-org.github.io/iptv/index.m3u,http://www.concertchanneltv.com/,https://jmp2.uk/plu-6868152657543d1f8be4ece3.m3u8,
Navahang TV,Music,Navahang,fas,True,unknown,False,False,unknown,https://iptv-org.github.io/api/streams.json,https://www.navahang.com/,https://simahls.wns.live/hls/stream.m3u8,
Now 70s,Music,Now,eng,True,720p,False,True,720p,https://iptv-org.github.io/api/streams.json,https://www.nowmusic.com/,https://amg01076-amg01076c1-samsung-gb-6682.playouts.now.amagi.tv/playlist.m3u8,
Now 80s,Music,Now,eng,True,720p,False,True,1080p; 720p; unknown,https://iptv-org.github.io/api/streams.json,https://www.nowmusic.com/,https://lightning-now80s-rakuten.amagi.tv/playlist.m3u8,
Now 90s00s,Music,Now,eng,True,720p,False,True,1080p; 720p,https://iptv-org.github.io/api/streams.json,https://www.nowmusic.com/,https://jmp2.uk/plu-660c209e19ca71000846cf38.m3u8,
NOW Rock,Music,NOW,eng,True,720p,True,True,1080p; 480p; 720p,https://iptv-org.github.io/api/streams.json,https://www.nowmusic.com/,https://jmp2.uk/plu-6568a78d635c3c0008765f41.m3u8,
Persiana Folk,Music,Persiana,fas,True,unknown,False,False,unknown,https://iptv-org.github.io/api/streams.json; https://iptv-org.github.io/iptv/index.m3u,https://www.persianagroup.tv/,https://sonhls.persiana.live/hls/stream.m3u8,
Persiana Nostalgia,Music,Persiana,fas,True,unknown,False,False,unknown,https://iptv-org.github.io/api/streams.json; https://iptv-org.github.io/iptv/index.m3u,https://persianagroup.tv/,https://noshls.persiana.live/hls/stream.m3u8,
Persiana Vibe,Music,Persiana,fas,True,unknown,False,False,unknown,https://iptv-org.github.io/api/streams.json; https://iptv-org.github.io/iptv/index.m3u,https://www.persianagroup.tv/,https://raphls.persiana.live/hls/stream.m3u8,
PMC,Music,PMC,fas,True,unknown,False,False,unknown,https://iptv-org.github.io/api/streams.json; https://iptv-org.github.io/iptv/index.m3u,https://www.pmc.tv/,https://pmchls.wns.live/hls/stream.m3u8,
PMC Royale,Music,PMC,fas,True,1080p,False,False,1080p,https://iptv-org.github.io/api/streams.json; https://iptv-org.github.io/iptv/index.m3u,https://www.pmc.tv/,https://pmcrohls.wns.live/hls/stream.m3u8,
Qello Concerts by Stingray,Music,Stingray,eng,True,1080p,False,False,1080p,https://iptv-org.github.io/api/streams.json,https://qello.com/en/,https://d39g1vxj2ef6in.cloudfront.net/v1/master/3fec3e5cac39a52b2132f9c66c83dae043dc17d4/prod-rakuten-stitched/master.m3u8?ads.xumo_channelId=88883052,
Qwest TV,Music,Qwest,eng,True,1080p,False,False,1080p,https://iptv-org.github.io/api/streams.json,https://www.qwest.tv/,https://amg00447-qwesttv-qwestjazz-cineverse-ve12d.amagi.tv/playlist/amg00447-qwesttv-qwestjazz-cineverse/playlist.m3u8,
Stingray Classic Rock,Music,Stingray,eng,False,1080p,False,False,1080p,https://iptv-org.github.io/api/streams.json; https://iptv-org.github.io/iptv/index.m3u,,https://lotus.stingray.com/manifest/ose-101ads-montreal/samsungtvplus/master.m3u8,
Stingray Classica,Music,Stingray,eng,True,1080p,False,False,1080p,https://iptv-org.github.io/api/streams.json; https://iptv-org.github.io/iptv/index.m3u,https://classica.stingray.com/,https://lotus.stingray.com/manifest/classica-cla008-montreal/samsungtvplus/master.m3u8,
Stingray DJAZZ,Music,Stingray,eng,False,1080p,False,False,1080p; unknown,https://iptv-org.github.io/api/streams.json; https://iptv-org.github.io/iptv/index.m3u,https://djazz.stingray.com/,https://lotus.stingray.com/manifest/djazz-djaads-montreal/samsungtvplus/master.m3u8,
Stingray Everything '80s,Music,Stingray,eng,True,1080p,False,False,1080p,https://iptv-org.github.io/api/streams.json; https://iptv-org.github.io/iptv/index.m3u,https://music.stingray.com/en/BS/channels/128/everything-80s,https://lotus.stingray.com/manifest/ose-128ads-montreal/samsungtvplus/master.m3u8,
Stingray Hit List,Music,Stingray,eng,True,1080p,False,False,1080p,https://iptv-org.github.io/api/streams.json,https://music.stingray.com/en/CA/channels/007/hit-list,https://d39g1vxj2ef6in.cloudfront.net/v1/master/3fec3e5cac39a52b2132f9c66c83dae043dc17d4/prod-rakuten-stitched/master.m3u8?ads.xumo_channelId=88883054,
The Country Network,Music,The,eng,True,720p,False,True,1080p; 720p,https://iptv-org.github.io/api/streams.json,,https://a-cdn.klowdtv.com/live2/countrytv_720p/playlist.m3u8,
Trace Africa,Music,Trace,eng,True,1080p,False,False,1080p,https://iptv-org.github.io/api/streams.json; https://iptv-org.github.io/iptv/index.m3u,http://trace.tv/trace-africa/,https://channels.trace.plus/Traceprod/AFRICA_FR_hd/index.m3u8,
Trace Naija,Music,Trace,eng,True,1080p,False,False,1080p,https://iptv-org.github.io/api/streams.json; https://iptv-org.github.io/iptv/index.m3u,http://trace.tv/trace-naija/,https://channels.trace.plus/Traceprod/NAIJA_hd/index.m3u8,
Trace UK,Music,Trace,eng,True,1080p,False,False,1080p,https://iptv-org.github.io/api/streams.json; https://iptv-org.github.io/iptv/index.m3u,https://trace.plus/app,https://channels.trace.plus/Traceprod/UK_FAST_hd/index.m3u8,
Trace Urban,Music,Trace,eng,False,720p,False,True,1080p; 720p,https://iptv-org.github.io/api/streams.json,https://fr.trace.tv/trace-urban/,https://amg01131-tracetv-traceurban-klowdtv-utiqd.amagi.tv/playlist/amg01131-tracetv-traceurban-klowdtv/playlist.m3u8,
Vevo '80s,Music,Pluto TV,eng,True,1080p,False,False,1080p; unknown,https://iptv-org.github.io/api/streams.json; https://iptv-org.github.io/iptv/index.m3u,https://pluto.tv/en/live-tv/vevo-80s,https://amg00056-vevotv-vevo80saunz-samsungau-rp5e3.amagi.tv/playlist/amg00056-vevotv-vevo80saunz-samsungau/playlist.m3u8,
Vevo '90s,Music,Pluto TV,eng,True,1080p,False,False,1080p; unknown,https://iptv-org.github.io/api/streams.json; https://iptv-org.github.io/iptv/index.m3u,https://pluto.tv/en/live-tv/vevo-90s,https://amg00056-vevotv-vevo90saunz-samsungau-n6a0d.amagi.tv/playlist/amg00056-vevotv-vevo90saunz-samsungau/playlist.m3u8,
Vevo 2K,Music,Pluto TV,eng,True,1080p,False,False,1080p; unknown,https://iptv-org.github.io/api/streams.json,https://pluto.tv/en/live-tv/vevo-2k,https://amg00056-vevotv-vevo2kau-samsungnz-tamaq.amagi.tv/playlist/amg00056-vevotv-vevo2kau-samsungnz/playlist.m3u8,
Vevo Country,Music,Pluto TV,eng,True,1080p,False,False,1080p; unknown,https://iptv-org.github.io/api/streams.json; https://iptv-org.github.io/iptv/index.m3u,https://pluto.tv/en/live-tv/vevo-country,https://amg00056-vevotv-vevocountryau-samsungau-ktmqm.amagi.tv/playlist/amg00056-vevotv-vevocountryau-samsungau/playlist.m3u8,
Vevo Hip Hop,Music,Vevo,eng,False,1080p,False,False,1080p,https://iptv-org.github.io/api/streams.json; https://iptv-org.github.io/iptv/index.m3u,,https://d3vgs3ro3x6v8a.cloudfront.net/Vevo_Hip_Hop.m3u8,
Vevo Pop,Music,Pluto TV,eng,True,1080p,False,False,1080p; unknown,https://iptv-org.github.io/api/streams.json,https://pluto.tv/en/live-tv/vevo-pop,https://amg00056-amg00056c6-rakuten-uk-3235.playouts.now.amagi.tv/playlist.m3u8,
Vevo R&B,Music,Pluto TV,eng,True,1080p,False,False,1080p; unknown,https://iptv-org.github.io/api/streams.json; https://iptv-org.github.io/iptv/index.m3u,https://pluto.tv/en/live-tv/vevo-randb,https://d1hf773q57zx9s.cloudfront.net/Vevo_R_B.m3u8,
XITE 90's Throwback,Music,XITE,eng,True,1080p,False,False,1080p,https://iptv-org.github.io/api/streams.json; https://iptv-org.github.io/iptv/index.m3u,https://xite.com/,https://d284aawtm5vi48.cloudfront.net/v1/master/3722c60a815c199d9c0ef36c5b73da68a62b09d1/cc-fjdfi2br1jtq7/XITE_90s_Throwback.m3u8,
XITE Hits,Music,XITE,eng,True,1080p,False,False,1080p,https://iptv-org.github.io/api/streams.json; https://iptv-org.github.io/iptv/index.m3u,,https://amg01243-xitenetworksint-hitsuk-samsunguk-mvovq.amagi.tv/playlist/amg01243-xitenetworksint-hitsuk-samsunguk/playlist.m3u8,
XITE Rock x Metal,Music,XITE,eng,True,720p,False,True,1080p; 720p,https://iptv-org.github.io/api/streams.json,https://xite.com/,https://jmp2.uk/plu-623a1b5188ecdc0007c9ef5a.m3u8,
BBC Kids,Kids,Pluto TV,eng,True,720p,False,True,720p,https://iptv-org.github.io/api/streams.json; https://iptv-org.github.io/iptv/index.m3u,https://pluto.tv/en/live-tv/bbc-kids,https://dmr1h4skdal9h.cloudfront.net/playlist.m3u8,
MBC 3 USA,Kids,MBC,ara; eng,True,1080p,False,False,1080p,https://iptv-org.github.io/api/streams.json,https://mbc3.mbc.net/,https://shd-gcp-live.edgenextcdn.net/live/bitmovin-mbc-3-usa/5d58265a862a476dc7f97694addb5ded/index.m3u8,
Nick Jr. Pluto TV,Kids,Pluto TV,eng,False,720p,False,True,720p; unknown,https://iptv-org.github.io/api/streams.json; https://iptv-org.github.io/iptv/index.m3u,https://pluto.tv/en/live-tv/nick-jr-pluto-tv-ptv1,https://jmp2.uk/plu-5ca6748a37b88b269472dad9.m3u8,
Nickelodeon Pluto TV,Kids,Pluto TV,eng,False,720p,False,True,720p,https://iptv-org.github.io/api/streams.json; https://iptv-org.github.io/iptv/index.m3u,https://pluto.tv/live-tv/nick-pluto-tv/details,https://jmp2.uk/plu-5ca673e0d0bd6c2689c94ce3.m3u8,
Nicktoons (Pluto TV),Kids,Nickelodeon,eng,True,unknown,False,False,unknown,https://iptv-org.github.io/api/streams.json; https://iptv-org.github.io/iptv/index.m3u,http://nicktoons.nick.com/,https://jmp2.uk/plu-654ca7f92c1d3300086b608c.m3u8,
Baby Shark TV,Kids,Pluto TV,eng,True,720p,False,True,1080p; 720p; unknown,https://iptv-org.github.io/api/streams.json,https://pluto.tv/en/live-tv/baby-shark-tv,https://newidco-babysharktv-1-eu.rakuten.wurl.tv/playlist.m3u8,
BabyFirst,Kids,BabyFirst,ara; eng,True,unknown,False,False,unknown,https://iptv-org.github.io/api/streams.json,https://www.babyfirsttv.com/,https://jmp2.uk/plu-5ebac49ce4dc8b00078b23bc.m3u8,
CBBC,Kids,CBBC,eng,True,720p,False,True,720p; unknown,https://iptv-org.github.io/api/streams.json; https://iptv-org.github.io/iptv/index.m3u,https://www.bbc.co.uk/tv/cbbc,https://vs-cmaf-pushb-uk-live.akamaized.net/x=4/i=urn:bbc:pips:service:cbbc_hd/iptv_hd_abr_v1.mpd,
CBeebies,Kids,CBeebies,eng,True,720p,False,True,720p; unknown,https://iptv-org.github.io/api/streams.json; https://iptv-org.github.io/iptv/index.m3u,http://www.bbc.co.uk/cbeebies/,https://vs-cmaf-pushb-uk-live.akamaized.net/x=4/i=urn:bbc:pips:service:cbeebies_hd/iptv_hd_abr_v1.mpd,
Dora TV,Kids,Pluto TV,eng,True,unknown,False,False,unknown,https://iptv-org.github.io/api/streams.json; https://iptv-org.github.io/iptv/index.m3u,https://pluto.tv/live-tv/dora-tv-ca-ptv2/details,https://jmp2.uk/plu-62e951258a26d40007b3034c.m3u8,
Forever Kids,Kids,Pluto TV,eng,True,unknown,False,False,unknown,https://iptv-org.github.io/api/streams.json; https://iptv-org.github.io/iptv/index.m3u,https://pluto.tv/en/live-tv/forever-kids,https://jmp2.uk/plu-56171fafada51f8004c4b40f.m3u8,
Garfield and Friends,Kids,Pluto TV,eng,True,unknown,False,False,unknown,https://iptv-org.github.io/api/streams.json,https://pluto.tv/en/live-tv/garfield-and-friends,https://jmp2.uk/plu-60faf9ddfcc1f200070a5932.m3u8,
HappyKids,Kids,HappyKids,eng,True,1080p,False,False,1080p,https://iptv-org.github.io/api/streams.json; https://iptv-org.github.io/iptv/index.m3u,https://happykids.tv/,https://dil9xdvretp0f.cloudfront.net/index.m3u8,
Hasbro Legends,Kids,Hasbro,eng,True,1080p,False,False,1080p,https://iptv-org.github.io/api/streams.json; https://iptv-org.github.io/iptv/index.m3u,,https://amg02713-amg02713c11-amgplt0852.playout.now3.amagi.tv/ts-us-e2-n2/playlist/amg02713-amg02713c11-amgplt0852/playlist.m3u8,
Kartoon Channel!,Kids,Pluto TV,eng,True,720p,False,True,1080p; 720p,https://iptv-org.github.io/api/streams.json,https://pluto.tv/en/live-tv/kartoon-channel,https://aegis-cloudfront-1.tubi.video/ba23a03c-22ff-4a48-ae7e-dd8bf4ee4e29/kc_co.m3u8,
Ketchup TV,Kids,Ketchup,eng,True,720p,False,True,720p,https://iptv-org.github.io/api/streams.json; https://iptv-org.github.io/iptv/index.m3u,https://ketchuptv.com/policy/terms,https://d24p9tv2w5yorn.cloudfront.net/vod.m3u8,
Kidoodle.TV,Kids,Kidoodle.TV,eng,True,1080p,False,False,1080p,https://iptv-org.github.io/api/streams.json; https://iptv-org.github.io/iptv/index.m3u,https://www.kidoodle.tv/,https://amg07653-apmc-amg07653c9-samsung-us-8740.playouts.now.amagi.tv/playlist.m3u8,
KidsFlix,Kids,KidsFlix,eng,True,1080p,False,False,1080p,https://iptv-org.github.io/api/streams.json; https://iptv-org.github.io/iptv/index.m3u,https://www.kidsflix.com/,https://stream-us-east-1.getpublica.com/playlist.m3u8?network_id=50,
Lego Channel,Kids,Lego,eng,True,1080p,False,False,1080p,https://iptv-org.github.io/api/streams.json,,https://dh18i7whff86v.cloudfront.net/index.m3u8,
LEGO Kids TV,Kids,Pluto TV,eng,True,unknown,False,False,unknown,https://iptv-org.github.io/api/streams.json; https://iptv-org.github.io/iptv/index.m3u,https://pluto.tv/en/live-tv/lego-kids-tv,https://jmp2.uk/plu-60fb01a24795a6000762fe83.m3u8,
Moonbug Kids,Kids,Moonbug,eng,True,1080p,False,False,1080p,https://iptv-org.github.io/api/streams.json,https://www.moonbug.com/channel,https://dq2a9ghraf7sw.cloudfront.net/Moonbug.m3u8,
Mr Bean Animated,Kids,Mr,eng,True,1080p,False,False,1080p; unknown,https://iptv-org.github.io/api/streams.json; https://iptv-org.github.io/iptv/index.m3u,,https://amg00627-amg00627c23-samsung-au-4110.playouts.now.amagi.tv/playlist.m3u8,
Ninja Kidz TV,Kids,Ninja,eng,True,720p,False,True,720p; unknown,https://iptv-org.github.io/api/streams.json; https://iptv-org.github.io/iptv/index.m3u,https://www.ninja-kidz.com/,https://d3868b4ny0rgdf.cloudfront.net/playlist.m3u8,
PBS Kids,Kids,PBS,eng,True,720p,False,True,720p,https://iptv-org.github.io/api/streams.json; https://iptv-org.github.io/iptv/index.m3u,https://pbskids.org/,https://livestream.pbskids.org/out/v1/14507d931bbe48a69287e4850e53443c/est.m3u8,
Peppa Pig,Kids,Pluto TV,eng,True,unknown,False,False,unknown,https://iptv-org.github.io/api/streams.json; https://iptv-org.github.io/iptv/index.m3u,https://pluto.tv/live-tv/peppapig/details,https://jmp2.uk/plu-5d14fb6c84dd37df3b4290c5.m3u8,
Persiana Junior,Kids,Persiana,fas,True,unknown,False,False,unknown,https://iptv-org.github.io/api/streams.json; https://iptv-org.github.io/iptv/index.m3u,https://persianagroup.tv/,https://junhls.persiana.live/hls/stream.m3u8,
Persiana Teen,Kids,Persiana,fas,True,unknown,False,False,unknown,https://iptv-org.github.io/api/streams.json; https://iptv-org.github.io/iptv/index.m3u,https://www.persianagroup.tv/,https://kphls.persiana.live/hls/stream.m3u8,
Pooya TV,Kids,Pooya,fas,True,unknown,False,False,unknown,https://iptv-org.github.io/api/streams.json; https://iptv-org.github.io/iptv/index.m3u; https://raw.githubusercontent.com/Free-TV/IPTV/master/playlist.m3u8,http://www.pooyatv.ir/,https://ncdn.telewebion.ir/pooya/live/playlist.m3u8,
Ryan and Friends,Kids,Pluto TV,eng,True,1080p,False,False,1080p; unknown,https://iptv-org.github.io/api/streams.json,https://pluto.tv/en/live-tv/ryan-and-friends,https://cdn-apse1-prod.tsv2.amagi.tv/linear/amg00286-pocketwatch-ryanandfriends-samsungnz/playlist.m3u8,
Sat 7 Kids,Kids,Sat,ara,True,1080p,False,False,1080p,https://iptv-org.github.io/api/streams.json; https://iptv-org.github.io/iptv/index.m3u,http://sat7kids.com/,https://svs.itworkscdn.net/sat7kidslive/sat7kids.smil/playlist_dvr.m3u8,
Super Simple Songs,Kids,Super,eng,True,1080p,False,False,1080p,https://iptv-org.github.io/api/streams.json; https://iptv-org.github.io/iptv/index.m3u,,https://janson-supersimplesongs-1-us.roku.wurl.tv/playlist.m3u8,
Teletubbies,Kids,Teletubbies,eng,True,720p,False,True,720p; unknown,https://iptv-org.github.io/api/streams.json; https://iptv-org.github.io/iptv/index.m3u,,https://dv8lsrd8fecw9.cloudfront.net/master.m3u8,
Tiny Pop,Kids,Tiny,eng,True,1080p,False,False,1080p,https://iptv-org.github.io/api/streams.json,http://www.tinypop.com/,https://amg01753-narrativeentert-tinypop-samsunguk-hvvb7.amagi.tv/playlist/amg01753-narrativeentert-tinypop-samsunguk/playlist.m3u8,
ToonGoggles,Kids,ToonGoggles,eng,True,720p,False,True,720p,https://iptv-org.github.io/api/streams.json; https://iptv-org.github.io/iptv/index.m3u,https://www.toongoggles.com/,https://amg01329-otterainc-toongoggles-samsungau-ad-4c.amagi.tv/playlist/amg01329-otterainc-toongoggles-samsungau/playlist.m3u8,
Totally Turtles,Kids,Pluto TV,eng,True,720p,False,True,720p; unknown,https://iptv-org.github.io/api/streams.json; https://iptv-org.github.io/iptv/index.m3u,https://pluto.tv/en/live-tv/totally-turtles,https://jmp2.uk/plu-62e95265c9fd030007268fb9.m3u8,
Transformers TV,Kids,Pluto TV,eng,True,720p,False,True,720p; unknown,https://iptv-org.github.io/api/streams.json; https://iptv-org.github.io/iptv/index.m3u,https://pluto.tv/live-tv/transformerstv/details,https://jmp2.uk/plu-60fb053712f22a0007ff14d2.m3u8,
ABC News,News,ABC,eng,False,720p,False,True,720p,https://iptv-org.github.io/api/streams.json; https://iptv-org.github.io/iptv/index.m3u,https://www.abc.net.au/news/newschannel/,https://abc-news-dmd-streams-1.akamaized.net/out/v1/701126012d044971b3fa89406a440133/index.m3u8,
ABC News Live,News,ABC,eng,False,720p,False,True,1080p; 720p; unknown,https://iptv-org.github.io/api/streams.json,https://abcnews.go.com/Live,https://aegis-cloudfront-1.tubi.video/d6cbb0de-68e4-4f3b-82f9-bf5d526e0bde/index.m3u8,
Al Hadath,News,Al,ara,True,1080p,False,False,1080p,https://iptv-org.github.io/api/streams.json; https://iptv-org.github.io/iptv/index.m3u,https://www.alhadath.net/,https://shd-gcp-live.edgenextcdn.net/live/bitmovin-hadath/2ff87ec4c2f3ede35295a20637d9f8fd/index.m3u8,
Al Jazeera Arabic,News,Al,ara,False,1080p,False,False,1080p,https://iptv-org.github.io/api/streams.json; https://iptv-org.github.io/iptv/index.m3u,https://www.aljazeera.net/,https://live-hls-apps-aja-fa.getaj.net/AJA/01.m3u8,
Al Jazeera English,News,Al,eng,False,1080p,False,False,1080p,https://iptv-org.github.io/api/streams.json; https://iptv-org.github.io/iptv/index.m3u,https://www.aljazeera.net/,https://live-hls-apps-aje-fa.getaj.net/AJE/index.m3u8,
Al Jazeera Mubasher,News,Al,ara,True,1080p,False,False,1080p,https://iptv-org.github.io/api/streams.json; https://iptv-org.github.io/iptv/index.m3u,http://mubasher.aljazeera.net/,https://live-hls-apps-ajm-fa.getaj.net/AJM/index.m3u8,
Alarabiya,News,Alarabiya,ara,True,1080p,False,False,1080p,https://iptv-org.github.io/api/streams.json,https://www.alarabiya.net/,https://live.alarabiya.net/alarabiapublish/alarabiya.smil/alarabiapublish/alarabiya_1080p/chunks.m3u8,
BBC Arabic,News,BBC,ara,True,720p,True,True,540p; 720p,https://iptv-org.github.io/api/streams.json; https://iptv-org.github.io/iptv/index.m3u,https://www.bbc.com/arabic,https://vs-cmaf-pushb-ww-live.akamaized.net/x=4/i=urn:bbc:pips:service:bbc_arabic_tv/pc_hd_abr_v2.mpd,
BBC News,News,BBC,eng,False,720p,True,True,1080p; 540p; 720p; unknown,https://iptv-org.github.io/api/streams.json,https://www.bbc.co.uk/tv/bbcnews,https://jmp2.uk/plu-65d92a8c8b24c80008e285c0.m3u8,
BBC Persian,News,BBC,fas,True,720p,True,True,1080p; 540p; 720p,https://iptv-org.github.io/api/streams.json,https://www.bbc.com/persian,https://vs-cmaf-pushb-ww-live.akamaized.net/x=4/i=urn:bbc:pips:service:bbc_persian_tv/pc_hd_abr_v2.mpd,
CBS News 24/7,News,CBS News and Stations,eng,False,720p,False,True,720p; unknown,https://iptv-org.github.io/api/streams.json,https://www.cbsnews.com/,https://cbsn-us-vtt.cbsnstream.cbsnews.com/out/v1/ef868690d34144509eda696884bf1619/master.m3u8,
Euronews English,News,Euronews,eng,True,720p,False,True,720p,https://iptv-org.github.io/api/streams.json,https://www.euronews.com/,https://a-cdn.klowdtv.com/live3/euronews_720p/playlist.m3u8,
France 24 Arabic,News,France,ara,True,576p,True,True,1080p; 360p; 576p; 720p,https://iptv-org.github.io/api/streams.json,https://www.france24.com/,https://live.france24.com/hls/live/2037222-b/F24_AR_HI_HLS/master_900.m3u8,
France 24 English,News,France,eng,True,576p,True,True,1080p; 360p; 576p; 720p,https://iptv-org.github.io/api/streams.json,https://www.france24.com/,https://live.france24.com/hls/live/2037218-b/F24_EN_HI_HLS/master_900.m3u8,
Iran International,News,Iran,fas,True,720p,False,True,1080p; 720p,https://iptv-org.github.io/api/streams.json,https://iranintl.com/,https://live.livetvstream.co.uk/LS-63503-4/index.m3u8,
NBC News NOW,News,NBC,eng,False,720p,False,True,1080p; 720p,https://iptv-org.github.io/api/streams.json,https://www.nbcnews.com/now,https://jmp2.uk/plu-5df97894467dfa00091c873c.m3u8,
Sky News,News,Sky,eng,False,unknown,False,False,unknown,https://raw.githubusercontent.com/Free-TV/IPTV/master/playlist.m3u8,https://news.sky.com/,https://linear021-gb-hls1-prd-ak.cdn.skycdp.com/Content/HLS_001_hd/Live/channel(skynews)/index_mob.m3u8,
Sky News Arabia,News,Sky,ara,True,720p,False,True,1080p; 720p,https://iptv-org.github.io/api/streams.json; https://raw.githubusercontent.com/Free-TV/IPTV/master/playlist.m3u8,https://www.skynewsarabia.com/,https://stream.skynewsarabia.com/hls/sna.m3u8,
Al Arabiya Business,News,Al,ara,True,1080p,False,False,1080p,https://iptv-org.github.io/api/streams.json; https://iptv-org.github.io/iptv/index.m3u; https://raw.githubusercontent.com/Free-TV/IPTV/master/playlist.m3u8,https://www.alarabiya.net/aswaq,https://live.alarabiya.net/alarabiapublish/aswaaq.smil/playlist.m3u8,
Al Mayadeen TV,News,Al,ara,True,576p,False,True,576p,https://iptv-org.github.io/api/streams.json; https://iptv-org.github.io/iptv/index.m3u; https://raw.githubusercontent.com/Free-TV/IPTV/master/playlist.m3u8,https://www.almayadeen.net/,https://mdnlv.cdn.octivid.com/almdn/smil:mpegts.stream.smil/playlist.m3u8,
Al Sharqiya News,News,Al,ara,True,1080p,False,False,1080p,https://iptv-org.github.io/api/streams.json; https://iptv-org.github.io/iptv/index.m3u; https://raw.githubusercontent.com/Free-TV/IPTV/master/playlist.m3u8,http://www.alsharqiya.com/,https://5d94523502c2d.streamlock.net/alsharqiyalive/mystream/playlist.m3u8,
Alhurra,News,Alhurra,ara,True,720p,False,True,720p,https://iptv-org.github.io/api/streams.json; https://iptv-org.github.io/iptv/index.m3u,https://www.alhurra.com/,https://mbn-ingest-worldsafe.akamaized.net/hls/live/2038900/MBN_Alhurra_Worldsafe_HLS/master.m3u8,
Alhurra Iraq,News,Alhurra,ara,True,720p,False,True,720p,https://iptv-org.github.io/api/streams.json; https://iptv-org.github.io/iptv/index.m3u,https://www.alhurra.com/,https://mbn-ingest-worldsafe.akamaized.net/hls/live/2038899/MBN_Iraq_Worldsafe_HLS/master.m3u8,
Asharq News,News,Asharq,ara,True,1080p,False,False,1080p,https://iptv-org.github.io/api/streams.json; https://iptv-org.github.io/iptv/index.m3u,https://asharq.com/,https://live-news.asharq.com/asharq.m3u8,
Bahrain International,News,Bahrain,ara; eng,True,720p,False,True,720p,https://iptv-org.github.io/api/streams.json; https://iptv-org.github.io/iptv/index.m3u,https://www.mia.gov.bh/media-center/live-tv-and-radio/?lang=en,https://5c7b683162943.streamlock.net/live/ngrp:bahraininternational_all/playlist.m3u8,
Bloomberg TV,News,Bloomberg,eng,True,720p,True,True,1080p; 270p; 720p; unknown,https://iptv-org.github.io/api/streams.json; https://iptv-org.github.io/iptv/index.m3u,https://www.bloomberg.com/live/us/btv,https://bloomberg.com/media-manifest/streams/asia-event.m3u8,
CGTN,News,China Global Television Network,eng,True,576p,False,True,1080p; 576p,https://iptv-org.github.io/api/streams.json; https://raw.githubusercontent.com/Free-TV/IPTV/master/playlist.m3u8,https://www.cgtn.com/tv,https://news.cgtn.com/resource/live/english/cgtn-news.m3u8,
CNA,News,CNA,eng,True,1080p,False,False,1080p,https://iptv-org.github.io/api/streams.json; https://iptv-org.github.io/iptv/index.m3u,https://www.channelnewsasia.com/,https://d2e1asnsl7br7b.cloudfront.net/7782e205e72f43aeb4a48ec97f66ebbe/index.m3u8,
CNBC Arabiya,News,CNBC,ara,True,1080p,False,False,1080p,https://iptv-org.github.io/api/streams.json; https://iptv-org.github.io/iptv/index.m3u,https://www.cnbcarabia.com/,https://cnbc-live.akamaized.net/cnbc/master.m3u8,
CNBC Europe,News,CNBC,eng,True,unknown,False,False,unknown,https://raw.githubusercontent.com/Free-TV/IPTV/master/playlist.m3u8,https://www.cnbc.com/europe-television/,https://amg01079-nbcuuk-amg01079c1-samsung-es-1261.playouts.now.amagi.tv/playlist/amg01079-nbcuukfast-cnbcpe-samsunges/playlist.m3u8,
DW Arabic,News,DW,ara,True,1080p,False,False,1080p,https://iptv-org.github.io/api/streams.json; https://iptv-org.github.io/iptv/index.m3u,https://www.dw.com/,https://dwamdstream103.akamaized.net/hls/live/2015526/dwstream103/master.m3u8,
DW English,News,DW,eng,True,1080p,False,False,1080p,https://iptv-org.github.io/api/streams.json; https://iptv-org.github.io/iptv/index.m3u,https://www.dw.com/,https://amg01644-amg01644c1-amgplt0343.playout.now3.amagi.tv/ts-eu-w1-n2/playlist/amg01644-amg01644c1-amgplt0343/playlist.m3u8,
Fox Weather,News,Fox,eng,True,720p,False,True,1080p; 720p,https://iptv-org.github.io/api/streams.json; https://iptv-org.github.io/iptv/index.m3u; https://raw.githubusercontent.com/Free-TV/IPTV/master/playlist.m3u8,https://www.foxweather.com/,https://247wlive.foxweather.com/stream/index.m3u8,
IraneFarda TV,News,IraneFarda,fas,True,unknown,False,False,unknown,https://iptv-org.github.io/api/streams.json; https://iptv-org.github.io/iptv/index.m3u,http://iranefardalive.com/,https://iranefardalive.com/stream/live.m3u8,
Newsmax 2,News,Newsmax,eng,True,720p,False,True,1080p; 720p; unknown,https://iptv-org.github.io/api/streams.json,https://www.newsmaxtv.com/n2,https://a-cdn.klowdtv.com/live3/newsmax2_720p/playlist.m3u8,
Oman TV Mubashir,News,Oman,ara,True,1080p,False,False,1080p,https://iptv-org.github.io/api/streams.json; https://iptv-org.github.io/iptv/index.m3u,http://part.gov.om/part/,https://partwota.cdn.mgmlcdn.com/omlive/smil:omlive.stream.smil/chunklist.m3u8,
Press TV,News,Press,eng,True,unknown,False,False,unknown,https://raw.githubusercontent.com/Free-TV/IPTV/master/playlist.m3u8,https://www.presstv.ir/,https://cdnlive.presstv.ir/cdnlive/smil:cdnlive.smil/playlist.m3u8,
VoA TV Persian,News,VoA,fas,True,1080p,False,False,1080p; unknown,https://iptv-org.github.io/api/streams.json; https://iptv-org.github.io/iptv/index.m3u,https://ir.voanews.com/,https://voa-ingest.akamaized.net/hls/live/2033876/tvmc07/playlist.m3u8,
Al Jazeera Documentary,Documentary,Al,ara,True,1080p,False,False,1080p,https://iptv-org.github.io/api/streams.json; https://iptv-org.github.io/iptv/index.m3u,http://doc.aljazeera.net/,https://live-hls-apps-ajd-fa.getaj.net/AJD/index.m3u8,
BBC Earth (FAST),Documentary,BBC,eng,True,720p,False,True,1080p; 720p,https://iptv-org.github.io/api/streams.json,,https://aegis-cloudfront-1.tubi.video/bb1fc6ad-9948-42ea-aaf3-20acfcdeecac/playlist.m3u8,
History TV18,Documentary,Network18,eng; hin,False,1080p,False,False,1080p,https://iptv-org.github.io/api/streams.json; https://iptv-org.github.io/iptv/index.m3u,http://www.historyindia.com/,https://amg01448-amg01448c16-samsung-in-3495.playouts.now.amagi.tv/playlist/amg01448-samsungindia-historychannelenglish-samsungin/playlist.m3u8,
National Geographic Abu Dhabi,Documentary,National,ara,True,unknown,False,False,unknown,https://raw.githubusercontent.com/Free-TV/IPTV/master/playlist.m3u8,http://www.natgeotv.ae/,https://admdn2.cdn.mangomolo.com/nagtv/smil:nagtv.stream.smil/playlist.m3u8,
Asharq Discovery,Documentary,Asharq,ara,True,1080p,False,False,1080p,https://iptv-org.github.io/api/streams.json; https://iptv-org.github.io/iptv/index.m3u,https://asharqdiscovery.com,https://svs.itworkscdn.net/asharqdiscoverylive/asharqd.smil/playlist_dvr.m3u8,
Asharq Documentary,Documentary,Asharq,ara,True,1080p,False,False,1080p,https://iptv-org.github.io/api/streams.json; https://iptv-org.github.io/iptv/index.m3u,https://now.asharq.com/%D9%85%D8%A8%D8%A7%D8%B4%D8%B1-%D8%A7%D9%84%D8%B4%D8%B1%D9%82-%D8%A7%D9%84%D9%88%D8%AB%D8%A7%D8%A6%D9%82%D9%8A%D8%A9,https://svs.itworkscdn.net/asharqdocumentarylive/asharqdocumentary.smil/playlist_dvr.m3u8,
Autentic History,Documentary,Autentic,eng,False,720p,False,True,1080p; 720p,https://iptv-org.github.io/api/streams.json,https://www.autentic.com/117/Channels.htm#autentic_history,https://autentic-autentichistory-1-gb.samsung.wurl.tv/playlist.m3u8,
Bloomberg Originals,Documentary,Bloomberg,eng,True,1080p,False,False,1080p; unknown,https://iptv-org.github.io/api/streams.json; https://iptv-org.github.io/iptv/index.m3u,https://www.bloomberg.com/originals/live,https://86fdc85a.wurl.com/master/f36d25e7e52f1ba8d7e56eb859c636563214f541/TEctZ2JfQmxvb21iZXJnT3JpZ2luYWxzX0hMUw/playlist.m3u8,
CNA Originals,Documentary,CNA,eng,True,1080p,False,False,1080p,https://iptv-org.github.io/api/streams.json; https://iptv-org.github.io/iptv/index.m3u,https://www.channelnewsasia.com/,https://amg01082-cna-amg01082c1-rlaxx-us-11304.playouts.now.amagi.tv/playlist.m3u8,
Curiosity NOW,Documentary,Curiosity,eng,True,1080p,False,False,1080p,https://iptv-org.github.io/api/streams.json; https://iptv-org.github.io/iptv/index.m3u,https://www.autentic.com/117/Channels.htm#curiosity_now,https://amg00170-amg00170c4-samsung-gb-4232.playouts.now.amagi.tv/playlist.m3u8,
Danger TV,Documentary,Danger,eng,True,720p,False,True,720p,https://iptv-org.github.io/api/streams.json; https://iptv-org.github.io/iptv/index.m3u,https://www.dangertv.com/about/terms,https://dk0n7jh428tzj.cloudfront.net/v1/dangertv/samsungheadend_us/latest/main/hls/playlist.m3u8,
Documentary+,Documentary,Documentary+,eng,True,1080p,False,False,1080p,https://iptv-org.github.io/api/streams.json,https://docplus.com/live-channels,https://d1kx9y4yhe8h6h.cloudfront.net/playlist.m3u8,
Docurama,Documentary,Docurama,eng,True,1080p,False,False,1080p,https://iptv-org.github.io/api/streams.json,http://docurama.com/,https://docurama-tcl.amagi.tv/playlist.m3u8,
Get.factual,Documentary,Pluto TV,eng,True,720p,False,True,720p,https://iptv-org.github.io/api/streams.json; https://iptv-org.github.io/iptv/index.m3u,https://pluto.tv/en/live-tv/get-factual-gb,https://d1nhni5l2n8hjt.cloudfront.net/gf.m3u8,
History Hit,Documentary,History,eng,True,720p,False,True,1080p; 720p,https://iptv-org.github.io/api/streams.json,https://www.historyhit.com/,https://cdn-apse1-prod.tsv2.amagi.tv/linear/amg00426-littledotstudio-timelinenz-samsungnz/playlist.m3u8,
INWILD,Documentary,Insight TV,eng,True,720p,False,True,1080p; 720p,https://iptv-org.github.io/api/streams.json,https://www.in.tv/channel/inwild,https://amg00861-terninternation-inwild-samsungau-3qrga.amagi.tv/playlist/amg00861-terninternation-inwild-samsungau/playlist.m3u8,
Love Nature,Documentary,Love,eng,True,720p,False,True,1080p; 720p,https://iptv-org.github.io/api/streams.json,https://tv.lovenature.com/,https://jmp2.uk/plu-66df8a29b25d2b0008fc5fe0.m3u8,
Love The Planet,Documentary,Love The Planet,eng,True,1080p,False,False,1080p,https://iptv-org.github.io/api/streams.json; https://iptv-org.github.io/iptv/index.m3u,https://lovetvchannels.com/en/our-channels/#planet,https://amg01821-lovetvchannels-lovetheplanetuksamsung-samsunguk-apopw.amagi.tv/playlist/amg01821-lovetvchannels-lovetheplanetuksamsung-samsunguk/playlist.m3u8,
MagellanTV Now,Documentary,MagellanTV,eng,True,1080p,False,False,1080p,https://iptv-org.github.io/api/streams.json; https://iptv-org.github.io/iptv/index.m3u,https://watch.plex.tv/live-tv/channel/magellantv-now,https://amg00376-magellan-amg00376c5-samsung-au-1708.playouts.now.amagi.tv/playlist/amg00376-magellantv-magellantvnowww-samsungau/playlist.m3u8,
NatureTime,Documentary,NatureTime,eng,True,1080p,False,False,1080p,https://iptv-org.github.io/api/streams.json; https://iptv-org.github.io/iptv/index.m3u,https://naturetimetv.com/,https://amg00090-blueantllc-lovenature-au-samsungau-wggcn.amagi.tv/playlist/amg00090-blueantllc-lovenature-au-samsungau/playlist.m3u8,
PBS Nature,Documentary,PBS,eng,False,720p,False,True,1080p; 720p,https://iptv-org.github.io/api/streams.json,https://watch.plex.tv/live-tv/channel/pbs-nature,https://jmp2.uk/plu-640a64bd73e013000893d4e0.m3u8,
Persiana Docs,Documentary,Persiana,fas,True,unknown,False,False,unknown,https://iptv-org.github.io/api/streams.json; https://iptv-org.github.io/iptv/index.m3u,https://persianagroup.tv/,https://scihls.persiana.live/hls/stream.m3u8,
Smithsonian Channel Selects,Documentary,Pluto TV,eng,True,unknown,False,False,unknown,https://iptv-org.github.io/api/streams.json; https://iptv-org.github.io/iptv/index.m3u,https://pluto.tv/live-tv/smithsonian-channel-selects-se-ptv1/details,https://jmp2.uk/plu-61fb988e032c0100077d5252.m3u8,
Terra Mater WILD,Documentary,Autentic,eng,True,1080p,False,False,1080p,https://iptv-org.github.io/api/streams.json; https://iptv-org.github.io/iptv/index.m3u,https://www.autentic.com/117/Channels.htm#terra_mater,https://amg01775-amg01775c1-amgplt0343.playout.now3.amagi.tv/playlist/amg01775-amg01775c1-amgplt0343/playlist.m3u8,
WaterBear,Documentary,WaterBear,eng,True,1080p,False,False,1080p,https://iptv-org.github.io/api/streams.json; https://iptv-org.github.io/iptv/index.m3u,https://www.waterbear.com/,https://amg01415-waterbearnetwor-waterbear-samsunguk-1h0y8.amagi.tv/playlist/amg01415-waterbearnetwor-waterbear-samsunguk/playlist.m3u8,
Wedo Big Stories,Documentary,Wedo,eng,True,1080p,False,False,1080p,https://iptv-org.github.io/api/streams.json; https://iptv-org.github.io/iptv/index.m3u,https://wedotv.com/channels?program=wedobigdocs,https://amg00735-videosolutionsa-wedobigdocs-ono-0urlz.amagi.tv/playlist/amg00735-videosolutionsa-wedobigdocs-ono/playlist.m3u8,
WildEarth,Documentary,WildEarth,eng,True,1080p,False,False,1080p,https://iptv-org.github.io/api/streams.json,https://wildearth.tv/,https://cdn-ue1-prod.tsv2.amagi.tv/linear/amg01290-wildearth-oando/playlist.m3u8,
BBC Food,Lifestyle,Pluto TV,eng,True,1080p,False,False,1080p; unknown,https://iptv-org.github.io/api/streams.json; https://iptv-org.github.io/iptv/index.m3u,https://pluto.tv/en/live-tv/bbc-food,https://d1e9r0b71zfwk7.cloudfront.net/playlist.m3u8,
BBC Home & Garden,Lifestyle,Pluto TV,eng,True,1080p,False,False,1080p,https://iptv-org.github.io/api/streams.json; https://iptv-org.github.io/iptv/index.m3u,https://pluto.tv/en/live-tv/bbc-home,https://d11r33s5i066xh.cloudfront.net/playlist.m3u8,
NBC LX Home,Lifestyle,NBC,eng,False,720p,False,True,1080p; 720p,https://iptv-org.github.io/api/streams.json,https://www.lx.com/,https://dn7vkzd5khpp3.cloudfront.net/v1/manifest/3722c60a815c199d9c0ef36c5b73da68a62b09d1/cc-jnz0hbnuaajo2/b3d9d2ee-94c1-4de2-bb46-b1ed009f4f30/4.m3u8,
Autentic Travel,Lifestyle,Autentic,eng,False,720p,False,True,1080p; 720p,https://iptv-org.github.io/api/streams.json,https://www.autentic.com/117/Channels.htm#autentic_travel,https://autentic-autentictravel-1-gb.samsung.wurl.tv/playlist.m3u8,
FashionTV Europe,Lifestyle,FashionTV,eng,False,1080p,False,False,1080p; unknown,https://iptv-org.github.io/api/streams.json; https://iptv-org.github.io/iptv/index.m3u,https://www.fashiontv.com/,https://68f1accef2154d2195cae87dec183843.mediatailor.us-east-1.amazonaws.com/v1/master/44f73ba4d03e9607dcd9bebdcb8494d86964f1d8/RakutenTV-eu_FashionTV/playlist.m3u8,
Gusto TV,Lifestyle,Gusto,eng,True,720p,False,True,1080p; 720p,https://iptv-org.github.io/api/streams.json,https://gustotv.com/,https://d31d5kw64c7b6i.cloudfront.net/v1/gustotv_samsung/samsungheadend_us/latest/main/hls/playlist.m3u8,
INFAST,Lifestyle,Insight TV,eng,True,1080p,False,False,1080p,https://iptv-org.github.io/api/streams.json,https://www.in.tv/channel/infast,https://amg00861-amg00861c11-rlaxx-uk-3950.playouts.now.amagi.tv/playlist.m3u8,
Journy,Lifestyle,Journy,eng,True,720p,False,True,720p,https://iptv-org.github.io/api/streams.json; https://iptv-org.github.io/iptv/index.m3u,,https://d3s3a5c7f101eb.cloudfront.net/playlist.m3u8,
Localish,Lifestyle,Localish,eng,True,720p,False,True,1080p; 720p,https://iptv-org.github.io/api/streams.json,,https://aegis-cloudfront-1.tubi.video/0ecc85a2-5e1b-482a-9c69-3eaaee160f2e/index.m3u8,
NDTV Good Times,Lifestyle,NDTV,eng; hin,True,396p,False,False,1080p; 396p,https://iptv-org.github.io/api/streams.json,https://www.mygoodtimes.in/,https://d2gvyg6lvauoko.cloudfront.net/230226/ndtvgoodtimes/chunks.m3u8,
PBS Travel,Lifestyle,PBS,eng,True,1080p,False,False,1080p,https://iptv-org.github.io/api/streams.json; https://iptv-org.github.io/iptv/index.m3u,,https://d3hqevbyoxtkoi.cloudfront.net/PBS_Travel.m3u8,
Persiana Travel,Lifestyle,Persiana,fas,True,unknown,False,False,unknown,https://iptv-org.github.io/api/streams.json,https://www.persianagroup.tv/,https://mardomhls.wns.live/hls/stream.m3u8,
So... Real,Lifestyle,Pluto TV,eng,True,720p,False,True,720p,https://iptv-org.github.io/api/streams.json; https://iptv-org.github.io/iptv/index.m3u,,https://all3media-soreal-1-gb.samsung.wurl.tv/playlist.m3u8,
Stingray Naturescape,Lifestyle,Stingray,eng,False,720p,False,True,1080p; 720p,https://iptv-org.github.io/api/streams.json,https://www.stingray.com/stingray-naturescape,https://jmp2.uk/plu-5812bd9f249444e05d09cc4e.m3u8,
Superyacht TV,Lifestyle,Superyacht,eng,True,1080p,False,False,1080p,https://iptv-org.github.io/api/streams.json; https://iptv-org.github.io/iptv/index.m3u,https://superyacht.tv/,https://sy.wns.live/hls/stream.m3u8,
Tastemade,Lifestyle,Tastemade,eng,True,720p,False,True,1080p; 720p,https://iptv-org.github.io/api/streams.json,https://www.tastemade.com/,https://jmp2.uk/plu-5f998c1fc54853000797bacd.m3u8,
Tastemade Travel,Lifestyle,Tastemade,eng,True,1080p,False,False,1080p,https://iptv-org.github.io/api/streams.json; https://iptv-org.github.io/iptv/index.m3u,,https://d6ef3usc6d9cl.cloudfront.net/Tastemade_Travel.m3u8,
The Design Network,Lifestyle,Pluto TV,eng,True,1080p,False,False,1080p,https://iptv-org.github.io/api/streams.json; https://iptv-org.github.io/iptv/index.m3u,https://pluto.tv/en/live-tv/the-design-network,https://amg00441-amg00441c1-rakuten-us-6050.playouts.now.amagi.tv/playlist.m3u8,
The Jamie Oliver Channel,Lifestyle,The,eng,True,720p,False,True,1080p; 720p,https://iptv-org.github.io/api/streams.json,https://www.xumo.tv/live-guide/the-jamie-oliver-channel,https://jmp2.uk/plu-64dab9df3d48f40008868091.m3u8,
This Old House,Lifestyle,Pluto TV,eng,True,1080p,False,False,1080p; unknown,https://iptv-org.github.io/api/streams.json; https://iptv-org.github.io/iptv/index.m3u,https://pluto.tv/en/live-tv/this-old-house,https://thisoldhouse-2-us.roku.wurl.tv/playlist.m3u8,
Travelxp,Lifestyle,Travelxp,eng; hin,True,1080p,False,False,1080p,https://iptv-org.github.io/api/streams.json,http://www.travelxp.tv/,https://amg00416-amg00416c9-samsung-in-4882.playouts.now.amagi.tv/playlist/amg00416-travelxp-travelxphd-samsungin/playlist.m3u8,
Aaj Tak,India,India Today Group,hin,False,720p,True,True,1080p; 404p; 720p,https://iptv-org.github.io/api/streams.json,https://www.aajtak.in/livetv,https://d1rc86nwwc9fag.cloudfront.net/vglive-sk-791258/master.m3u8,
Colors MENA,India,Colors,hin,True,720p,False,True,720p,https://iptv-org.github.io/api/streams.json; https://iptv-org.github.io/iptv/index.m3u,https://www.colorstv.com/us/,https://da86m1sqpm3o0.cloudfront.net/28072023/smil:colorsme.smil/playlist.m3u8,
Sony KAL Hindi,India,Sony,hin,True,1080p,False,False,1080p,https://iptv-org.github.io/api/streams.json; https://iptv-org.github.io/iptv/index.m3u,https://www.sonykal.com/,https://wurlsonypicturestv.global.transmit.live/hls/68deeb1c0238cda82df543dd/v1/spt_sonykal_1/lg_us/latest/main/hls/playlist.m3u8,
Zee Bharat,India,Zee,hin,True,576p,False,True,576p; 720p,https://iptv-org.github.io/api/streams.json,https://www.zee5.com/channels/details/zee-hindustan/0-9-zeehindustan,https://mumt03.tangotv.in/Dsly5z3HZEEBHARAT/index.m3u8,
Zee Business,India,Zee,hin,True,576p,False,True,576p; 720p,https://iptv-org.github.io/api/streams.json,https://www.zeebiz.com/,https://dwby15d04agvq.cloudfront.net/index_1.m3u8,
Zee Cine Classic,India,Zee,hin,True,1080p,False,False,1080p,https://iptv-org.github.io/api/streams.json; https://iptv-org.github.io/iptv/index.m3u,,https://amg00862-amg00862c8-amgplt0173.playout.now3.amagi.tv/playlist/amg00862-amg00862c8-amgplt0173/playlist.m3u8,
Zee Comedy Nation,India,Zee,hin,True,1080p,False,False,1080p,https://iptv-org.github.io/api/streams.json; https://iptv-org.github.io/iptv/index.m3u,,https://amg00862-amg00862c5-amgplt0173.playout.now3.amagi.tv/playlist/amg00862-amg00862c5-amgplt0173/playlist.m3u8,
Zee Dil Se,India,Zee,hin,True,1080p,False,False,1080p,https://iptv-org.github.io/api/streams.json; https://iptv-org.github.io/iptv/index.m3u,,https://amg00862-amg00862c6-amgplt0173.playout.now3.amagi.tv/playlist/amg00862-amg00862c6-amgplt0173/playlist.m3u8,
Zee Horror Nights,India,Zee,hin,True,1080p,False,False,1080p,https://iptv-org.github.io/api/streams.json; https://iptv-org.github.io/iptv/index.m3u,,https://amg00862-amg00862c7-amgplt0173.playout.now3.amagi.tv/playlist/amg00862-amg00862c7-amgplt0173/playlist.m3u8,
Zee News,India,Zee,hin,True,576p,False,True,1080p; 576p; 720p,https://iptv-org.github.io/api/streams.json,https://zeenews.india.com/,https://mumt07.tangotv.in/zHjX9OFlZEENEWS/index.m3u8,
Zee South Flix,India,Zee,hin,True,1080p,False,False,1080p,https://iptv-org.github.io/api/streams.json; https://iptv-org.github.io/iptv/index.m3u,,https://amg00862-amg00862c9-amgplt0173.playout.now3.amagi.tv/playlist/amg00862-amg00862c9-amgplt0173/playlist.m3u8,
&TV International (FAST),India,Z,hin,True,1080p,False,False,1080p,https://iptv-org.github.io/api/streams.json,https://andtv.zee5.com/,https://3f56f997.wurl.com/master/f36d25e7e52f1ba8d7e56eb859c636563214f541/U2Ftc3VuZy1nYl9BbmRUVl9ITFM/playlist.m3u8,Official Amagi/Wurl international FAST edition; not an assertion of the Indian pay-TV feed.
ABP News,India,ABP,eng; hin,True,576p,False,True,1080p; 576p,https://iptv-org.github.io/api/streams.json,https://www.abplive.com/,https://cdn.pishow.tv/ott/live/1057/master.m3u8,
B4U Kadak,India,B4U,hin,True,576p,False,True,576p; unknown,https://iptv-org.github.io/api/streams.json,http://b4umovies.in/,https://mumt06.tangotv.in/qYyB8fXVB4UKADAK/index.m3u8,
B4U Movies,India,B4U,hin,True,576p,False,True,576p; unknown,https://iptv-org.github.io/api/streams.json,http://b4umovies.in/,https://mumt06.tangotv.in/qYyB8fXVB4UMOVIES/index.m3u8,
B4U Music,India,B4U,hin,True,576p,False,True,1080p; 576p,https://iptv-org.github.io/api/streams.json,https://b4umusic.in/,https://cdn.pishow.tv/ott/live/415/master.m3u8,
BT TV,India,BT,eng,True,720p,False,True,720p,https://iptv-org.github.io/api/streams.json; https://iptv-org.github.io/iptv/index.m3u,https://www.businesstoday.in/bt-tv,https://feeds.intoday.in/bttv/itgd.m3u8,
CNBC Awaaz,India,Network18,hin,True,1080p,False,False,1080p,https://iptv-org.github.io/api/streams.json; https://iptv-org.github.io/iptv/index.m3u,http://hindi.moneycontrol.com/,https://n18syndication.akamaized.net/bpk-tv/CNBC_Awaaz_NW18_MOB/output01/master.m3u8,
CNBC TV18,India,Network18,eng,True,1080p,False,False,1080p,https://iptv-org.github.io/api/streams.json; https://iptv-org.github.io/iptv/index.m3u,https://www.cnbctv18.com/,https://n18syndication.akamaized.net/bpk-tv/CNBC_TV18_NW18_MOB/output01/index.m3u8,
Dangal 2,India,Enterr10,hin,True,576p,False,True,576p; 720p,https://iptv-org.github.io/api/streams.json,http://dangaltv.enterr10tv.com/,https://mumt03.tangotv.in/Dsly5z3HDANGAL2/index.m3u8,
Dangal TV,India,Enterr10,hin,True,576p,False,True,576p; 720p,https://iptv-org.github.io/api/streams.json,http://dangaltv.enterr10tv.com/,https://cdn.pishow.tv/ott/live/1141/master.m3u8,
DD Bharati,India,Doordarshan,hin,True,720p,True,True,504p; 720p,https://iptv-org.github.io/api/streams.json; https://iptv-org.github.io/iptv/index.m3u,https://prasarbharati.gov.in/doordarshan/,https://cdn.pishow.tv/ott/live/10/master.m3u8,
DD India,India,Doordarshan,eng,False,576p,False,True,1080p; 576p; 720p,https://iptv-org.github.io/api/streams.json,https://prasarbharati.gov.in/doordarshan/,https://cdn.pishow.tv/ott/live/23/master.m3u8,
DD National,India,Doordarshan,hin,False,576p,False,True,1080p; 576p,https://iptv-org.github.io/api/streams.json,https://prasarbharati.gov.in/dd-national-homepage/,https://cdn.pishow.tv/ott/live/11/master.m3u8,
DD News,India,Doordarshan,hin,False,576p,False,True,1080p; 576p,https://iptv-org.github.io/api/streams.json,https://ddnews.gov.in/,https://streams.tangotv.in/DDNEWS/ORIGIN/index.m3u8,
Epic Bharat,India,Epic,hin,True,576p,False,True,1080p; 576p,https://iptv-org.github.io/api/streams.json; https://iptv-org.github.io/iptv/index.m3u,https://www.epicon.in/live-tv/nazara-live-tv,https://mumt06.tangotv.in/qYyB8fXVEPICTV/index.m3u8,
Epic Kids,India,Epic,eng; hin,True,1080p,False,False,1080p,https://iptv-org.github.io/api/streams.json; https://iptv-org.github.io/iptv/index.m3u,https://www.in10media.com/gubbare,https://cc-t8lqe1o99pszu.akamaized.net/v1/master/3722c60a815c199d9c0ef36c5b73da68a62b09d1/cc-t8lqe1o99pszu/playlist.m3u8,
Epic Music,India,Epic,hin,False,576p,False,True,1080p; 576p,https://iptv-org.github.io/api/streams.json; https://iptv-org.github.io/iptv/index.m3u,https://www.showboxchannel.com/,https://mumt04.tangotv.in/m18aqlK4EPICMUSIC/index.m3u8,
Epic TV,India,Epic,eng; hin,True,1080p,False,False,1080p,https://iptv-org.github.io/api/streams.json; https://iptv-org.github.io/iptv/index.m3u,https://www.epicon.in/,https://cc-czbq30x55knit.akamaized.net/v1/master/3722c60a815c199d9c0ef36c5b73da68a62b09d1/cc-czbq30x55knit/DIYC/PMSL/IN10/Epic_TV_IN_B/Epic_TV_IN_B.m3u8,
Food Food,India,Food,hin,True,576p,False,True,576p,https://iptv-org.github.io/api/streams.json,http://www.foodfood.com/,https://cdn.pishow.tv/ott/live/267/master.m3u8,
Goldmines,India,Goldmines,hin,True,576p,False,True,576p,https://iptv-org.github.io/api/streams.json,https://goldmines.co.in/,https://cdn.pishow.tv/ott/live/1459/master.m3u8,
Goldmines Bollywood,India,Goldmines,hin,True,576p,False,True,576p; unknown,https://iptv-org.github.io/api/streams.json; https://iptv-org.github.io/iptv/index.m3u,https://goldmines.co.in,https://mumt03.tangotv.in/Dsly5z3HGOLDMINESBOLLYWOOD/index.m3u8,
Goldmines Movies,India,Goldmines,hin,True,576p,False,True,576p,https://iptv-org.github.io/api/streams.json,https://goldmines.co.in,https://cdn.pishow.tv/ott/live/1461/master.m3u8,
India Today,India,India Today Group,eng,False,720p,False,True,720p,https://iptv-org.github.io/api/streams.json; https://iptv-org.github.io/iptv/index.m3u,https://www.indiatoday.in/,https://d1rc86nwwc9fag.cloudfront.net/vglive-sk-293160/master.m3u8,
India TV,India,India,hin,True,576p,False,True,576p; 720p,https://iptv-org.github.io/api/streams.json,https://www.indiatvnews.com/,https://streams.tangotv.in/INDIATV/ORIGIN/index.m3u8,
Music India,India,Music,hin,False,576p,False,True,576p; 720p,https://iptv-org.github.io/api/streams.json,https://www.musicindiatv.com/,https://mumt05.tangotv.in/87NeALx2MUSICINDIA/index.m3u8,
NDTV 24x7,India,NDTV,eng,True,480p,False,False,480p,https://iptv-org.github.io/api/streams.json,https://www.ndtv.com/,https://ndtv24x7elemarchana.akamaized.net/hls/live/2003678/ndtv24x7/master.m3u8,
NDTV India,India,NDTV,hin,True,576p,True,True,480p; 576p,https://iptv-org.github.io/api/streams.json,https://ndtv.in/,https://cdn.pishow.tv/ott/live/299/master.m3u8,
NDTV Profit,India,NDTV,eng,True,576p,False,True,1080p; 576p,https://iptv-org.github.io/api/streams.json,http://profit.ndtv.com/,https://cdn.pishow.tv/ott/live/1287/master.m3u8,
News18 India,India,Network18,hin,False,1080p,False,False,1080p,https://iptv-org.github.io/api/streams.json; https://iptv-org.github.io/iptv/index.m3u,https://hindi.news18.com/,https://n18syndication.akamaized.net/bpk-tv/News18_India_NW18_MOB/output01/master.m3u8,
Q TV,India,Q,hin,True,576p,False,True,576p,https://iptv-org.github.io/api/streams.json; https://iptv-org.github.io/iptv/index.m3u,https://www.theq.tv/,https://mumt05.tangotv.in/87NeALx2THEQ/index.m3u8,
Republic Bharat,India,Republic Media,hin,False,576p,False,True,1080p; 576p; unknown,https://iptv-org.github.io/api/streams.json,https://bharat.republicworld.com/,https://streams.tangotv.in/REPUBLICBHARAT/ORIGIN/index.m3u8,
Republic TV,India,Republic Media,eng,False,576p,False,True,1080p; 576p; unknown,https://iptv-org.github.io/api/streams.json,https://www.republicworld.com/,https://streams.tangotv.in/REPUBLICTV/ORIGIN/index.m3u8,
Shemaroo Josh,India,Shemaroo Entertainment,hin,True,576p,False,True,576p,https://iptv-org.github.io/api/streams.json,,https://cdn.pishow.tv/ott/live/337/master.m3u8,
Shemaroo TV,India,Shemaroo Entertainment,hin,True,576p,False,True,576p; 720p,https://iptv-org.github.io/api/streams.json,https://www.shemarooent.com/STV/,https://mumt06.tangotv.in/qYyB8fXVSHEMAROOTV/index.m3u8,
Shemaroo Umang,India,Shemaroo,hin,True,576p,False,True,576p; 720p,https://iptv-org.github.io/api/streams.json,,https://mumt04.tangotv.in/m18aqlK4SHEMAROOUMANG/index.m3u8,
Times Now,India,Times Network,eng; hin,False,720p,False,True,720p,https://iptv-org.github.io/api/streams.json; https://iptv-org.github.io/iptv/index.m3u,https://www.timesnownews.com/,https://dztlhgid9me95.cloudfront.net/live-tv/Vidgyor/timesnow/timesnow_master.m3u8,
Times Now Navbharat,India,Times Network,hin,False,576p,False,True,1080p; 576p,https://iptv-org.github.io/api/streams.json,https://www.timesnownews.com/,https://streams.tangotv.in/TIMESNOWNAVBHARAT/ORIGIN/index.m3u8,
TV9 Bharatvarsh,India,TV9,hin,True,576p,False,True,576p; 720p,https://iptv-org.github.io/api/streams.json,https://www.tv9hindi.com/,https://streams.tangotv.in/TV9BHARATVARSH/ORIGIN/index.m3u8,
WION,India,Zee Media,eng,True,720p,True,True,1080p; 240p; 360p; 480p; 504p; 720p,https://iptv-org.github.io/api/streams.json,https://www.wionews.com/,https://d7x8z4yuq42qn.cloudfront.net/index_1.m3u8,
YRF Music,India,YRF,hin,True,1080p,False,False,1080p,https://iptv-org.github.io/api/streams.json; https://iptv-org.github.io/iptv/index.m3u,https://www.yashrajfilms.com/divisions/yrf-digital/yrf-music-fast-channel,https://cdn-uw2-prod.tsv2.amagi.tv/linear/amg01412-xiaomiasia-yrfmusic-xiaomi/playlist.m3u8,
Zoom,India,Times Network,hin,True,576p,False,True,576p,https://iptv-org.github.io/api/streams.json,https://www.zoomtventertainment.com/live-tv,https://d2esfk1pb9cdob.cloudfront.net/master.m3u8,
Afghanistan International,Afghanistan,Afghanistan,ara; eng; pus,False,720p,False,True,720p,https://iptv-org.github.io/api/streams.json; https://iptv-org.github.io/iptv/index.m3u; https://github.com/ImranAlokozay/famous-tv/blob/1f5f569f6131a5ab93f6b8fbdb5abf8ef6dc3eae/public/tv.m3u,https://www.afintl.com/,https://hls.afintl.com/hls/stream.m3u8,
Amu TV,Afghanistan,Amu,prd; pus,False,unknown,False,False,unknown,https://amu.tv/; https://iptv-org.github.io/api/streams.json; https://iptv-org.github.io/iptv/index.m3u; https://github.com/ImranAlokozay/famous-tv/blob/1f5f569f6131a5ab93f6b8fbdb5abf8ef6dc3eae/public/tv.m3u,https://amu.tv/,https://jmc-live.ercdn.net/amutv/amutv.m3u8,
BBC News Pashto,Afghanistan,BBC,prd; pus; tuk,True,720p,False,True,720p,https://iptv-org.github.io/api/streams.json; https://iptv-org.github.io/iptv/index.m3u,https://www.bbc.com/pashto,https://vs-cmaf-pushb-ww.live.cf.md.bbci.co.uk/x=4/i=urn:bbc:pips:service:bbc_afghan_tv/pc_hd_abr_v2.mpd,
Dunya Naw TV,Afghanistan,Dunya,prd,False,576p,False,True,576p,https://iptv-org.github.io/api/streams.json; https://iptv-org.github.io/iptv/index.m3u; https://github.com/ImranAlokozay/famous-tv/blob/1f5f569f6131a5ab93f6b8fbdb5abf8ef6dc3eae/public/tv.m3u,,https://dunyanhls.wns.live/hls/stream.m3u8,
Hewad TV,Afghanistan,Hewad,pus,False,720p,False,True,720p,https://github.com/ImranAlokozay/famous-tv/blob/1f5f569f6131a5ab93f6b8fbdb5abf8ef6dc3eae/public/tv.m3u,,http://51.210.199.58/hls/stream.m3u8,
Lemar TV,Afghanistan,Lemar,pus,False,720p,False,True,720p,https://github.com/ImranAlokozay/famous-tv/blob/1f5f569f6131a5ab93f6b8fbdb5abf8ef6dc3eae/public/tv.m3u,https://www.lemar.tv/,https://tgn.bozztv.com/eshgtv-dvrfl05/gin-lemar/index.m3u8,
Payam-e-Afghan TV,Afghanistan,Payam-e-Afghan,prd; pus,False,480p,False,False,480p,https://iptv-org.github.io/api/streams.json; https://iptv-org.github.io/iptv/index.m3u; https://github.com/ImranAlokozay/famous-tv/blob/1f5f569f6131a5ab93f6b8fbdb5abf8ef6dc3eae/public/tv.m3u,http://www.payameafghantv.com/,https://g5nl6xx5lpq6-hls-live.5centscdn.com/live1234/2621b29e501b445fabf227b086123b70.sdp/mono.m3u8,
RTA,Afghanistan,RTA,prd,False,1080p,False,False,1080p,https://iptv-org.github.io/api/streams.json; https://iptv-org.github.io/iptv/index.m3u; https://github.com/ImranAlokozay/famous-tv/blob/1f5f569f6131a5ab93f6b8fbdb5abf8ef6dc3eae/public/tv.m3u,https://rta.af/,https://rta-tv.akamaized.net/live/SD/RTA-1/RTA/RTA-1.m3u8,
Shamshad TV,Afghanistan,Shamshad,pus,False,unknown,False,False,unknown,https://iptv-org.github.io/api/streams.json; https://iptv-org.github.io/iptv/index.m3u; https://github.com/ImranAlokozay/famous-tv/blob/1f5f569f6131a5ab93f6b8fbdb5abf8ef6dc3eae/public/tv.m3u,https://shamshadtv.tv/,https://5a1178b42cc03.streamlock.net/shamshadtelevision/shamshadtelevision/playlist.m3u8,
Sharq Radio TV,Afghanistan,Sharq,pus,False,1080p,False,False,1080p,https://iptv-org.github.io/api/streams.json; https://iptv-org.github.io/iptv/index.m3u; https://github.com/ImranAlokozay/famous-tv/blob/1f5f569f6131a5ab93f6b8fbdb5abf8ef6dc3eae/public/tv.m3u,http://www.shaiqnetwork.com/,https://59nyqa5elwap-hls-live.5centscdn.com/Sharq/eec89088ee408b80387155272b113256.sdp/playlist.m3u8,
Tamadon TV,Afghanistan,Tamadon,prd,False,720p,False,True,720p,https://iptv-org.github.io/api/streams.json; https://iptv-org.github.io/iptv/index.m3u; https://github.com/ImranAlokozay/famous-tv/blob/1f5f569f6131a5ab93f6b8fbdb5abf8ef6dc3eae/public/tv.m3u,https://tamadon.af/,https://hls.tamadon.live/hls/stream.m3u8,
Tolo TV,Afghanistan,Tolo,pus,False,unknown,False,False,unknown,https://github.com/ImranAlokozay/famous-tv/blob/1f5f569f6131a5ab93f6b8fbdb5abf8ef6dc3eae/public/tv.m3u,https://www.tolo.tv/,https://tgn.bozztv.com/eshgtv-dvrfl05/gin-tolohd/tracks-v1a1/mono.m3u8,
TOLOnews,Afghanistan,TOLOnews,pus,False,720p,False,True,720p,https://github.com/ImranAlokozay/famous-tv/blob/1f5f569f6131a5ab93f6b8fbdb5abf8ef6dc3eae/public/tv.m3u,https://www.tolonews.com/,https://tgn.bozztv.com/eshgtv-dvrfl05/gin-tolonews/index.m3u8,
4 Afghanistan,Afghanistan,4,prd; pus,False,unknown,False,False,unknown,https://iptv-org.github.io/api/streams.json; https://iptv-org.github.io/iptv/index.m3u; https://github.com/ImranAlokozay/famous-tv/blob/1f5f569f6131a5ab93f6b8fbdb5abf8ef6dc3eae/public/tv.m3u,,https://4afghls.persiana.live/hls/stream.m3u8,
ABN Afghanistan,Afghanistan,ABN,prd; pus,False,540p,False,False,540p,https://github.com/ImranAlokozay/famous-tv/blob/1f5f569f6131a5ab93f6b8fbdb5abf8ef6dc3eae/public/tv.m3u,https://www.abnafghanistan.com/,https://mediaserver.abnvideos.com/streams/abnafghanistan.m3u8,
Afghan Nobel Movies,Afghanistan,Afghan,prd,False,720p,False,True,720p,https://iptv-org.github.io/api/streams.json; https://iptv-org.github.io/iptv/index.m3u; https://github.com/ImranAlokozay/famous-tv/blob/1f5f569f6131a5ab93f6b8fbdb5abf8ef6dc3eae/public/tv.m3u,https://www.afghannobel.com/,https://live.relentlessinnovations.net:1936/afghannobel/afghannobel/playlist.m3u8,
Afghan Nobel TV,Afghanistan,Afghan,prd,False,720p,False,True,720p,https://iptv-org.github.io/api/streams.json; https://iptv-org.github.io/iptv/index.m3u; https://github.com/ImranAlokozay/famous-tv/blob/1f5f569f6131a5ab93f6b8fbdb5abf8ef6dc3eae/public/tv.m3u,https://www.afghannobel.com,https://live.relentlessinnovations.net:1936/afghannobeltv/afghannobeltv/playlist.m3u8,
AMC,Afghanistan,AMC,pus,False,1080p,False,False,1080p,https://iptv-org.github.io/api/streams.json; https://iptv-org.github.io/iptv/index.m3u; https://github.com/ImranAlokozay/famous-tv/blob/1f5f569f6131a5ab93f6b8fbdb5abf8ef6dc3eae/public/tv.m3u,https://www.amctv.media/,https://amchls.wns.live/hls/stream.m3u8,
Bahar TV,Afghanistan,Bahar,prd,False,720p,False,True,720p,https://iptv-org.github.io/api/streams.json; https://iptv-org.github.io/iptv/index.m3u; https://github.com/ImranAlokozay/famous-tv/blob/1f5f569f6131a5ab93f6b8fbdb5abf8ef6dc3eae/public/tv.m3u,https://bahartv-af.com/,https://59d39900ebfb8.streamlock.net/bahartv/bahartv/playlist.m3u8,
Eslah TV,Afghanistan,Eslah,pus,False,720p,False,True,720p,https://iptv-org.github.io/api/streams.json; https://iptv-org.github.io/iptv/index.m3u; https://github.com/ImranAlokozay/famous-tv/blob/1f5f569f6131a5ab93f6b8fbdb5abf8ef6dc3eae/public/tv.m3u,http://www.eslah.tv/,https://eslahtvhls.wns.live/hls/stream.m3u8,
Iman TV,Afghanistan,Iman,pus,False,480p,False,False,480p,https://iptv-org.github.io/api/streams.json; https://iptv-org.github.io/iptv/index.m3u; https://github.com/ImranAlokozay/famous-tv/blob/1f5f569f6131a5ab93f6b8fbdb5abf8ef6dc3eae/public/tv.m3u,https://iman-tv.com/,https://live.relentlessinnovations.net:1936/imantv/imantv/playlist.m3u8,
Kayhan TV,Afghanistan,Kayhan,pus,False,720p,False,True,720p,https://iptv-org.github.io/api/streams.json; https://iptv-org.github.io/iptv/index.m3u; https://github.com/ImranAlokozay/famous-tv/blob/1f5f569f6131a5ab93f6b8fbdb5abf8ef6dc3eae/public/tv.m3u,,https://playout395.livestreamingcdn.com/live/Stream1/playlist.m3u8,
Maah TV,Afghanistan,Maah,fas,False,720p,False,True,720p,https://iptv-org.github.io/api/streams.json; https://iptv-org.github.io/iptv/index.m3u,https://maahtv.com/,https://hls.maahtv.live/hls/stream.m3u8,
Shams TV,Afghanistan,Shams,prd; pus,False,unknown,False,False,unknown,https://github.com/ImranAlokozay/famous-tv/blob/1f5f569f6131a5ab93f6b8fbdb5abf8ef6dc3eae/public/tv.m3u,https://www.darya.net/,https://fflive-darya-educationtv.b-cdn.net/master.m3u8,
Sohail TV,Afghanistan,Sohail,prd,False,1080p,False,False,1080p,https://iptv-org.github.io/api/streams.json; https://iptv-org.github.io/iptv/index.m3u; https://github.com/ImranAlokozay/famous-tv/blob/1f5f569f6131a5ab93f6b8fbdb5abf8ef6dc3eae/public/tv.m3u,https://sohailtv.com/,https://iptv.sohailtv.com/sohail/playlist/index.m3u8,
92 News HD,Pakistan,92 News,urd,False,720p,False,True,720p,https://iptv-org.github.io/api/streams.json,https://92newshd.tv/live-tv,http://92news.vdn.dstreamone.net/92newshd/92hd/playlist.m3u8,
ARY Digital,Pakistan,ARY,urd,True,unknown,False,False,unknown,https://cdn.aryzap.com/tv-api/mainSlider.php,https://live.arydigital.tv/,https://arydigitalm.aryzap.com/v1/0183ea2408f90b8ed5941a38bc72/0183ea24302d0b8ed5941a38bc75/main.m3u8,
ARY Musik,Pakistan,ARY Digital Network,urd,False,1080p,False,False,1080p,https://iptv-org.github.io/api/streams.json; https://iptv-org.github.io/iptv/index.m3u,https://arymusik.tv/,https://arymusik.aryzap.com/3fd38b2c62d0c3bbd74aedabb533c03a/6459fa78/v1/01847ac7a4930b8ed5aa6ed04aba/01847ac8f5f70b8ed5aa6ed04abd/main.m3u8,
ARY News,Pakistan,ARY Digital Network,urd,False,unknown,False,False,unknown,https://live.arynews.tv/,http://www.arynews.tv/en/,https://arynewsm.aryzap.com/v1/0183ef4f7c260b8ed5941a38bc84/0183ef4fadde0b8ed5941a38bc87/main.m3u8,
Dunya News,Pakistan,Dunya,urd,False,720p,False,True,720p,https://iptv-org.github.io/api/streams.json; https://iptv-org.github.io/iptv/index.m3u,https://dunyanews.tv/live/,https://imob.dunyanews.tv/livehd/ngrp:dunyalivehd_2_all/playlist.m3u8,
HarPal Geo,Pakistan,Geo Television,urd,False,360p,False,False,360p,https://iptv-org.github.io/api/streams.json; https://iptv-org.github.io/iptv/index.m3u,https://harpalgeo.tv/,https://jk3lz82elw79-hls-live.5centscdn.com/harPalGeo/955ad3298db330b5ee880c2c9e6f23a0.sdp/playlist.m3u8,
Hum TV,Pakistan,Hum,urd,False,720p,False,True,720p; unknown,https://hum.tv/live/; https://iptv-org.github.io/api/streams.json; https://iptv-org.github.io/iptv/index.m3u,https://www.hum.tv/,https://g4wlkwx8l23a-hls-live.5centscdn.com/HUM/271ddf829afeece44d8732757fba1a66.sdp/playlist_dvr.m3u8,
Masala TV,Pakistan,Masala,urd,False,unknown,False,False,unknown,https://iptv-org.github.io/api/streams.json,https://www.masala.tv/,https://cdn4.mjunoon.tv:8087/streamtest/81M/chunks.m3u8,
Samaa TV,Pakistan,Samaa,urd,False,576p,False,True,576p,https://iptv-org.github.io/api/streams.json,https://www.samaa.tv/,https://vodzong.mjunoon.tv:8087/streamtest/SAMAA-173/playlist.m3u8,
24 News HD,Pakistan,24,urd,False,unknown,False,False,unknown,https://iptv-org.github.io/api/streams.json; https://iptv-org.github.io/iptv/index.m3u,https://www.24newshd.tv/,https://cdn4.mjunoon.tv:8087/streamtest/146M/chunks.m3u8,
8XM,Pakistan,8XM,urd,False,unknown,False,False,unknown,https://iptv-org.github.io/api/streams.json; https://iptv-org.github.io/iptv/index.m3u,https://8xm.tv/,https://cdn4.mjunoon.tv:8087/streamtest/131M/chunks.m3u8,
A-Plus TV,Pakistan,A-Plus,urd,False,unknown,False,False,unknown,https://iptv-org.github.io/api/streams.json,http://www.a-plus.tv/,https://cdn4.mjunoon.tv:8087/streamtest/118M/chunks.m3u8,
ABN News,Pakistan,ABN,urd,False,360p,False,False,360p,https://iptv-org.github.io/api/streams.json,https://abnnews.pk/abn-live/,https://vodzong.mjunoon.tv:8087/streamtest/ABN-161/playlist.m3u8,
Bol Entertainment,Pakistan,Bol,urd,False,unknown,False,False,unknown,https://iptv-org.github.io/api/streams.json; https://iptv-org.github.io/iptv/index.m3u,https://www.bolentertainment.com/,https://vodzong.mjunoon.tv:8087/streamtest/Channel5-159-4/playlist.m3u8,
Capital TV,Pakistan,Capital,urd,False,unknown,False,False,unknown,https://iptv-org.github.io/api/streams.json; https://iptv-org.github.io/iptv/index.m3u,http://capitaldigital.pk/,https://cdn4.mjunoon.tv:8087/streamtest/111M/chunks.m3u8,
Discover Pakistan,Pakistan,Discover,urd,False,1080p,False,False,1080p,https://iptv-org.github.io/api/streams.json; https://iptv-org.github.io/iptv/index.m3u,https://www.discoverpakistan.tv/,https://livecdn.live247stream.com/discoverpakistan/web/playlist.m3u8,
Jalwa TV,Pakistan,Apna Channel,eng,True,unknown,False,False,unknown,https://iptv-org.github.io/api/streams.json,https://jalwa.tv/,https://vodzong.mjunoon.tv:8087/streamtest/JalwaTV-135/live/135M/chunks.m3u8,
Neo News,Pakistan,Neo,urd,False,1080p,False,False,1080p,https://iptv-org.github.io/api/streams.json,https://www.neonetwork.pk/,https://vodzong.mjunoon.tv:8087/streamtest/Neo-110/playlist.m3u8,
News One,Pakistan,News,urd,False,720p,False,True,720p,https://iptv-org.github.io/api/streams.json; https://iptv-org.github.io/iptv/index.m3u,https://www.newsone.tv/,https://vodzong.mjunoon.tv:8087/streamtest/NEWS1-128/playlist.m3u8,
