entry_index,channel_name,category,tvg_id,identity_id,original_url,original_resolution,status,failure_reason,attempts,final_url,manifest_type,selected_variant_url,selected_resolution,selected_bandwidth,segment_url,segment_http_status,bytes_received,verified_media,checked_at
0,beIN SPORTS XTRA,Sports,beINSPORTSXTRA.us@SD,beINSPORTSXTRA.us,https://aegis-cloudfront-1.tubi.video/651ee7d3-e75b-4748-be86-422d43ff24b6/playlist.m3u8,720p,WORKING,,"[{""attempt"":1,""outcome"":""WORKING"",""reason"":""HLS manifest, media playlist, and media object responded"",""http_status"":200,""final_url"":""https://aegis-cloudfront-1.tubi.video/651ee7d3-e75b-4748-be86-422d43ff24b6/playlist.m3u8"",""elapsed_ms"":2023}]",https://aegis-cloudfront-1.tubi.video/651ee7d3-e75b-4748-be86-422d43ff24b6/playlist.m3u8,hls-master,https://aegis-cloudfront-1.tubi.video/651ee7d3-e75b-4748-be86-422d43ff24b6/playlistR576p.m3u8,576p,2199524,https://aegis-cloudfront-1.tubi.video/651ee7d3-e75b-4748-be86-422d43ff24b6/playlistR576p_1211801.ts,206,2048,True,2026-10-08T15:28:11Z
1,CBS Sports Golazo Network,Sports,CBSSportsGolazoNetwork.us@SD,CBSSportsGolazoNetwork.us,https://proped3fhg87.airspace-cdn.cbsivideo.com/golazo-live-dai/master/golazo-live-dai.m3u8,720p,UNKNOWN,Mixed failure evidence: Stream returned HTTP 500; Stream returned HTTP 500; Stream returned HTTP 500,"[{""attempt"":1,""outcome"":""UNKNOWN"",""reason"":""Stream returned HTTP 500"",""http_status"":500,""final_url"":"""",""elapsed_ms"":423},{""attempt"":2,""outcome"":""UNKNOWN"",""reason"":""Stream returned HTTP 500"",""http_status"":500,""final_url"":"""",""elapsed_ms"":395},{""attempt"":3,""outcome"":""UNKNOWN"",""reason"":""Stream returned HTTP 500"",""http_status"":500,""final_url"":"""",""elapsed_ms"":246}]",,,,unknown,,,,0,False,2026-10-08T15:28:11Z
2,CBS Sports HQ,Sports,CBSSportsHQ.us@SD,CBSSportsHQ.us,https://jmp2.uk/plu-5e9f2c05172a0f0007db4786.m3u8,720p,GEO_BLOCKED_OR_FORBIDDEN,Stream returned HTTP 403,"[{""attempt"":1,""outcome"":""GEO_BLOCKED_OR_FORBIDDEN"",""reason"":""Stream returned HTTP 403"",""http_status"":403,""final_url"":"""",""elapsed_ms"":1157}]",,,,unknown,,,,0,False,2026-10-08T15:28:11Z
3,ESPN8: The Ocho,Sports,ESPN8TheOcho.us@ESPN8TheOchoHD,ESPN8TheOcho.us,https://d3b6q2ou5kp8ke.cloudfront.net/ESPNTheOcho_1.m3u8,720p,WORKING,,"[{""attempt"":1,""outcome"":""WORKING"",""reason"":""HLS manifest, media playlist, and media object responded"",""http_status"":200,""final_url"":""https://d3b6q2ou5kp8ke.cloudfront.net/ESPNTheOcho_1.m3u8"",""elapsed_ms"":1107}]",https://d3b6q2ou5kp8ke.cloudfront.net/ESPNTheOcho_1.m3u8,hls-media,,unknown,,https://d3b6q2ou5kp8ke.cloudfront.net/ESPNTheOcho_1_5929184.ts,206,2048,True,2026-10-08T15:28:11Z
4,FIFA+,Sports,FIFAPlus.uk@English,FIFAPlus.uk,https://a62dad94.wurl.com/master/f36d25e7e52f1ba8d7e56eb859c636563214f541/UmFrdXRlblRWLWV1X0ZJRkFQbHVzRW5nbGlzaF9ITFM/playlist.m3u8,720p,WORKING,,"[{""attempt"":1,""outcome"":""WORKING"",""reason"":""HLS manifest, media playlist, and media object responded"",""http_status"":200,""final_url"":""https://a62dad94.wurl.com/master/f36d25e7e52f1ba8d7e56eb859c636563214f541/UmFrdXRlblRWLWV1X0ZJRkFQbHVzRW5nbGlzaF9ITFM/playlist.m3u8"",""elapsed_ms"":1865}]",https://a62dad94.wurl.com/master/f36d25e7e52f1ba8d7e56eb859c636563214f541/UmFrdXRlblRWLWV1X0ZJRkFQbHVzRW5nbGlzaF9ITFM/playlist.m3u8,hls-master,https://a62dad94.wurl.com/manifest/f36d25e7e52f1ba8d7e56eb859c636563214f541/UmFrdXRlblRWLWV1X0ZJRkFQbHVzRW5nbGlzaF9ITFM/a211a6fb-c7bc-4632-830b-063bdcba662f/2.m3u8,720p,3046884,https://a62dad94.wurl.com/ppc-sysdata_s_p_a_fifa_6-UTC-wfo-0-8581ba69/playlist_3000k_20261008T152716_740318.ts,206,2048,True,2026-10-08T15:28:11Z
5,FIFA+ Women,Sports,FIFAPlusWomen.uk@English,FIFAPlusWomen.uk,https://cffda8ff.wurl.com/master/f36d25e7e52f1ba8d7e56eb859c636563214f541/U2Ftc3VuZy1nYl9GSUZBUGx1c3dvbWVuX0hMUw/playlist.m3u8,720p,WORKING,,"[{""attempt"":1,""outcome"":""WORKING"",""reason"":""HLS manifest, media playlist, and media object responded"",""http_status"":200,""final_url"":""https://cffda8ff.wurl.com/master/f36d25e7e52f1ba8d7e56eb859c636563214f541/U2Ftc3VuZy1nYl9GSUZBUGx1c3dvbWVuX0hMUw/playlist.m3u8"",""elapsed_ms"":1929}]",https://cffda8ff.wurl.com/master/f36d25e7e52f1ba8d7e56eb859c636563214f541/U2Ftc3VuZy1nYl9GSUZBUGx1c3dvbWVuX0hMUw/playlist.m3u8,hls-master,https://cffda8ff.wurl.com/manifest/f36d25e7e52f1ba8d7e56eb859c636563214f541/U2Ftc3VuZy1nYl9GSUZBUGx1c3dvbWVuX0hMUw/08ff2848-2386-43c5-b060-a81d25b3815a/2.m3u8,720p,3046884,https://cffda8ff.wurl.com/ppc-sysdata_s_p_a_fifa_9-UTC-wfo-0-3a0e0d2b/playlist_3000k_20261008T152713_740287.ts,206,2048,True,2026-10-08T15:28:11Z
6,FOX Sports (FAST),Sports,FoxSportsFAST.us@FAST,FoxSportsFAST.us,https://amg02855-foxsports-amg02855c1-xumo-us-1755.playouts.now.amagi.tv/Fox-Sports-AmazonNews/playlist720-p.m3u8,720p,WORKING,,"[{""attempt"":1,""outcome"":""WORKING"",""reason"":""HLS manifest, media playlist, and media object responded"",""http_status"":200,""final_url"":""https://amg02855-foxsports-amg02855c1-xumo-us-1755.playouts.now.amagi.tv/Fox-Sports-AmazonNews/playlist720-p.m3u8"",""elapsed_ms"":1695}]",https://amg02855-foxsports-amg02855c1-xumo-us-1755.playouts.now.amagi.tv/Fox-Sports-AmazonNews/playlist720-p.m3u8,hls-media,,unknown,,https://amg02855-foxsports-amg02855c1-xumo-us-1755.playouts.now.amagi.tv/Fox-Sports-AmazonNews/playlist720-p_1524645.ts,206,2048,True,2026-10-08T15:28:11Z
7,NBC Sports NOW,Sports,NBCSportsNOW.us@SD,NBCSportsNOW.us,https://jmp2.uk/plu-6549306c83595c000815a696.m3u8,720p,GEO_BLOCKED_OR_FORBIDDEN,Stream returned HTTP 403,"[{""attempt"":1,""outcome"":""GEO_BLOCKED_OR_FORBIDDEN"",""reason"":""Stream returned HTTP 403"",""http_status"":403,""final_url"":"""",""elapsed_ms"":1327}]",,,,unknown,,,,0,False,2026-10-08T15:28:11Z
8,Red Bull TV,Sports,RedBullTV.at@SD,RedBullTV.at,https://rbmn-live.akamaized.net/hls/live/590964/BoRB-AT/master_3360.m3u8,720p,WORKING,,"[{""attempt"":1,""outcome"":""WORKING"",""reason"":""HLS manifest, media playlist, and media object responded"",""http_status"":200,""final_url"":""https://rbmn-live.akamaized.net/hls/live/590964/BoRB-AT/master_3360.m3u8"",""elapsed_ms"":1017}]",https://rbmn-live.akamaized.net/hls/live/590964/BoRB-AT/master_3360.m3u8,hls-media,,unknown,,https://rbmn-live.akamaized.net/hls/live/590964/BoRB-AT/20260825T185611/master_3360/00210/master_3360_01484.ts,206,2048,True,2026-10-08T15:28:11Z
9,Sky Racing 1,Sports,SkyRacing1.au@SD,SkyRacing1.au,https://636ffd31f0e12.streamlock.net/RacingStream1/RacingStream1/playlist.m3u8,720p,WORKING,,"[{""attempt"":1,""outcome"":""WORKING"",""reason"":""HLS manifest, media playlist, and media object responded"",""http_status"":200,""final_url"":""https://636ffd31f0e12.streamlock.net/RacingStream1/RacingStream1/playlist.m3u8"",""elapsed_ms"":4649}]",https://636ffd31f0e12.streamlock.net/RacingStream1/RacingStream1/playlist.m3u8,hls-master,https://636ffd31f0e12.streamlock.net/RacingStream1/RacingStream1/chunklist_w267177367.m3u8,720p,995026,https://636ffd31f0e12.streamlock.net/RacingStream1/RacingStream1/media_w267177367_5195.ts,206,2048,True,2026-10-08T15:28:11Z
10,Sky Racing 2,Sports,SkyRacing2.au@SD,SkyRacing2.au,https://skylivetab-new.akamaized.net/hls/live/2038781/sky2/index.m3u8,720p,GEO_BLOCKED_OR_FORBIDDEN,Stream returned HTTP 403,"[{""attempt"":1,""outcome"":""GEO_BLOCKED_OR_FORBIDDEN"",""reason"":""Stream returned HTTP 403"",""http_status"":403,""final_url"":"""",""elapsed_ms"":404}]",,,,unknown,,,,0,False,2026-10-08T15:28:11Z
11,T2 Tennis Channel,Sports,TennisChannel2.us@FAST,TennisChannel2.us,https://ttc-tennischannelus-firetv.amagi.tv/playlist720p.m3u8,720p,WORKING,,"[{""attempt"":1,""outcome"":""WORKING"",""reason"":""HLS manifest, media playlist, and media object responded"",""http_status"":200,""final_url"":""https://ttc-tennischannelus-firetv.amagi.tv/playlist720p.m3u8"",""elapsed_ms"":1236}]",https://ttc-tennischannelus-firetv.amagi.tv/playlist720p.m3u8,hls-media,,unknown,,https://ttc-tennischannelus-firetv.amagi.tv/playlist720p_07359.ts,206,2048,True,2026-10-08T15:28:11Z
12,Tennis Channel,Sports,TennisChannel.us@SD,TennisChannel.us,https://jmp2.uk/plu-6627621d56fc840008e47c90.m3u8,720p,GEO_BLOCKED_OR_FORBIDDEN,Stream returned HTTP 403,"[{""attempt"":1,""outcome"":""GEO_BLOCKED_OR_FORBIDDEN"",""reason"":""Stream returned HTTP 403"",""http_status"":403,""final_url"":"""",""elapsed_ms"":1453}]",,,,unknown,,,,0,False,2026-10-08T15:28:11Z
13,UFC (FAST),Sports,UFCFAST.us@FAST,UFCFAST.us,https://linear-893.frequency.stream/dist/xumo/893/hls/master/playlist-n_9.m3u8,576p,WORKING,,"[{""attempt"":1,""outcome"":""WORKING"",""reason"":""HLS manifest, media playlist, and media object responded"",""http_status"":200,""final_url"":""https://linear-893.frequency.stream/dist/xumo/893/hls/master/playlist-n_9.m3u8"",""elapsed_ms"":1908}]",https://linear-893.frequency.stream/dist/xumo/893/hls/master/playlist-n_9.m3u8,hls-media,,unknown,,https://linear-893.frequency.stream/dist/xumo/893/hls/master/playlist-n_9_41334.ts,206,2048,True,2026-10-08T15:28:11Z
14,DAZN Ringside,Sports,DAZNRingside.us@FAST,DAZNRingside.us,https://aegis-cloudfront-1.tubi.video/bfad29e2-5bee-44f3-8256-127324e8b106/720p-cc/index.m3u8,720p,WORKING,,"[{""attempt"":1,""outcome"":""WORKING"",""reason"":""HLS manifest, media playlist, and media object responded"",""http_status"":200,""final_url"":""https://aegis-cloudfront-1.tubi.video/bfad29e2-5bee-44f3-8256-127324e8b106/720p-cc/index.m3u8"",""elapsed_ms"":1306}]",https://aegis-cloudfront-1.tubi.video/bfad29e2-5bee-44f3-8256-127324e8b106/720p-cc/index.m3u8,hls-media,,unknown,,https://aegis-cloudfront-1.tubi.video/bfad29e2-5bee-44f3-8256-127324e8b106/720p-cc/seg_0747240.ts,206,2048,True,2026-10-08T15:28:11Z
15,GolfPass,Sports,GolfPass.us@FAST,GolfPass.us,https://d2icntm6fhxrry.cloudfront.net/master_3.m3u8,720p,WORKING,,"[{""attempt"":1,""outcome"":""WORKING"",""reason"":""HLS manifest, media playlist, and media object responded"",""http_status"":200,""final_url"":""https://d2icntm6fhxrry.cloudfront.net/master_3.m3u8"",""elapsed_ms"":1397}]",https://d2icntm6fhxrry.cloudfront.net/master_3.m3u8,hls-media,,unknown,,https://d2icntm6fhxrry.cloudfront.net/master_3/00641/master_3_09788.ts,206,2048,True,2026-10-08T15:28:11Z
16,Motorvision,Sports,Motorvision.de@FAST,Motorvision.de,https://stream.ads.ottera.tv/playlist.m3u8?network_id=535,720p,WORKING,,"[{""attempt"":1,""outcome"":""WORKING"",""reason"":""HLS manifest, media playlist, and media object responded"",""http_status"":200,""final_url"":""https://stream.ads.ottera.tv/playlist.m3u8?network_id=535"",""elapsed_ms"":1650}]",https://stream.ads.ottera.tv/playlist.m3u8?network_id=535,hls-master,https://stream.ads.ottera.tv/cl/261008db3rd30i317s73dsrshg/1280x720_3071200_0_f.m3u8?i=475_535,720p,3071200,https://mvg-mv.otteravision.com/mvg/mv/mv_720p/00028/mv_720p_06759.ts?device_model=&device_type=&device_manufacturer=&device_id=&partner=plex&platform=&network_id=535,206,2048,True,2026-10-08T15:28:11Z
17,WWE Superstar Central,Sports,WWESuperstarCentral.us@FAST,WWESuperstarCentral.us,https://dpv6ceilvhyrw.cloudfront.net/720p-en-vtt/index.m3u8,720p,WORKING,,"[{""attempt"":1,""outcome"":""WORKING"",""reason"":""HLS manifest, media playlist, and media object responded"",""http_status"":200,""final_url"":""https://dpv6ceilvhyrw.cloudfront.net/720p-en-vtt/index.m3u8"",""elapsed_ms"":1103}]",https://dpv6ceilvhyrw.cloudfront.net/720p-en-vtt/index.m3u8,hls-media,,unknown,,https://dpv6ceilvhyrw.cloudfront.net/720p-en-vtt/seg_0132105.ts,206,2048,True,2026-10-08T15:28:11Z
18,ACC Digital Network,Sports,ACCDigitalNetwork.us@SD,ACCDigitalNetwork.us,https://aegis-cloudfront-1.tubi.video/a1e671ae-d1c2-4e39-99c7-889e83056fd2/720p-cc/index.m3u8,720p,WORKING,,"[{""attempt"":1,""outcome"":""WORKING"",""reason"":""HLS manifest, media playlist, and media object responded"",""http_status"":200,""final_url"":""https://aegis-cloudfront-1.tubi.video/a1e671ae-d1c2-4e39-99c7-889e83056fd2/720p-cc/index.m3u8"",""elapsed_ms"":1554}]",https://aegis-cloudfront-1.tubi.video/a1e671ae-d1c2-4e39-99c7-889e83056fd2/720p-cc/index.m3u8,hls-media,,unknown,,https://aegis-cloudfront-1.tubi.video/a1e671ae-d1c2-4e39-99c7-889e83056fd2/720p-cc/seg_1754697.ts,206,2048,True,2026-10-08T15:28:11Z
19,Bahrain Sports 1,Sports,BahrainSports1.bh@SD,BahrainSports1.bh,https://5c7b683162943.streamlock.net/live/ngrp:sportsone_all/playlist.m3u8,720p,WORKING,,"[{""attempt"":1,""outcome"":""WORKING"",""reason"":""HLS manifest, media playlist, and media object responded"",""http_status"":200,""final_url"":""https://5c7b683162943.streamlock.net/live/ngrp:sportsone_all/playlist.m3u8"",""elapsed_ms"":2077}]",https://5c7b683162943.streamlock.net/live/ngrp:sportsone_all/playlist.m3u8,hls-master,https://5c7b683162943.streamlock.net/live/ngrp:sportsone_all/chunklist_w1287131018_b1307000.m3u8,720p,1307000,https://5c7b683162943.streamlock.net/live/ngrp:sportsone_all/media_w1287131018_b1307000_5556.ts,206,2048,True,2026-10-08T15:28:11Z
20,Bahrain Sports 2,Sports,BahrainSports2.bh@SD,BahrainSports2.bh,https://5c7b683162943.streamlock.net/live/ngrp:bahrainsportstwo_all/playlist.m3u8,720p,WORKING,,"[{""attempt"":1,""outcome"":""WORKING"",""reason"":""HLS manifest, media playlist, and media object responded"",""http_status"":200,""final_url"":""https://5c7b683162943.streamlock.net/live/ngrp:bahrainsportstwo_all/playlist.m3u8"",""elapsed_ms"":2021}]",https://5c7b683162943.streamlock.net/live/ngrp:bahrainsportstwo_all/playlist.m3u8,hls-master,https://5c7b683162943.streamlock.net/live/ngrp:bahrainsportstwo_all/chunklist_w638894439_b2487000.m3u8,720p,2487000,https://5c7b683162943.streamlock.net/live/ngrp:bahrainsportstwo_all/media_w638894439_b2487000_5163.ts,206,2048,True,2026-10-08T15:28:11Z
21,Bellator MMA,Sports,BellatorMMA.us@SD,BellatorMMA.us,https://jmp2.uk/plu-5ebc8688f3697d00072f7cf8.m3u8,unknown,WORKING,,"[{""attempt"":1,""outcome"":""WORKING"",""reason"":""HLS manifest, media playlist, and media object responded"",""http_status"":200,""final_url"":""https://stitcher-ipv4.pluto.tv/v2/stitch/embed/hls/channel/5ebc8688f3697d00072f7cf8/master.m3u8?deviceType=samsung-tvplus&deviceMake=samsung&deviceModel=samsung&deviceVersion=unknown&appVersion=unknown&deviceLat=0&deviceLon=0&deviceDNT=%7BTARGETOPT%7D&deviceId=%7BPSID%7D&advertisingId=%7BPSID%7D&us_privacy=%7BUS_PRIVACY%7D&samsung_app_domain=%7BAPP_DOMAIN%7D&samsung_app_name=%7BAPP_NAME%7D&profileLimit=&profileFloor=&embedPartner=samsung-tvplus&masterJWTPassthrough=1&authToken=eyJhbGciOiJIUzI1NiIsImtpZCI6IjAyYTcxZjE0LTU5YzEtNGEyMi05ODA1LTA2ZGEzZTdiNjJkMiIsInR5cCI6IkpXVCJ9.eyJwYXJ0bmVyIjoic2Ftc3VuZ3R2cGx1cyIsImZlYXR1cmVzIjp7Im11bHRpUG9kQWRzIjp7ImNvaG9ydCI6IiIsImVuYWJsZWQiOnRydWV9LCJzdGl0Y2hlckFkU2Vzc2lvbkV2ZW50Ijp7ImVuYWJsZWQiOnRydWV9LCJzdGl0Y2hlckhsc05nIjp7ImRlbXV4ZWRBdWRpbyI6ImRpc2FibGVkIn0sInN0aXRjaGVySGxzTmdWbGwiOnsiZW5hYmxlZCI6dHJ1ZX0sInN0aXRjaGVyUGFydG5lclNob3dTbGF0ZSI6eyJlbmFibGVkIjp0cnVlfX0sImlzcyI6InNlcnZpY2UtcGFydG5lci1hdXRoLnBsdXRvLnR2Iiwic3ViIjoicHJpOnYxOnBsdXRvOmRldmljZXM6YzJGdGMzVnVaM1IyY0d4MWN3PT0iLCJhdWQiOiIqLnBsdXRvLnR2IiwiZXhwIjoxNzkxNTIzNjQ4LCJpYXQiOjE3OTE0MzcyNDgsImp0aSI6IjU2N2YwYmU3LTlhZTAtNGRkZS1hNDJlLTIxMTdjYTU5MzgwYSJ9.rVrS_1P6VvCR7FWLUkWG00UUe-ga4UFnmto2g4TNTQ0"",""elapsed_ms"":2328}]",https://stitcher-ipv4.pluto.tv/v2/stitch/embed/hls/channel/5ebc8688f3697d00072f7cf8/master.m3u8?deviceType=samsung-tvplus&deviceMake=samsung&deviceModel=samsung&deviceVersion=unknown&appVersion=unknown&deviceLat=0&deviceLon=0&deviceDNT=%7BTARGETOPT%7D&deviceId=%7BPSID%7D&advertisingId=%7BPSID%7D&us_privacy=%7BUS_PRIVACY%7D&samsung_app_domain=%7BAPP_DOMAIN%7D&samsung_app_name=%7BAPP_NAME%7D&profileLimit=&profileFloor=&embedPartner=samsung-tvplus&masterJWTPassthrough=1&authToken=eyJhbGciOiJIUzI1NiIsImtpZCI6IjAyYTcxZjE0LTU5YzEtNGEyMi05ODA1LTA2ZGEzZTdiNjJkMiIsInR5cCI6IkpXVCJ9.eyJwYXJ0bmVyIjoic2Ftc3VuZ3R2cGx1cyIsImZlYXR1cmVzIjp7Im11bHRpUG9kQWRzIjp7ImNvaG9ydCI6IiIsImVuYWJsZWQiOnRydWV9LCJzdGl0Y2hlckFkU2Vzc2lvbkV2ZW50Ijp7ImVuYWJsZWQiOnRydWV9LCJzdGl0Y2hlckhsc05nIjp7ImRlbXV4ZWRBdWRpbyI6ImRpc2FibGVkIn0sInN0aXRjaGVySGxzTmdWbGwiOnsiZW5hYmxlZCI6dHJ1ZX0sInN0aXRjaGVyUGFydG5lclNob3dTbGF0ZSI6eyJlbmFibGVkIjp0cnVlfX0sImlzcyI6InNlcnZpY2UtcGFydG5lci1hdXRoLnBsdXRvLnR2Iiwic3ViIjoicHJpOnYxOnBsdXRvOmRldmljZXM6YzJGdGMzVnVaM1IyY0d4MWN3PT0iLCJhdWQiOiIqLnBsdXRvLnR2IiwiZXhwIjoxNzkxNTIzNjQ4LCJpYXQiOjE3OTE0MzcyNDgsImp0aSI6IjU2N2YwYmU3LTlhZTAtNGRkZS1hNDJlLTIxMTdjYTU5MzgwYSJ9.rVrS_1P6VvCR7FWLUkWG00UUe-ga4UFnmto2g4TNTQ0,hls-master,https://stitcher-ipv4.pluto.tv/v2/stitch/embed/hls/channel/5ebc8688f3697d00072f7cf8/1539795/playlist.m3u8?sid=SAMSUNG-TVPLUS-222833c5-5b53-4892-aa0c-f8fcc8ef77ac&deviceId=979a19ac-99d2-492d-b2cd-3c05739911e2&appName=samsungtvplus&deviceMake=samsung&authToken=eyJhbGciOiJIUzI1NiIsImtpZCI6IjAyYTcxZjE0LTU5YzEtNGEyMi05ODA1LTA2ZGEzZTdiNjJkMiIsInR5cCI6IkpXVCJ9.eyJwYXJ0bmVyIjoic2Ftc3VuZ3R2cGx1cyIsImZlYXR1cmVzIjp7Im11bHRpUG9kQWRzIjp7ImNvaG9ydCI6IiIsImVuYWJsZWQiOnRydWV9LCJzdGl0Y2hlckFkU2Vzc2lvbkV2ZW50Ijp7ImVuYWJsZWQiOnRydWV9LCJzdGl0Y2hlckhsc05nIjp7ImRlbXV4ZWRBdWRpbyI6ImRpc2FibGVkIn0sInN0aXRjaGVySGxzTmdWbGwiOnsiZW5hYmxlZCI6dHJ1ZX0sInN0aXRjaGVyUGFydG5lclNob3dTbGF0ZSI6eyJlbmFibGVkIjp0cnVlfX0sImlzcyI6InNlcnZpY2UtcGFydG5lci1hdXRoLnBsdXRvLnR2Iiwic3ViIjoicHJpOnYxOnBsdXRvOmRldmljZXM6YzJGdGMzVnVaM1IyY0d4MWN3PT0iLCJhdWQiOiIqLnBsdXRvLnR2IiwiZXhwIjoxNzkxNTIzNjQ4LCJpYXQiOjE3OTE0MzcyNDgsImp0aSI6IjU2N2YwYmU3LTlhZTAtNGRkZS1hNDJlLTIxMTdjYTU5MzgwYSJ9.rVrS_1P6VvCR7FWLUkWG00UUe-ga4UFnmto2g4TNTQ0,unknown,1539795,https://mcdn-01.plutotv.net/562_pluto/clip/5f0fc1a6de8600001333cac8_dbf6fc00_b7b0_46fd_9d03_a32c4c9ab6aa_int/720pDRM/20260408_153007/hls/1627659-2405007/hls_1000-00133.ts,206,2048,True,2026-10-08T15:28:11Z
22,Billiard TV,Sports,BilliardTV.us@SD,BilliardTV.us,https://pb-wm04vonaerv0k.akamaized.net/billi.m3u8,1080p,GEO_BLOCKED_OR_FORBIDDEN,Stream returned HTTP 403,"[{""attempt"":1,""outcome"":""GEO_BLOCKED_OR_FORBIDDEN"",""reason"":""Stream returned HTTP 403"",""http_status"":403,""final_url"":"""",""elapsed_ms"":362}]",,,,unknown,,,,0,False,2026-10-08T15:28:11Z
23,Cricket Gold,Sports,CricketGold.au@SD,CricketGold.au,https://d382r3rgbxdixq.cloudfront.net/scheduler/scheduleMaster/418/variant/22100031.m3u8,720p,WORKING,,"[{""attempt"":1,""outcome"":""WORKING"",""reason"":""HLS manifest, media playlist, and media object responded"",""http_status"":200,""final_url"":""https://d382r3rgbxdixq.cloudfront.net/scheduler/scheduleMaster/418/variant/22100031.m3u8"",""elapsed_ms"":1524}]",https://d382r3rgbxdixq.cloudfront.net/scheduler/scheduleMaster/418/variant/22100031.m3u8,hls-media,,unknown,,https://d382r3rgbxdixq.cloudfront.net/scheduler/scheduleMaster/418/variant/part/8550343464/440930616.ts,206,2048,True,2026-10-08T15:28:11Z
24,DAZN Combat,Sports,DAZNCombat.uk@SD,DAZNCombat.uk,https://jmp2.uk/plu-648056f0f77b61000828f1ba.m3u8,684p,BROKEN,Stream returned HTTP 404,"[{""attempt"":1,""outcome"":""BROKEN"",""reason"":""Stream returned HTTP 404"",""http_status"":404,""final_url"":"""",""elapsed_ms"":1066},{""attempt"":2,""outcome"":""BROKEN"",""reason"":""Stream returned HTTP 404"",""http_status"":404,""final_url"":"""",""elapsed_ms"":313},{""attempt"":3,""outcome"":""BROKEN"",""reason"":""Stream returned HTTP 404"",""http_status"":404,""final_url"":"""",""elapsed_ms"":630}]",,,,unknown,,,,0,False,2026-10-08T15:28:11Z
25,DD Sports,Sports,DDSports.in@SD,DDSports.in,https://cdn.pishow.tv/ott/live/13/master.m3u8,720p,WORKING,,"[{""attempt"":1,""outcome"":""WORKING"",""reason"":""HLS manifest, media playlist, and media object responded"",""http_status"":200,""final_url"":""https://cdn.pishow.tv/ott/live/13/master.m3u8"",""elapsed_ms"":2225}]",https://cdn.pishow.tv/ott/live/13/master.m3u8,hls-master,https://cdn.pishow.tv/ott/live/13/13_1.m3u8,576p,2340800,https://cdn.pishow.tv/ott/live/13/13_1_s000724.ts,206,2048,True,2026-10-08T15:28:11Z
26,DraftKings Network,Sports,DraftKingsNetwork.us@SD,DraftKingsNetwork.us,https://d2obyvq5go60aw.cloudfront.net/DraftKings_Network720P.m3u8,720p,WORKING,,"[{""attempt"":1,""outcome"":""WORKING"",""reason"":""HLS manifest, media playlist, and media object responded"",""http_status"":200,""final_url"":""https://d2obyvq5go60aw.cloudfront.net/DraftKings_Network720P.m3u8"",""elapsed_ms"":1023}]",https://d2obyvq5go60aw.cloudfront.net/DraftKings_Network720P.m3u8,hls-media,,unknown,,https://d2obyvq5go60aw.cloudfront.net/DraftKings_Network720P_2396610.ts,206,2048,True,2026-10-08T15:28:11Z
27,Dubai Racing 2,Sports,DubaiRacing2.ae,DubaiRacing2.ae,https://dmithrvll.cdn.mangomolo.com/dubairacing/smil:dubairacing.smil/playlist.m3u8,unknown,UNKNOWN,Mixed failure evidence: Stream connection error: Tunnel connection failed: 403 Forbidden; Stream connection error: Tunnel connection failed: 403 Forbidden; Stream connection error: Tunnel connection failed: 403 Forbidden,"[{""attempt"":1,""outcome"":""UNKNOWN"",""reason"":""Stream connection error: Tunnel connection failed: 403 Forbidden"",""http_status"":null,""final_url"":"""",""elapsed_ms"":198},{""attempt"":2,""outcome"":""UNKNOWN"",""reason"":""Stream connection error: Tunnel connection failed: 403 Forbidden"",""http_status"":null,""final_url"":"""",""elapsed_ms"":309},{""attempt"":3,""outcome"":""UNKNOWN"",""reason"":""Stream connection error: Tunnel connection failed: 403 Forbidden"",""http_status"":null,""final_url"":"""",""elapsed_ms"":101}]",,,,unknown,,,,0,False,2026-10-08T15:28:11Z
28,Dubai Racing 3,Sports,DubaiRacing3.ae,DubaiRacing3.ae,https://dmithrvll.cdn.mangomolo.com/dubaimubasher/smil:dubaimubasher.smil/playlist.m3u8,unknown,UNKNOWN,Mixed failure evidence: Stream connection error: Tunnel connection failed: 403 Forbidden; Stream connection error: Tunnel connection failed: 403 Forbidden; Stream connection error: Tunnel connection failed: 403 Forbidden,"[{""attempt"":1,""outcome"":""UNKNOWN"",""reason"":""Stream connection error: Tunnel connection failed: 403 Forbidden"",""http_status"":null,""final_url"":"""",""elapsed_ms"":279},{""attempt"":2,""outcome"":""UNKNOWN"",""reason"":""Stream connection error: Tunnel connection failed: 403 Forbidden"",""http_status"":null,""final_url"":"""",""elapsed_ms"":160},{""attempt"":3,""outcome"":""UNKNOWN"",""reason"":""Stream connection error: Tunnel connection failed: 403 Forbidden"",""http_status"":null,""final_url"":"""",""elapsed_ms"":30}]",,,,unknown,,,,0,False,2026-10-08T15:28:11Z
29,Dubai Sports 1,Sports,DubaiSports1.ae,DubaiSports1.ae,https://dmitnthfr.cdn.mgmlcdn.com/dubaisports/smil:dubaisports.stream.smil/chunklist.m3u8,unknown,UNKNOWN,Mixed failure evidence: Stream connection error: Tunnel connection failed: 403 Forbidden; Stream connection error: Tunnel connection failed: 403 Forbidden; Stream connection error: Tunnel connection failed: 403 Forbidden,"[{""attempt"":1,""outcome"":""UNKNOWN"",""reason"":""Stream connection error: Tunnel connection failed: 403 Forbidden"",""http_status"":null,""final_url"":"""",""elapsed_ms"":104},{""attempt"":2,""outcome"":""UNKNOWN"",""reason"":""Stream connection error: Tunnel connection failed: 403 Forbidden"",""http_status"":null,""final_url"":"""",""elapsed_ms"":135},{""attempt"":3,""outcome"":""UNKNOWN"",""reason"":""Stream connection error: Tunnel connection failed: 403 Forbidden"",""http_status"":null,""final_url"":"""",""elapsed_ms"":160}]",,,,unknown,,,,0,False,2026-10-08T15:28:11Z
30,Dubai Sports 2,Sports,DubaiSports2.ae,DubaiSports2.ae,https://dmitwlvvll.cdn.mangomolo.com/dubaisportshd/smil:dubaisportshd.smil/index.m3u8,unknown,UNKNOWN,Mixed failure evidence: Stream connection error: Tunnel connection failed: 403 Forbidden; Stream connection error: Tunnel connection failed: 403 Forbidden; Stream connection error: Tunnel connection failed: 403 Forbidden,"[{""attempt"":1,""outcome"":""UNKNOWN"",""reason"":""Stream connection error: Tunnel connection failed: 403 Forbidden"",""http_status"":null,""final_url"":"""",""elapsed_ms"":206},{""attempt"":2,""outcome"":""UNKNOWN"",""reason"":""Stream connection error: Tunnel connection failed: 403 Forbidden"",""http_status"":null,""final_url"":"""",""elapsed_ms"":173},{""attempt"":3,""outcome"":""UNKNOWN"",""reason"":""Stream connection error: Tunnel connection failed: 403 Forbidden"",""http_status"":null,""final_url"":"""",""elapsed_ms"":471}]",,,,unknown,,,,0,False,2026-10-08T15:28:11Z
31,Dubai Sports 3,Sports,DubaiSports3.ae,DubaiSports3.ae,https://dmitwlvvll.cdn.mangomolo.com/dubaisportshd5/smil:dubaisportshd5.smil/index.m3u8,unknown,UNKNOWN,Mixed failure evidence: Stream connection error: Tunnel connection failed: 403 Forbidden; Stream connection error: Tunnel connection failed: 403 Forbidden; Stream connection error: Tunnel connection failed: 403 Forbidden,"[{""attempt"":1,""outcome"":""UNKNOWN"",""reason"":""Stream connection error: Tunnel connection failed: 403 Forbidden"",""http_status"":null,""final_url"":"""",""elapsed_ms"":188},{""attempt"":2,""outcome"":""UNKNOWN"",""reason"":""Stream connection error: Tunnel connection failed: 403 Forbidden"",""http_status"":null,""final_url"":"""",""elapsed_ms"":51},{""attempt"":3,""outcome"":""UNKNOWN"",""reason"":""Stream connection error: Tunnel connection failed: 403 Forbidden"",""http_status"":null,""final_url"":"""",""elapsed_ms"":216}]",,,,unknown,,,,0,False,2026-10-08T15:28:11Z
32,El-Heddaf TV,Sports,ElHeddafTV.dz@SD,ElHeddafTV.dz,https://live.elheddaftv.com:8081/elheddaftv/index.m3u8,1080p,WORKING,,"[{""attempt"":1,""outcome"":""WORKING"",""reason"":""HLS manifest, media playlist, and media object responded"",""http_status"":200,""final_url"":""https://live.elheddaftv.com:8081/elheddaftv/index.m3u8"",""elapsed_ms"":2407}]",https://live.elheddaftv.com:8081/elheddaftv/index.m3u8,hls-master,https://live.elheddaftv.com:8081/elheddaftv/tracks-v1a1/mono.m3u8,1080p,3910000,https://live.elheddaftv.com:8081/elheddaftv/tracks-v1a1/2026/10/08/15/28/03-06000.ts,206,2048,True,2026-10-08T15:28:11Z
33,F1 Channel,Sports,F1Channel.ie@US,F1Channel.ie,https://amg12058-c15studio-amg12058c1-lg-us-5787.playouts.now.amagi.tv/playlist720p.m3u8,720p,WORKING,,"[{""attempt"":1,""outcome"":""WORKING"",""reason"":""HLS manifest, media playlist, and media object responded"",""http_status"":200,""final_url"":""https://amg12058-c15studio-amg12058c1-lg-us-5787.playouts.now.amagi.tv/playlist720p.m3u8"",""elapsed_ms"":1159}]",https://amg12058-c15studio-amg12058c1-lg-us-5787.playouts.now.amagi.tv/playlist720p.m3u8,hls-media,,unknown,,https://amg12058-c15studio-amg12058c1-lg-us-5787.playouts.now.amagi.tv/playlist720p_857805.ts,206,2048,True,2026-10-08T15:28:11Z
34,Fight Network,Sports,FightNetwork.ca@SD,FightNetwork.ca,https://a-cdn.klowdtv.com/live2/fight_720p/playlist.m3u8,720p,WORKING,,"[{""attempt"":1,""outcome"":""WORKING"",""reason"":""HLS manifest, media playlist, and media object responded"",""http_status"":200,""final_url"":""https://a-cdn.klowdtv.com/live2/fight_720p/playlist.m3u8"",""elapsed_ms"":2424}]",https://a-cdn.klowdtv.com/live2/fight_720p/playlist.m3u8,hls-master,https://a-cdn.klowdtv.com/live2/fight_720p/chunks.m3u8,720p,3900002,https://a-cdn.klowdtv.com/live2/fight_720p/l_1147184_90018000_469.ts,206,2048,True,2026-10-08T15:28:11Z
35,FITE 24/7,Sports,FITE247.us@SD,FITE247.us,https://a-cdn.klowdtv.com/live2/fite247_720p/playlist.m3u8,720p,WORKING,,"[{""attempt"":1,""outcome"":""WORKING"",""reason"":""HLS manifest, media playlist, and media object responded"",""http_status"":200,""final_url"":""https://a-cdn.klowdtv.com/live2/fite247_720p/playlist.m3u8"",""elapsed_ms"":2163}]",https://a-cdn.klowdtv.com/live2/fite247_720p/playlist.m3u8,hls-master,https://a-cdn.klowdtv.com/live2/fite247_720p/chunks.m3u8,720p,3831004,https://a-cdn.klowdtv.com/live2/fite247_720p/l_1147195_336000_472.ts,206,2048,True,2026-10-08T15:28:11Z
36,FloHockey,Sports,FloHockey.us@HD,FloHockey.us,https://amg02278-amg02278c2-flosports-worldwide-9916.playouts.now.amagi.tv/720p-cc/index.m3u8,720p,WORKING,,"[{""attempt"":1,""outcome"":""WORKING"",""reason"":""HLS manifest, media playlist, and media object responded"",""http_status"":200,""final_url"":""https://amg02278-amg02278c2-flosports-worldwide-9916.playouts.now.amagi.tv/720p-cc/index.m3u8"",""elapsed_ms"":1192}]",https://amg02278-amg02278c2-flosports-worldwide-9916.playouts.now.amagi.tv/720p-cc/index.m3u8,hls-media,,unknown,,https://amg02278-amg02278c2-flosports-worldwide-9916.playouts.now.amagi.tv/720p-cc/seg_0049604.ts,206,2048,True,2026-10-08T15:28:11Z
37,FloRacing,Sports,FloRacing.us@HD,FloRacing.us,https://amg02278-amg02278c1-flosports-worldwide-7592.playouts.now.amagi.tv/720p-cc/index.m3u8,720p,WORKING,,"[{""attempt"":1,""outcome"":""WORKING"",""reason"":""HLS manifest, media playlist, and media object responded"",""http_status"":200,""final_url"":""https://amg02278-amg02278c1-flosports-worldwide-7592.playouts.now.amagi.tv/720p-cc/index.m3u8"",""elapsed_ms"":1066}]",https://amg02278-amg02278c1-flosports-worldwide-7592.playouts.now.amagi.tv/720p-cc/index.m3u8,hls-media,,unknown,,https://amg02278-amg02278c1-flosports-worldwide-7592.playouts.now.amagi.tv/720p-cc/seg_0049321.ts,206,2048,True,2026-10-08T15:28:11Z
38,FTF Sports,Sports,FTFSports.us@SD,FTFSports.us,https://a-cdn.klowdtv.com/live2/ftf_720p/playlist.m3u8,720p,WORKING,,"[{""attempt"":1,""outcome"":""WORKING"",""reason"":""HLS manifest, media playlist, and media object responded"",""http_status"":200,""final_url"":""https://a-cdn.klowdtv.com/live2/ftf_720p/playlist.m3u8"",""elapsed_ms"":2066}]",https://a-cdn.klowdtv.com/live2/ftf_720p/playlist.m3u8,hls-master,https://a-cdn.klowdtv.com/live2/ftf_720p/chunks.m3u8,720p,2842978,https://a-cdn.klowdtv.com/live2/ftf_720p/l_1147203_1542609_412.ts,206,2048,True,2026-10-08T15:28:11Z
39,Fubo Sports Network,Sports,FuboSportsNetwork.us@SD,FuboSportsNetwork.us,https://aegis-cloudfront-1.tubi.video/c2ac89da-5c69-439e-b85d-d87de0548b54/5.m3u8,720p,BROKEN,Stream returned HTTP 404,"[{""attempt"":1,""outcome"":""BROKEN"",""reason"":""Stream returned HTTP 404"",""http_status"":404,""final_url"":"""",""elapsed_ms"":530},{""attempt"":2,""outcome"":""BROKEN"",""reason"":""Stream returned HTTP 404"",""http_status"":404,""final_url"":"""",""elapsed_ms"":792},{""attempt"":3,""outcome"":""BROKEN"",""reason"":""Stream returned HTTP 404"",""http_status"":404,""final_url"":"""",""elapsed_ms"":608}]",,,,unknown,,,,0,False,2026-10-08T15:28:11Z
40,FUEL TV,Sports,FUELTV.pt@SD,FUELTV.pt,https://amg01074-fueltv-amg01074c1-stirr-us-4214.playouts.now.amagi.tv/playlist720.m3u8,720p,WORKING,,"[{""attempt"":1,""outcome"":""WORKING"",""reason"":""HLS manifest, media playlist, and media object responded"",""http_status"":200,""final_url"":""https://amg01074-fueltv-amg01074c1-stirr-us-4214.playouts.now.amagi.tv/playlist720.m3u8"",""elapsed_ms"":1934}]",https://amg01074-fueltv-amg01074c1-stirr-us-4214.playouts.now.amagi.tv/playlist720.m3u8,hls-media,,unknown,,https://amg01074-fueltv-amg01074c1-stirr-us-4214.playouts.now.amagi.tv/playlist720_1936837.ts,206,2048,True,2026-10-08T15:28:11Z
41,Game+,Sports,GamePlus.ca@SD,GamePlus.ca,https://a-cdn.klowdtv.com/live2/fntsy_720p/playlist.m3u8,720p,WORKING,,"[{""attempt"":1,""outcome"":""WORKING"",""reason"":""HLS manifest, media playlist, and media object responded"",""http_status"":200,""final_url"":""https://a-cdn.klowdtv.com/live2/fntsy_720p/playlist.m3u8"",""elapsed_ms"":2328}]",https://a-cdn.klowdtv.com/live2/fntsy_720p/playlist.m3u8,hls-master,https://a-cdn.klowdtv.com/live2/fntsy_720p/chunks.m3u8,720p,3833950,https://a-cdn.klowdtv.com/live2/fntsy_720p/l_1147187_71250000_464.ts,206,2048,True,2026-10-08T15:28:11Z
42,Glory Kickboxing,Sports,GloryKickboxing.us@Poland,GloryKickboxing.us,https://6f972d29.wurl.com/master/f36d25e7e52f1ba8d7e56eb859c636563214f541/UmFrdXRlblRWLWV1X0dsb3J5S2lja2JveGluZ19ITFM/playlist.m3u8,720p,WORKING,,"[{""attempt"":1,""outcome"":""WORKING"",""reason"":""HLS manifest, media playlist, and media object responded"",""http_status"":200,""final_url"":""https://6f972d29.wurl.com/master/f36d25e7e52f1ba8d7e56eb859c636563214f541/UmFrdXRlblRWLWV1X0dsb3J5S2lja2JveGluZ19ITFM/playlist.m3u8"",""elapsed_ms"":2001}]",https://6f972d29.wurl.com/master/f36d25e7e52f1ba8d7e56eb859c636563214f541/UmFrdXRlblRWLWV1X0dsb3J5S2lja2JveGluZ19ITFM/playlist.m3u8,hls-master,https://6f972d29.wurl.com/manifest/f36d25e7e52f1ba8d7e56eb859c636563214f541/UmFrdXRlblRWLWV1X0dsb3J5S2lja2JveGluZ19ITFM/91531453-c3dd-4482-bc44-869718de6d15/2.m3u8,720p,3046884,https://6f972d29.wurl.com/ppc-glorykickboxing_glorykickboxing_1-UTC-wfo-0-29e9cdf9/playlist_3000k_20261008T152720_753986.ts,206,2048,True,2026-10-08T15:28:11Z
43,Hard Knocks,Sports,HardKnocks.ca@SD,HardKnocks.ca,https://d3uyzhwvmemdyf.cloudfront.net/v1/master/9d062541f2ff39b5c0f48b743c6411d25f62fc25/Hard-Knocks-DistroTV/109.m3u8?ads.vf=6pOF6kgy418,1080p,BROKEN,Stream returned HTTP 404,"[{""attempt"":1,""outcome"":""BROKEN"",""reason"":""Stream returned HTTP 404"",""http_status"":404,""final_url"":"""",""elapsed_ms"":611},{""attempt"":2,""outcome"":""BROKEN"",""reason"":""Stream returned HTTP 404"",""http_status"":404,""final_url"":"""",""elapsed_ms"":940},{""attempt"":3,""outcome"":""BROKEN"",""reason"":""Stream returned HTTP 404"",""http_status"":404,""final_url"":"""",""elapsed_ms"":514}]",,,,unknown,,,,0,False,2026-10-08T15:28:11Z
44,InTrouble,Sports,InTrouble.nl@SD,InTrouble.nl,https://amg00861-amg00861c6-stirr-us-8229.playouts.now.amagi.tv/playlist720-p.m3u8,720p,WORKING,,"[{""attempt"":1,""outcome"":""WORKING"",""reason"":""HLS manifest, media playlist, and media object responded"",""http_status"":200,""final_url"":""https://amg00861-amg00861c6-stirr-us-8229.playouts.now.amagi.tv/playlist720-p.m3u8"",""elapsed_ms"":1616}]",https://amg00861-amg00861c6-stirr-us-8229.playouts.now.amagi.tv/playlist720-p.m3u8,hls-media,,unknown,,https://amg00861-amg00861c6-stirr-us-8229.playouts.now.amagi.tv/playlist720-p_4536700.ts,206,2048,True,2026-10-08T15:28:11Z
45,IRIB 3,Sports,IRIB3.ir@SD,IRIB3.ir,https://ncdn.telewebion.ir/tv3/live/playlist.m3u8,unknown,WORKING,,"[{""attempt"":1,""outcome"":""WORKING"",""reason"":""HLS manifest, media playlist, and media object responded"",""http_status"":200,""final_url"":""https://live-aburayhan1110.telewebion.net/ek/tv3/live/playlist.m3u8?isp=NA&city=NA"",""elapsed_ms"":6645}]",https://live-aburayhan1110.telewebion.net/ek/tv3/live/playlist.m3u8?isp=NA&city=NA,hls-master,https://live-aburayhan1110.telewebion.net/ek/tv3/live/720p/index.m3u8,720p,1861200,https://live-aburayhan1110.telewebion.net/ek/tv3/live/720p/51534170507a38317a64686f4e41f39af2b8501197b7782a8266270505681f45a03f-ekran_live20250701_20261008132817_1791435276080922_000308320_0000002000000.ts,200,2048,True,2026-10-08T15:28:11Z
46,Jordan Sport,Sports,JordanSport.jo@SD,JordanSport.jo,https://jrtv-live.ercdn.net/jordansporthd/jordansporthd.m3u8,1080p,WORKING,,"[{""attempt"":1,""outcome"":""WORKING"",""reason"":""HLS manifest, media playlist, and media object responded"",""http_status"":200,""final_url"":""https://jrtv-live.ercdn.net/jordansporthd/jordansporthd.m3u8"",""elapsed_ms"":4834}]",https://jrtv-live.ercdn.net/jordansporthd/jordansporthd.m3u8,hls-master,https://jrtv-live.ercdn.net/jordansporthd/jordansporthd_360p.m3u8,unknown,400000,https://jrtv-live.ercdn.net/jordansporthd/jordansporthd_360p-1791444490.ts,206,2048,True,2026-10-08T15:28:11Z
47,Kozoom TV,Sports,KozoomTV.fr@SD,KozoomTV.fr,https://streams2.sofast.tv/v1/master/611d79b11b77e2f571934fd80ca1413453772ac7/fdd6f243-f971-4a1a-9510-97ac01d6b37f/manifest.m3u8,1080p,WORKING,,"[{""attempt"":1,""outcome"":""WORKING"",""reason"":""HLS manifest, media playlist, and media object responded"",""http_status"":200,""final_url"":""https://streams2.sofast.tv/v1/master/611d79b11b77e2f571934fd80ca1413453772ac7/fdd6f243-f971-4a1a-9510-97ac01d6b37f/manifest.m3u8"",""elapsed_ms"":3957}]",https://streams2.sofast.tv/v1/master/611d79b11b77e2f571934fd80ca1413453772ac7/fdd6f243-f971-4a1a-9510-97ac01d6b37f/manifest.m3u8,hls-master,https://streams2.sofast.tv/v1/manifest/611d79b11b77e2f571934fd80ca1413453772ac7/fdd6f243-f971-4a1a-9510-97ac01d6b37f/688c00af-a4bf-421a-810a-f5a87e42a0c7/1.m3u8,720p,2500000,https://streams2.sofast.tv/umaxx/v1/01971bf146bc1ebd47042b72b0c02a/01971bf1838f1ea506492f5bf73b60/68384ED1000044E601BE-p0_tmpl2500k_2500k-1791473280042.ts,206,2048,True,2026-10-08T15:28:11Z
48,KTV Sport,Sports,KTVSport.kw@SD,KTVSport.kw,https://kwtspta.cdn.mangomolo.com/sp/smil:sp.stream.smil/chunklist_b2500000_t64NzIwcA==.m3u8,720p,WORKING,,"[{""attempt"":1,""outcome"":""WORKING"",""reason"":""HLS manifest, media playlist, and media object responded"",""http_status"":200,""final_url"":""https://kwtspta.cdn.mangomolo.com/sp/smil:sp.stream.smil/chunklist_b2500000_t64NzIwcA==.m3u8"",""elapsed_ms"":3064}]",https://kwtspta.cdn.mangomolo.com/sp/smil:sp.stream.smil/chunklist_b2500000_t64NzIwcA==.m3u8,hls-media,,unknown,,https://kwtspta.cdn.mangomolo.com/sp/smil:sp.stream.smil/media-u1xhv9n37_b2500000_t64NzIwcA==_65963.ts,206,2048,True,2026-10-08T15:28:11Z
49,KTV Sport Plus,Sports,KTVSportPlus.kw@SD,KTVSportPlus.kw,https://kwtsplta.cdn.mangomolo.com/spl/smil:spl.stream.smil/chunklist_b3500000_t64NzIwcA==.m3u8,720p,WORKING,,"[{""attempt"":1,""outcome"":""WORKING"",""reason"":""HLS manifest, media playlist, and media object responded"",""http_status"":200,""final_url"":""https://kwtsplta.cdn.mangomolo.com/spl/smil:spl.stream.smil/chunklist_b3500000_t64NzIwcA==.m3u8"",""elapsed_ms"":2583}]",https://kwtsplta.cdn.mangomolo.com/spl/smil:spl.stream.smil/chunklist_b3500000_t64NzIwcA==.m3u8,hls-media,,unknown,,https://kwtsplta.cdn.mangomolo.com/spl/smil:spl.stream.smil/media-uacm8w490_b3500000_t64NzIwcA==_58792.ts,206,2048,True,2026-10-08T15:28:11Z
50,Lacrosse TV,Sports,LacrosseTV.us@SD,LacrosseTV.us,https://a-cdn.klowdtv.com/live2/lsn_720p/playlist.m3u8,720p,WORKING,,"[{""attempt"":1,""outcome"":""WORKING"",""reason"":""HLS manifest, media playlist, and media object responded"",""http_status"":200,""final_url"":""https://a-cdn.klowdtv.com/live2/lsn_720p/playlist.m3u8"",""elapsed_ms"":2354}]",https://a-cdn.klowdtv.com/live2/lsn_720p/playlist.m3u8,hls-master,https://a-cdn.klowdtv.com/live2/lsn_720p/chunks.m3u8,720p,2721901,https://a-cdn.klowdtv.com/live2/lsn_720p/l_1147170_1062066_2639.ts,206,2048,True,2026-10-08T15:28:11Z
51,M Sports,Sports,MSports.pk@SD,MSports.pk,https://cdn.rabta.stream/M-Sports/index.m3u8,1080p,WORKING,,"[{""attempt"":1,""outcome"":""WORKING"",""reason"":""HLS manifest, media playlist, and media object responded"",""http_status"":200,""final_url"":""https://cdn.rabta.stream/M-Sports/index.m3u8"",""elapsed_ms"":3484}]",https://cdn.rabta.stream/M-Sports/index.m3u8,hls-master,https://cdn.rabta.stream/M-Sports/tracks-v1a1/mono.ts.m3u8,1080p,2210000,https://cdn.rabta.stream/M-Sports/tracks-v1a1/2026/10/08/15/27/48-06000.ts,206,2048,True,2026-10-08T15:28:11Z
52,MLB,Sports,MLB.us@SD,MLB.us,https://jmp2.uk/plu-5e66968a70f34c0007d050be.m3u8,720p,GEO_BLOCKED_OR_FORBIDDEN,Stream returned HTTP 403,"[{""attempt"":1,""outcome"":""GEO_BLOCKED_OR_FORBIDDEN"",""reason"":""Stream returned HTTP 403"",""http_status"":403,""final_url"":"""",""elapsed_ms"":1807}]",,,,unknown,,,,0,False,2026-10-08T15:28:11Z
53,Monster Jam,Sports,MonsterJam.us@SD,MonsterJam.us,https://4b9627c7.wurl.com/master/f36d25e7e52f1ba8d7e56eb859c636563214f541/UmFrdXRlblRWLWV1X01vbnN0ZXJKYW1fSExT/playlist.m3u8,720p,WORKING,,"[{""attempt"":1,""outcome"":""WORKING"",""reason"":""HLS manifest, media playlist, and media object responded"",""http_status"":200,""final_url"":""https://4b9627c7.wurl.com/master/f36d25e7e52f1ba8d7e56eb859c636563214f541/UmFrdXRlblRWLWV1X01vbnN0ZXJKYW1fSExT/playlist.m3u8"",""elapsed_ms"":2534}]",https://4b9627c7.wurl.com/master/f36d25e7e52f1ba8d7e56eb859c636563214f541/UmFrdXRlblRWLWV1X01vbnN0ZXJKYW1fSExT/playlist.m3u8,hls-master,https://4b9627c7.wurl.com/manifest/f36d25e7e52f1ba8d7e56eb859c636563214f541/UmFrdXRlblRWLWV1X01vbnN0ZXJKYW1fSExT/04841ace-87ef-433d-ad77-8975a7f750e8/2.m3u8,720p,3046884,https://4b9627c7.wurl.com/ppc-answermedia_monsterjam_1-UTC-wfo-0-e973cca2/playlist_3000k_20261008T152719_827172.ts,206,2048,True,2026-10-08T15:28:11Z
54,Nautical Channel,Sports,NauticalChannel.it@SD,NauticalChannel.it,https://a-cdn.klowdtv.com/live2/nautical_720p/playlist.m3u8,720p,WORKING,,"[{""attempt"":1,""outcome"":""WORKING"",""reason"":""HLS manifest, media playlist, and media object responded"",""http_status"":200,""final_url"":""https://a-cdn.klowdtv.com/live2/nautical_720p/playlist.m3u8"",""elapsed_ms"":2204}]",https://a-cdn.klowdtv.com/live2/nautical_720p/playlist.m3u8,hls-master,https://a-cdn.klowdtv.com/live2/nautical_720p/chunks.m3u8,720p,2777668,https://a-cdn.klowdtv.com/live2/nautical_720p/l_1147139_54918293_6987.ts,206,2048,True,2026-10-08T15:28:11Z
55,NBA TV,Sports,NBATV.us@SD,NBATV.us,https://amg00556-amg00556c3-firetv-us-6060.playouts.now.amagi.tv/playlist720p.m3u8,720p,WORKING,,"[{""attempt"":1,""outcome"":""WORKING"",""reason"":""HLS manifest, media playlist, and media object responded"",""http_status"":200,""final_url"":""https://amg00556-amg00556c3-firetv-us-6060.playouts.now.amagi.tv/playlist720p.m3u8"",""elapsed_ms"":1521}]",https://amg00556-amg00556c3-firetv-us-6060.playouts.now.amagi.tv/playlist720p.m3u8,hls-media,,unknown,,https://amg00556-amg00556c3-firetv-us-6060.playouts.now.amagi.tv/playlist720p_2651346.ts,206,2048,True,2026-10-08T15:28:11Z
56,NFL Channel,Sports,NFLChannel.us@SD,NFLChannel.us,https://jmp2.uk/plu-5ced7d5df64be98e07ed47b6.m3u8,720p,GEO_BLOCKED_OR_FORBIDDEN,Stream returned HTTP 403,"[{""attempt"":1,""outcome"":""GEO_BLOCKED_OR_FORBIDDEN"",""reason"":""Stream returned HTTP 403"",""http_status"":403,""final_url"":"""",""elapsed_ms"":1860}]",,,,unknown,,,,0,False,2026-10-08T15:28:11Z
57,NHL Network,Sports,NHLNetwork.us@SD,NHLNetwork.us,https://aegis-cloudfront-1.tubi.video/1f4cbb33-cb23-40ab-b54b-2965cc551b32/playlist720p.m3u8,720p,WORKING,,"[{""attempt"":1,""outcome"":""WORKING"",""reason"":""HLS manifest, media playlist, and media object responded"",""http_status"":200,""final_url"":""https://aegis-cloudfront-1.tubi.video/1f4cbb33-cb23-40ab-b54b-2965cc551b32/playlist720p.m3u8"",""elapsed_ms"":1321}]",https://aegis-cloudfront-1.tubi.video/1f4cbb33-cb23-40ab-b54b-2965cc551b32/playlist720p.m3u8,hls-media,,unknown,,https://aegis-cloudfront-1.tubi.video/1f4cbb33-cb23-40ab-b54b-2965cc551b32/playlist720p_1802783.ts,206,2048,True,2026-10-08T15:28:11Z
58,NHRA TV,Sports,NHRATV.us@SD,NHRATV.us,https://aegis-cloudfront-1.tubi.video/b8c5eb48-349b-454f-9625-63911ee923f5/playlist.m3u8,720p,WORKING,,"[{""attempt"":1,""outcome"":""WORKING"",""reason"":""HLS manifest, media playlist, and media object responded"",""http_status"":200,""final_url"":""https://aegis-cloudfront-1.tubi.video/b8c5eb48-349b-454f-9625-63911ee923f5/playlist.m3u8"",""elapsed_ms"":1991}]",https://aegis-cloudfront-1.tubi.video/b8c5eb48-349b-454f-9625-63911ee923f5/playlist.m3u8,hls-master,https://aegis-cloudfront-1.tubi.video/b8c5eb48-349b-454f-9625-63911ee923f5/nh_720p.m3u8,720p,3071200,https://aegis-cloudfront-1.tubi.video/b8c5eb48-349b-454f-9625-63911ee923f5/nh_720p/00051/nh_720p_00350.ts,206,2048,True,2026-10-08T15:28:11Z
59,Oman Sports TV,Sports,OmanSportsTV.om@SD,OmanSportsTV.om,https://partneta.cdn.mgmlcdn.com/omsport/smil:omsport.stream.smil/chunklist.m3u8,1080p,BROKEN,Selected HLS rendition returned HTTP 404,"[{""attempt"":1,""outcome"":""BROKEN"",""reason"":""Selected HLS rendition returned HTTP 404"",""http_status"":404,""final_url"":""https://partneta.cdn.mgmlcdn.com/omsport/smil:omsport.stream.smil/chunklist.m3u8"",""elapsed_ms"":10018},{""attempt"":2,""outcome"":""BROKEN"",""reason"":""Selected HLS rendition returned HTTP 404"",""http_status"":404,""final_url"":""https://partneta.cdn.mgmlcdn.com/omsport/smil:omsport.stream.smil/chunklist.m3u8"",""elapsed_ms"":9094},{""attempt"":3,""outcome"":""BROKEN"",""reason"":""Selected HLS rendition returned HTTP 404"",""http_status"":404,""final_url"":""https://partneta.cdn.mgmlcdn.com/omsport/smil:omsport.stream.smil/chunklist.m3u8"",""elapsed_ms"":9336}]",https://partneta.cdn.mgmlcdn.com/omsport/smil:omsport.stream.smil/chunklist.m3u8,hls-master,https://partneta.cdn.mgmlcdn.com/omsport/smil:omsport.stream.smil/chunklist_b2000000.m3u8,720p,2000000,,,0,False,2026-10-08T15:28:11Z
60,Overtime,Sports,Overtime.us@SD,Overtime.us,https://d1a8aq6t30gkqj.cloudfront.net/v1/amc_overtime_1/samsungheadend_us/V00000001/0/HLS/playlist_hd_1024x576.m3u8,576p,WORKING,,"[{""attempt"":1,""outcome"":""WORKING"",""reason"":""HLS manifest, media playlist, and media object responded"",""http_status"":200,""final_url"":""https://d1a8aq6t30gkqj.cloudfront.net/v1/amc_overtime_1/samsungheadend_us/V00000001/0/HLS/playlist_hd_1024x576.m3u8"",""elapsed_ms"":2372}]",https://d1a8aq6t30gkqj.cloudfront.net/v1/amc_overtime_1/samsungheadend_us/V00000001/0/HLS/playlist_hd_1024x576.m3u8,hls-media,,unknown,,https://d1a8aq6t30gkqj.cloudfront.net/wurl-redirect/v1/amc_overtime_1/pumpit-prod-mpxr-amc-overtime-1/ORALRkQWR1sfTVsNX1RTRxwCXlQXX0JcEBZUXFEfSkdNQlVYVR5dCxISGBVNFlVOVQgGHlELBBhZX0VOWVVGFQdATEJcB00NWRFDO1lVbQQBAlIdDA4GZlBWAwUDUTtrCwUHCQEEFxYSRBsMTQhVTxYVEFwTWkEaQUFZBRlZRRkQHwJfU0tbF1UQQw1cVB8EExxEB1sLUlpSWlIAVwJRUggAVA4OUFpQBV5RVQkBXAIMVV0DWgIDVAYDAgAGUgJYVQJWAQMDUAUIAFEFCAFWAgIAUkdk/playlist_hd_1024x576_152717__257095.ts,206,2048,True,2026-10-08T15:28:11Z
61,Pac-12 Insider,Sports,Pac12Insider.us@SD,Pac12Insider.us,https://pac12-vizio.amagi.tv/playlist.m3u8,720p,WORKING,,"[{""attempt"":1,""outcome"":""WORKING"",""reason"":""HLS manifest, media playlist, and media object responded"",""http_status"":200,""final_url"":""https://pac12-vizio.amagi.tv/playlist.m3u8"",""elapsed_ms"":2102}]",https://pac12-vizio.amagi.tv/playlist.m3u8,hls-master,https://pac12-vizio.amagi.tv/720p-en-cc/index.m3u8,720p,3329040,https://pac12-vizio.amagi.tv/720p-en-cc/seg_0021483.ts,206,2048,True,2026-10-08T15:28:11Z
62,PBR RidePass,Sports,PBRRidePass.us@SD,PBRRidePass.us,https://jmp2.uk/plu-60d39387706fe50007fda8e8.m3u8,720p,GEO_BLOCKED_OR_FORBIDDEN,Stream returned HTTP 403,"[{""attempt"":1,""outcome"":""GEO_BLOCKED_OR_FORBIDDEN"",""reason"":""Stream returned HTTP 403"",""http_status"":403,""final_url"":"""",""elapsed_ms"":1409}]",,,,unknown,,,,0,False,2026-10-08T15:28:11Z
63,Persiana Fight,Sports,PersianaFight.fr@HD,PersianaFight.fr,https://fighthls.persiana.live/hls/stream.m3u8,unknown,WORKING,,"[{""attempt"":1,""outcome"":""WORKING"",""reason"":""HLS manifest, media playlist, and media object responded"",""http_status"":200,""final_url"":""https://fighthls.persiana.live/hls/stream.m3u8"",""elapsed_ms"":2011}]",https://fighthls.persiana.live/hls/stream.m3u8,hls-media,,unknown,,https://fighthls.persiana.live/hls/stream-59207.ts,206,2048,True,2026-10-08T15:28:11Z
64,PFL MMA,Sports,PFLMMA.us@SD,PFLMMA.us,https://a883593c.wurl.com/master/f36d25e7e52f1ba8d7e56eb859c636563214f541/UmFrdXRlblRWLWV1X1BGTE1NQV9ITFM/playlist.m3u8,720p,WORKING,,"[{""attempt"":1,""outcome"":""WORKING"",""reason"":""HLS manifest, media playlist, and media object responded"",""http_status"":200,""final_url"":""https://a883593c.wurl.com/master/f36d25e7e52f1ba8d7e56eb859c636563214f541/UmFrdXRlblRWLWV1X1BGTE1NQV9ITFM/playlist.m3u8"",""elapsed_ms"":2388}]",https://a883593c.wurl.com/master/f36d25e7e52f1ba8d7e56eb859c636563214f541/UmFrdXRlblRWLWV1X1BGTE1NQV9ITFM/playlist.m3u8,hls-master,https://a883593c.wurl.com/manifest/f36d25e7e52f1ba8d7e56eb859c636563214f541/UmFrdXRlblRWLWV1X1BGTE1NQV9ITFM/a699e890-d727-4511-a17d-763f3742c0fc/2.m3u8,720p,3046884,https://a883593c.wurl.com/ppc-pfl_pflmma_1-UTC-wfo-1-f4cb042e/playlist_3000k_20261008T152719_741288.ts,206,2048,True,2026-10-08T15:28:11Z
65,PGA Tour,Sports,PGATour.us@SD,PGATour.us,https://aegis-cloudfront-1.tubi.video/9c59800e-fa9a-4539-b8e5-5769918e7c5a/playlist.m3u8,720p,BROKEN,Stream returned HTTP 404,"[{""attempt"":1,""outcome"":""BROKEN"",""reason"":""Stream returned HTTP 404"",""http_status"":404,""final_url"":"""",""elapsed_ms"":718},{""attempt"":2,""outcome"":""BROKEN"",""reason"":""Stream returned HTTP 404"",""http_status"":404,""final_url"":"""",""elapsed_ms"":675},{""attempt"":3,""outcome"":""BROKEN"",""reason"":""Stream returned HTTP 404"",""http_status"":404,""final_url"":"""",""elapsed_ms"":680}]",,,,unknown,,,,0,False,2026-10-08T15:28:11Z
66,PK Sports,Sports,PKSports.pk@SD,PKSports.pk,https://lbgo.bozztv.com/ssh101/ssh101/pksportshd/playlist.m3u8,720p,WORKING,,"[{""attempt"":1,""outcome"":""WORKING"",""reason"":""HLS manifest, media playlist, and media object responded"",""http_status"":200,""final_url"":""https://lbgo.bozztv.com/ssh101/ssh101/pksportshd/playlist.m3u8"",""elapsed_ms"":1966}]",https://lbgo.bozztv.com/ssh101/ssh101/pksportshd/playlist.m3u8,hls-master,https://lbgo.bozztv.com/ssh101/ssh101/pksportshd/chunks.m3u8?lb_backend_hint=6,720p,604703,https://183.bozztv.com/ssh101/ssh101/pksportshd/l_24466407_36488520_9122.ts,206,2048,True,2026-10-08T15:28:11Z
67,PokerGo,Sports,PokerGo.us@US,PokerGo.us,https://jmp2.uk/plu-5fc54366b04b2300072e31af.m3u8,unknown,GEO_BLOCKED_OR_FORBIDDEN,Stream returned HTTP 403,"[{""attempt"":1,""outcome"":""GEO_BLOCKED_OR_FORBIDDEN"",""reason"":""Stream returned HTTP 403"",""http_status"":403,""final_url"":"""",""elapsed_ms"":1564}]",,,,unknown,,,,0,False,2026-10-08T15:28:11Z
68,RACER International,Sports,RACERInternational.pl@FAST,RACERInternational.pl,https://amg00378-mavtv-amg00378c2-rakuten-us-1048.playouts.now.amagi.tv/playlist/amg00378-mavtvfast-motorsportsnetwork-rakutenus/playlist.m3u8,1080p,WORKING,,"[{""attempt"":1,""outcome"":""WORKING"",""reason"":""HLS manifest, media playlist, and media object responded"",""http_status"":200,""final_url"":""https://amg00378-mavtv-amg00378c2-rakuten-us-1048.playouts.now.amagi.tv/playlist/amg00378-mavtvfast-motorsportsnetwork-rakutenus/playlist.m3u8"",""elapsed_ms"":2899}]",https://amg00378-mavtv-amg00378c2-rakuten-us-1048.playouts.now.amagi.tv/playlist/amg00378-mavtvfast-motorsportsnetwork-rakutenus/playlist.m3u8,hls-master,https://amg00378-mavtv-amg00378c2-rakuten-us-1048.playouts.now.amagi.tv/ts-us-e2-n2/playlist/amg00378-mavtvfast-motorsportsnetwork-rakutenus/cb57351e657b63909bc23d78d1f04582f75033dc087597282bec49cf2090431ddda1a29bb818b43d1e801ec0611879045f35991e882f08da8d79aa02297d16229b85bb7ddbcc0f0cb0de0d2d23b4281a56ff08777c146901b12fefd0e44dd4036735da4b0870208cb30af85473ffb27fee5fb55f60ef4b0f081f1dc01d08cf8b660c2b696c67fc1ff9e04017cb6c58b2dc5fba8c4de6c0850cc0169453c9a24c01c5a9e067f7e5bb5ade15e33a0d18076e8dc209fb3ad660bbe80b6ccd0b4d6b1f47e8a6d9992459d316130ca8ad88d7cd9e623752d3710f2d9320e11a0b68af4cb87887ab2285b8a9d052447694c54968349aa7caf6fd343eb273e8effdcb3e749cf7186c4f846ed027283395ef8445ca9367f6cc438fd7384b6c20f0b4166304e53b4e1a9006fc406a62ee83f9ce554f90/164/1280x720_2657019/index.m3u8,720p,2657019,https://amg00378-mavtv-amg00378c2-rakuten-us-1048.playouts.now.amagi.tv/ts-us-e2-n2/beacon/amg00378-mavtvfast-motorsportsnetwork-rakutenus/cb57351e657b63909bc23d78d1f04582f75033dc087597282bec49cf2090431ddda1a29bb818b43d1e801ec0611879045f35991e882f08da8d79aa02297d16229b85bb7ddbcc0f0cb0de0d2d23b4281a56ff08777c146901b12fefd0e44dd4036735da4b0870208cb30af85473ffb27fee5fb55f60ef4b0f081f1dc01d08cf8b660c2b696c67fc1ff9e04017cb6c58b2dc5fba8c4de6c0850cc0169453c9a24c01c5a9e067f7e5bb5ade15e33a0d18076e8dc209fb3ad660bbe80b6ccd0b4d6b1f47e8a6d9992459d316130ca8ad88d7cd9e623752d3710f2d9320e11a0b68af4cb87887ab2285b8a9d052447694c54968349aa7caf6fd343eb273e8effdcb3e749cf7186c4f846ed027283395ef8445ca9367f6cc438fd7384b6c20f0b4166304e53b4e1a9006fc406a62ee83f9ce554f90/1280x720_2657019?bcn=1&ca=0&cid=amg-EP060732860013&dur=6.006000&media_type=C&redirect_url=https%3A%2F%2Famg00378-mavtv-amg00378c2-rakuten-us-1048.playouts.now.amagi.tv%2Fmavtv-smn-samsung%2Fplaylist720_15764340.ts&seen-ad=1&seg_id=15764340&user_id=e2bb7fc9-c32c-11f1-962e-5262797b4716,206,2048,True,2026-10-08T15:28:11Z
69,Racer Select,Sports,RacerSelect.us@SD,RacerSelect.us,https://amg00378-amg00378c4-freelivesports-emea-5637.playouts.now.amagi.tv/playlist720p.m3u8,720p,WORKING,,"[{""attempt"":1,""outcome"":""WORKING"",""reason"":""HLS manifest, media playlist, and media object responded"",""http_status"":200,""final_url"":""https://amg00378-amg00378c4-freelivesports-emea-5637.playouts.now.amagi.tv/playlist720p.m3u8"",""elapsed_ms"":1349}]",https://amg00378-amg00378c4-freelivesports-emea-5637.playouts.now.amagi.tv/playlist720p.m3u8,hls-media,,unknown,,https://amg00378-amg00378c4-freelivesports-emea-5637.playouts.now.amagi.tv/playlist720p_34374.ts,206,2048,True,2026-10-08T15:28:11Z
70,Racing.com,Sports,Racingcom.au@SD,Racingcom.au,https://racingvic-i.akamaized.net/hls/live/598695/racingvic/index1500.m3u8,720p,UNKNOWN,Mixed failure evidence: Stream returned HTTP 400; Stream returned HTTP 400; Stream returned HTTP 400,"[{""attempt"":1,""outcome"":""UNKNOWN"",""reason"":""Stream returned HTTP 400"",""http_status"":400,""final_url"":"""",""elapsed_ms"":1230},{""attempt"":2,""outcome"":""UNKNOWN"",""reason"":""Stream returned HTTP 400"",""http_status"":400,""final_url"":"""",""elapsed_ms"":794},{""attempt"":3,""outcome"":""UNKNOWN"",""reason"":""Stream returned HTTP 400"",""http_status"":400,""final_url"":"""",""elapsed_ms"":762}]",,,,unknown,,,,0,False,2026-10-08T15:28:11Z
71,Rally TV,Sports,RallyTV.us@SD,RallyTV.us,https://jmp2.uk/plu-696e02423b9ce349c90edef9.m3u8,720p,GEO_BLOCKED_OR_FORBIDDEN,Stream returned HTTP 403,"[{""attempt"":1,""outcome"":""GEO_BLOCKED_OR_FORBIDDEN"",""reason"":""Stream returned HTTP 403"",""http_status"":403,""final_url"":"""",""elapsed_ms"":1541}]",,,,unknown,,,,0,False,2026-10-08T15:28:11Z
72,Real Madrid TV English,Sports,RealMadridTVEnglish.es@SD,RealMadridTVEnglish.es,https://rmtv.akamaized.net/hls/live/2043154/rmtv-en-web/bitrate_3.m3u8,unknown,WORKING,,"[{""attempt"":1,""outcome"":""WORKING"",""reason"":""HLS manifest, media playlist, and media object responded"",""http_status"":200,""final_url"":""https://rmtv.akamaized.net/hls/live/2043154/rmtv-en-web/bitrate_3.m3u8"",""elapsed_ms"":1867}]",https://rmtv.akamaized.net/hls/live/2043154/rmtv-en-web/bitrate_3.m3u8,hls-media,,unknown,,https://rmtv.akamaized.net/hls/live/2043154/rmtv-en-web/br3/99527/br3_298578882.ts,206,2048,True,2026-10-08T15:28:11Z
73,Right Now TV,Sports,RightNowTV.us@SD,RightNowTV.us,https://2-fss-1.streamhoster.com/pl_154/amlst:205448-2145652/rightnowtv.m3u8,720p,WORKING,,"[{""attempt"":1,""outcome"":""WORKING"",""reason"":""HLS manifest, media playlist, and media object responded"",""http_status"":200,""final_url"":""https://2-fss-1.streamhoster.com/pl_154/amlst:205448-2145652/rightnowtv.m3u8"",""elapsed_ms"":2218}]",https://2-fss-1.streamhoster.com/pl_154/amlst:205448-2145652/rightnowtv.m3u8,hls-master,https://2-fss-1.streamhoster.com/pl_154/amlst:205448-2145652/720/rightnowtvSCTE35.m3u8,720p,2500000,https://2-fss-1.streamhoster.com/pl_154/amlst:205448-2145652/720/rightnowtv-20261008112738.ts,206,2048,True,2026-10-08T15:28:11Z
74,Sharjah Sports,Sports,SharjahSports.ae@SD,SharjahSports.ae,https://svs.itworkscdn.net/smc4sportslive/smc4tv.smil/playlist.m3u8,1080p,GEO_BLOCKED_OR_FORBIDDEN,Stream returned HTTP 403,"[{""attempt"":1,""outcome"":""GEO_BLOCKED_OR_FORBIDDEN"",""reason"":""Stream returned HTTP 403"",""http_status"":403,""final_url"":"""",""elapsed_ms"":525}]",,,,unknown,,,,0,False,2026-10-08T15:28:11Z
75,SKI TV,Sports,SKITV.ch@SD,SKITV.ch,https://d2xeo83q8fcni6.cloudfront.net/v1/master/9d062541f2ff39b5c0f48b743c6411d25f62fc25/SkiTV-SportsTribal/193.m3u8,1080p,UNKNOWN,Mixed failure evidence: Stream connection error: Tunnel connection failed: 403 Forbidden; Stream connection error: Tunnel connection failed: 403 Forbidden; Stream connection error: Tunnel connection failed: 403 Forbidden,"[{""attempt"":1,""outcome"":""UNKNOWN"",""reason"":""Stream connection error: Tunnel connection failed: 403 Forbidden"",""http_status"":null,""final_url"":"""",""elapsed_ms"":89},{""attempt"":2,""outcome"":""UNKNOWN"",""reason"":""Stream connection error: Tunnel connection failed: 403 Forbidden"",""http_status"":null,""final_url"":"""",""elapsed_ms"":44},{""attempt"":3,""outcome"":""UNKNOWN"",""reason"":""Stream connection error: Tunnel connection failed: 403 Forbidden"",""http_status"":null,""final_url"":"""",""elapsed_ms"":71}]",,,,unknown,,,,0,False,2026-10-08T15:28:11Z
76,Slopes TV,Sports,SlopesTV.us@SD,SlopesTV.us,https://stream-us-east-1.getpublica.com/playlist.m3u8?network_id=2241,720p,WORKING,,"[{""attempt"":1,""outcome"":""WORKING"",""reason"":""HLS manifest, media playlist, and media object responded"",""http_status"":200,""final_url"":""https://stream-us-east-1.getpublica.com/playlist.m3u8?network_id=2241"",""elapsed_ms"":2575}]",https://stream-us-east-1.getpublica.com/playlist.m3u8?network_id=2241,hls-master,https://stream-us-east-1.getpublica.com/cl/261008db3rd4lm0sic73fgp5ug/1280x720_2774125_2_f.m3u8?i=513_2241,720p,2774125,https://content.galxy.tv/61d90370eafe4e9083ead05a7c197fac/b/E00000016.ts,206,2048,True,2026-10-08T15:28:11Z
77,SportsGrid,Sports,SportsGrid.us@SD,SportsGrid.us,https://sportsgrid-klowdtv.amagi.tv/playlist.m3u8,720p,WORKING,,"[{""attempt"":1,""outcome"":""WORKING"",""reason"":""HLS manifest, media playlist, and media object responded"",""http_status"":200,""final_url"":""https://sportsgrid-klowdtv.amagi.tv/playlist.m3u8"",""elapsed_ms"":2341}]",https://sportsgrid-klowdtv.amagi.tv/playlist.m3u8,hls-master,https://sportsgrid-klowdtv.amagi.tv/playlist720.m3u8,720p,4605414,https://sportsgrid-klowdtv.amagi.tv/playlist720_1427809.ts,206,2048,True,2026-10-08T15:28:11Z
78,Stadium,Sports,Stadium.us@SD,Stadium.us,https://aegis-cloudfront-1.tubi.video/74681dcc-e6d0-4add-ad67-a22ad9c152e6/playlist.m3u8,720p,WORKING,,"[{""attempt"":1,""outcome"":""WORKING"",""reason"":""HLS manifest, media playlist, and media object responded"",""http_status"":200,""final_url"":""https://aegis-cloudfront-1.tubi.video/74681dcc-e6d0-4add-ad67-a22ad9c152e6/playlist.m3u8"",""elapsed_ms"":2085}]",https://aegis-cloudfront-1.tubi.video/74681dcc-e6d0-4add-ad67-a22ad9c152e6/playlist.m3u8,hls-master,https://aegis-cloudfront-1.tubi.video/74681dcc-e6d0-4add-ad67-a22ad9c152e6/playlist_5.m3u8,720p,3633119,https://aegis-cloudfront-1.tubi.video/74681dcc-e6d0-4add-ad67-a22ad9c152e6/playlist_5_9280636.ts?m=1736894346,206,2048,True,2026-10-08T15:28:11Z
79,Strongman Champions League,Sports,StrongmanChampionsLeague.uk@SD,StrongmanChampionsLeague.uk,https://rightsboosterltd-scl-1-be.samsung.wurl.tv/playlist.m3u8,720p,WORKING,,"[{""attempt"":1,""outcome"":""WORKING"",""reason"":""HLS manifest, media playlist, and media object responded"",""http_status"":200,""final_url"":""https://rightsboosterltd-scl-1-be.samsung.wurl.tv/playlist.m3u8"",""elapsed_ms"":2074}]",https://rightsboosterltd-scl-1-be.samsung.wurl.tv/playlist.m3u8,hls-master,https://rightsboosterltd-scl-1-be.samsung.wurl.tv/3000.m3u8,720p,3072000,https://rightsboosterltd-scl-1-be.samsung.wurl.tv/257/418058/58102622/dafb502812bfa5cdc72d6317ba542db6/hls-v2/3000-00172.ts,206,2048,True,2026-10-08T15:28:11Z
80,Swerve Combat,Sports,SwerveCombat.us@SD,SwerveCombat.us,https://a-cdn.klowdtv.com/live3/swervecombat_720p/playlist.m3u8,720p,WORKING,,"[{""attempt"":1,""outcome"":""WORKING"",""reason"":""HLS manifest, media playlist, and media object responded"",""http_status"":200,""final_url"":""https://a-cdn.klowdtv.com/live3/swervecombat_720p/playlist.m3u8"",""elapsed_ms"":1550}]",https://a-cdn.klowdtv.com/live3/swervecombat_720p/playlist.m3u8,hls-master,https://a-cdn.klowdtv.com/live3/swervecombat_720p/chunks.m3u8,720p,2930976,https://a-cdn.klowdtv.com/live3/swervecombat_720p/l_11089_43638722_18766.ts,206,2048,True,2026-10-08T15:28:11Z
81,Swerve Sports,Sports,SwerveSports.us@SD,SwerveSports.us,https://a-cdn.klowdtv.com/live3/swervewomenssports_720p/playlist.m3u8,720p,WORKING,,"[{""attempt"":1,""outcome"":""WORKING"",""reason"":""HLS manifest, media playlist, and media object responded"",""http_status"":200,""final_url"":""https://a-cdn.klowdtv.com/live3/swervewomenssports_720p/playlist.m3u8"",""elapsed_ms"":1551}]",https://a-cdn.klowdtv.com/live3/swervewomenssports_720p/playlist.m3u8,hls-master,https://a-cdn.klowdtv.com/live3/swervewomenssports_720p/chunks.m3u8,720p,2850242,https://a-cdn.klowdtv.com/live3/swervewomenssports_720p/l_10927_34782767_31302.ts,206,2048,True,2026-10-08T15:28:11Z
82,talkSPORT,Sports,talkSPORT.uk@SD,talkSPORT.uk,https://af7a8b4e.wurl.com/master/f36d25e7e52f1ba8d7e56eb859c636563214f541/TEctZ2JfdGFsa1NQT1JUX0hMUw/playlist.m3u8,1080p,WORKING,,"[{""attempt"":1,""outcome"":""WORKING"",""reason"":""HLS manifest, media playlist, and media object responded"",""http_status"":200,""final_url"":""https://af7a8b4e.wurl.com/master/f36d25e7e52f1ba8d7e56eb859c636563214f541/TEctZ2JfdGFsa1NQT1JUX0hMUw/playlist.m3u8"",""elapsed_ms"":2125}]",https://af7a8b4e.wurl.com/master/f36d25e7e52f1ba8d7e56eb859c636563214f541/TEctZ2JfdGFsa1NQT1JUX0hMUw/playlist.m3u8,hls-master,https://af7a8b4e.wurl.com/manifest/f36d25e7e52f1ba8d7e56eb859c636563214f541/TEctZ2JfdGFsa1NQT1JUX0hMUw/02e471b7-d829-4c1e-a89c-b8e3a782c09f/2.m3u8,720p,4022800,https://af7a8b4e.wurl.com/server/distrib/wdLwVIaopYGIOvx3L/zuvPJYoOOdEMDNF2j2mvmg.u11pIHHxg4zn_J5_7NMwCvB1PFI3NCQXJxo6Z-aIWQ8eugi_f2Oer2uZ44KZVy0gP6SCvP1LJjBxJINTxk9iFsNb-05wgEmT28CZoDYa2PeYz-uCfAI-PrDTK5rIhZeaXEWfe0pqEsnpaCaZlBqVIejjCqkecHuniJsyDf8gVcUJXJCQ0d6THv2lImISzWs2D0YTAtgGR04-J3gyyOmXqA/rendition-1/VLfstCOTgoH/182876/segment_182876690.ts,206,2048,True,2026-10-08T15:28:11Z
83,Trace Sport Stars,Sports,TraceSportStars.fr@HD,TraceSportStars.fr,https://amg01131-tracetv-amg01131c2-stirr-us-4392.playouts.now.amagi.tv/playlist720P.m3u8,720p,WORKING,,"[{""attempt"":1,""outcome"":""WORKING"",""reason"":""HLS manifest, media playlist, and media object responded"",""http_status"":200,""final_url"":""https://amg01131-tracetv-amg01131c2-stirr-us-4392.playouts.now.amagi.tv/playlist720P.m3u8"",""elapsed_ms"":1568}]",https://amg01131-tracetv-amg01131c2-stirr-us-4392.playouts.now.amagi.tv/playlist720P.m3u8,hls-media,,unknown,,https://amg01131-tracetv-amg01131c2-stirr-us-4392.playouts.now.amagi.tv/playlist720P_2578284.ts,206,2048,True,2026-10-08T15:28:11Z
84,Unbeaten,Sports,Unbeaten.us@SD,Unbeaten.us,https://d1t5afz6qed3xk.cloudfront.net/720p-vtt/index.m3u8,720p,WORKING,,"[{""attempt"":1,""outcome"":""WORKING"",""reason"":""HLS manifest, media playlist, and media object responded"",""http_status"":200,""final_url"":""https://d1t5afz6qed3xk.cloudfront.net/720p-vtt/index.m3u8"",""elapsed_ms"":1399}]",https://d1t5afz6qed3xk.cloudfront.net/720p-vtt/index.m3u8,hls-media,,unknown,,https://d1t5afz6qed3xk.cloudfront.net/720p-vtt/seg_1332353.ts,206,2048,True,2026-10-08T15:28:11Z
85,Varzesh TV,Sports,VarzeshTV.ir@SD,VarzeshTV.ir,https://ncdn.telewebion.ir/varzesh/live/playlist.m3u8,unknown,WORKING,,"[{""attempt"":1,""outcome"":""WORKING"",""reason"":""HLS manifest, media playlist, and media object responded"",""http_status"":200,""final_url"":""https://live-aburayhan1108.telewebion.net/ek/varzesh/live/playlist.m3u8?isp=NA&city=NA"",""elapsed_ms"":6077}]",https://live-aburayhan1108.telewebion.net/ek/varzesh/live/playlist.m3u8?isp=NA&city=NA,hls-master,https://live-aburayhan1108.telewebion.net/ek/varzesh/live/720p/index.m3u8,720p,1861200,https://live-aburayhan1108.telewebion.net/ek/varzesh/live/720p/51534170507a38317a64686f4e41858e88571043aa69c6cfa2ef2f8ec6b94b7ae8d0-ekran_live20250701_20261008132821_1791434567297592_000295912_0000002000000.ts,200,2048,True,2026-10-08T15:28:11Z
86,Willow Sports,Sports,WillowSports.us@SD,WillowSports.us,https://jmp2.uk/plu-6972546cc62833833a187f50.m3u8,720p,GEO_BLOCKED_OR_FORBIDDEN,Stream returned HTTP 403,"[{""attempt"":1,""outcome"":""GEO_BLOCKED_OR_FORBIDDEN"",""reason"":""Stream returned HTTP 403"",""http_status"":403,""final_url"":"""",""elapsed_ms"":1357}]",,,,unknown,,,,0,False,2026-10-08T15:28:11Z
87,World Poker Tour,Sports,WorldPokerTour.us@US,WorldPokerTour.us,https://amg00218-wptenterprisesi-worldpokertour-klowdtv-5619e.amagi.tv/playlist/amg00218-wptenterprisesi-worldpokertour-klowdtv/playlist.m3u8,720p,WORKING,,"[{""attempt"":1,""outcome"":""WORKING"",""reason"":""HLS manifest, media playlist, and media object responded"",""http_status"":200,""final_url"":""https://amg00218-wptenterprisesi-worldpokertour-klowdtv-5619e.amagi.tv/playlist/amg00218-wptenterprisesi-worldpokertour-klowdtv/playlist.m3u8"",""elapsed_ms"":2504}]",https://amg00218-wptenterprisesi-worldpokertour-klowdtv-5619e.amagi.tv/playlist/amg00218-wptenterprisesi-worldpokertour-klowdtv/playlist.m3u8,hls-master,https://amg00218-wptenterprisesi-worldpokertour-klowdtv-5619e.amagi.tv/ts-us-w2-n1/playlist/amg00218-wptenterprisesi-worldpokertour-klowdtv/cb57351e657b63909bc23d78d1f04582f75033dc087597282bec49cf2090431ddda1a29bb818b43d1e801ec0611879045e36c81b887905da8d79aa02297d16229b85e329d09a0f01e78c082d79e02f4b00fb5b777c146901b12fefd0e44dd4036735da4b0870208cb30af85473ffb27fee5fb55f60ef4b0f081f1dc01d08cf8b660c2b696c67fc1ff9e04017cb6c58b2dc5fba8c4de6c0850cc0169453c9a24c01c5a9e067f7e5bb5ade15e33a0d18076e8dc209fb3ad660bbe80b6ccd0b4d6b1f47e8a6d9992459d316130ca8ad88d7cd9e623752d3710f2d9320e11a0b68af4cb87887ab2285b8a9d052447694c54968349aa7caf6fd343eb273e8effdcb3e749cf7186c4f846ed027283395ef8445ca9367f6cc438fd63b4ad8a162c8652bd4c8187ea525765c8a04e5724abd6ae355/27/1280x720_2621819/index.m3u8,720p,2621819,https://amg00218-wptenterprisesi-worldpokertour-klowdtv-5619e.amagi.tv/ts-us-w2-n1/beacon/amg00218-wptenterprisesi-worldpokertour-klowdtv/cb57351e657b63909bc23d78d1f04582f75033dc087597282bec49cf2090431ddda1a29bb818b43d1e801ec0611879045e36c81b887905da8d79aa02297d16229b85e329d09a0f01e78c082d79e02f4b00fb5b777c146901b12fefd0e44dd4036735da4b0870208cb30af85473ffb27fee5fb55f60ef4b0f081f1dc01d08cf8b660c2b696c67fc1ff9e04017cb6c58b2dc5fba8c4de6c0850cc0169453c9a24c01c5a9e067f7e5bb5ade15e33a0d18076e8dc209fb3ad660bbe80b6ccd0b4d6b1f47e8a6d9992459d316130ca8ad88d7cd9e623752d3710f2d9320e11a0b68af4cb87887ab2285b8a9d052447694c54968349aa7caf6fd343eb273e8effdcb3e749cf7186c4f846ed027283395ef8445ca9367f6cc438fd63b4ad8a162c8652bd4c8187ea525765c8a04e5724abd6ae355/1280x720_2621819?bcn=1&ca=0&cid=PPT_S01E06_0102A_BUGLESS&dur=6.006000&media_type=C&redirect_url=https%3A%2F%2Famg00218-wptenterprisesi-worldpokertour-klowdtv-5619e.amagi.tv%2FplaylistR720p_2407565.ts&seen-ad=1&seg_id=2407565&user_id=e3a32f54-c32c-11f1-ab93-8ed77cceea5e,206,2048,True,2026-10-08T15:28:11Z
88,XFC TV,Sports,XFCTV.us@SD,XFCTV.us,https://stream-us-east-1.getpublica.com/playlist.m3u8?network_id=2247,720p,WORKING,,"[{""attempt"":1,""outcome"":""WORKING"",""reason"":""HLS manifest, media playlist, and media object responded"",""http_status"":200,""final_url"":""https://stream-us-east-1.getpublica.com/playlist.m3u8?network_id=2247"",""elapsed_ms"":1898}]",https://stream-us-east-1.getpublica.com/playlist.m3u8?network_id=2247,hls-master,https://stream-us-east-1.getpublica.com/cl/261008db3rd4ie6loc73ao47fg/1280x720_3067851_2_f.m3u8?i=513_2247,720p,3067851,https://content.galxy.tv/9999b4ba74414bfa857382a8b8bfb3be/b/E00000376.ts,206,2048,True,2026-10-08T15:28:11Z
89,TVS Bowling Network,Sports,TVSBowlingNetwork.us@SD,TVSBowlingNetwork.us,https://rpn.bozztv.com/gusa/gusa-tvsbowling/index.m3u8,720p,WORKING,,"[{""attempt"":1,""outcome"":""WORKING"",""reason"":""HLS manifest, media playlist, and media object responded"",""http_status"":200,""final_url"":""https://rpn.bozztv.com/gusa/gusa-tvsbowling/index.m3u8"",""elapsed_ms"":1525}]",https://rpn.bozztv.com/gusa/gusa-tvsbowling/index.m3u8,hls-master,https://rpn.bozztv.com/gusa/gusa-tvsbowling/tracks-v1a1/mono.m3u8?nimblesessionid=1883677639,720p,2060000,https://rpn.bozztv.com/gusa/gusa-tvsbowling/tracks-v1a1/2026/10/08/15/28/09-06573.ts?nimblesessionid=1883677639,206,2048,True,2026-10-08T15:28:11Z
90,TVS Sports Bureau,Sports,TVSSportsBureau.us@SD,TVSSportsBureau.us,https://rpn.bozztv.com/gusa/gusa-tvssportsbureau/index.m3u8,720p,WORKING,,"[{""attempt"":1,""outcome"":""WORKING"",""reason"":""HLS manifest, media playlist, and media object responded"",""http_status"":200,""final_url"":""https://rpn.bozztv.com/gusa/gusa-tvssportsbureau/index.m3u8"",""elapsed_ms"":1670}]",https://rpn.bozztv.com/gusa/gusa-tvssportsbureau/index.m3u8,hls-master,https://rpn.bozztv.com/gusa/gusa-tvssportsbureau/tracks-v1a1/mono.m3u8?nimblesessionid=1883677646,538p,75790000,https://rpn.bozztv.com/gusa/gusa-tvssportsbureau/tracks-v1a1/2026/10/08/15/27/18-06973.ts?nimblesessionid=1883677646,206,2048,True,2026-10-08T15:28:11Z
91,TVS Women Sports,Sports,TVSWomenSports.us@SD,TVSWomenSports.us,https://rpn.bozztv.com/gusa/gusa-tvswsn/index.m3u8,720p,BROKEN,Stream returned HTTP 404,"[{""attempt"":1,""outcome"":""BROKEN"",""reason"":""Stream returned HTTP 404"",""http_status"":404,""final_url"":"""",""elapsed_ms"":793},{""attempt"":2,""outcome"":""BROKEN"",""reason"":""Stream returned HTTP 404"",""http_status"":404,""final_url"":"""",""elapsed_ms"":506},{""attempt"":3,""outcome"":""BROKEN"",""reason"":""Stream returned HTTP 404"",""http_status"":404,""final_url"":"""",""elapsed_ms"":1534}]",,,,unknown,,,,0,False,2026-10-08T15:28:11Z
92,MBC Bollywood,Movies,MBCBollywood.ae@SD,MBCBollywood.ae,https://shd-gcp-live.edgenextcdn.net/live/bitmovin-mbc-bollywood/546eb40d7dcf9a209255dd2496903764/manifest/video/576p1200kbps/video.m3u8,576p,WORKING,,"[{""attempt"":1,""outcome"":""WORKING"",""reason"":""HLS manifest, media playlist, and media object responded"",""http_status"":200,""final_url"":""https://shd-gcp-live.edgenextcdn.net/live/bitmovin-mbc-bollywood/546eb40d7dcf9a209255dd2496903764/manifest/video/576p1200kbps/video.m3u8"",""elapsed_ms"":2147}]",https://shd-gcp-live.edgenextcdn.net/live/bitmovin-mbc-bollywood/546eb40d7dcf9a209255dd2496903764/manifest/video/576p1200kbps/video.m3u8,hls-media,,unknown,,https://shd-gcp-live.edgenextcdn.net/live/bitmovin-mbc-bollywood/546eb40d7dcf9a209255dd2496903764/video/576p1200kbps/segment_wzIiPIZMjN_160781_seg.ts,206,2048,True,2026-10-08T15:28:11Z
93,Paramount Movie Channel,Movies,ParamountMovieChannel.us@SD,ParamountMovieChannel.us,https://jmp2.uk/plu-5cb0cae7a461406ffe3f5213.m3u8,unknown,WORKING,,"[{""attempt"":1,""outcome"":""WORKING"",""reason"":""HLS manifest, media playlist, and media object responded"",""http_status"":200,""final_url"":""https://stitcher-ipv4.pluto.tv/v2/stitch/embed/hls/channel/5cb0cae7a461406ffe3f5213/master.m3u8?deviceType=samsung-tvplus&deviceMake=samsung&deviceModel=samsung&deviceVersion=unknown&appVersion=unknown&deviceLat=0&deviceLon=0&deviceDNT=%7BTARGETOPT%7D&deviceId=%7BPSID%7D&advertisingId=%7BPSID%7D&us_privacy=%7BUS_PRIVACY%7D&samsung_app_domain=%7BAPP_DOMAIN%7D&samsung_app_name=%7BAPP_NAME%7D&profileLimit=&profileFloor=&embedPartner=samsung-tvplus&masterJWTPassthrough=1&authToken=eyJhbGciOiJIUzI1NiIsImtpZCI6IjAyYTcxZjE0LTU5YzEtNGEyMi05ODA1LTA2ZGEzZTdiNjJkMiIsInR5cCI6IkpXVCJ9.eyJwYXJ0bmVyIjoic2Ftc3VuZ3R2cGx1cyIsImZlYXR1cmVzIjp7Im11bHRpUG9kQWRzIjp7ImNvaG9ydCI6IiIsImVuYWJsZWQiOnRydWV9LCJzdGl0Y2hlckFkU2Vzc2lvbkV2ZW50Ijp7ImVuYWJsZWQiOnRydWV9LCJzdGl0Y2hlckhsc05nIjp7ImRlbXV4ZWRBdWRpbyI6ImRpc2FibGVkIn0sInN0aXRjaGVySGxzTmdWbGwiOnsiZW5hYmxlZCI6dHJ1ZX0sInN0aXRjaGVyUGFydG5lclNob3dTbGF0ZSI6eyJlbmFibGVkIjp0cnVlfX0sImlzcyI6InNlcnZpY2UtcGFydG5lci1hdXRoLnBsdXRvLnR2Iiwic3ViIjoicHJpOnYxOnBsdXRvOmRldmljZXM6YzJGdGMzVnVaM1IyY0d4MWN3PT0iLCJhdWQiOiIqLnBsdXRvLnR2IiwiZXhwIjoxNzkxNTIzNjQ4LCJpYXQiOjE3OTE0MzcyNDgsImp0aSI6IjU2N2YwYmU3LTlhZTAtNGRkZS1hNDJlLTIxMTdjYTU5MzgwYSJ9.rVrS_1P6VvCR7FWLUkWG00UUe-ga4UFnmto2g4TNTQ0"",""elapsed_ms"":2602}]",https://stitcher-ipv4.pluto.tv/v2/stitch/embed/hls/channel/5cb0cae7a461406ffe3f5213/master.m3u8?deviceType=samsung-tvplus&deviceMake=samsung&deviceModel=samsung&deviceVersion=unknown&appVersion=unknown&deviceLat=0&deviceLon=0&deviceDNT=%7BTARGETOPT%7D&deviceId=%7BPSID%7D&advertisingId=%7BPSID%7D&us_privacy=%7BUS_PRIVACY%7D&samsung_app_domain=%7BAPP_DOMAIN%7D&samsung_app_name=%7BAPP_NAME%7D&profileLimit=&profileFloor=&embedPartner=samsung-tvplus&masterJWTPassthrough=1&authToken=eyJhbGciOiJIUzI1NiIsImtpZCI6IjAyYTcxZjE0LTU5YzEtNGEyMi05ODA1LTA2ZGEzZTdiNjJkMiIsInR5cCI6IkpXVCJ9.eyJwYXJ0bmVyIjoic2Ftc3VuZ3R2cGx1cyIsImZlYXR1cmVzIjp7Im11bHRpUG9kQWRzIjp7ImNvaG9ydCI6IiIsImVuYWJsZWQiOnRydWV9LCJzdGl0Y2hlckFkU2Vzc2lvbkV2ZW50Ijp7ImVuYWJsZWQiOnRydWV9LCJzdGl0Y2hlckhsc05nIjp7ImRlbXV4ZWRBdWRpbyI6ImRpc2FibGVkIn0sInN0aXRjaGVySGxzTmdWbGwiOnsiZW5hYmxlZCI6dHJ1ZX0sInN0aXRjaGVyUGFydG5lclNob3dTbGF0ZSI6eyJlbmFibGVkIjp0cnVlfX0sImlzcyI6InNlcnZpY2UtcGFydG5lci1hdXRoLnBsdXRvLnR2Iiwic3ViIjoicHJpOnYxOnBsdXRvOmRldmljZXM6YzJGdGMzVnVaM1IyY0d4MWN3PT0iLCJhdWQiOiIqLnBsdXRvLnR2IiwiZXhwIjoxNzkxNTIzNjQ4LCJpYXQiOjE3OTE0MzcyNDgsImp0aSI6IjU2N2YwYmU3LTlhZTAtNGRkZS1hNDJlLTIxMTdjYTU5MzgwYSJ9.rVrS_1P6VvCR7FWLUkWG00UUe-ga4UFnmto2g4TNTQ0,hls-master,https://stitcher-ipv4.pluto.tv/v2/stitch/embed/hls/channel/5cb0cae7a461406ffe3f5213/1539795/playlist.m3u8?sid=SAMSUNG-TVPLUS-2d3b091d-2c74-4077-ae1c-f686cbb9e81d&deviceId=5dec5d55-311d-4b91-b306-3906634f5995&appName=samsungtvplus&deviceMake=samsung&authToken=eyJhbGciOiJIUzI1NiIsImtpZCI6IjAyYTcxZjE0LTU5YzEtNGEyMi05ODA1LTA2ZGEzZTdiNjJkMiIsInR5cCI6IkpXVCJ9.eyJwYXJ0bmVyIjoic2Ftc3VuZ3R2cGx1cyIsImZlYXR1cmVzIjp7Im11bHRpUG9kQWRzIjp7ImNvaG9ydCI6IiIsImVuYWJsZWQiOnRydWV9LCJzdGl0Y2hlckFkU2Vzc2lvbkV2ZW50Ijp7ImVuYWJsZWQiOnRydWV9LCJzdGl0Y2hlckhsc05nIjp7ImRlbXV4ZWRBdWRpbyI6ImRpc2FibGVkIn0sInN0aXRjaGVySGxzTmdWbGwiOnsiZW5hYmxlZCI6dHJ1ZX0sInN0aXRjaGVyUGFydG5lclNob3dTbGF0ZSI6eyJlbmFibGVkIjp0cnVlfX0sImlzcyI6InNlcnZpY2UtcGFydG5lci1hdXRoLnBsdXRvLnR2Iiwic3ViIjoicHJpOnYxOnBsdXRvOmRldmljZXM6YzJGdGMzVnVaM1IyY0d4MWN3PT0iLCJhdWQiOiIqLnBsdXRvLnR2IiwiZXhwIjoxNzkxNTIzNjQ4LCJpYXQiOjE3OTE0MzcyNDgsImp0aSI6IjU2N2YwYmU3LTlhZTAtNGRkZS1hNDJlLTIxMTdjYTU5MzgwYSJ9.rVrS_1P6VvCR7FWLUkWG00UUe-ga4UFnmto2g4TNTQ0,unknown,1539795,https://mcdn-01.plutotv.net/187_pluto/clip/61ae599437f2a80013d6ccae_6cb46faa_2f5c_421a_b824_b698fa79e501/720pDRM/20260416_224801/hls/5810904-6470739/hls_1000-00018.ts,206,2048,True,2026-10-08T15:28:11Z
94,Rotana Cinema Egypt,Movies,RotanaCinemaEgypt.eg@SD,RotanaCinemaEgypt.eg,https://rotana.hibridcdn.net/rotananet/cinemamasr_net-7Y83PP5adWixDF93/playlist.m3u8,1080p,GEO_BLOCKED_OR_FORBIDDEN,Stream returned HTTP 403,"[{""attempt"":1,""outcome"":""GEO_BLOCKED_OR_FORBIDDEN"",""reason"":""Stream returned HTTP 403"",""http_status"":403,""final_url"":"""",""elapsed_ms"":917}]",,,,unknown,,,,0,False,2026-10-08T15:28:11Z
95,Rotana Cinema KSA,Movies,RotanaCinemaKSA.sa@SD,RotanaCinemaKSA.sa,https://rotana.hibridcdn.net/rotananet/cinema_net-7Y83PP5adWixDF93/playlist.m3u8,1080p,GEO_BLOCKED_OR_FORBIDDEN,Stream returned HTTP 403,"[{""attempt"":1,""outcome"":""GEO_BLOCKED_OR_FORBIDDEN"",""reason"":""Stream returned HTTP 403"",""http_status"":403,""final_url"":"""",""elapsed_ms"":644}]",,,,unknown,,,,0,False,2026-10-08T15:28:11Z
96,Rotana Classic,Movies,RotanaClassic.sa@SD,RotanaClassic.sa,https://rotana.hibridcdn.net/rotananet/classical_net-7Y83PP5adWixDF93/playlist.m3u8,1080p,GEO_BLOCKED_OR_FORBIDDEN,Stream returned HTTP 403,"[{""attempt"":1,""outcome"":""GEO_BLOCKED_OR_FORBIDDEN"",""reason"":""Stream returned HTTP 403"",""http_status"":403,""final_url"":"""",""elapsed_ms"":742}]",,,,unknown,,,,0,False,2026-10-08T15:28:11Z
97,50 Cent Action,Movies,50CentAction.us@SD,50CentAction.us,https://jmp2.uk/plu-68487fb3f212bedacf5a53e3.m3u8,720p,GEO_BLOCKED_OR_FORBIDDEN,Stream returned HTTP 403,"[{""attempt"":1,""outcome"":""GEO_BLOCKED_OR_FORBIDDEN"",""reason"":""Stream returned HTTP 403"",""http_status"":403,""final_url"":"""",""elapsed_ms"":1511}]",,,,unknown,,,,0,False,2026-10-08T15:28:11Z
98,ARTFLIX Movie Classics,Movies,ARTFLIXMovieClassics.us@SD,ARTFLIXMovieClassics.us,https://amogonetworx-artflix-1-nl.samsung.wurl.tv/playlist.m3u8,720p,WORKING,,"[{""attempt"":1,""outcome"":""WORKING"",""reason"":""HLS manifest, media playlist, and media object responded"",""http_status"":200,""final_url"":""https://amogonetworx-artflix-1-nl.samsung.wurl.tv/playlist.m3u8"",""elapsed_ms"":1991}]",https://amogonetworx-artflix-1-nl.samsung.wurl.tv/playlist.m3u8,hls-master,https://amogonetworx-artflix-1-nl.samsung.wurl.tv/3000.m3u8,720p,3072000,https://amogonetworx-artflix-1-nl.samsung.wurl.tv/281/419739/117718119/de4f19c230ecb20c0e66e5746d8e9cec/hls-v2/3000-00030.ts,206,2048,True,2026-10-08T15:28:11Z
99,BET Cinema,Movies,BETCinema.us@SD,BETCinema.us,https://jmp2.uk/plu-58af4c093a41ca9d4ecabe96.m3u8,unknown,GEO_BLOCKED_OR_FORBIDDEN,Stream returned HTTP 403,"[{""attempt"":1,""outcome"":""GEO_BLOCKED_OR_FORBIDDEN"",""reason"":""Stream returned HTTP 403"",""http_status"":403,""final_url"":"""",""elapsed_ms"":1231}]",,,,unknown,,,,0,False,2026-10-08T15:28:11Z
100,Cinevault 80s,Movies,Cinevault80s.us@SD,Cinevault80s.us,https://aegis-cloudfront-1.tubi.video/ea1ab5d1-f554-4f6b-b03f-2611fcd94257/playlist.m3u8,720p,BROKEN,Stream returned HTTP 404,"[{""attempt"":1,""outcome"":""BROKEN"",""reason"":""Stream returned HTTP 404"",""http_status"":404,""final_url"":"""",""elapsed_ms"":559},{""attempt"":2,""outcome"":""BROKEN"",""reason"":""Stream returned HTTP 404"",""http_status"":404,""final_url"":"""",""elapsed_ms"":647},{""attempt"":3,""outcome"":""BROKEN"",""reason"":""Stream returned HTTP 404"",""http_status"":404,""final_url"":"""",""elapsed_ms"":528}]",,,,unknown,,,,0,False,2026-10-08T15:28:11Z
101,DUST,Movies,DUST.us@SD,DUST.us,https://dqi7ayt2o24fn.cloudfront.net/playlist_1024x576.m3u8,576p,WORKING,,"[{""attempt"":1,""outcome"":""WORKING"",""reason"":""HLS manifest, media playlist, and media object responded"",""http_status"":200,""final_url"":""https://dqi7ayt2o24fn.cloudfront.net/playlist_1024x576.m3u8"",""elapsed_ms"":1266}]",https://dqi7ayt2o24fn.cloudfront.net/playlist_1024x576.m3u8,hls-media,,unknown,,https://dqi7ayt2o24fn.cloudfront.net/playlist_1024x576_152719__225258.ts,206,2048,True,2026-10-08T15:28:11Z
102,Ebony TV by Lionsgate,Movies,EbonyTVbyLionsgate.us@SD,EbonyTVbyLionsgate.us,https://aegis-cloudfront-1.tubi.video/a0ad4b53-ab3a-48dd-be12-bc7f533c372c/720p-cc/index.m3u8,720p,WORKING,,"[{""attempt"":1,""outcome"":""WORKING"",""reason"":""HLS manifest, media playlist, and media object responded"",""http_status"":200,""final_url"":""https://aegis-cloudfront-1.tubi.video/a0ad4b53-ab3a-48dd-be12-bc7f533c372c/720p-cc/index.m3u8"",""elapsed_ms"":1509}]",https://aegis-cloudfront-1.tubi.video/a0ad4b53-ab3a-48dd-be12-bc7f533c372c/720p-cc/index.m3u8,hls-media,,unknown,,https://aegis-cloudfront-1.tubi.video/a0ad4b53-ab3a-48dd-be12-bc7f533c372c/720p-cc/seg_1785411.ts,206,2048,True,2026-10-08T15:28:11Z
103,FilmRise Western,Movies,FilmRiseWestern.us@SD,FilmRiseWestern.us,https://dz05z8iljgvbe.cloudfront.net/master.m3u8,720p,WORKING,,"[{""attempt"":1,""outcome"":""WORKING"",""reason"":""HLS manifest, media playlist, and media object responded"",""http_status"":200,""final_url"":""https://dz05z8iljgvbe.cloudfront.net/master.m3u8"",""elapsed_ms"":2953}]",https://dz05z8iljgvbe.cloudfront.net/master.m3u8,hls-master,https://dz05z8iljgvbe.cloudfront.net/4.m3u8,720p,2500000,https://hls-beacons.xumo.com/hlsstream/v1/beacon?url=https%3A%2F%2Flive-content.xumo.com%2F260%2Fcontent%2FXM0SPK2BQ7V0WS%2F22042978%2F0_052.ts&aid=XM0SPK2BQ7V0WS&eventType=ASSET&cid=88886013&did=8aacdfd7deb34419&playId=1791472992453&eventSubType=playInterval&pid=260,206,2048,True,2026-10-08T15:28:11Z
104,Flicks of Fury,Movies,FlicksofFury.us@SD,FlicksofFury.us,https://jmp2.uk/plu-58e55b14ad8e9c364d55f717.m3u8,unknown,GEO_BLOCKED_OR_FORBIDDEN,Stream returned HTTP 403,"[{""attempt"":1,""outcome"":""GEO_BLOCKED_OR_FORBIDDEN"",""reason"":""Stream returned HTTP 403"",""http_status"":403,""final_url"":"""",""elapsed_ms"":1436}]",,,,unknown,,,,0,False,2026-10-08T15:28:11Z
105,Gravitas Movies,Movies,GravitasMovies.us@SD,GravitasMovies.us,https://d6dg3ebeih71x.cloudfront.net/Gravitas_Movies720p.m3u8,720p,WORKING,,"[{""attempt"":1,""outcome"":""WORKING"",""reason"":""HLS manifest, media playlist, and media object responded"",""http_status"":200,""final_url"":""https://d6dg3ebeih71x.cloudfront.net/Gravitas_Movies720p.m3u8"",""elapsed_ms"":1024}]",https://d6dg3ebeih71x.cloudfront.net/Gravitas_Movies720p.m3u8,hls-media,,unknown,,https://d6dg3ebeih71x.cloudfront.net/Gravitas_Movies720p_08024.ts,206,2048,True,2026-10-08T15:28:11Z
106,GREAT! movies,Movies,GREATmovies.uk@UK,GREATmovies.uk,https://amg01753-narrativeentert-greatmovies-samsunguk-7z6eh.amagi.tv/playlist/amg01753-narrativeentert-greatmovies-samsunguk/playlist.m3u8,1080p,WORKING,,"[{""attempt"":1,""outcome"":""WORKING"",""reason"":""HLS manifest, media playlist, and media object responded"",""http_status"":200,""final_url"":""https://amg01753-narrativeentert-greatmovies-samsunguk-7z6eh.amagi.tv/playlist/amg01753-narrativeentert-greatmovies-samsunguk/playlist.m3u8"",""elapsed_ms"":3161}]",https://amg01753-narrativeentert-greatmovies-samsunguk-7z6eh.amagi.tv/playlist/amg01753-narrativeentert-greatmovies-samsunguk/playlist.m3u8,hls-master,https://amg01753-narrativeentert-greatmovies-samsunguk-7z6eh.amagi.tv/ts-eu-w1-n2/playlist/amg01753-narrativeentert-greatmovies-samsunguk/cb57351e657b63909bc23d78d1f04582f75033dc087597282bec49cf2090431ddda1a29bb818b43d1e801ec061187904596e98488b7e03da8d79aa02297d16229b85bb7d8b910f01b4dc5c232ee52f1c00fe0d777c146901b12fefd0e44dd4036735da4b0870208cb30af85473ffb27fee5fb55f60ef4b0f081f1dc01d08cf8b660c2b696c67fc1ff9e04017cb6c58b2dc5fba8c4de6c0850cc0169453c9a24c01c5a9e067f7e5bb5ade15e33a0d18076e8dc209fb3ad660bbe80b6ccd0b4d6b1f47e8a6d9992459d316130ca8ad88d7cd9e623752d3710f2d9320e11a0b68af4cb87887ab2285b8a9d052447694c54968349aa7caf6fd343eb273e8effdcb3e749cf7186c4f846ed027283395ef8445ca9367f6cc438fd63c48d8a165c8652bd4132c810b78aac75f0584f7ed1cb15653/55/1280x720_3329040/index.m3u8,720p,3329040,https://amg01753-narrativeentert-greatmovies-samsunguk-7z6eh.amagi.tv/ts-eu-w1-n2/beacon/amg01753-narrativeentert-greatmovies-samsunguk/cb57351e657b63909bc23d78d1f04582f75033dc087597282bec49cf2090431ddda1a29bb818b43d1e801ec061187904596e98488b7e03da8d79aa02297d16229b85bb7d8b910f01b4dc5c232ee52f1c00fe0d777c146901b12fefd0e44dd4036735da4b0870208cb30af85473ffb27fee5fb55f60ef4b0f081f1dc01d08cf8b660c2b696c67fc1ff9e04017cb6c58b2dc5fba8c4de6c0850cc0169453c9a24c01c5a9e067f7e5bb5ade15e33a0d18076e8dc209fb3ad660bbe80b6ccd0b4d6b1f47e8a6d9992459d316130ca8ad88d7cd9e623752d3710f2d9320e11a0b68af4cb87887ab2285b8a9d052447694c54968349aa7caf6fd343eb273e8effdcb3e749cf7186c4f846ed027283395ef8445ca9367f6cc438fd63c48d8a165c8652bd4132c810b78aac75f0584f7ed1cb15653/1280x720_3329040?bcn=1&ca=0&cid=NE003696&dur=6.000000&media_type=C&redirect_url=https%3A%2F%2Famg01753-narrativeentert-greatmovies-samsunguk-7z6eh.amagi.tv%2F720p%2Fseg_0457488.ts&seen-ad=1&seg_id=457488&user_id=e49cae22-c32c-11f1-96b8-864c94fe2a03,206,2048,True,2026-10-08T15:28:11Z
107,GREAT! romance,Movies,GREATromance.uk@UK,GREATromance.uk,https://amg01753-narrativeentert-greatchristmas-samsunguk-8atls.amagi.tv/playlist/amg01753-narrativeentert-greatchristmas-samsunguk/playlist.m3u8,1080p,WORKING,,"[{""attempt"":1,""outcome"":""WORKING"",""reason"":""HLS manifest, media playlist, and media object responded"",""http_status"":200,""final_url"":""https://amg01753-narrativeentert-greatchristmas-samsunguk-8atls.amagi.tv/playlist/amg01753-narrativeentert-greatchristmas-samsunguk/playlist.m3u8"",""elapsed_ms"":3217}]",https://amg01753-narrativeentert-greatchristmas-samsunguk-8atls.amagi.tv/playlist/amg01753-narrativeentert-greatchristmas-samsunguk/playlist.m3u8,hls-master,https://amg01753-narrativeentert-greatchristmas-samsunguk-8atls.amagi.tv/ts-eu-w1-n2/playlist/amg01753-narrativeentert-greatchristmas-samsunguk/cb57351e657b63909bc23d78d1f04582f75033dc087597282bec49cf2090431ddda1a29bb818b43d1e801ec061187904596fc34d8d7e53da8d79aa02297d16229b85e37b8d9e0f5de38d0f2c28ba791653fd0e777c146901b12fefd0e44dd4036735da4b0870208cb30af85473ffb27fee5fb55f60ef4b0f081f1dc01d08cf8b660c2b696c67fc1ff9e04017cb6c58b2dc5fba8c4de6c0850cc0169453c9a24c01c5a9e067f7e5bb5ade15e33a0d18076e8dc209fb3ad660bbe80b6ccd0b4d6b1f47e8a6d9992459d316130ca8ad88d7cd9e623752d3710f2d9320e11a0b68af4cb87887ab2285b8a9d052447694c54968349aa7caf6fd343eb273e8effdcb3e749cf7186c4f846ed027283395ef8445ca9367f6cc438fd63a4bd8a165c8652bd4ae6d50b0c42aefb93b1c7942095f3704/36/1280x720_3329040/index.m3u8,720p,3329040,https://amg01753-narrativeentert-greatchristmas-samsunguk-8atls.amagi.tv/ts-eu-w1-n2/beacon/amg01753-narrativeentert-greatchristmas-samsunguk/cb57351e657b63909bc23d78d1f04582f75033dc087597282bec49cf2090431ddda1a29bb818b43d1e801ec061187904596fc34d8d7e53da8d79aa02297d16229b85e37b8d9e0f5de38d0f2c28ba791653fd0e777c146901b12fefd0e44dd4036735da4b0870208cb30af85473ffb27fee5fb55f60ef4b0f081f1dc01d08cf8b660c2b696c67fc1ff9e04017cb6c58b2dc5fba8c4de6c0850cc0169453c9a24c01c5a9e067f7e5bb5ade15e33a0d18076e8dc209fb3ad660bbe80b6ccd0b4d6b1f47e8a6d9992459d316130ca8ad88d7cd9e623752d3710f2d9320e11a0b68af4cb87887ab2285b8a9d052447694c54968349aa7caf6fd343eb273e8effdcb3e749cf7186c4f846ed027283395ef8445ca9367f6cc438fd63a4bd8a165c8652bd4ae6d50b0c42aefb93b1c7942095f3704/1280x720_3329040?bcn=1&ca=0&cid=NE012560&dur=6.000000&media_type=C&redirect_url=https%3A%2F%2Famg01753-narrativeentert-greatchristmas-samsunguk-8atls.amagi.tv%2F720p%2Fseg_0457316.ts&seen-ad=1&seg_id=457316&user_id=e488dc2b-c32c-11f1-a0d7-dae062938230,206,2048,True,2026-10-08T15:28:11Z
108,Hallmark Movies & More,Movies,HallmarkMoviesMore.us@SD,HallmarkMoviesMore.us,https://jmp2.uk/plu-628e685ba3811100070551a8.m3u8,720p,GEO_BLOCKED_OR_FORBIDDEN,Stream returned HTTP 403,"[{""attempt"":1,""outcome"":""GEO_BLOCKED_OR_FORBIDDEN"",""reason"":""Stream returned HTTP 403"",""http_status"":403,""final_url"":"""",""elapsed_ms"":1611}]",,,,unknown,,,,0,False,2026-10-08T15:28:11Z
109,iFilm Arabic,Movies,iFilmArabic.ir@SD,iFilmArabic.ir,https://live.presstv.ir/hls/ifilmar.m3u8,unknown,WORKING,,"[{""attempt"":1,""outcome"":""WORKING"",""reason"":""HLS manifest, media playlist, and media object responded"",""http_status"":200,""final_url"":""https://live.presstv.ir/hls/ifilmar.m3u8"",""elapsed_ms"":2889}]",https://live.presstv.ir/hls/ifilmar.m3u8,hls-master,https://live.presstv.ir/hls/ifilmar_2_482/index.m3u8,unknown,288000,https://live.presstv.ir/hls/ifilmar_2_482/439657.ts,200,2048,True,2026-10-08T15:28:11Z
110,iFilm English,Movies,iFilmEnglish.ir@SD,iFilmEnglish.ir,https://live.presstv.ir/hls/ifilmen.m3u8,unknown,WORKING,,"[{""attempt"":1,""outcome"":""WORKING"",""reason"":""HLS manifest, media playlist, and media object responded"",""http_status"":200,""final_url"":""https://live.presstv.ir/hls/ifilmen.m3u8"",""elapsed_ms"":3414}]",https://live.presstv.ir/hls/ifilmen.m3u8,hls-master,https://live.presstv.ir/hls/ifilmen_2_482/index.m3u8,unknown,288000,https://live.presstv.ir/hls/ifilmen_2_482/103817.ts,200,2048,True,2026-10-08T15:28:11Z
111,iFilm Persian,Movies,iFilmPersian.ir@SD,iFilmPersian.ir,https://live.presstv.ir/hls/ifilmfa.m3u8,unknown,WORKING,,"[{""attempt"":1,""outcome"":""WORKING"",""reason"":""HLS manifest, media playlist, and media object responded"",""http_status"":200,""final_url"":""https://live.presstv.ir/hls/ifilmfa.m3u8"",""elapsed_ms"":2723}]",https://live.presstv.ir/hls/ifilmfa.m3u8,hls-master,https://live.presstv.ir/hls/ifilmfa_2_482/index.m3u8,unknown,288000,https://live.presstv.ir/hls/ifilmfa_2_482/439655.ts,200,2048,True,2026-10-08T15:28:11Z
112,Maverick Black Cinema,Movies,MaverickBlackCinema.us@SD,MaverickBlackCinema.us,https://aegis-cloudfront-1.tubi.video/55607a73-d5bd-4a09-979e-5933354469ee/playlist.m3u8,720p,WORKING,,"[{""attempt"":1,""outcome"":""WORKING"",""reason"":""HLS manifest, media playlist, and media object responded"",""http_status"":200,""final_url"":""https://aegis-cloudfront-1.tubi.video/55607a73-d5bd-4a09-979e-5933354469ee/playlist.m3u8"",""elapsed_ms"":1652}]",https://aegis-cloudfront-1.tubi.video/55607a73-d5bd-4a09-979e-5933354469ee/playlist.m3u8,hls-master,https://aegis-cloudfront-1.tubi.video/55607a73-d5bd-4a09-979e-5933354469ee/3000.m3u8,720p,3072000,https://aegis-cloudfront-1.tubi.video/55607a73-d5bd-4a09-979e-5933354469ee/137/428593/168082123/67f40d8db75216b62e58e0ff29d3003b/hls-v2/3000-00013.ts,206,2048,True,2026-10-08T15:28:11Z
113,MovieSphere,Movies,MovieSphere.us@US,MovieSphere.us,https://aegis-cloudfront-1.tubi.video/8b127a5b-3054-4f39-93a2-1c4aab9ef5ff/playlist.m3u8,720p,WORKING,,"[{""attempt"":1,""outcome"":""WORKING"",""reason"":""HLS manifest, media playlist, and media object responded"",""http_status"":200,""final_url"":""https://aegis-cloudfront-1.tubi.video/8b127a5b-3054-4f39-93a2-1c4aab9ef5ff/playlist.m3u8"",""elapsed_ms"":2235}]",https://aegis-cloudfront-1.tubi.video/8b127a5b-3054-4f39-93a2-1c4aab9ef5ff/playlist.m3u8,hls-master,https://aegis-cloudfront-1.tubi.video/8b127a5b-3054-4f39-93a2-1c4aab9ef5ff/720p-en-cc/index.m3u8,720p,3329040,https://aegis-cloudfront-1.tubi.video/8b127a5b-3054-4f39-93a2-1c4aab9ef5ff/720p-en-cc/seg_1782214.ts,206,2048,True,2026-10-08T15:28:11Z
114,MovieSphere Gold,Movies,MovieSphereGold.us@WFXT,MovieSphereGold.us,https://cdn-uw2-prod.tsv2.amagi.tv/linear/amg01438-ewscrippscompan-ionmystery-tablo/playlist.m3u8,1080p,WORKING,,"[{""attempt"":1,""outcome"":""WORKING"",""reason"":""HLS manifest, media playlist, and media object responded"",""http_status"":200,""final_url"":""https://amg01438-ewscrippscompan-ionmystery-tablo-lhsvm.amagi.tv/playlist/amg01438-ewscrippscompan-ionmystery-tablo/playlist.m3u8"",""elapsed_ms"":3851}]",https://amg01438-ewscrippscompan-ionmystery-tablo-lhsvm.amagi.tv/playlist/amg01438-ewscrippscompan-ionmystery-tablo/playlist.m3u8,hls-master,https://amg01438-ewscrippscompan-ionmystery-tablo-lhsvm.amagi.tv/ts-us-w2-n2/playlist/amg01438-ewscrippscompan-ionmystery-tablo/cb57351e657b63909bc23d78d1f04582f75033dc087597282bec49cf2090431ddda1a29bb818b43d1e801ec0611879045835ca4dd77950da8d79aa02297d16229b85bb7bdfc80f5ab4d1082f2ae27a4f03f858777c146901b12fefd0e44dd4036735da4b0870208cb30af85473ffb27fee5fb55f60ef4b0f081f1dc01d08cf8b660c2b696c67fc1ff9e04017cb6c58b2dc5fba8c4de6c0850cc0169453c9a24c01c5a9e067f7e5bb5ade15e33a0d18076e8dc209fb3ad660bbe80b6ccd0b4d6b1f47e8a6d9992459d316130ca8ad88d7cd9e623752d3710f2d9320e11a0b68af4cb87887ab2285b8a9d052447694c54968349aa7caf6fd343eb273e8effdcb3e749cf7186c4f846ed027283395ef8445ca9367f6cc438fd63e48d8a167c8652bd4978838337e9597e15183f14e096168f9/75/1280x720_2657019/index.m3u8,720p,2657019,https://amg01438-ewscrippscompan-ionmystery-tablo-lhsvm.amagi.tv/ts-us-w2-n2/beacon/amg01438-ewscrippscompan-ionmystery-tablo/cb57351e657b63909bc23d78d1f04582f75033dc087597282bec49cf2090431ddda1a29bb818b43d1e801ec0611879045835ca4dd77950da8d79aa02297d16229b85bb7bdfc80f5ab4d1082f2ae27a4f03f858777c146901b12fefd0e44dd4036735da4b0870208cb30af85473ffb27fee5fb55f60ef4b0f081f1dc01d08cf8b660c2b696c67fc1ff9e04017cb6c58b2dc5fba8c4de6c0850cc0169453c9a24c01c5a9e067f7e5bb5ade15e33a0d18076e8dc209fb3ad660bbe80b6ccd0b4d6b1f47e8a6d9992459d316130ca8ad88d7cd9e623752d3710f2d9320e11a0b68af4cb87887ab2285b8a9d052447694c54968349aa7caf6fd343eb273e8effdcb3e749cf7186c4f846ed027283395ef8445ca9367f6cc438fd63e48d8a167c8652bd4978838337e9597e15183f14e096168f9/1280x720_2657019?bcn=1&ca=0&cid=EP024336970025&dur=6.006000&media_type=C&redirect_url=https%3A%2F%2Famg01438-ewscrippscompan-ionmystery-tablo-lhsvm.amagi.tv%2Fplaylist720p_4789690.ts&seen-ad=1&seg_id=4789690&user_id=e5b1d95a-c32c-11f1-906a-c69750a0ab6f,206,2048,True,2026-10-08T15:28:11Z
115,MyTime Movie Network,Movies,MyTimeMovieNetwork.uk@SD,MyTimeMovieNetwork.uk,https://appletree-mytimeuk-samsung.amagi.tv/playlist.m3u8,720p,WORKING,,"[{""attempt"":1,""outcome"":""WORKING"",""reason"":""HLS manifest, media playlist, and media object responded"",""http_status"":200,""final_url"":""https://appletree-mytimeuk-samsung.amagi.tv/playlist.m3u8"",""elapsed_ms"":2252}]",https://appletree-mytimeuk-samsung.amagi.tv/playlist.m3u8,hls-master,https://appletree-mytimeuk-samsung.amagi.tv/720p/index.m3u8,720p,3329040,https://appletree-mytimeuk-samsung.amagi.tv/720p/seg_2181467.ts,206,2048,True,2026-10-08T15:28:11Z
116,NOST,Movies,NOST.us@SD,NOST.us,https://a-cdn.klowdtv.com/live2/nost_720p/playlist.m3u8,720p,WORKING,,"[{""attempt"":1,""outcome"":""WORKING"",""reason"":""HLS manifest, media playlist, and media object responded"",""http_status"":200,""final_url"":""https://a-cdn.klowdtv.com/live2/nost_720p/playlist.m3u8"",""elapsed_ms"":2013}]",https://a-cdn.klowdtv.com/live2/nost_720p/playlist.m3u8,hls-master,https://a-cdn.klowdtv.com/live2/nost_720p/chunks.m3u8,720p,2886292,https://a-cdn.klowdtv.com/live2/nost_720p/l_1107071_70843099_32232.ts,206,2048,True,2026-10-08T15:28:11Z
117,OuterSphere,Movies,OuterSphere.us@SD,OuterSphere.us,https://aegis-cloudfront-1.tubi.video/27de4f2e-7f9c-418a-9b0d-e4b35b0843a0/720p-cc/index.m3u8,720p,WORKING,,"[{""attempt"":1,""outcome"":""WORKING"",""reason"":""HLS manifest, media playlist, and media object responded"",""http_status"":200,""final_url"":""https://aegis-cloudfront-1.tubi.video/27de4f2e-7f9c-418a-9b0d-e4b35b0843a0/720p-cc/index.m3u8"",""elapsed_ms"":1614}]",https://aegis-cloudfront-1.tubi.video/27de4f2e-7f9c-418a-9b0d-e4b35b0843a0/720p-cc/index.m3u8,hls-media,,unknown,,https://aegis-cloudfront-1.tubi.video/27de4f2e-7f9c-418a-9b0d-e4b35b0843a0/720p-cc/seg_1782877.ts,206,2048,True,2026-10-08T15:28:11Z
118,Persiana Cinema,Movies,PersianaCinema.fr@SD,PersianaCinema.fr,https://cinehls.persiana.live/hls/stream.m3u8,unknown,WORKING,,"[{""attempt"":1,""outcome"":""WORKING"",""reason"":""HLS manifest, media playlist, and media object responded"",""http_status"":200,""final_url"":""https://cinehls.persiana.live/hls/stream.m3u8"",""elapsed_ms"":1555}]",https://cinehls.persiana.live/hls/stream.m3u8,hls-media,,unknown,,https://cinehls.persiana.live/hls/stream-731220.ts,206,2048,True,2026-10-08T15:28:11Z
119,Persiana Iranian,Movies,PersianaIranian.fr@SD,PersianaIranian.fr,https://irhls.persiana.live/hls/stream.m3u8,unknown,WORKING,,"[{""attempt"":1,""outcome"":""WORKING"",""reason"":""HLS manifest, media playlist, and media object responded"",""http_status"":200,""final_url"":""https://irhls.persiana.live/hls/stream.m3u8"",""elapsed_ms"":1724}]",https://irhls.persiana.live/hls/stream.m3u8,hls-media,,unknown,,https://irhls.persiana.live/hls/stream-2127488.ts,206,2048,True,2026-10-08T15:28:11Z
120,Pluto TV Action,Movies,PlutoTVAction.us@US,PlutoTVAction.us,https://jmp2.uk/plu-561d7d484dc7c8770484914a.m3u8,unknown,GEO_BLOCKED_OR_FORBIDDEN,Stream returned HTTP 403,"[{""attempt"":1,""outcome"":""GEO_BLOCKED_OR_FORBIDDEN"",""reason"":""Stream returned HTTP 403"",""http_status"":403,""final_url"":"""",""elapsed_ms"":1659}]",,,,unknown,,,,0,False,2026-10-08T15:28:11Z
121,Rakuten TV Action Movies,Movies,RakutenTVActionMovies.es@UK,RakutenTVActionMovies.es,https://54045f0c40fd442c8b06df076aaf1e85.mediatailor.eu-west-1.amazonaws.com/v1/master/0547f18649bd788bec7b67b746e47670f558b6b2/production-LiveChannel-6065/master.m3u8,1080p,WORKING,,"[{""attempt"":1,""outcome"":""WORKING"",""reason"":""HLS manifest, media playlist, and media object responded"",""http_status"":200,""final_url"":""https://54045f0c40fd442c8b06df076aaf1e85.mediatailor.eu-west-1.amazonaws.com/v1/master/0547f18649bd788bec7b67b746e47670f558b6b2/production-LiveChannel-6065/master.m3u8"",""elapsed_ms"":2727}]",https://54045f0c40fd442c8b06df076aaf1e85.mediatailor.eu-west-1.amazonaws.com/v1/master/0547f18649bd788bec7b67b746e47670f558b6b2/production-LiveChannel-6065/master.m3u8,hls-master,https://54045f0c40fd442c8b06df076aaf1e85.mediatailor.eu-west-1.amazonaws.com/v1/manifest/0547f18649bd788bec7b67b746e47670f558b6b2/production-LiveChannel-6065/65ac463e-9cb5-41bd-8e07-6e2edaf2b0c7/3.m3u8,720p,2640403,"https://prod-fast-pmd-cdn77.cdn.rakuten.tv/2/f/4/2f4e485146459cd336c8f7a38214773c-mc-0-192-0-0_HLSBB/media-4/96.ts?streaming_id=52aeed63-b53e-4052-a8c5-777b276b49e5&st_valid=1791187206&secure=4LA8d7RWa9mNGcXoi5ZQvA==,1791541570",206,2048,True,2026-10-08T15:28:11Z
122,Rakuten TV Comedy Movies,Movies,RakutenTVComedyMovies.es@UK,RakutenTVComedyMovies.es,https://9be783d652cd4b099cf63e1dc134c4a3.mediatailor.eu-west-1.amazonaws.com/v1/master/0547f18649bd788bec7b67b746e47670f558b6b2/production-LiveChannel-6181/master.m3u8,1080p,WORKING,,"[{""attempt"":1,""outcome"":""WORKING"",""reason"":""HLS manifest, media playlist, and media object responded"",""http_status"":200,""final_url"":""https://9be783d652cd4b099cf63e1dc134c4a3.mediatailor.eu-west-1.amazonaws.com/v1/master/0547f18649bd788bec7b67b746e47670f558b6b2/production-LiveChannel-6181/master.m3u8"",""elapsed_ms"":2622}]",https://9be783d652cd4b099cf63e1dc134c4a3.mediatailor.eu-west-1.amazonaws.com/v1/master/0547f18649bd788bec7b67b746e47670f558b6b2/production-LiveChannel-6181/master.m3u8,hls-master,https://9be783d652cd4b099cf63e1dc134c4a3.mediatailor.eu-west-1.amazonaws.com/v1/manifest/0547f18649bd788bec7b67b746e47670f558b6b2/production-LiveChannel-6181/8e2e0a3c-53de-4d1a-ba5b-1f2fd4fe2f72/3.m3u8,720p,2625189,"https://prod-fast-pmd-cdn77.cdn.rakuten.tv/3/f/d/3fd593f3cb944347311b395878fe0ff2-mc-0-205-0-0_HLSBB/media-4/68.ts?streaming_id=844e5aa1-a765-4792-bbf8-ab1d7da09214&st_valid=1791187239&secure=7kJyz49dIY3u3tAXfrv1eg==,1791541202",206,2048,True,2026-10-08T15:28:11Z
123,Rakuten TV Top Movies,Movies,RakutenTVTopMovies.es@UK,RakutenTVTopMovies.es,https://0145451975a64b35866170fd2e8fa486.mediatailor.eu-west-1.amazonaws.com/v1/master/0547f18649bd788bec7b67b746e47670f558b6b2/production-LiveChannel-5987/master.m3u8,1080p,WORKING,,"[{""attempt"":1,""outcome"":""WORKING"",""reason"":""HLS manifest, media playlist, and media object responded"",""http_status"":200,""final_url"":""https://0145451975a64b35866170fd2e8fa486.mediatailor.eu-west-1.amazonaws.com/v1/master/0547f18649bd788bec7b67b746e47670f558b6b2/production-LiveChannel-5987/master.m3u8"",""elapsed_ms"":3074}]",https://0145451975a64b35866170fd2e8fa486.mediatailor.eu-west-1.amazonaws.com/v1/master/0547f18649bd788bec7b67b746e47670f558b6b2/production-LiveChannel-5987/master.m3u8,hls-master,https://0145451975a64b35866170fd2e8fa486.mediatailor.eu-west-1.amazonaws.com/v1/manifest/0547f18649bd788bec7b67b746e47670f558b6b2/production-LiveChannel-5987/4447bf60-989d-42ca-821c-01ac79427c64/3.m3u8,720p,2661424,"https://prod-fast-pmd-cdn77.cdn.rakuten.tv/5/0/7/507c594239ea4d5137b3794c950bd8d6-mc-0-170-0-0_HLSBB/media-4/715.ts?streaming_id=b7a40dd7-4e73-4c3e-9384-4ab3d1081590&st_valid=1791187240&secure=EHenZ9wB_SJ6svgtzKPVuA==,1791537809",206,2048,True,2026-10-08T15:28:11Z
124,Runtime,Movies,Runtime.us@SD,Runtime.us,https://jmp2.uk/plu-6086d3f420fc8500075f8dbf.m3u8,720p,GEO_BLOCKED_OR_FORBIDDEN,Stream returned HTTP 403,"[{""attempt"":1,""outcome"":""GEO_BLOCKED_OR_FORBIDDEN"",""reason"":""Stream returned HTTP 403"",""http_status"":403,""final_url"":"""",""elapsed_ms"":1601}]",,,,unknown,,,,0,False,2026-10-08T15:28:11Z
125,The Film Detective,Movies,TheFilmDetective.us@SD,TheFilmDetective.us,https://cinedigm-entertainment-corp-thefilmdetective-1-us.ono.wurl.tv/playlist.m3u8,720p,UNKNOWN,Mixed failure evidence: Stream connection error: Tunnel connection failed: 403 Forbidden; Stream connection error: Tunnel connection failed: 403 Forbidden; Stream connection error: Tunnel connection failed: 403 Forbidden,"[{""attempt"":1,""outcome"":""UNKNOWN"",""reason"":""Stream connection error: Tunnel connection failed: 403 Forbidden"",""http_status"":null,""final_url"":"""",""elapsed_ms"":98},{""attempt"":2,""outcome"":""UNKNOWN"",""reason"":""Stream connection error: Tunnel connection failed: 403 Forbidden"",""http_status"":null,""final_url"":"""",""elapsed_ms"":171},{""attempt"":3,""outcome"":""UNKNOWN"",""reason"":""Stream connection error: Tunnel connection failed: 403 Forbidden"",""http_status"":null,""final_url"":"""",""elapsed_ms"":106}]",,,,unknown,,,,0,False,2026-10-08T15:28:11Z
126,Watch it Scream!,Movies,WatchitScream.us@SD,WatchitScream.us,https://stream-us-east-1.getpublica.com/playlist.m3u8?network_id=2246,720p,WORKING,,"[{""attempt"":1,""outcome"":""WORKING"",""reason"":""HLS manifest, media playlist, and media object responded"",""http_status"":200,""final_url"":""https://stream-us-east-1.getpublica.com/playlist.m3u8?network_id=2246"",""elapsed_ms"":2236}]",https://stream-us-east-1.getpublica.com/playlist.m3u8?network_id=2246,hls-master,https://stream-us-east-1.getpublica.com/cl/261008db3rd5h23pss73aq3acg/1280x720_2797625_2_f.m3u8?i=513_2246,720p,2797625,https://content.galxy.tv/6ba9f88c8dfb47d79b0425e772faf2e6/b/E000004B4.ts,206,2048,True,2026-10-08T15:28:11Z
127,Wu Tang Collection,Movies,WuTangCollection.us@SD,WuTangCollection.us,https://dbrb49pjoymg4.cloudfront.net/10001/99991745/hls/master.m3u8?ads.xumo_channelId=99991745,720p,WORKING,,"[{""attempt"":1,""outcome"":""WORKING"",""reason"":""HLS manifest, media playlist, and media object responded"",""http_status"":200,""final_url"":""https://dbrb49pjoymg4.cloudfront.net/10001/99991745/hls/master.m3u8?ads.xumo_channelId=99991745"",""elapsed_ms"":2993}]",https://dbrb49pjoymg4.cloudfront.net/10001/99991745/hls/master.m3u8?ads.xumo_channelId=99991745,hls-master,https://dbrb49pjoymg4.cloudfront.net/manifest/3fec3e5cac39a52b2132f9c66c83dae043dc17d4/prod_default_xumo-ams-aws/c5f23f97-eafc-492a-840b-9c903de5d4bd/4.m3u8,720p,2500000,https://hls-beacons-us.xumo.com/hlsstream/v1/beacon?url=https%3A%2F%2Flive-content-cf.xumo.com%2F2185%2Fcontent%2FXM00Q00KXL7DUV%2F24517567%2F2_826.ts&aid=XM00Q00KXL7DUV&eventType=ASSET&cid=99991745&did=18ebe0f0c7584ab0&playId=1791473206000&eventSubType=playInterval&pid=2185,206,2048,True,2026-10-08T15:28:11Z
128,TVS Drive In Movie,Movies,TVSDriveInMovie.us@SD,TVSDriveInMovie.us,https://rpn.bozztv.com/gusa/gusa-tvsdriveinmovie/index.m3u8,360p,WORKING,,"[{""attempt"":1,""outcome"":""WORKING"",""reason"":""HLS manifest, media playlist, and media object responded"",""http_status"":200,""final_url"":""https://rpn.bozztv.com/gusa/gusa-tvsdriveinmovie/index.m3u8"",""elapsed_ms"":2098}]",https://rpn.bozztv.com/gusa/gusa-tvsdriveinmovie/index.m3u8,hls-master,https://rpn.bozztv.com/gusa/gusa-tvsdriveinmovie/tracks-v1a1/mono.m3u8?nimblesessionid=1883677737,360p,830000,https://rpn.bozztv.com/gusa/gusa-tvsdriveinmovie/tracks-v1a1/2026/10/08/15/27/42-07200.ts?nimblesessionid=1883677737,206,2048,True,2026-10-08T15:28:11Z
129,BBC Drama (FAST),Series,BBCDrama.uk@FAST,BBCDrama.uk,https://amg00793-amg00793c40-rakuten-es-5444.playouts.now.amagi.tv/720p/index.m3u8,720p,WORKING,,"[{""attempt"":1,""outcome"":""WORKING"",""reason"":""HLS manifest, media playlist, and media object responded"",""http_status"":200,""final_url"":""https://amg00793-amg00793c40-rakuten-es-5444.playouts.now.amagi.tv/720p/index.m3u8"",""elapsed_ms"":1715}]",https://amg00793-amg00793c40-rakuten-es-5444.playouts.now.amagi.tv/720p/index.m3u8,hls-media,,unknown,,https://amg00793-amg00793c40-rakuten-es-5444.playouts.now.amagi.tv/720p/seg_0417359.ts,206,2048,True,2026-10-08T15:28:11Z
130,MBC Drama,Series,MBCDrama.ae@SD,MBCDrama.ae,https://shd-gcp-live.edgenextcdn.net/live/bitmovin-mbc-drama/2c28a458e2f3253e678b07ac7d13fe71/manifest/video/576p1200kbps/video.m3u8,576p,WORKING,,"[{""attempt"":1,""outcome"":""WORKING"",""reason"":""HLS manifest, media playlist, and media object responded"",""http_status"":200,""final_url"":""https://shd-gcp-live.edgenextcdn.net/live/bitmovin-mbc-drama/2c28a458e2f3253e678b07ac7d13fe71/manifest/video/576p1200kbps/video.m3u8"",""elapsed_ms"":2746}]",https://shd-gcp-live.edgenextcdn.net/live/bitmovin-mbc-drama/2c28a458e2f3253e678b07ac7d13fe71/manifest/video/576p1200kbps/video.m3u8,hls-media,,unknown,,https://shd-gcp-live.edgenextcdn.net/live/bitmovin-mbc-drama/2c28a458e2f3253e678b07ac7d13fe71/video/576p1200kbps/segment_gvOFFyWSHd_47918_seg.ts,206,2048,True,2026-10-08T15:28:11Z
131,MBC Masr Drama,Series,MBCMasrDrama.sa@SD,MBCMasrDrama.sa,https://shd-gcp-live.edgenextcdn.net/live/bitmovin-mbc-masr-drama/567b703c19ede6598222de81b0e4508b/manifest/video/576p1200kbps/video.m3u8,576p,WORKING,,"[{""attempt"":1,""outcome"":""WORKING"",""reason"":""HLS manifest, media playlist, and media object responded"",""http_status"":200,""final_url"":""https://shd-gcp-live.edgenextcdn.net/live/bitmovin-mbc-masr-drama/567b703c19ede6598222de81b0e4508b/manifest/video/576p1200kbps/video.m3u8"",""elapsed_ms"":2152}]",https://shd-gcp-live.edgenextcdn.net/live/bitmovin-mbc-masr-drama/567b703c19ede6598222de81b0e4508b/manifest/video/576p1200kbps/video.m3u8,hls-media,,unknown,,https://shd-gcp-live.edgenextcdn.net/live/bitmovin-mbc-masr-drama/567b703c19ede6598222de81b0e4508b/video/576p1200kbps/segment_z6y17k48xK_160605_seg.ts,206,2048,True,2026-10-08T15:28:11Z
132,NBC Comedy Vault,Series,NBCComedyVault.us@SD,NBCComedyVault.us,https://xumo-xumoent-vc-105-z0vpm.fast.nbcuni.com/live/master_3.m3u8,720p,WORKING,,"[{""attempt"":1,""outcome"":""WORKING"",""reason"":""HLS manifest, media playlist, and media object responded"",""http_status"":200,""final_url"":""https://xumo-xumoent-vc-105-z0vpm.fast.nbcuni.com/live/master_3.m3u8"",""elapsed_ms"":1253}]",https://xumo-xumoent-vc-105-z0vpm.fast.nbcuni.com/live/master_3.m3u8,hls-media,,unknown,,https://xumo-xumoent-vc-105-z0vpm.fast.nbcuni.com/live/master_3/00828/master_3_03838.ts,206,2048,True,2026-10-08T15:28:11Z
133,Paramount+ Picks,Series,ParamountPlusPicks.us@SD,ParamountPlusPicks.us,https://jmp2.uk/plu-5ff8c708653d080007361b14.m3u8,unknown,GEO_BLOCKED_OR_FORBIDDEN,Stream returned HTTP 403,"[{""attempt"":1,""outcome"":""GEO_BLOCKED_OR_FORBIDDEN"",""reason"":""Stream returned HTTP 403"",""http_status"":403,""final_url"":"""",""elapsed_ms"":1541}]",,,,unknown,,,,0,False,2026-10-08T15:28:11Z
134,Rotana Drama,Series,RotanaDrama.sa@SD,RotanaDrama.sa,https://rotana.hibridcdn.net/rotananet/drama_net-7Y83PP5adWixDF93/playlist.m3u8,1080p,GEO_BLOCKED_OR_FORBIDDEN,Stream returned HTTP 403,"[{""attempt"":1,""outcome"":""GEO_BLOCKED_OR_FORBIDDEN"",""reason"":""Stream returned HTTP 403"",""http_status"":403,""final_url"":"""",""elapsed_ms"":617}]",,,,unknown,,,,0,False,2026-10-08T15:28:11Z
135,Universal Crime,Series,UniversalCrime.us@East,UniversalCrime.us,https://jmp2.uk/plu-6549341853fc9700083901ac.m3u8,720p,GEO_BLOCKED_OR_FORBIDDEN,Stream returned HTTP 403,"[{""attempt"":1,""outcome"":""GEO_BLOCKED_OR_FORBIDDEN"",""reason"":""Stream returned HTTP 403"",""http_status"":403,""final_url"":"""",""elapsed_ms"":1364}]",,,,unknown,,,,0,False,2026-10-08T15:28:11Z
136,Baywatch,Series,Baywatch.us@US,Baywatch.us,https://aegis-cloudfront-1.tubi.video/9d1cd886-32b9-41ce-a7de-3babb46506aa/playlist.m3u8,720p,WORKING,,"[{""attempt"":1,""outcome"":""WORKING"",""reason"":""HLS manifest, media playlist, and media object responded"",""http_status"":200,""final_url"":""https://aegis-cloudfront-1.tubi.video/9d1cd886-32b9-41ce-a7de-3babb46506aa/playlist.m3u8"",""elapsed_ms"":1758}]",https://aegis-cloudfront-1.tubi.video/9d1cd886-32b9-41ce-a7de-3babb46506aa/playlist.m3u8,hls-master,https://aegis-cloudfront-1.tubi.video/9d1cd886-32b9-41ce-a7de-3babb46506aa/720p-cc/index.m3u8,720p,3329040,https://aegis-cloudfront-1.tubi.video/9d1cd886-32b9-41ce-a7de-3babb46506aa/720p-cc/seg_0236942.ts,206,2048,True,2026-10-08T15:28:11Z
137,Dark Matter TV,Series,DarkMatterTV.us@SD,DarkMatterTV.us,https://tricoast-tv-dark-matter-01-us.ono.wurl.tv/playlist.m3u8,720p,WORKING,,"[{""attempt"":1,""outcome"":""WORKING"",""reason"":""HLS manifest, media playlist, and media object responded"",""http_status"":200,""final_url"":""https://tricoast-tv-dark-matter-01-us.ono.wurl.tv/playlist.m3u8"",""elapsed_ms"":2216}]",https://tricoast-tv-dark-matter-01-us.ono.wurl.tv/playlist.m3u8,hls-master,https://tricoast-tv-dark-matter-01-us.ono.wurl.tv/3000.m3u8,720p,3072000,https://tricoast-tv-dark-matter-01-us.ono.wurl.tv/364/425433/143236326/380512bc7267a7d7d88df51489cb8e42/hls-v2/3000-00336.ts,206,2048,True,2026-10-08T15:28:11Z
138,FilmRise Forensic Files,Series,FilmRiseForensicFiles.us@SD,FilmRiseForensicFiles.us,https://pb-x9qsxrudiq9d2.akamaized.net/webvtt/v1/18584c3f3a2a4df8/88886014/master.m3u8,720p,GEO_BLOCKED_OR_FORBIDDEN,Stream returned HTTP 403,"[{""attempt"":1,""outcome"":""GEO_BLOCKED_OR_FORBIDDEN"",""reason"":""Stream returned HTTP 403"",""http_status"":403,""final_url"":"""",""elapsed_ms"":468}]",,,,unknown,,,,0,False,2026-10-08T15:28:11Z
139,Midsomer Murders,Series,MidsomerMurders.us@SD,MidsomerMurders.us,https://aegis-cloudfront-1.tubi.video/d76934f9-bea8-4cc2-a812-c2e8a9c5d40a/playlist.m3u8,720p,WORKING,,"[{""attempt"":1,""outcome"":""WORKING"",""reason"":""HLS manifest, media playlist, and media object responded"",""http_status"":200,""final_url"":""https://aegis-cloudfront-1.tubi.video/d76934f9-bea8-4cc2-a812-c2e8a9c5d40a/playlist.m3u8"",""elapsed_ms"":1886}]",https://aegis-cloudfront-1.tubi.video/d76934f9-bea8-4cc2-a812-c2e8a9c5d40a/playlist.m3u8,hls-master,https://aegis-cloudfront-1.tubi.video/d76934f9-bea8-4cc2-a812-c2e8a9c5d40a/3000.m3u8,720p,3072000,https://aegis-cloudfront-1.tubi.video/d76934f9-bea8-4cc2-a812-c2e8a9c5d40a/236/416246/172543298/f675e53ea55757fe6ff733951cf075b3/hls-v2/3000-00731.ts,206,2048,True,2026-10-08T15:28:11Z
140,Persiana Family,Series,PersianaFamily.fr@SD,PersianaFamily.fr,https://familyhls.persiana.live/hls/stream.m3u8,unknown,WORKING,,"[{""attempt"":1,""outcome"":""WORKING"",""reason"":""HLS manifest, media playlist, and media object responded"",""http_status"":200,""final_url"":""https://familyhls.persiana.live/hls/stream.m3u8"",""elapsed_ms"":1267}]",https://familyhls.persiana.live/hls/stream.m3u8,hls-media,,unknown,,https://familyhls.persiana.live/hls/stream-1903865.ts,206,2048,True,2026-10-08T15:28:11Z
141,Persiana Plus,Series,PersianaPlus.fr@SD,PersianaPlus.fr,https://euhls.persiana.live/hls/stream.m3u8,unknown,WORKING,,"[{""attempt"":1,""outcome"":""WORKING"",""reason"":""HLS manifest, media playlist, and media object responded"",""http_status"":200,""final_url"":""https://euhls.persiana.live/hls/stream.m3u8"",""elapsed_ms"":1581}]",https://euhls.persiana.live/hls/stream.m3u8,hls-media,,unknown,,https://euhls.persiana.live/hls/stream-371597.ts,206,2048,True,2026-10-08T15:28:11Z
142,Persiana Series,Series,PersianaSeries.fr@HD,PersianaSeries.fr,https://onehls.persiana.live/hls/stream.m3u8,unknown,WORKING,,"[{""attempt"":1,""outcome"":""WORKING"",""reason"":""HLS manifest, media playlist, and media object responded"",""http_status"":200,""final_url"":""https://onehls.persiana.live/hls/stream.m3u8"",""elapsed_ms"":1220}]",https://onehls.persiana.live/hls/stream.m3u8,hls-media,,unknown,,https://onehls.persiana.live/hls/stream-225448.ts,206,2048,True,2026-10-08T15:28:11Z
143,The Conners,Series,TheConners.us@SD,TheConners.us,https://aegis-cloudfront-1.tubi.video/e08080ff-3d87-4d9e-a156-91554fd2e39b/playlist.m3u8,720p,WORKING,,"[{""attempt"":1,""outcome"":""WORKING"",""reason"":""HLS manifest, media playlist, and media object responded"",""http_status"":200,""final_url"":""https://aegis-cloudfront-1.tubi.video/e08080ff-3d87-4d9e-a156-91554fd2e39b/playlist.m3u8"",""elapsed_ms"":1921}]",https://aegis-cloudfront-1.tubi.video/e08080ff-3d87-4d9e-a156-91554fd2e39b/playlist.m3u8,hls-master,https://aegis-cloudfront-1.tubi.video/e08080ff-3d87-4d9e-a156-91554fd2e39b/720p-cc/index.m3u8,720p,3329040,https://aegis-cloudfront-1.tubi.video/e08080ff-3d87-4d9e-a156-91554fd2e39b/720p-cc/seg_1785819.ts,206,2048,True,2026-10-08T15:28:11Z
144,The Walking Dead Universe,Series,TheWalkingDeadUniverse.us@SD,TheWalkingDeadUniverse.us,https://jmp2.uk/plu-62fa8176b9884200074ef5ae.m3u8,720p,GEO_BLOCKED_OR_FORBIDDEN,Stream returned HTTP 403,"[{""attempt"":1,""outcome"":""GEO_BLOCKED_OR_FORBIDDEN"",""reason"":""Stream returned HTTP 403"",""http_status"":403,""final_url"":"""",""elapsed_ms"":2365}]",,,,unknown,,,,0,False,2026-10-08T15:28:11Z
145,Unsolved Mysteries,Series,UnsolvedMysteries.us@US,UnsolvedMysteries.us,https://d31z96rdrmwfsp.cloudfront.net/master.m3u8,720p,WORKING,,"[{""attempt"":1,""outcome"":""WORKING"",""reason"":""HLS manifest, media playlist, and media object responded"",""http_status"":200,""final_url"":""https://d31z96rdrmwfsp.cloudfront.net/master.m3u8"",""elapsed_ms"":1847}]",https://d31z96rdrmwfsp.cloudfront.net/master.m3u8,hls-master,https://d31z96rdrmwfsp.cloudfront.net/4.m3u8,720p,2500000,https://live-content.xumo.com/149/content/XM0GRQO3JXT502/27129464/1_021.ts,206,2048,True,2026-10-08T15:28:11Z
146,BBC Four,Entertainment,BBCFour.uk@UK,BBCFour.uk,https://vs-cmaf-pushb-uk.live.fastly.md.bbci.co.uk/x=4/i=urn:bbc:pips:service:bbc_four_hd/iptv_hd_abr_v1.mpd,720p,GEO_BLOCKED_OR_FORBIDDEN,Stream returned HTTP 403,"[{""attempt"":1,""outcome"":""GEO_BLOCKED_OR_FORBIDDEN"",""reason"":""Stream returned HTTP 403"",""http_status"":403,""final_url"":"""",""elapsed_ms"":945}]",,,,unknown,,,,0,False,2026-10-08T15:28:11Z
147,BBC One,Entertainment,BBCOne.uk@London,BBCOne.uk,https://vs-cmaf-push-uk-live.akamaized.net/x=4/i=urn:bbc:pips:service:bbc_one_london/iptv_hd_abr_v1.mpd,720p,GEO_BLOCKED_OR_FORBIDDEN,Stream returned HTTP 403,"[{""attempt"":1,""outcome"":""GEO_BLOCKED_OR_FORBIDDEN"",""reason"":""Stream returned HTTP 403"",""http_status"":403,""final_url"":"""",""elapsed_ms"":453}]",,,,unknown,,,,0,False,2026-10-08T15:28:11Z
148,BBC Three,Entertainment,BBCThree.uk@SD,BBCThree.uk,https://vs-cmaf-pushb-uk-live.akamaized.net/x=4/i=urn:bbc:pips:service:bbc_three_hd/iptv_hd_abr_v1.mpd,720p,GEO_BLOCKED_OR_FORBIDDEN,Stream returned HTTP 403,"[{""attempt"":1,""outcome"":""GEO_BLOCKED_OR_FORBIDDEN"",""reason"":""Stream returned HTTP 403"",""http_status"":403,""final_url"":"""",""elapsed_ms"":441}]",,,,unknown,,,,0,False,2026-10-08T15:28:11Z
149,BBC Two,Entertainment,BBCTwo.uk@HD,BBCTwo.uk,https://vs-cmaf-push-uk-live.akamaized.net/x=4/i=urn:bbc:pips:service:bbc_two_hd/iptv_hd_abr_v1.mpd,720p,GEO_BLOCKED_OR_FORBIDDEN,Stream returned HTTP 403,"[{""attempt"":1,""outcome"":""GEO_BLOCKED_OR_FORBIDDEN"",""reason"":""Stream returned HTTP 403"",""http_status"":403,""final_url"":"""",""elapsed_ms"":451}]",,,,unknown,,,,0,False,2026-10-08T15:28:11Z
150,MBC 1,Entertainment,MBC1.ae@SD,MBC1.ae,https://shd-gcp-live.edgenextcdn.net/live/bitmovin-mbc-1/15cf99af5de54063fdabfefe66adc075/manifest/video/576p1200kbps/video.m3u8,576p,WORKING,,"[{""attempt"":1,""outcome"":""WORKING"",""reason"":""HLS manifest, media playlist, and media object responded"",""http_status"":200,""final_url"":""https://shd-gcp-live.edgenextcdn.net/live/bitmovin-mbc-1/15cf99af5de54063fdabfefe66adc075/manifest/video/576p1200kbps/video.m3u8"",""elapsed_ms"":1558}]",https://shd-gcp-live.edgenextcdn.net/live/bitmovin-mbc-1/15cf99af5de54063fdabfefe66adc075/manifest/video/576p1200kbps/video.m3u8,hls-media,,unknown,,https://shd-gcp-live.edgenextcdn.net/live/bitmovin-mbc-1/15cf99af5de54063fdabfefe66adc075/video/576p1200kbps/segment_hPSxYFJXPl_48022_seg.ts,206,2048,True,2026-10-08T15:28:11Z
151,MBC 4,Entertainment,MBC4.ae@SD,MBC4.ae,https://shd-gcp-live.edgenextcdn.net/live/bitmovin-mbc-4/24f134f1cd63db9346439e96b86ca6ed/manifest/video/576p1200kbps/video.m3u8,576p,WORKING,,"[{""attempt"":1,""outcome"":""WORKING"",""reason"":""HLS manifest, media playlist, and media object responded"",""http_status"":200,""final_url"":""https://shd-gcp-live.edgenextcdn.net/live/bitmovin-mbc-4/24f134f1cd63db9346439e96b86ca6ed/manifest/video/576p1200kbps/video.m3u8"",""elapsed_ms"":1010}]",https://shd-gcp-live.edgenextcdn.net/live/bitmovin-mbc-4/24f134f1cd63db9346439e96b86ca6ed/manifest/video/576p1200kbps/video.m3u8,hls-media,,unknown,,https://shd-gcp-live.edgenextcdn.net/live/bitmovin-mbc-4/24f134f1cd63db9346439e96b86ca6ed/video/576p1200kbps/segment_hvPZxCJFsN_160496_seg.ts,206,2048,True,2026-10-08T15:28:11Z
152,MBC 5,Entertainment,MBC5.ae@SD,MBC5.ae,https://shd-gcp-live.edgenextcdn.net/live/bitmovin-mbc-5/ee6b000cee0629411b666ab26cb13e9b/manifest/video/576p1200kbps/video.m3u8,576p,WORKING,,"[{""attempt"":1,""outcome"":""WORKING"",""reason"":""HLS manifest, media playlist, and media object responded"",""http_status"":200,""final_url"":""https://shd-gcp-live.edgenextcdn.net/live/bitmovin-mbc-5/ee6b000cee0629411b666ab26cb13e9b/manifest/video/576p1200kbps/video.m3u8"",""elapsed_ms"":1338}]",https://shd-gcp-live.edgenextcdn.net/live/bitmovin-mbc-5/ee6b000cee0629411b666ab26cb13e9b/manifest/video/576p1200kbps/video.m3u8,hls-media,,unknown,,https://shd-gcp-live.edgenextcdn.net/live/bitmovin-mbc-5/ee6b000cee0629411b666ab26cb13e9b/video/576p1200kbps/segment_eTdqD6s1aS_160494_seg.ts,206,2048,True,2026-10-08T15:28:11Z
153,MBC Iraq,Entertainment,MBCIraq.iq@SD,MBCIraq.iq,https://shd-gcp-live.edgenextcdn.net/live/bitmovin-mbc-iraq/e38c44b1b43474e1c39cb5b90203691e/manifest/video/576p1200kbps/video.m3u8,576p,WORKING,,"[{""attempt"":1,""outcome"":""WORKING"",""reason"":""HLS manifest, media playlist, and media object responded"",""http_status"":200,""final_url"":""https://shd-gcp-live.edgenextcdn.net/live/bitmovin-mbc-iraq/e38c44b1b43474e1c39cb5b90203691e/manifest/video/576p1200kbps/video.m3u8"",""elapsed_ms"":1482}]",https://shd-gcp-live.edgenextcdn.net/live/bitmovin-mbc-iraq/e38c44b1b43474e1c39cb5b90203691e/manifest/video/576p1200kbps/video.m3u8,hls-media,,unknown,,https://shd-gcp-live.edgenextcdn.net/live/bitmovin-mbc-iraq/e38c44b1b43474e1c39cb5b90203691e/video/576p1200kbps/segment_womOQ2xKrQ_160562_seg.ts,206,2048,True,2026-10-08T15:28:11Z
154,MBC Masr,Entertainment,MBCMasr.eg@SD,MBCMasr.eg,https://shd-gcp-live.edgenextcdn.net/live/bitmovin-mbc-masr/956eac069c78a35d47245db6cdbb1575/manifest/video/576p1200kbps/video.m3u8,576p,WORKING,,"[{""attempt"":1,""outcome"":""WORKING"",""reason"":""HLS manifest, media playlist, and media object responded"",""http_status"":200,""final_url"":""https://shd-gcp-live.edgenextcdn.net/live/bitmovin-mbc-masr/956eac069c78a35d47245db6cdbb1575/manifest/video/576p1200kbps/video.m3u8"",""elapsed_ms"":1707}]",https://shd-gcp-live.edgenextcdn.net/live/bitmovin-mbc-masr/956eac069c78a35d47245db6cdbb1575/manifest/video/576p1200kbps/video.m3u8,hls-media,,unknown,,https://shd-gcp-live.edgenextcdn.net/live/bitmovin-mbc-masr/956eac069c78a35d47245db6cdbb1575/video/576p1200kbps/segment_dqxpKfpsmX_47305_seg.ts,206,2048,True,2026-10-08T15:28:11Z
155,MBC Masr 2,Entertainment,MBCMasr2.eg@SD,MBCMasr2.eg,https://shd-gcp-live.edgenextcdn.net/live/bitmovin-mbc-masr-2/754931856515075b0aabf0e583495c68/manifest/video/576p1200kbps/video.m3u8,576p,WORKING,,"[{""attempt"":1,""outcome"":""WORKING"",""reason"":""HLS manifest, media playlist, and media object responded"",""http_status"":200,""final_url"":""https://shd-gcp-live.edgenextcdn.net/live/bitmovin-mbc-masr-2/754931856515075b0aabf0e583495c68/manifest/video/576p1200kbps/video.m3u8"",""elapsed_ms"":1623}]",https://shd-gcp-live.edgenextcdn.net/live/bitmovin-mbc-masr-2/754931856515075b0aabf0e583495c68/manifest/video/576p1200kbps/video.m3u8,hls-media,,unknown,,https://shd-gcp-live.edgenextcdn.net/live/bitmovin-mbc-masr-2/754931856515075b0aabf0e583495c68/video/576p1200kbps/segment_vsh8yqwdbH_160432_seg.ts,206,2048,True,2026-10-08T15:28:11Z
156,MTV Pluto TV,Entertainment,MTVPlutoTV.us@US,MTVPlutoTV.us,https://jmp2.uk/plu-5ca672f515a62078d2ec0ad2.m3u8,unknown,WORKING,,"[{""attempt"":1,""outcome"":""WORKING"",""reason"":""HLS manifest, media playlist, and media object responded"",""http_status"":200,""final_url"":""https://stitcher-ipv4.pluto.tv/v2/stitch/embed/hls/channel/5ca672f515a62078d2ec0ad2/master.m3u8?deviceType=samsung-tvplus&deviceMake=samsung&deviceModel=samsung&deviceVersion=unknown&appVersion=unknown&deviceLat=0&deviceLon=0&deviceDNT=%7BTARGETOPT%7D&deviceId=%7BPSID%7D&advertisingId=%7BPSID%7D&us_privacy=%7BUS_PRIVACY%7D&samsung_app_domain=%7BAPP_DOMAIN%7D&samsung_app_name=%7BAPP_NAME%7D&profileLimit=&profileFloor=&embedPartner=samsung-tvplus&masterJWTPassthrough=1&authToken=eyJhbGciOiJIUzI1NiIsImtpZCI6IjAyYTcxZjE0LTU5YzEtNGEyMi05ODA1LTA2ZGEzZTdiNjJkMiIsInR5cCI6IkpXVCJ9.eyJwYXJ0bmVyIjoic2Ftc3VuZ3R2cGx1cyIsImZlYXR1cmVzIjp7Im11bHRpUG9kQWRzIjp7ImNvaG9ydCI6IiIsImVuYWJsZWQiOnRydWV9LCJzdGl0Y2hlckFkU2Vzc2lvbkV2ZW50Ijp7ImVuYWJsZWQiOnRydWV9LCJzdGl0Y2hlckhsc05nIjp7ImRlbXV4ZWRBdWRpbyI6ImRpc2FibGVkIn0sInN0aXRjaGVySGxzTmdWbGwiOnsiZW5hYmxlZCI6dHJ1ZX0sInN0aXRjaGVyUGFydG5lclNob3dTbGF0ZSI6eyJlbmFibGVkIjp0cnVlfX0sImlzcyI6InNlcnZpY2UtcGFydG5lci1hdXRoLnBsdXRvLnR2Iiwic3ViIjoicHJpOnYxOnBsdXRvOmRldmljZXM6YzJGdGMzVnVaM1IyY0d4MWN3PT0iLCJhdWQiOiIqLnBsdXRvLnR2IiwiZXhwIjoxNzkxNTIzNjQ4LCJpYXQiOjE3OTE0MzcyNDgsImp0aSI6IjU2N2YwYmU3LTlhZTAtNGRkZS1hNDJlLTIxMTdjYTU5MzgwYSJ9.rVrS_1P6VvCR7FWLUkWG00UUe-ga4UFnmto2g4TNTQ0"",""elapsed_ms"":2275}]",https://stitcher-ipv4.pluto.tv/v2/stitch/embed/hls/channel/5ca672f515a62078d2ec0ad2/master.m3u8?deviceType=samsung-tvplus&deviceMake=samsung&deviceModel=samsung&deviceVersion=unknown&appVersion=unknown&deviceLat=0&deviceLon=0&deviceDNT=%7BTARGETOPT%7D&deviceId=%7BPSID%7D&advertisingId=%7BPSID%7D&us_privacy=%7BUS_PRIVACY%7D&samsung_app_domain=%7BAPP_DOMAIN%7D&samsung_app_name=%7BAPP_NAME%7D&profileLimit=&profileFloor=&embedPartner=samsung-tvplus&masterJWTPassthrough=1&authToken=eyJhbGciOiJIUzI1NiIsImtpZCI6IjAyYTcxZjE0LTU5YzEtNGEyMi05ODA1LTA2ZGEzZTdiNjJkMiIsInR5cCI6IkpXVCJ9.eyJwYXJ0bmVyIjoic2Ftc3VuZ3R2cGx1cyIsImZlYXR1cmVzIjp7Im11bHRpUG9kQWRzIjp7ImNvaG9ydCI6IiIsImVuYWJsZWQiOnRydWV9LCJzdGl0Y2hlckFkU2Vzc2lvbkV2ZW50Ijp7ImVuYWJsZWQiOnRydWV9LCJzdGl0Y2hlckhsc05nIjp7ImRlbXV4ZWRBdWRpbyI6ImRpc2FibGVkIn0sInN0aXRjaGVySGxzTmdWbGwiOnsiZW5hYmxlZCI6dHJ1ZX0sInN0aXRjaGVyUGFydG5lclNob3dTbGF0ZSI6eyJlbmFibGVkIjp0cnVlfX0sImlzcyI6InNlcnZpY2UtcGFydG5lci1hdXRoLnBsdXRvLnR2Iiwic3ViIjoicHJpOnYxOnBsdXRvOmRldmljZXM6YzJGdGMzVnVaM1IyY0d4MWN3PT0iLCJhdWQiOiIqLnBsdXRvLnR2IiwiZXhwIjoxNzkxNTIzNjQ4LCJpYXQiOjE3OTE0MzcyNDgsImp0aSI6IjU2N2YwYmU3LTlhZTAtNGRkZS1hNDJlLTIxMTdjYTU5MzgwYSJ9.rVrS_1P6VvCR7FWLUkWG00UUe-ga4UFnmto2g4TNTQ0,hls-master,https://stitcher-ipv4.pluto.tv/v2/stitch/embed/hls/channel/5ca672f515a62078d2ec0ad2/1539795/playlist.m3u8?sid=SAMSUNG-TVPLUS-6ca26056-5e2a-48c4-af90-e85d7c55a587&deviceId=170d0966-9903-432c-b7c8-823322b7ed53&appName=samsungtvplus&deviceMake=samsung&authToken=eyJhbGciOiJIUzI1NiIsImtpZCI6IjAyYTcxZjE0LTU5YzEtNGEyMi05ODA1LTA2ZGEzZTdiNjJkMiIsInR5cCI6IkpXVCJ9.eyJwYXJ0bmVyIjoic2Ftc3VuZ3R2cGx1cyIsImZlYXR1cmVzIjp7Im11bHRpUG9kQWRzIjp7ImNvaG9ydCI6IiIsImVuYWJsZWQiOnRydWV9LCJzdGl0Y2hlckFkU2Vzc2lvbkV2ZW50Ijp7ImVuYWJsZWQiOnRydWV9LCJzdGl0Y2hlckhsc05nIjp7ImRlbXV4ZWRBdWRpbyI6ImRpc2FibGVkIn0sInN0aXRjaGVySGxzTmdWbGwiOnsiZW5hYmxlZCI6dHJ1ZX0sInN0aXRjaGVyUGFydG5lclNob3dTbGF0ZSI6eyJlbmFibGVkIjp0cnVlfX0sImlzcyI6InNlcnZpY2UtcGFydG5lci1hdXRoLnBsdXRvLnR2Iiwic3ViIjoicHJpOnYxOnBsdXRvOmRldmljZXM6YzJGdGMzVnVaM1IyY0d4MWN3PT0iLCJhdWQiOiIqLnBsdXRvLnR2IiwiZXhwIjoxNzkxNTIzNjQ4LCJpYXQiOjE3OTE0MzcyNDgsImp0aSI6IjU2N2YwYmU3LTlhZTAtNGRkZS1hNDJlLTIxMTdjYTU5MzgwYSJ9.rVrS_1P6VvCR7FWLUkWG00UUe-ga4UFnmto2g4TNTQ0,unknown,1539795,https://mcdn-01.plutotv.net/b49882_MTV/clip/5df14c9081ce1edadb313b07_MTV_Cribs_MTV_Cribs_Best_of_DreamKathy_GriffinNo_Doubt_S18E1802/720p/20200610_191134/hls/810312-end/hls_1000-00068.ts,206,2048,True,2026-10-08T15:28:11Z
157,MTV Reality,Entertainment,MTVReality.us@CA,MTVReality.us,https://jmp2.uk/plu-64f89fcfd661bb00081ba45c.m3u8,unknown,WORKING,,"[{""attempt"":1,""outcome"":""WORKING"",""reason"":""HLS manifest, media playlist, and media object responded"",""http_status"":200,""final_url"":""https://stitcher-ipv4.pluto.tv/v2/stitch/embed/hls/channel/64f89fcfd661bb00081ba45c/master.m3u8?deviceType=samsung-tvplus&deviceMake=samsung&deviceModel=samsung&deviceVersion=unknown&appVersion=unknown&deviceLat=0&deviceLon=0&deviceDNT=%7BTARGETOPT%7D&deviceId=%7BPSID%7D&advertisingId=%7BPSID%7D&us_privacy=%7BUS_PRIVACY%7D&samsung_app_domain=%7BAPP_DOMAIN%7D&samsung_app_name=%7BAPP_NAME%7D&profileLimit=&profileFloor=&embedPartner=samsung-tvplus&masterJWTPassthrough=1&authToken=eyJhbGciOiJIUzI1NiIsImtpZCI6IjAyYTcxZjE0LTU5YzEtNGEyMi05ODA1LTA2ZGEzZTdiNjJkMiIsInR5cCI6IkpXVCJ9.eyJwYXJ0bmVyIjoic2Ftc3VuZ3R2cGx1cyIsImZlYXR1cmVzIjp7Im11bHRpUG9kQWRzIjp7ImNvaG9ydCI6IiIsImVuYWJsZWQiOnRydWV9LCJzdGl0Y2hlckFkU2Vzc2lvbkV2ZW50Ijp7ImVuYWJsZWQiOnRydWV9LCJzdGl0Y2hlckhsc05nIjp7ImRlbXV4ZWRBdWRpbyI6ImRpc2FibGVkIn0sInN0aXRjaGVySGxzTmdWbGwiOnsiZW5hYmxlZCI6dHJ1ZX0sInN0aXRjaGVyUGFydG5lclNob3dTbGF0ZSI6eyJlbmFibGVkIjp0cnVlfX0sImlzcyI6InNlcnZpY2UtcGFydG5lci1hdXRoLnBsdXRvLnR2Iiwic3ViIjoicHJpOnYxOnBsdXRvOmRldmljZXM6YzJGdGMzVnVaM1IyY0d4MWN3PT0iLCJhdWQiOiIqLnBsdXRvLnR2IiwiZXhwIjoxNzkxNTIzNjQ4LCJpYXQiOjE3OTE0MzcyNDgsImp0aSI6IjU2N2YwYmU3LTlhZTAtNGRkZS1hNDJlLTIxMTdjYTU5MzgwYSJ9.rVrS_1P6VvCR7FWLUkWG00UUe-ga4UFnmto2g4TNTQ0"",""elapsed_ms"":2638}]",https://stitcher-ipv4.pluto.tv/v2/stitch/embed/hls/channel/64f89fcfd661bb00081ba45c/master.m3u8?deviceType=samsung-tvplus&deviceMake=samsung&deviceModel=samsung&deviceVersion=unknown&appVersion=unknown&deviceLat=0&deviceLon=0&deviceDNT=%7BTARGETOPT%7D&deviceId=%7BPSID%7D&advertisingId=%7BPSID%7D&us_privacy=%7BUS_PRIVACY%7D&samsung_app_domain=%7BAPP_DOMAIN%7D&samsung_app_name=%7BAPP_NAME%7D&profileLimit=&profileFloor=&embedPartner=samsung-tvplus&masterJWTPassthrough=1&authToken=eyJhbGciOiJIUzI1NiIsImtpZCI6IjAyYTcxZjE0LTU5YzEtNGEyMi05ODA1LTA2ZGEzZTdiNjJkMiIsInR5cCI6IkpXVCJ9.eyJwYXJ0bmVyIjoic2Ftc3VuZ3R2cGx1cyIsImZlYXR1cmVzIjp7Im11bHRpUG9kQWRzIjp7ImNvaG9ydCI6IiIsImVuYWJsZWQiOnRydWV9LCJzdGl0Y2hlckFkU2Vzc2lvbkV2ZW50Ijp7ImVuYWJsZWQiOnRydWV9LCJzdGl0Y2hlckhsc05nIjp7ImRlbXV4ZWRBdWRpbyI6ImRpc2FibGVkIn0sInN0aXRjaGVySGxzTmdWbGwiOnsiZW5hYmxlZCI6dHJ1ZX0sInN0aXRjaGVyUGFydG5lclNob3dTbGF0ZSI6eyJlbmFibGVkIjp0cnVlfX0sImlzcyI6InNlcnZpY2UtcGFydG5lci1hdXRoLnBsdXRvLnR2Iiwic3ViIjoicHJpOnYxOnBsdXRvOmRldmljZXM6YzJGdGMzVnVaM1IyY0d4MWN3PT0iLCJhdWQiOiIqLnBsdXRvLnR2IiwiZXhwIjoxNzkxNTIzNjQ4LCJpYXQiOjE3OTE0MzcyNDgsImp0aSI6IjU2N2YwYmU3LTlhZTAtNGRkZS1hNDJlLTIxMTdjYTU5MzgwYSJ9.rVrS_1P6VvCR7FWLUkWG00UUe-ga4UFnmto2g4TNTQ0,hls-master,https://stitcher-ipv4.pluto.tv/v2/stitch/embed/hls/channel/64f89fcfd661bb00081ba45c/1539795/playlist.m3u8?sid=SAMSUNG-TVPLUS-99cd95cf-3b39-4e33-b4a9-3a50cc41513e&deviceId=a7b7d16b-14f5-4150-9124-74b3a4ca363e&appName=samsungtvplus&deviceMake=samsung&authToken=eyJhbGciOiJIUzI1NiIsImtpZCI6IjAyYTcxZjE0LTU5YzEtNGEyMi05ODA1LTA2ZGEzZTdiNjJkMiIsInR5cCI6IkpXVCJ9.eyJwYXJ0bmVyIjoic2Ftc3VuZ3R2cGx1cyIsImZlYXR1cmVzIjp7Im11bHRpUG9kQWRzIjp7ImNvaG9ydCI6IiIsImVuYWJsZWQiOnRydWV9LCJzdGl0Y2hlckFkU2Vzc2lvbkV2ZW50Ijp7ImVuYWJsZWQiOnRydWV9LCJzdGl0Y2hlckhsc05nIjp7ImRlbXV4ZWRBdWRpbyI6ImRpc2FibGVkIn0sInN0aXRjaGVySGxzTmdWbGwiOnsiZW5hYmxlZCI6dHJ1ZX0sInN0aXRjaGVyUGFydG5lclNob3dTbGF0ZSI6eyJlbmFibGVkIjp0cnVlfX0sImlzcyI6InNlcnZpY2UtcGFydG5lci1hdXRoLnBsdXRvLnR2Iiwic3ViIjoicHJpOnYxOnBsdXRvOmRldmljZXM6YzJGdGMzVnVaM1IyY0d4MWN3PT0iLCJhdWQiOiIqLnBsdXRvLnR2IiwiZXhwIjoxNzkxNTIzNjQ4LCJpYXQiOjE3OTE0MzcyNDgsImp0aSI6IjU2N2YwYmU3LTlhZTAtNGRkZS1hNDJlLTIxMTdjYTU5MzgwYSJ9.rVrS_1P6VvCR7FWLUkWG00UUe-ga4UFnmto2g4TNTQ0,unknown,1539795,https://mcdn-01.plutotv.net/246_MTV_CA/clip/64dbc6a3c6c2a60013df6bf6_Teen_Mom_OG_Not_Going_Down_Without_a_Fight_S8E15/720p/20230816_110055/hls/921798-1286746/hls_1000-00000.ts,206,2048,True,2026-10-08T15:28:11Z
158,Zee One,Entertainment,ZeeOne.uk@UK,ZeeOne.uk,https://536ec699.wurl.com/master/f36d25e7e52f1ba8d7e56eb859c636563214f541/U2Ftc3VuZy1nYl9aZWVXb3JsZC0xX0hMUw/playlist.m3u8,720p,WORKING,,"[{""attempt"":1,""outcome"":""WORKING"",""reason"":""HLS manifest, media playlist, and media object responded"",""http_status"":200,""final_url"":""https://536ec699.wurl.com/master/f36d25e7e52f1ba8d7e56eb859c636563214f541/U2Ftc3VuZy1nYl9aZWVXb3JsZC0xX0hMUw/playlist.m3u8"",""elapsed_ms"":1764}]",https://536ec699.wurl.com/master/f36d25e7e52f1ba8d7e56eb859c636563214f541/U2Ftc3VuZy1nYl9aZWVXb3JsZC0xX0hMUw/playlist.m3u8,hls-master,https://536ec699.wurl.com/manifest/f36d25e7e52f1ba8d7e56eb859c636563214f541/U2Ftc3VuZy1nYl9aZWVXb3JsZC0xX0hMUw/fb85e585-d201-4dc3-8a8e-7898f3b9bed0/2.m3u8,720p,3046884,https://536ec699.wurl.com/ppc-asia_tv_limited_zeeworld_1-AEDT-wfo-4-272497a3/playlist_3000k_20261008T073054_738638.ts,206,2048,True,2026-10-08T15:28:11Z
159,Abu Dhabi TV,Entertainment,AbuDhabiTV.ae,AbuDhabiTV.ae,http://admdn2.cdn.mangomolo.com/adtv/smil:adtv.stream.smil/chunklist.m3u8,unknown,GEO_BLOCKED_OR_FORBIDDEN,Stream returned HTTP 403,"[{""attempt"":1,""outcome"":""GEO_BLOCKED_OR_FORBIDDEN"",""reason"":""Stream returned HTTP 403"",""http_status"":403,""final_url"":"""",""elapsed_ms"":107}]",,,,unknown,,,,0,False,2026-10-08T15:28:11Z
160,Bahrain TV,Entertainment,BahrainTV.bh@SD,BahrainTV.bh,https://5c7b683162943.streamlock.net/live/ngrp:bahraintvmain_all/playlist.m3u8,720p,WORKING,,"[{""attempt"":1,""outcome"":""WORKING"",""reason"":""HLS manifest, media playlist, and media object responded"",""http_status"":200,""final_url"":""https://5c7b683162943.streamlock.net/live/ngrp:bahraintvmain_all/playlist.m3u8"",""elapsed_ms"":1435}]",https://5c7b683162943.streamlock.net/live/ngrp:bahraintvmain_all/playlist.m3u8,hls-master,https://5c7b683162943.streamlock.net/live/ngrp:bahraintvmain_all/chunklist_w1076509601_b1307000.m3u8,720p,1307000,https://5c7b683162943.streamlock.net/live/ngrp:bahraintvmain_all/media_w1076509601_b1307000_5558.ts,206,2048,True,2026-10-08T15:28:11Z
161,BET Classics Pluto TV,Entertainment,BETClassicsPlutoTV.us@SD,BETClassicsPlutoTV.us,https://jmp2.uk/plu-60f85644a9493e0007a1f035.m3u8,unknown,GEO_BLOCKED_OR_FORBIDDEN,Stream returned HTTP 403,"[{""attempt"":1,""outcome"":""GEO_BLOCKED_OR_FORBIDDEN"",""reason"":""Stream returned HTTP 403"",""http_status"":403,""final_url"":"""",""elapsed_ms"":1541}]",,,,unknown,,,,0,False,2026-10-08T15:28:11Z
162,BET Pluto TV,Entertainment,BETPlutoTV.us@US,BETPlutoTV.us,https://jmp2.uk/plu-5ca670f6593a5d78f0e85aed.m3u8,unknown,WORKING,,"[{""attempt"":1,""outcome"":""WORKING"",""reason"":""HLS manifest, media playlist, and media object responded"",""http_status"":200,""final_url"":""https://stitcher-ipv4.pluto.tv/v2/stitch/embed/hls/channel/5ca670f6593a5d78f0e85aed/master.m3u8?deviceType=samsung-tvplus&deviceMake=samsung&deviceModel=samsung&deviceVersion=unknown&appVersion=unknown&deviceLat=0&deviceLon=0&deviceDNT=%7BTARGETOPT%7D&deviceId=%7BPSID%7D&advertisingId=%7BPSID%7D&us_privacy=%7BUS_PRIVACY%7D&samsung_app_domain=%7BAPP_DOMAIN%7D&samsung_app_name=%7BAPP_NAME%7D&profileLimit=&profileFloor=&embedPartner=samsung-tvplus&masterJWTPassthrough=1&authToken=eyJhbGciOiJIUzI1NiIsImtpZCI6IjAyYTcxZjE0LTU5YzEtNGEyMi05ODA1LTA2ZGEzZTdiNjJkMiIsInR5cCI6IkpXVCJ9.eyJwYXJ0bmVyIjoic2Ftc3VuZ3R2cGx1cyIsImZlYXR1cmVzIjp7Im11bHRpUG9kQWRzIjp7ImNvaG9ydCI6IiIsImVuYWJsZWQiOnRydWV9LCJzdGl0Y2hlckFkU2Vzc2lvbkV2ZW50Ijp7ImVuYWJsZWQiOnRydWV9LCJzdGl0Y2hlckhsc05nIjp7ImRlbXV4ZWRBdWRpbyI6ImRpc2FibGVkIn0sInN0aXRjaGVySGxzTmdWbGwiOnsiZW5hYmxlZCI6dHJ1ZX0sInN0aXRjaGVyUGFydG5lclNob3dTbGF0ZSI6eyJlbmFibGVkIjp0cnVlfX0sImlzcyI6InNlcnZpY2UtcGFydG5lci1hdXRoLnBsdXRvLnR2Iiwic3ViIjoicHJpOnYxOnBsdXRvOmRldmljZXM6YzJGdGMzVnVaM1IyY0d4MWN3PT0iLCJhdWQiOiIqLnBsdXRvLnR2IiwiZXhwIjoxNzkxNTIzNjQ4LCJpYXQiOjE3OTE0MzcyNDgsImp0aSI6IjU2N2YwYmU3LTlhZTAtNGRkZS1hNDJlLTIxMTdjYTU5MzgwYSJ9.rVrS_1P6VvCR7FWLUkWG00UUe-ga4UFnmto2g4TNTQ0"",""elapsed_ms"":2680}]",https://stitcher-ipv4.pluto.tv/v2/stitch/embed/hls/channel/5ca670f6593a5d78f0e85aed/master.m3u8?deviceType=samsung-tvplus&deviceMake=samsung&deviceModel=samsung&deviceVersion=unknown&appVersion=unknown&deviceLat=0&deviceLon=0&deviceDNT=%7BTARGETOPT%7D&deviceId=%7BPSID%7D&advertisingId=%7BPSID%7D&us_privacy=%7BUS_PRIVACY%7D&samsung_app_domain=%7BAPP_DOMAIN%7D&samsung_app_name=%7BAPP_NAME%7D&profileLimit=&profileFloor=&embedPartner=samsung-tvplus&masterJWTPassthrough=1&authToken=eyJhbGciOiJIUzI1NiIsImtpZCI6IjAyYTcxZjE0LTU5YzEtNGEyMi05ODA1LTA2ZGEzZTdiNjJkMiIsInR5cCI6IkpXVCJ9.eyJwYXJ0bmVyIjoic2Ftc3VuZ3R2cGx1cyIsImZlYXR1cmVzIjp7Im11bHRpUG9kQWRzIjp7ImNvaG9ydCI6IiIsImVuYWJsZWQiOnRydWV9LCJzdGl0Y2hlckFkU2Vzc2lvbkV2ZW50Ijp7ImVuYWJsZWQiOnRydWV9LCJzdGl0Y2hlckhsc05nIjp7ImRlbXV4ZWRBdWRpbyI6ImRpc2FibGVkIn0sInN0aXRjaGVySGxzTmdWbGwiOnsiZW5hYmxlZCI6dHJ1ZX0sInN0aXRjaGVyUGFydG5lclNob3dTbGF0ZSI6eyJlbmFibGVkIjp0cnVlfX0sImlzcyI6InNlcnZpY2UtcGFydG5lci1hdXRoLnBsdXRvLnR2Iiwic3ViIjoicHJpOnYxOnBsdXRvOmRldmljZXM6YzJGdGMzVnVaM1IyY0d4MWN3PT0iLCJhdWQiOiIqLnBsdXRvLnR2IiwiZXhwIjoxNzkxNTIzNjQ4LCJpYXQiOjE3OTE0MzcyNDgsImp0aSI6IjU2N2YwYmU3LTlhZTAtNGRkZS1hNDJlLTIxMTdjYTU5MzgwYSJ9.rVrS_1P6VvCR7FWLUkWG00UUe-ga4UFnmto2g4TNTQ0,hls-master,https://stitcher-ipv4.pluto.tv/v2/stitch/embed/hls/channel/5ca670f6593a5d78f0e85aed/1539795/playlist.m3u8?sid=SAMSUNG-TVPLUS-4f8cb4b7-29cb-4f45-b78d-acf44a848c5c&deviceId=6da9cee2-aa02-446a-ab4c-d827d266ff20&appName=samsungtvplus&deviceMake=samsung&authToken=eyJhbGciOiJIUzI1NiIsImtpZCI6IjAyYTcxZjE0LTU5YzEtNGEyMi05ODA1LTA2ZGEzZTdiNjJkMiIsInR5cCI6IkpXVCJ9.eyJwYXJ0bmVyIjoic2Ftc3VuZ3R2cGx1cyIsImZlYXR1cmVzIjp7Im11bHRpUG9kQWRzIjp7ImNvaG9ydCI6IiIsImVuYWJsZWQiOnRydWV9LCJzdGl0Y2hlckFkU2Vzc2lvbkV2ZW50Ijp7ImVuYWJsZWQiOnRydWV9LCJzdGl0Y2hlckhsc05nIjp7ImRlbXV4ZWRBdWRpbyI6ImRpc2FibGVkIn0sInN0aXRjaGVySGxzTmdWbGwiOnsiZW5hYmxlZCI6dHJ1ZX0sInN0aXRjaGVyUGFydG5lclNob3dTbGF0ZSI6eyJlbmFibGVkIjp0cnVlfX0sImlzcyI6InNlcnZpY2UtcGFydG5lci1hdXRoLnBsdXRvLnR2Iiwic3ViIjoicHJpOnYxOnBsdXRvOmRldmljZXM6YzJGdGMzVnVaM1IyY0d4MWN3PT0iLCJhdWQiOiIqLnBsdXRvLnR2IiwiZXhwIjoxNzkxNTIzNjQ4LCJpYXQiOjE3OTE0MzcyNDgsImp0aSI6IjU2N2YwYmU3LTlhZTAtNGRkZS1hNDJlLTIxMTdjYTU5MzgwYSJ9.rVrS_1P6VvCR7FWLUkWG00UUe-ga4UFnmto2g4TNTQ0,unknown,1539795,https://mcdn-01.plutotv.net/783_Pluto_TV_OandO/clip/58e537f2dca3c3a22fbdc751_ptv_7424_ad_bumper_animation_dots_normal_15_1/1080pDRM/20251117_215910/hls/0-end/hls_2400-00000.ts,206,2048,True,2026-10-08T15:28:11Z
163,Bounce XL,Entertainment,BounceXL.us@SD,BounceXL.us,https://aegis-cloudfront-1.tubi.video/22eea4e9-00a6-427c-92dd-57e78cc160dc/playlist.m3u8,720p,WORKING,,"[{""attempt"":1,""outcome"":""WORKING"",""reason"":""HLS manifest, media playlist, and media object responded"",""http_status"":200,""final_url"":""https://aegis-cloudfront-1.tubi.video/22eea4e9-00a6-427c-92dd-57e78cc160dc/playlist.m3u8"",""elapsed_ms"":1951}]",https://aegis-cloudfront-1.tubi.video/22eea4e9-00a6-427c-92dd-57e78cc160dc/playlist.m3u8,hls-master,https://aegis-cloudfront-1.tubi.video/22eea4e9-00a6-427c-92dd-57e78cc160dc/playlist_1.m3u8,720p,3572008,https://aegis-cloudfront-1.tubi.video/22eea4e9-00a6-427c-92dd-57e78cc160dc/playlist_1280x720_3000k_11587027.ts,206,2048,True,2026-10-08T15:28:11Z
164,Buzzr,Entertainment,Buzzr.us@SD,Buzzr.us,https://aegis-cloudfront-1.tubi.video/d4038326-a3e3-4aba-b1f1-f0526c912c74/playlist.m3u8,720p,WORKING,,"[{""attempt"":1,""outcome"":""WORKING"",""reason"":""HLS manifest, media playlist, and media object responded"",""http_status"":200,""final_url"":""https://aegis-cloudfront-1.tubi.video/d4038326-a3e3-4aba-b1f1-f0526c912c74/playlist.m3u8"",""elapsed_ms"":1703}]",https://aegis-cloudfront-1.tubi.video/d4038326-a3e3-4aba-b1f1-f0526c912c74/playlist.m3u8,hls-master,https://aegis-cloudfront-1.tubi.video/d4038326-a3e3-4aba-b1f1-f0526c912c74/720p-cc/index.m3u8,720p,5279560,https://aegis-cloudfront-1.tubi.video/d4038326-a3e3-4aba-b1f1-f0526c912c74/720p-cc/seg_0253494.ts,206,2048,True,2026-10-08T15:28:11Z
165,DD Urdu,Entertainment,DDUrdu.in@SD,DDUrdu.in,https://cdn.pishow.tv/ott/live/8/master.m3u8,720p,WORKING,,"[{""attempt"":1,""outcome"":""WORKING"",""reason"":""HLS manifest, media playlist, and media object responded"",""http_status"":200,""final_url"":""https://cdn.pishow.tv/ott/live/8/master.m3u8"",""elapsed_ms"":2750}]",https://cdn.pishow.tv/ott/live/8/master.m3u8,hls-master,https://cdn.pishow.tv/ott/live/8/8_1.m3u8,576p,2340800,https://cdn.pishow.tv/ott/live/8/8_1_s000726.ts,206,2048,True,2026-10-08T15:28:11Z
166,Dubai One,Entertainment,DubaiOne.ae,DubaiOne.ae,https://dminnvll.cdn.mangomolo.com/dubaione/smil:dubaione.stream.smil/playlist.m3u8,unknown,UNKNOWN,Mixed failure evidence: Stream connection error: Tunnel connection failed: 403 Forbidden; Stream connection error: Tunnel connection failed: 403 Forbidden; Stream connection error: Tunnel connection failed: 403 Forbidden,"[{""attempt"":1,""outcome"":""UNKNOWN"",""reason"":""Stream connection error: Tunnel connection failed: 403 Forbidden"",""http_status"":null,""final_url"":"""",""elapsed_ms"":187},{""attempt"":2,""outcome"":""UNKNOWN"",""reason"":""Stream connection error: Tunnel connection failed: 403 Forbidden"",""http_status"":null,""final_url"":"""",""elapsed_ms"":48},{""attempt"":3,""outcome"":""UNKNOWN"",""reason"":""Stream connection error: Tunnel connection failed: 403 Forbidden"",""http_status"":null,""final_url"":"""",""elapsed_ms"":44}]",,,,unknown,,,,0,False,2026-10-08T15:28:11Z
167,Dubai TV,Entertainment,DubaiTV.ae,DubaiTV.ae,https://dmisxthvll.cdn.mgmlcdn.com/dubaitvht/smil:dubaitv.stream.smil/playlist.m3u8,unknown,UNKNOWN,Mixed failure evidence: Stream connection error: Tunnel connection failed: 403 Forbidden; Stream connection error: Tunnel connection failed: 403 Forbidden; Stream connection error: Tunnel connection failed: 403 Forbidden,"[{""attempt"":1,""outcome"":""UNKNOWN"",""reason"":""Stream connection error: Tunnel connection failed: 403 Forbidden"",""http_status"":null,""final_url"":"""",""elapsed_ms"":83},{""attempt"":2,""outcome"":""UNKNOWN"",""reason"":""Stream connection error: Tunnel connection failed: 403 Forbidden"",""http_status"":null,""final_url"":"""",""elapsed_ms"":86},{""attempt"":3,""outcome"":""UNKNOWN"",""reason"":""Stream connection error: Tunnel connection failed: 403 Forbidden"",""http_status"":null,""final_url"":"""",""elapsed_ms"":144}]",,,,unknown,,,,0,False,2026-10-08T15:28:11Z
168,Dubai Zaman,Entertainment,DubaiZaman.ae,DubaiZaman.ae,https://dmiffthvll.cdn.mangomolo.com/dubaizaman/smil:dubaizaman.stream.smil/playlist.m3u8,unknown,UNKNOWN,Mixed failure evidence: Stream connection error: Tunnel connection failed: 403 Forbidden; Stream connection error: Tunnel connection failed: 403 Forbidden; Stream connection error: Tunnel connection failed: 403 Forbidden,"[{""attempt"":1,""outcome"":""UNKNOWN"",""reason"":""Stream connection error: Tunnel connection failed: 403 Forbidden"",""http_status"":null,""final_url"":"""",""elapsed_ms"":61},{""attempt"":2,""outcome"":""UNKNOWN"",""reason"":""Stream connection error: Tunnel connection failed: 403 Forbidden"",""http_status"":null,""final_url"":"""",""elapsed_ms"":354},{""attempt"":3,""outcome"":""UNKNOWN"",""reason"":""Stream connection error: Tunnel connection failed: 403 Forbidden"",""http_status"":null,""final_url"":"""",""elapsed_ms"":86}]",,,,unknown,,,,0,False,2026-10-08T15:28:11Z
169,Electric Now,Entertainment,ElectricNow.us@SD,ElectricNow.us,https://amg01705-amg01705c1-amgplt0095.playout.now3.amagi.tv/playlist.m3u8,720p,WORKING,,"[{""attempt"":1,""outcome"":""WORKING"",""reason"":""HLS manifest, media playlist, and media object responded"",""http_status"":200,""final_url"":""https://amg01705-amg01705c1-amgplt0095.playout.now3.amagi.tv/playlist.m3u8"",""elapsed_ms"":1577}]",https://amg01705-amg01705c1-amgplt0095.playout.now3.amagi.tv/playlist.m3u8,hls-master,https://amg01705-amg01705c1-amgplt0095.playout.now3.amagi.tv/720p-cc/index.m3u8,720p,3329040,https://amg01705-amg01705c1-amgplt0095.playout.now3.amagi.tv/720p-cc/seg_2910773.ts,206,2048,True,2026-10-08T15:28:11Z
170,Entertainment Tonight,Entertainment,EntertainmentTonight.us@SD,EntertainmentTonight.us,https://jmp2.uk/plu-5dc0c78281eddb0009a02d5e.m3u8,720p,GEO_BLOCKED_OR_FORBIDDEN,Stream returned HTTP 403,"[{""attempt"":1,""outcome"":""GEO_BLOCKED_OR_FORBIDDEN"",""reason"":""Stream returned HTTP 403"",""http_status"":403,""final_url"":"""",""elapsed_ms"":1389}]",,,,unknown,,,,0,False,2026-10-08T15:28:11Z
171,Fox Soul,Entertainment,FoxSoul.us@SD,FoxSoul.us,https://aegis-cloudfront-1.tubi.video/0c4bd880-76cc-4000-b9cb-8edabeb88daa/index.m3u8,720p,WORKING,,"[{""attempt"":1,""outcome"":""WORKING"",""reason"":""HLS manifest, media playlist, and media object responded"",""http_status"":200,""final_url"":""https://aegis-cloudfront-1.tubi.video/0c4bd880-76cc-4000-b9cb-8edabeb88daa/index.m3u8"",""elapsed_ms"":1796}]",https://aegis-cloudfront-1.tubi.video/0c4bd880-76cc-4000-b9cb-8edabeb88daa/index.m3u8,hls-master,https://aegis-cloudfront-1.tubi.video/0c4bd880-76cc-4000-b9cb-8edabeb88daa/index_5.m3u8,576p,3071600,https://aegis-cloudfront-1.tubi.video/0c4bd880-76cc-4000-b9cb-8edabeb88daa/index_5_6006651.ts?m=1753462069,206,2048,True,2026-10-08T15:28:11Z
172,Game Show Central,Entertainment,GameShowCentral.us@SD,GameShowCentral.us,https://jmp2.uk/plu-5e54187aae660e00093561d6.m3u8,720p,GEO_BLOCKED_OR_FORBIDDEN,Stream returned HTTP 403,"[{""attempt"":1,""outcome"":""GEO_BLOCKED_OR_FORBIDDEN"",""reason"":""Stream returned HTTP 403"",""http_status"":403,""final_url"":"""",""elapsed_ms"":1387}]",,,,unknown,,,,0,False,2026-10-08T15:28:11Z
173,Game Show Network,Entertainment,GameShowNetwork.us@East,GameShowNetwork.us,https://a-cdn.klowdtv.com/live2/gsn_720p/playlist.m3u8,720p,WORKING,,"[{""attempt"":1,""outcome"":""WORKING"",""reason"":""HLS manifest, media playlist, and media object responded"",""http_status"":200,""final_url"":""https://a-cdn.klowdtv.com/live2/gsn_720p/playlist.m3u8"",""elapsed_ms"":1279}]",https://a-cdn.klowdtv.com/live2/gsn_720p/playlist.m3u8,hls-master,https://a-cdn.klowdtv.com/live2/gsn_720p/chunks.m3u8,720p,3923753,https://a-cdn.klowdtv.com/live2/gsn_720p/l_80_63216000_331913.ts,206,2048,True,2026-10-08T15:28:11Z
174,ION TV,Entertainment,IONTV.us@East,IONTV.us,https://pb-xhb3ic8b61whm.akamaized.net/Ion_US.m3u8,1080p,GEO_BLOCKED_OR_FORBIDDEN,Stream returned HTTP 403,"[{""attempt"":1,""outcome"":""GEO_BLOCKED_OR_FORBIDDEN"",""reason"":""Stream returned HTTP 403"",""http_status"":403,""final_url"":"""",""elapsed_ms"":585}]",,,,unknown,,,,0,False,2026-10-08T15:28:11Z
175,Jordan TV,Entertainment,JordanTV.jo@SD,JordanTV.jo,https://jrtv-live.ercdn.net/jordanhd/jordanhd.m3u8,1080p,WORKING,,"[{""attempt"":1,""outcome"":""WORKING"",""reason"":""HLS manifest, media playlist, and media object responded"",""http_status"":200,""final_url"":""https://jrtv-live.ercdn.net/jordanhd/jordanhd.m3u8"",""elapsed_ms"":3956}]",https://jrtv-live.ercdn.net/jordanhd/jordanhd.m3u8,hls-master,https://jrtv-live.ercdn.net/jordanhd/jordanhd_360p.m3u8,unknown,400000,https://jrtv-live.ercdn.net/jordanhd/jordanhd_360p-1789297010.ts,206,2048,True,2026-10-08T15:28:11Z
176,KTV 1,Entertainment,KTV1.kw@SD,KTV1.kw,https://cdn-globecast.akamaized.net/live/eds/kuwait_tv1/hls_roku/index.m3u8,360p,WORKING,,"[{""attempt"":1,""outcome"":""WORKING"",""reason"":""HLS manifest, media playlist, and media object responded"",""http_status"":200,""final_url"":""https://cdn-globecast.akamaized.net/live/eds/kuwait_tv1/hls_roku/index.m3u8"",""elapsed_ms"":2068}]",https://cdn-globecast.akamaized.net/live/eds/kuwait_tv1/hls_roku/index.m3u8,hls-master,https://cdn-globecast.akamaized.net/live/eds/kuwait_tv1/hls_roku/kuwait_tv1-avc1_600000=2-mp4a_145600_ara=3.m3u8,480p,861360,https://cdn-globecast.akamaized.net/live/eds/kuwait_tv1/hls_roku/kuwait_tv1-avc1_600000=2-mp4a_145600_ara=3-begin=3714026586000000-dur=57600000-seq=61900444.ts,206,2048,True,2026-10-08T15:28:11Z
177,KTV Arabe,Entertainment,KTVArabe.kw@SD,KTVArabe.kw,https://kwtktvata.cdn.mangomolo.com/ktva/smil:tktva.stream.smil/chunklist_b1600000_t64NzIwcA==.m3u8,720p,WORKING,,"[{""attempt"":1,""outcome"":""WORKING"",""reason"":""HLS manifest, media playlist, and media object responded"",""http_status"":200,""final_url"":""https://kwtktvata.cdn.mangomolo.com/ktva/smil:tktva.stream.smil/chunklist_b1600000_t64NzIwcA==.m3u8"",""elapsed_ms"":2354}]",https://kwtktvata.cdn.mangomolo.com/ktva/smil:tktva.stream.smil/chunklist_b1600000_t64NzIwcA==.m3u8,hls-media,,unknown,,https://kwtktvata.cdn.mangomolo.com/ktva/smil:tktva.stream.smil/media-udhtahti2_b1600000_t64NzIwcA==_30126.ts,206,2048,True,2026-10-08T15:28:11Z
178,Oman TV,Entertainment,OmanTV.om@SD,OmanTV.om,https://cdn-globecast.akamaized.net/live/eds/oman_tv/hls_roku/index.m3u8,360p,WORKING,,"[{""attempt"":1,""outcome"":""WORKING"",""reason"":""HLS manifest, media playlist, and media object responded"",""http_status"":200,""final_url"":""https://cdn-globecast.akamaized.net/live/eds/oman_tv/hls_roku/index.m3u8"",""elapsed_ms"":2774}]",https://cdn-globecast.akamaized.net/live/eds/oman_tv/hls_roku/index.m3u8,hls-master,https://cdn-globecast.akamaized.net/live/eds/oman_tv/hls_roku/oman_tv-avc1_600000=2-mp4a_145600_ara=4.m3u8,360p,861360,https://cdn-globecast.akamaized.net/live/eds/oman_tv/hls_roku/oman_tv-avc1_600000=2-mp4a_145600_ara=4-begin=3714026418002334-dur=57600000-seq=61900441.ts,206,2048,True,2026-10-08T15:28:11Z
179,People Are Awesome,Entertainment,PeopleAreAwesome.us@Poland,PeopleAreAwesome.us,https://3ab76e42.wurl.com/master/f36d25e7e52f1ba8d7e56eb859c636563214f541/UmFrdXRlblRWLWV1X1Blb3BsZUFyZUF3ZXNvbWVfSExT/playlist.m3u8,720p,WORKING,,"[{""attempt"":1,""outcome"":""WORKING"",""reason"":""HLS manifest, media playlist, and media object responded"",""http_status"":200,""final_url"":""https://3ab76e42.wurl.com/master/f36d25e7e52f1ba8d7e56eb859c636563214f541/UmFrdXRlblRWLWV1X1Blb3BsZUFyZUF3ZXNvbWVfSExT/playlist.m3u8"",""elapsed_ms"":1886}]",https://3ab76e42.wurl.com/master/f36d25e7e52f1ba8d7e56eb859c636563214f541/UmFrdXRlblRWLWV1X1Blb3BsZUFyZUF3ZXNvbWVfSExT/playlist.m3u8,hls-master,https://3ab76e42.wurl.com/manifest/f36d25e7e52f1ba8d7e56eb859c636563214f541/UmFrdXRlblRWLWV1X1Blb3BsZUFyZUF3ZXNvbWVfSExT/0adbf5e0-8189-4b34-b599-a13c3b3ae8c3/1.m3u8,576p,1315600,https://3ab76e42.wurl.com/dist/wurl/175/hls/master/playlist_1024x576_152721__296407.ts,206,2048,True,2026-10-08T15:28:11Z
180,Persiana Comedy,Entertainment,PersianaComedy.fr@SD,PersianaComedy.fr,https://comedyhls.persiana.live/hls/stream.m3u8,unknown,WORKING,,"[{""attempt"":1,""outcome"":""WORKING"",""reason"":""HLS manifest, media playlist, and media object responded"",""http_status"":200,""final_url"":""https://comedyhls.persiana.live/hls/stream.m3u8"",""elapsed_ms"":1587}]",https://comedyhls.persiana.live/hls/stream.m3u8,hls-media,,unknown,,https://comedyhls.persiana.live/hls/stream-571979.ts,206,2048,True,2026-10-08T15:28:11Z
181,Persiana Reality,Entertainment,PersianaReality.fr@HD,PersianaReality.fr,https://twohls.persiana.live/hls/stream.m3u8,unknown,WORKING,,"[{""attempt"":1,""outcome"":""WORKING"",""reason"":""HLS manifest, media playlist, and media object responded"",""http_status"":200,""final_url"":""https://twohls.persiana.live/hls/stream.m3u8"",""elapsed_ms"":1410}]",https://twohls.persiana.live/hls/stream.m3u8,hls-media,,unknown,,https://twohls.persiana.live/hls/stream-741073.ts,206,2048,True,2026-10-08T15:28:11Z
182,Qatar Television,Entertainment,QatarTelevision.qa@SD,QatarTelevision.qa,https://live.kwikmotion.com/qtv1live/qtv1.smil/playlist.m3u8,1080p,WORKING,,"[{""attempt"":1,""outcome"":""WORKING"",""reason"":""HLS manifest, media playlist, and media object responded"",""http_status"":200,""final_url"":""https://live.kwikmotion.com/qtv1live/qtv1.smil/playlist.m3u8"",""elapsed_ms"":2628}]",https://live.kwikmotion.com/qtv1live/qtv1.smil/playlist.m3u8,hls-master,https://live.kwikmotion.com/qtv1live/qtv1.smil/qtv1publish/qtv1_source/chunks.m3u8,1080p,2968152,https://live.kwikmotion.com/qtv1live/qtv1.smil/qtv1publish/qtv1_source/l_553_4408165_48824.ts,206,2048,True,2026-10-08T15:28:11Z
183,Qatar Television 2,Entertainment,QatarTelevision2.qa@SD,QatarTelevision2.qa,https://qatartv.akamaized.net/hls/live/2026574/qtv2/master.m3u8,720p,BROKEN,HLS media object returned HTTP 404,"[{""attempt"":1,""outcome"":""BROKEN"",""reason"":""HLS media object returned HTTP 404"",""http_status"":404,""final_url"":""https://qatartv.akamaized.net/hls/live/2026574/qtv2/stream_05/index.m3u8"",""elapsed_ms"":3232},{""attempt"":2,""outcome"":""BROKEN"",""reason"":""HLS media object returned HTTP 404"",""http_status"":404,""final_url"":""https://qatartv.akamaized.net/hls/live/2026574/qtv2/stream_05/index.m3u8"",""elapsed_ms"":1705},{""attempt"":3,""outcome"":""BROKEN"",""reason"":""HLS media object returned HTTP 404"",""http_status"":404,""final_url"":""https://qatartv.akamaized.net/hls/live/2026574/qtv2/stream_05/index.m3u8"",""elapsed_ms"":1634}]",https://qatartv.akamaized.net/hls/live/2026574/qtv2/stream_05/index.m3u8,hls-master,https://qatartv.akamaized.net/hls/live/2026574/qtv2/stream_05/index.m3u8,720p,3703488,https://qatartv.akamaized.net/hls/live/2026574/qtv2/stream_05/Segment-17778877486329950.ts,,0,False,2026-10-08T15:28:11Z
184,Sama Dubai,Entertainment,SamaDubai.ae,SamaDubai.ae,https://dmieigthvll.cdn.mgmlcdn.com/samadubaiht/smil:samadubai.stream.smil/playlist.m3u8,unknown,UNKNOWN,Mixed failure evidence: Stream connection error: Tunnel connection failed: 403 Forbidden; Stream connection error: Tunnel connection failed: 403 Forbidden; Stream connection error: Tunnel connection failed: 403 Forbidden,"[{""attempt"":1,""outcome"":""UNKNOWN"",""reason"":""Stream connection error: Tunnel connection failed: 403 Forbidden"",""http_status"":null,""final_url"":"""",""elapsed_ms"":70},{""attempt"":2,""outcome"":""UNKNOWN"",""reason"":""Stream connection error: Tunnel connection failed: 403 Forbidden"",""http_status"":null,""final_url"":"""",""elapsed_ms"":93},{""attempt"":3,""outcome"":""UNKNOWN"",""reason"":""Stream connection error: Tunnel connection failed: 403 Forbidden"",""http_status"":null,""final_url"":"""",""elapsed_ms"":59}]",,,,unknown,,,,0,False,2026-10-08T15:28:11Z
185,Shabakeh 7,Entertainment,Shabakeh7.us@SD,Shabakeh7.us,https://sh7hls.wns.live/hls/stream.m3u8,unknown,WORKING,,"[{""attempt"":1,""outcome"":""WORKING"",""reason"":""HLS manifest, media playlist, and media object responded"",""http_status"":200,""final_url"":""https://sh7hls.wns.live/hls/stream.m3u8"",""elapsed_ms"":1605}]",https://sh7hls.wns.live/hls/stream.m3u8,hls-media,,unknown,,https://sh7hls.wns.live/hls/stream-145613.ts,206,2048,True,2026-10-08T15:28:11Z
186,Tin TV,Entertainment,TinTV.us@SD,TinTV.us,https://tulixcdn.akamaized.net/tintv6/tintv/tintv/playlist.m3u8,720p,WORKING,,"[{""attempt"":1,""outcome"":""WORKING"",""reason"":""HLS manifest, media playlist, and media object responded"",""http_status"":200,""final_url"":""https://tulixcdn.akamaized.net/tintv6/tintv/tintv/playlist.m3u8"",""elapsed_ms"":2244}]",https://tulixcdn.akamaized.net/tintv6/tintv/tintv/playlist.m3u8,hls-master,https://tulixcdn.akamaized.net/tintv6/tintv/tintv/chunklist.m3u8,720p,1871521,https://tulixcdn.akamaized.net/tintv6/tintv/tintv/media-u854i70ga_4132.ts,206,2048,True,2026-10-08T15:28:11Z
187,TMZ,Entertainment,TMZ.us@SD,TMZ.us,https://aegis-cloudfront-1.tubi.video/57c1fa3c-566b-4998-b6de-d6de67031d99/index.m3u8,720p,WORKING,,"[{""attempt"":1,""outcome"":""WORKING"",""reason"":""HLS manifest, media playlist, and media object responded"",""http_status"":200,""final_url"":""https://aegis-cloudfront-1.tubi.video/57c1fa3c-566b-4998-b6de-d6de67031d99/index.m3u8"",""elapsed_ms"":1856}]",https://aegis-cloudfront-1.tubi.video/57c1fa3c-566b-4998-b6de-d6de67031d99/index.m3u8,hls-master,https://aegis-cloudfront-1.tubi.video/57c1fa3c-566b-4998-b6de-d6de67031d99/index_13.m3u8,576p,3018606,https://aegis-cloudfront-1.tubi.video/57c1fa3c-566b-4998-b6de-d6de67031d99/index_13_38327123.ts?m=1757425132,206,2048,True,2026-10-08T15:28:11Z
188,Top Gear,Entertainment,TopGear.uk@SD,TopGear.uk,https://aegis-cloudfront-1.tubi.video/33ccaca5-a666-4b28-8578-55a9ab9f06d5/playlist.m3u8,720p,WORKING,,"[{""attempt"":1,""outcome"":""WORKING"",""reason"":""HLS manifest, media playlist, and media object responded"",""http_status"":200,""final_url"":""https://aegis-cloudfront-1.tubi.video/33ccaca5-a666-4b28-8578-55a9ab9f06d5/playlist.m3u8"",""elapsed_ms"":1605}]",https://aegis-cloudfront-1.tubi.video/33ccaca5-a666-4b28-8578-55a9ab9f06d5/playlist.m3u8,hls-master,https://aegis-cloudfront-1.tubi.video/33ccaca5-a666-4b28-8578-55a9ab9f06d5/720p-en-cc/index.m3u8,720p,3329040,https://aegis-cloudfront-1.tubi.video/33ccaca5-a666-4b28-8578-55a9ab9f06d5/720p-en-cc/seg_0135103.ts,206,2048,True,2026-10-08T15:28:11Z
189,MTV Biggest Pop,Music,MTVBiggestPop.us@US,MTVBiggestPop.us,https://jmp2.uk/plu-5d14fd1a252d35decbc4080c.m3u8,1080p,GEO_BLOCKED_OR_FORBIDDEN,Stream returned HTTP 403,"[{""attempt"":1,""outcome"":""GEO_BLOCKED_OR_FORBIDDEN"",""reason"":""Stream returned HTTP 403"",""http_status"":403,""final_url"":"""",""elapsed_ms"":1194}]",,,,unknown,,,,0,False,2026-10-08T15:28:11Z
190,MTV Classic,Music,MTVClassic.us@CA,MTVClassic.us,https://jmp2.uk/plu-654100b4bdf3cf0008aa49c7.m3u8,720p,GEO_BLOCKED_OR_FORBIDDEN,Stream returned HTTP 403,"[{""attempt"":1,""outcome"":""GEO_BLOCKED_OR_FORBIDDEN"",""reason"":""Stream returned HTTP 403"",""http_status"":403,""final_url"":"""",""elapsed_ms"":1493}]",,,,unknown,,,,0,False,2026-10-08T15:28:11Z
191,MTV Spankin' New,Music,MTVSpankinNew.us@US,MTVSpankinNew.us,https://jmp2.uk/plu-5d14fdb8ca91eedee1633117.m3u8,1080p,GEO_BLOCKED_OR_FORBIDDEN,Stream returned HTTP 403,"[{""attempt"":1,""outcome"":""GEO_BLOCKED_OR_FORBIDDEN"",""reason"":""Stream returned HTTP 403"",""http_status"":403,""final_url"":"""",""elapsed_ms"":1825}]",,,,unknown,,,,0,False,2026-10-08T15:28:11Z
192,Rotana Clip,Music,RotanaClip.sa@SD,RotanaClip.sa,https://rotana.hibridcdn.net/rotananet/clip_net-7Y83PP5adWixDF93/playlist.m3u8,1080p,GEO_BLOCKED_OR_FORBIDDEN,Stream returned HTTP 403,"[{""attempt"":1,""outcome"":""GEO_BLOCKED_OR_FORBIDDEN"",""reason"":""Stream returned HTTP 403"",""http_status"":403,""final_url"":"""",""elapsed_ms"":407}]",,,,unknown,,,,0,False,2026-10-08T15:28:11Z
193,Rotana Music,Music,RotanaMusic.sa@SD,RotanaMusic.sa,https://rotana.hibridcdn.net/rotananet/music_net-7Y83PP5adWixDF93/playlist.m3u8,1080p,GEO_BLOCKED_OR_FORBIDDEN,Stream returned HTTP 403,"[{""attempt"":1,""outcome"":""GEO_BLOCKED_OR_FORBIDDEN"",""reason"":""Stream returned HTTP 403"",""http_status"":403,""final_url"":"""",""elapsed_ms"":575}]",,,,unknown,,,,0,False,2026-10-08T15:28:11Z
194,4 Music,Music,4Music.fr@SD,4Music.fr,https://itthls.wns.live/hls/stream.m3u8,unknown,WORKING,,"[{""attempt"":1,""outcome"":""WORKING"",""reason"":""HLS manifest, media playlist, and media object responded"",""http_status"":200,""final_url"":""https://itthls.wns.live/hls/stream.m3u8"",""elapsed_ms"":1531}]",https://itthls.wns.live/hls/stream.m3u8,hls-media,,unknown,,https://itthls.wns.live/hls/stream-734615.ts,206,2048,True,2026-10-08T15:28:11Z
195,Clubbing TV,Music,ClubbingTV.us@UK,ClubbingTV.us,https://a-cdn.klowdtv.com/live3/clubbingtv_720p/playlist.m3u8,720p,WORKING,,"[{""attempt"":1,""outcome"":""WORKING"",""reason"":""HLS manifest, media playlist, and media object responded"",""http_status"":200,""final_url"":""https://a-cdn.klowdtv.com/live3/clubbingtv_720p/playlist.m3u8"",""elapsed_ms"":1839}]",https://a-cdn.klowdtv.com/live3/clubbingtv_720p/playlist.m3u8,hls-master,https://a-cdn.klowdtv.com/live3/clubbingtv_720p/chunks.m3u8,720p,5098926,https://a-cdn.klowdtv.com/live3/clubbingtv_720p/l_8191_23058000_239908.ts,206,2048,True,2026-10-08T15:28:11Z
196,CMT Equal Play,Music,CMTEqualPlay.us@SD,CMTEqualPlay.us,https://jmp2.uk/plu-5f68f53eb1e5800007390bf8.m3u8,720p,GEO_BLOCKED_OR_FORBIDDEN,Stream returned HTTP 403,"[{""attempt"":1,""outcome"":""GEO_BLOCKED_OR_FORBIDDEN"",""reason"":""Stream returned HTTP 403"",""http_status"":403,""final_url"":"""",""elapsed_ms"":1601}]",,,,unknown,,,,0,False,2026-10-08T15:28:11Z
197,Concert Channel,Music,ConcertChannel.us@SD,ConcertChannel.us,https://jmp2.uk/plu-6868152657543d1f8be4ece3.m3u8,720p,GEO_BLOCKED_OR_FORBIDDEN,Stream returned HTTP 403,"[{""attempt"":1,""outcome"":""GEO_BLOCKED_OR_FORBIDDEN"",""reason"":""Stream returned HTTP 403"",""http_status"":403,""final_url"":"""",""elapsed_ms"":1348}]",,,,unknown,,,,0,False,2026-10-08T15:28:11Z
198,Navahang TV,Music,NavahangTV.fi@SD,NavahangTV.fi,https://simahls.wns.live/hls/stream.m3u8,unknown,WORKING,,"[{""attempt"":1,""outcome"":""WORKING"",""reason"":""HLS manifest, media playlist, and media object responded"",""http_status"":200,""final_url"":""https://simahls.wns.live/hls/stream.m3u8"",""elapsed_ms"":1368}]",https://simahls.wns.live/hls/stream.m3u8,hls-media,,unknown,,https://simahls.wns.live/hls/stream-828395.ts,206,2048,True,2026-10-08T15:28:11Z
199,Now 70s,Music,Now70s.uk@SD,Now70s.uk,https://amg01076-amg01076c1-samsung-gb-6682.playouts.now.amagi.tv/playlist.m3u8,720p,WORKING,,"[{""attempt"":1,""outcome"":""WORKING"",""reason"":""HLS manifest, media playlist, and media object responded"",""http_status"":200,""final_url"":""https://amg01076-amg01076c1-samsung-gb-6682.playouts.now.amagi.tv/playlist.m3u8"",""elapsed_ms"":3137}]",https://amg01076-amg01076c1-samsung-gb-6682.playouts.now.amagi.tv/playlist.m3u8,hls-master,https://amg01076-amg01076c1-samsung-gb-6682.playouts.now.amagi.tv/playlist720p.m3u8,720p,3801600,https://amg01076-amg01076c1-samsung-gb-6682.playouts.now.amagi.tv/playlist720p_2349512.ts,206,2048,True,2026-10-08T15:28:11Z
200,Now 80s,Music,Now80s.uk@SD,Now80s.uk,https://lightning-now80s-rakuten.amagi.tv/playlist.m3u8,720p,WORKING,,"[{""attempt"":1,""outcome"":""WORKING"",""reason"":""HLS manifest, media playlist, and media object responded"",""http_status"":200,""final_url"":""https://lightning-now80s-rakuten.amagi.tv/playlist.m3u8"",""elapsed_ms"":5032}]",https://lightning-now80s-rakuten.amagi.tv/playlist.m3u8,hls-master,https://lightning-now80s-rakuten.amagi.tv/playlist720p.m3u8,720p,3801600,https://lightning-now80s-rakuten.amagi.tv/playlist720p_3410023.ts,206,2048,True,2026-10-08T15:28:11Z
201,Now 90s00s,Music,Now90s00s.uk@Poland,Now90s00s.uk,https://jmp2.uk/plu-660c209e19ca71000846cf38.m3u8,720p,GEO_BLOCKED_OR_FORBIDDEN,Stream returned HTTP 403,"[{""attempt"":1,""outcome"":""GEO_BLOCKED_OR_FORBIDDEN"",""reason"":""Stream returned HTTP 403"",""http_status"":403,""final_url"":"""",""elapsed_ms"":1409}]",,,,unknown,,,,0,False,2026-10-08T15:28:11Z
202,NOW Rock,Music,NOWRock.uk@SD,NOWRock.uk,https://jmp2.uk/plu-6568a78d635c3c0008765f41.m3u8,720p,GEO_BLOCKED_OR_FORBIDDEN,Stream returned HTTP 403,"[{""attempt"":1,""outcome"":""GEO_BLOCKED_OR_FORBIDDEN"",""reason"":""Stream returned HTTP 403"",""http_status"":403,""final_url"":"""",""elapsed_ms"":1330}]",,,,unknown,,,,0,False,2026-10-08T15:28:11Z
203,Persiana Folk,Music,PersianaFolk.fr@HD,PersianaFolk.fr,https://sonhls.persiana.live/hls/stream.m3u8,unknown,WORKING,,"[{""attempt"":1,""outcome"":""WORKING"",""reason"":""HLS manifest, media playlist, and media object responded"",""http_status"":200,""final_url"":""https://sonhls.persiana.live/hls/stream.m3u8"",""elapsed_ms"":1649}]",https://sonhls.persiana.live/hls/stream.m3u8,hls-media,,unknown,,https://sonhls.persiana.live/hls/stream-779183.ts,206,2048,True,2026-10-08T15:28:11Z
204,Persiana Nostalgia,Music,PersianaNostalgia.fr@SD,PersianaNostalgia.fr,https://noshls.persiana.live/hls/stream.m3u8,unknown,WORKING,,"[{""attempt"":1,""outcome"":""WORKING"",""reason"":""HLS manifest, media playlist, and media object responded"",""http_status"":200,""final_url"":""https://noshls.persiana.live/hls/stream.m3u8"",""elapsed_ms"":1163}]",https://noshls.persiana.live/hls/stream.m3u8,hls-media,,unknown,,https://noshls.persiana.live/hls/stream-1314437.ts,206,2048,True,2026-10-08T15:28:11Z
205,Persiana Vibe,Music,PersianaVibe.fr@HD,PersianaVibe.fr,https://raphls.persiana.live/hls/stream.m3u8,unknown,WORKING,,"[{""attempt"":1,""outcome"":""WORKING"",""reason"":""HLS manifest, media playlist, and media object responded"",""http_status"":200,""final_url"":""https://raphls.persiana.live/hls/stream.m3u8"",""elapsed_ms"":1284}]",https://raphls.persiana.live/hls/stream.m3u8,hls-media,,unknown,,https://raphls.persiana.live/hls/stream-879189.ts,206,2048,True,2026-10-08T15:28:11Z
206,PMC,Music,PMC.ae@SD,PMC.ae,https://pmchls.wns.live/hls/stream.m3u8,unknown,WORKING,,"[{""attempt"":1,""outcome"":""WORKING"",""reason"":""HLS manifest, media playlist, and media object responded"",""http_status"":200,""final_url"":""https://pmchls.wns.live/hls/stream.m3u8"",""elapsed_ms"":1166}]",https://pmchls.wns.live/hls/stream.m3u8,hls-media,,unknown,,https://pmchls.wns.live/hls/stream-348888.ts,206,2048,True,2026-10-08T15:28:11Z
207,PMC Royale,Music,PMCRoyale.ae@SD,PMCRoyale.ae,https://pmcrohls.wns.live/hls/stream.m3u8,1080p,WORKING,,"[{""attempt"":1,""outcome"":""WORKING"",""reason"":""HLS manifest, media playlist, and media object responded"",""http_status"":200,""final_url"":""https://pmcrohls.wns.live/hls/stream.m3u8"",""elapsed_ms"":1495}]",https://pmcrohls.wns.live/hls/stream.m3u8,hls-media,,unknown,,https://pmcrohls.wns.live/hls/stream-332404.ts,206,2048,True,2026-10-08T15:28:11Z
208,Qello Concerts by Stingray,Music,QelloConcertsbyStingray.ca@Poland,QelloConcertsbyStingray.ca,https://d39g1vxj2ef6in.cloudfront.net/v1/master/3fec3e5cac39a52b2132f9c66c83dae043dc17d4/prod-rakuten-stitched/master.m3u8?ads.xumo_channelId=88883052,1080p,WORKING,,"[{""attempt"":1,""outcome"":""WORKING"",""reason"":""HLS manifest, media playlist, and media object responded"",""http_status"":200,""final_url"":""https://d39g1vxj2ef6in.cloudfront.net/v1/master/3fec3e5cac39a52b2132f9c66c83dae043dc17d4/prod-rakuten-stitched/master.m3u8?ads.xumo_channelId=88883052"",""elapsed_ms"":1786}]",https://d39g1vxj2ef6in.cloudfront.net/v1/master/3fec3e5cac39a52b2132f9c66c83dae043dc17d4/prod-rakuten-stitched/master.m3u8?ads.xumo_channelId=88883052,hls-master,https://d39g1vxj2ef6in.cloudfront.net/v1/manifest/3fec3e5cac39a52b2132f9c66c83dae043dc17d4/prod-rakuten-stitched/81809e27-debd-4b50-b349-6cf579e4c6dc/2.m3u8,720p,3291200,https://lotus.stingray.com/segment-cache/qello-qello002-paris/xumo-rakuten/bc0810d2-a85d-4247-a5b5-3c0b142baff5/segment.ts?lotus-session-id=0bbc45f8-b0d7-3832-b20d-9b91bb63a78d,206,2048,True,2026-10-08T15:28:11Z
209,Qwest TV,Music,QwestTV.fr@SD,QwestTV.fr,https://amg00447-qwesttv-qwestjazz-cineverse-ve12d.amagi.tv/playlist/amg00447-qwesttv-qwestjazz-cineverse/playlist.m3u8,1080p,WORKING,,"[{""attempt"":1,""outcome"":""WORKING"",""reason"":""HLS manifest, media playlist, and media object responded"",""http_status"":200,""final_url"":""https://amg00447-qwesttv-qwestjazz-cineverse-ve12d.amagi.tv/playlist/amg00447-qwesttv-qwestjazz-cineverse/playlist.m3u8"",""elapsed_ms"":2568}]",https://amg00447-qwesttv-qwestjazz-cineverse-ve12d.amagi.tv/playlist/amg00447-qwesttv-qwestjazz-cineverse/playlist.m3u8,hls-master,https://amg00447-qwesttv-qwestjazz-cineverse-ve12d.amagi.tv/ts-us-e2-n1/playlist/amg00447-qwesttv-qwestjazz-cineverse/cb57351e657b63909bc23d78d1f04582f75033dc087597282bec49cf2090431ddda1a29bb818b43d1e801ec061187904546e984f8d2a52da8d79aa02297d16229b85ba7cdc9c0f09e3de5b2e7ee17c1a52f90c777c146901b12fefd0e44dd4036735da4b0870208cb30af85473ffb27fee5fb55f60ef4b0f081f1dc01d08cf8b660c2b696c67fc1ff9e04017cb6c58b2dc5fba8c4de6c0850cc0169453c9a24c01c5a9e067f7e5bb5ade15e33a0d18076e8dc209fb3ad660bbe80b6ccd0b4d6b1f47e8a6d9992459d316130ca8ad88d7cd9e623752d3710f2d9320e11a0b68af4cb87887ab2285b8a9d052447694c54968349aa7caf6fd343eb273e8effdcb3e749cf7186c4f846ed027283395ef8445ca9367f6cc438fd738446a20f0b8166304e591592042d1b1a9a21e20414e382c7cc9/192/1280x720_3329040/index.m3u8,720p,3329040,https://amg00447-qwesttv-qwestjazz-cineverse-ve12d.amagi.tv/ts-us-e2-n1/beacon/amg00447-qwesttv-qwestjazz-cineverse/cb57351e657b63909bc23d78d1f04582f75033dc087597282bec49cf2090431ddda1a29bb818b43d1e801ec061187904546e984f8d2a52da8d79aa02297d16229b85ba7cdc9c0f09e3de5b2e7ee17c1a52f90c777c146901b12fefd0e44dd4036735da4b0870208cb30af85473ffb27fee5fb55f60ef4b0f081f1dc01d08cf8b660c2b696c67fc1ff9e04017cb6c58b2dc5fba8c4de6c0850cc0169453c9a24c01c5a9e067f7e5bb5ade15e33a0d18076e8dc209fb3ad660bbe80b6ccd0b4d6b1f47e8a6d9992459d316130ca8ad88d7cd9e623752d3710f2d9320e11a0b68af4cb87887ab2285b8a9d052447694c54968349aa7caf6fd343eb273e8effdcb3e749cf7186c4f846ed027283395ef8445ca9367f6cc438fd738446a20f0b8166304e591592042d1b1a9a21e20414e382c7cc9/1280x720_3329040?bcn=1&ca=0&cid=miniplaylist4&dur=6.000000&media_type=M&redirect_url=https%3A%2F%2Famg00447-qwesttv-qwestjazz-cineverse-ve12d.amagi.tv%2F720p-cc%2Fseg_1658911.ts&seen-ad=1&seg_id=1658911&user_id=e99cfcfc-c32c-11f1-8755-0a6d4db64372,206,2048,True,2026-10-08T15:28:11Z
210,Stingray Classic Rock,Music,StingrayClassicRock.ca@SD,StingrayClassicRock.ca,https://lotus.stingray.com/manifest/ose-101ads-montreal/samsungtvplus/master.m3u8,1080p,WORKING,,"[{""attempt"":1,""outcome"":""WORKING"",""reason"":""HLS manifest, media playlist, and media object responded"",""http_status"":200,""final_url"":""https://lotus.stingray.com/manifest/ose-101ads-montreal/samsungtvplus/master.m3u8"",""elapsed_ms"":1446}]",https://lotus.stingray.com/manifest/ose-101ads-montreal/samsungtvplus/master.m3u8,hls-master,https://lotus.stingray.com/manifest/ose-101ads-montreal/samsungtvplus/91f1e420-bb65-3ca7-97bd-d01df1ad4df1/1790800/manifest.m3u8,1080p,1790800,https://lotus.stingray.com/segment-cache/ose-101ads-montreal/samsungtvplus/ddc19e9b-5aa2-4561-8a6b-97a5bb8fabc1/segment.ts?lotus-session-id=91f1e420-bb65-3ca7-97bd-d01df1ad4df1,206,2048,True,2026-10-08T15:28:11Z
211,Stingray Classica,Music,StingrayClassica.ca@SD,StingrayClassica.ca,https://lotus.stingray.com/manifest/classica-cla008-montreal/samsungtvplus/ab2001ec-760a-3ffc-94e5-f8a15e702859/3291200/manifest.m3u8,720p,WORKING,,"[{""attempt"":1,""outcome"":""WORKING"",""reason"":""HLS manifest, media playlist, and media object responded"",""http_status"":200,""final_url"":""https://lotus.stingray.com/manifest/classica-cla008-montreal/samsungtvplus/ab2001ec-760a-3ffc-94e5-f8a15e702859/3291200/manifest.m3u8"",""elapsed_ms"":1168}]",https://lotus.stingray.com/manifest/classica-cla008-montreal/samsungtvplus/ab2001ec-760a-3ffc-94e5-f8a15e702859/3291200/manifest.m3u8,hls-media,,unknown,,https://lotus.stingray.com/segment-cache/classica-cla008-montreal/samsungtvplus/0d91a7f4-e967-43e5-93aa-b51dc1492378/segment.ts?lotus-session-id=ab2001ec-760a-3ffc-94e5-f8a15e702859,206,2048,True,2026-10-08T15:28:11Z
212,Stingray DJAZZ,Music,StingrayDJAZZ.ca@SD,StingrayDJAZZ.ca,https://lotus.stingray.com/manifest/djazz-djaads-montreal/samsungtvplus/73e02e1d-5121-3c33-b4f9-5fe1cc759880/3291200/manifest.m3u8,720p,WORKING,,"[{""attempt"":1,""outcome"":""WORKING"",""reason"":""HLS manifest, media playlist, and media object responded"",""http_status"":200,""final_url"":""https://lotus.stingray.com/manifest/djazz-djaads-montreal/samsungtvplus/73e02e1d-5121-3c33-b4f9-5fe1cc759880/3291200/manifest.m3u8"",""elapsed_ms"":1074}]",https://lotus.stingray.com/manifest/djazz-djaads-montreal/samsungtvplus/73e02e1d-5121-3c33-b4f9-5fe1cc759880/3291200/manifest.m3u8,hls-media,,unknown,,https://lotus.stingray.com/segment-cache/djazz-djaads-montreal/samsungtvplus/941cdbf1-50bc-4902-95a1-bb4bf8ad9a58/segment.ts?lotus-session-id=73e02e1d-5121-3c33-b4f9-5fe1cc759880,206,2048,True,2026-10-08T15:28:11Z
213,Stingray Everything '80s,Music,StingrayEverything80s.ca@SD,StingrayEverything80s.ca,https://lotus.stingray.com/manifest/ose-128ads-montreal/samsungtvplus/master.m3u8,1080p,WORKING,,"[{""attempt"":1,""outcome"":""WORKING"",""reason"":""HLS manifest, media playlist, and media object responded"",""http_status"":200,""final_url"":""https://lotus.stingray.com/manifest/ose-128ads-montreal/samsungtvplus/master.m3u8"",""elapsed_ms"":1725}]",https://lotus.stingray.com/manifest/ose-128ads-montreal/samsungtvplus/master.m3u8,hls-master,https://lotus.stingray.com/manifest/ose-128ads-montreal/samsungtvplus/82f53b7b-ca5e-3494-9844-c2faca0e2ad7/1790800/manifest.m3u8,1080p,1790800,https://lotus.stingray.com/segment-cache/ose-128ads-montreal/samsungtvplus/395264a9-dd02-4f7f-aeac-c08724fbd78e/segment.ts?lotus-session-id=82f53b7b-ca5e-3494-9844-c2faca0e2ad7,206,2048,True,2026-10-08T15:28:11Z
214,Stingray Hit List,Music,StingrayHitList.ca@Poland,StingrayHitList.ca,https://d39g1vxj2ef6in.cloudfront.net/v1/master/3fec3e5cac39a52b2132f9c66c83dae043dc17d4/prod-rakuten-stitched/master.m3u8?ads.xumo_channelId=88883054,1080p,WORKING,,"[{""attempt"":1,""outcome"":""WORKING"",""reason"":""HLS manifest, media playlist, and media object responded"",""http_status"":200,""final_url"":""https://d39g1vxj2ef6in.cloudfront.net/v1/master/3fec3e5cac39a52b2132f9c66c83dae043dc17d4/prod-rakuten-stitched/master.m3u8?ads.xumo_channelId=88883054"",""elapsed_ms"":1993}]",https://d39g1vxj2ef6in.cloudfront.net/v1/master/3fec3e5cac39a52b2132f9c66c83dae043dc17d4/prod-rakuten-stitched/master.m3u8?ads.xumo_channelId=88883054,hls-master,https://d39g1vxj2ef6in.cloudfront.net/v1/manifest/3fec3e5cac39a52b2132f9c66c83dae043dc17d4/prod-rakuten-stitched/2ba5603e-e5dc-4066-aa93-8ae858458e3f/1.m3u8,1080p,1790800,https://lotus.stingray.com/segment-cache/ose-107ads-montreal/xumo-rakuten/249ba48b-c787-46d2-a724-90990e2ec819/segment.ts?lotus-session-id=071180cf-ddc3-3f6f-8749-5f1251a90b9c,206,2048,True,2026-10-08T15:28:11Z
215,The Country Network,Music,TheCountryNetwork.us@SD,TheCountryNetwork.us,https://a-cdn.klowdtv.com/live2/countrytv_720p/playlist.m3u8,720p,WORKING,,"[{""attempt"":1,""outcome"":""WORKING"",""reason"":""HLS manifest, media playlist, and media object responded"",""http_status"":200,""final_url"":""https://a-cdn.klowdtv.com/live2/countrytv_720p/playlist.m3u8"",""elapsed_ms"":1312}]",https://a-cdn.klowdtv.com/live2/countrytv_720p/playlist.m3u8,hls-master,https://a-cdn.klowdtv.com/live2/countrytv_720p/chunks.m3u8,720p,3809784,https://a-cdn.klowdtv.com/live2/countrytv_720p/l_1107204_7476000_26002.ts,206,2048,True,2026-10-08T15:28:11Z
216,Trace Africa,Music,TraceAfrica.fr@SD,TraceAfrica.fr,https://channels.trace.plus/Traceprod/AFRICA_FR_hd/index.m3u8,1080p,WORKING,,"[{""attempt"":1,""outcome"":""WORKING"",""reason"":""HLS manifest, media playlist, and media object responded"",""http_status"":200,""final_url"":""https://channels.trace.plus/Traceprod/AFRICA_FR_hd/index.m3u8"",""elapsed_ms"":3515}]",https://channels.trace.plus/Traceprod/AFRICA_FR_hd/index.m3u8,hls-media,,unknown,,https://channels.trace.plus/Traceprod/AFRICA_FR_hd/AFRICA_FR_hd-ss-3293568360-1791461747-20261008T152821.ts?volcDst=MTAuMTMuOC4xNDU,206,2048,True,2026-10-08T15:28:11Z
217,Trace Naija,Music,TraceNaija.fr@SD,TraceNaija.fr,https://channels.trace.plus/Traceprod/NAIJA_hd/index.m3u8,1080p,WORKING,,"[{""attempt"":1,""outcome"":""WORKING"",""reason"":""HLS manifest, media playlist, and media object responded"",""http_status"":200,""final_url"":""https://channels.trace.plus/Traceprod/NAIJA_hd/index.m3u8"",""elapsed_ms"":1883}]",https://channels.trace.plus/Traceprod/NAIJA_hd/index.m3u8,hls-media,,unknown,,https://channels.trace.plus/Traceprod/NAIJA_hd/NAIJA_hd-ss-3031386572-1791461747-20261008T152822.ts?volcDst=MTAuMTMuOC4xMg,206,2048,True,2026-10-08T15:28:11Z
218,Trace UK,Music,TraceUK.uk@HD,TraceUK.uk,https://channels.trace.plus/Traceprod/UK_FAST_hd/index.m3u8,1080p,WORKING,,"[{""attempt"":1,""outcome"":""WORKING"",""reason"":""HLS manifest, media playlist, and media object responded"",""http_status"":200,""final_url"":""https://channels.trace.plus/Traceprod/UK_FAST_hd/index.m3u8"",""elapsed_ms"":2289}]",https://channels.trace.plus/Traceprod/UK_FAST_hd/index.m3u8,hls-media,,unknown,,https://channels.trace.plus/Traceprod/UK_FAST_hd/UK_FAST_hd-ss-3190188960-1791461752-20261008T152822.ts?volcDst=MTAuMTMuOC4xOA,206,2048,True,2026-10-08T15:28:11Z
219,Trace Urban,Music,TraceUrban.fr@SD,TraceUrban.fr,https://amg01131-tracetv-traceurban-klowdtv-utiqd.amagi.tv/playlist/amg01131-tracetv-traceurban-klowdtv/playlist.m3u8,720p,WORKING,,"[{""attempt"":1,""outcome"":""WORKING"",""reason"":""HLS manifest, media playlist, and media object responded"",""http_status"":200,""final_url"":""https://amg01131-tracetv-traceurban-klowdtv-utiqd.amagi.tv/playlist/amg01131-tracetv-traceurban-klowdtv/playlist.m3u8"",""elapsed_ms"":2843}]",https://amg01131-tracetv-traceurban-klowdtv-utiqd.amagi.tv/playlist/amg01131-tracetv-traceurban-klowdtv/playlist.m3u8,hls-master,https://amg01131-tracetv-traceurban-klowdtv-utiqd.amagi.tv/ts-us-w2-n1/playlist/amg01131-tracetv-traceurban-klowdtv/cb57351e657b63909bc23d78d1f04582f75033dc087597282bec49cf2090431ddda1a29bb818b43d1e801ec0611879040c66cd4bdd7e57da8d79aa02297d16229b85e07bd19f0f0ce7df07237ebb2b1a00fa09777c146901b12fefd0e44dd4036735da4b0870208cb30af85473ffb27fee5fb55f60ef4b0f081f1dc01d08cf8b660c2b696c67fc1ff9e04017cb6c58b2dc5fba8c4de6c0850cc0169453c9a24c01c5a9e067f7e5bb5ade15e33a0d18076e8dc209fb3ad660bbe80b6ccd0b4d6b1f47e8a6d9992459d316130ca8ad88d7cd9e623752d3710f2d9320e11a0b68af4cb87887ab2285b8a9d052447694c54968349aa7caf6fd343eb273e8effdcb3e749cf7186c4f846ed027283395ef8445ca9367f6cc438fd63c4ad8a16cc8652bd4b031feb6ce2205ec55d8b5429e09cd89/57/1280x720_2657600/index.m3u8,720p,2657600,https://amg01131-tracetv-traceurban-klowdtv-utiqd.amagi.tv/ts-us-w2-n1/beacon/amg01131-tracetv-traceurban-klowdtv/cb57351e657b63909bc23d78d1f04582f75033dc087597282bec49cf2090431ddda1a29bb818b43d1e801ec0611879040c66cd4bdd7e57da8d79aa02297d16229b85e07bd19f0f0ce7df07237ebb2b1a00fa09777c146901b12fefd0e44dd4036735da4b0870208cb30af85473ffb27fee5fb55f60ef4b0f081f1dc01d08cf8b660c2b696c67fc1ff9e04017cb6c58b2dc5fba8c4de6c0850cc0169453c9a24c01c5a9e067f7e5bb5ade15e33a0d18076e8dc209fb3ad660bbe80b6ccd0b4d6b1f47e8a6d9992459d316130ca8ad88d7cd9e623752d3710f2d9320e11a0b68af4cb87887ab2285b8a9d052447694c54968349aa7caf6fd343eb273e8effdcb3e749cf7186c4f846ed027283395ef8445ca9367f6cc438fd63c4ad8a16cc8652bd4b031feb6ce2205ec55d8b5429e09cd89/1280x720_2657600?bcn=1&ca=0&cid=8%2F10%2F202612%253A00%253A00hitsnonstop&dur=6.000000&media_type=M&redirect_url=https%3A%2F%2Famg01131-tracetv-traceurban-klowdtv-utiqd.amagi.tv%2Fplaylist720p_1015788.ts&seen-ad=1&seg_id=1015788&user_id=ea16b32f-c32c-11f1-b086-5e789d8a4a47,206,2048,True,2026-10-08T15:28:11Z
220,Vevo '80s,Music,Vevo80s.us@SD,Vevo80s.us,https://amg00056-vevotv-vevo80saunz-samsungau-rp5e3.amagi.tv/playlist/amg00056-vevotv-vevo80saunz-samsungau/playlist.m3u8,1080p,UNKNOWN,Mixed failure evidence: Stream connection error: Tunnel connection failed: 403 Forbidden; Stream connection error: Tunnel connection failed: 403 Forbidden; Stream connection error: Tunnel connection failed: 403 Forbidden,"[{""attempt"":1,""outcome"":""UNKNOWN"",""reason"":""Stream connection error: Tunnel connection failed: 403 Forbidden"",""http_status"":null,""final_url"":"""",""elapsed_ms"":87},{""attempt"":2,""outcome"":""UNKNOWN"",""reason"":""Stream connection error: Tunnel connection failed: 403 Forbidden"",""http_status"":null,""final_url"":"""",""elapsed_ms"":65},{""attempt"":3,""outcome"":""UNKNOWN"",""reason"":""Stream connection error: Tunnel connection failed: 403 Forbidden"",""http_status"":null,""final_url"":"""",""elapsed_ms"":34}]",,,,unknown,,,,0,False,2026-10-08T15:28:11Z
221,Vevo '90s,Music,Vevo90s.us@SD,Vevo90s.us,https://amg00056-vevotv-vevo90saunz-samsungau-n6a0d.amagi.tv/playlist/amg00056-vevotv-vevo90saunz-samsungau/playlist.m3u8,1080p,UNKNOWN,Mixed failure evidence: Stream connection error: Tunnel connection failed: 403 Forbidden; Stream connection error: Tunnel connection failed: 403 Forbidden; Stream connection error: Tunnel connection failed: 403 Forbidden,"[{""attempt"":1,""outcome"":""UNKNOWN"",""reason"":""Stream connection error: Tunnel connection failed: 403 Forbidden"",""http_status"":null,""final_url"":"""",""elapsed_ms"":100},{""attempt"":2,""outcome"":""UNKNOWN"",""reason"":""Stream connection error: Tunnel connection failed: 403 Forbidden"",""http_status"":null,""final_url"":"""",""elapsed_ms"":115},{""attempt"":3,""outcome"":""UNKNOWN"",""reason"":""Stream connection error: Tunnel connection failed: 403 Forbidden"",""http_status"":null,""final_url"":"""",""elapsed_ms"":71}]",,,,unknown,,,,0,False,2026-10-08T15:28:11Z
222,Vevo 2K,Music,Vevo2K.us@SD,Vevo2K.us,https://amg00056-vevotv-vevo2kau-samsungnz-tamaq.amagi.tv/playlist/amg00056-vevotv-vevo2kau-samsungnz/playlist.m3u8,1080p,UNKNOWN,Mixed failure evidence: Stream connection error: Tunnel connection failed: 403 Forbidden; Stream connection error: Tunnel connection failed: 403 Forbidden; Stream connection error: Tunnel connection failed: 403 Forbidden,"[{""attempt"":1,""outcome"":""UNKNOWN"",""reason"":""Stream connection error: Tunnel connection failed: 403 Forbidden"",""http_status"":null,""final_url"":"""",""elapsed_ms"":112},{""attempt"":2,""outcome"":""UNKNOWN"",""reason"":""Stream connection error: Tunnel connection failed: 403 Forbidden"",""http_status"":null,""final_url"":"""",""elapsed_ms"":95},{""attempt"":3,""outcome"":""UNKNOWN"",""reason"":""Stream connection error: Tunnel connection failed: 403 Forbidden"",""http_status"":null,""final_url"":"""",""elapsed_ms"":44}]",,,,unknown,,,,0,False,2026-10-08T15:28:11Z
223,Vevo Hip Hop,Music,VevoHipHop.us@SD,VevoHipHop.us,https://d3vgs3ro3x6v8a.cloudfront.net/Vevo_Hip_Hop.m3u8,1080p,GEO_BLOCKED_OR_FORBIDDEN,HLS media object returned HTTP 403,"[{""attempt"":1,""outcome"":""GEO_BLOCKED_OR_FORBIDDEN"",""reason"":""HLS media object returned HTTP 403"",""http_status"":403,""final_url"":""https://d3vgs3ro3x6v8a.cloudfront.net/720p/index.m3u8"",""elapsed_ms"":1682}]",https://d3vgs3ro3x6v8a.cloudfront.net/720p/index.m3u8,hls-master,https://d3vgs3ro3x6v8a.cloudfront.net/720p/index.m3u8,720p,4473040,https://d3vgs3ro3x6v8a.cloudfront.net/720p/seg_0146522.ts,,0,False,2026-10-08T15:28:11Z
224,Vevo Pop,Music,VevoPop.us@SD,VevoPop.us,https://amg00056-amg00056c6-rakuten-uk-3235.playouts.now.amagi.tv/playlist1280x720p.m3u8,720p,WORKING,,"[{""attempt"":1,""outcome"":""WORKING"",""reason"":""HLS manifest, media playlist, and media object responded"",""http_status"":200,""final_url"":""https://amg00056-amg00056c6-rakuten-uk-3235.playouts.now.amagi.tv/playlist1280x720p.m3u8"",""elapsed_ms"":2835}]",https://amg00056-amg00056c6-rakuten-uk-3235.playouts.now.amagi.tv/playlist1280x720p.m3u8,hls-media,,unknown,,https://amg00056-amg00056c6-rakuten-uk-3235.playouts.now.amagi.tv/playlist1280x720p_17632.ts,206,2048,True,2026-10-08T15:28:11Z
225,XITE 90's Throwback,Music,XITE90sThrowback.us@SD,XITE90sThrowback.us,https://d284aawtm5vi48.cloudfront.net/v1/master/3722c60a815c199d9c0ef36c5b73da68a62b09d1/cc-fjdfi2br1jtq7/XITE_90s_Throwback.m3u8,1080p,WORKING,,"[{""attempt"":1,""outcome"":""WORKING"",""reason"":""HLS manifest, media playlist, and media object responded"",""http_status"":200,""final_url"":""https://d284aawtm5vi48.cloudfront.net/v1/master/3722c60a815c199d9c0ef36c5b73da68a62b09d1/cc-fjdfi2br1jtq7/XITE_90s_Throwback.m3u8"",""elapsed_ms"":1858}]",https://d284aawtm5vi48.cloudfront.net/v1/master/3722c60a815c199d9c0ef36c5b73da68a62b09d1/cc-fjdfi2br1jtq7/XITE_90s_Throwback.m3u8,hls-master,https://d284aawtm5vi48.cloudfront.net/v1/manifest/3722c60a815c199d9c0ef36c5b73da68a62b09d1/cc-fjdfi2br1jtq7/6ab9ded6-fa0e-4351-b319-dac41b4103aa/2.m3u8,720p,2560800,https://d284aawtm5vi48.cloudfront.net/720p/seg_0251294.ts,206,2048,True,2026-10-08T15:28:11Z
226,XITE Hits,Music,XITEHits.nl@UK,XITEHits.nl,https://amg01243-xitenetworksint-hitsuk-samsunguk-mvovq.amagi.tv/playlist/amg01243-xitenetworksint-hitsuk-samsunguk/playlist.m3u8,1080p,WORKING,,"[{""attempt"":1,""outcome"":""WORKING"",""reason"":""HLS manifest, media playlist, and media object responded"",""http_status"":200,""final_url"":""https://amg01243-xitenetworksint-hitsuk-samsunguk-mvovq.amagi.tv/playlist/amg01243-xitenetworksint-hitsuk-samsunguk/playlist.m3u8"",""elapsed_ms"":2704}]",https://amg01243-xitenetworksint-hitsuk-samsunguk-mvovq.amagi.tv/playlist/amg01243-xitenetworksint-hitsuk-samsunguk/playlist.m3u8,hls-master,https://amg01243-xitenetworksint-hitsuk-samsunguk-mvovq.amagi.tv/ts-eu-w1-n2/playlist/amg01243-xitenetworksint-hitsuk-samsunguk/cb57351e657b63909bc23d78d1f04582f75033dc087597282bec49cf2090431ddda1a29bb818b43d1e801ec0611879040c61cb11dd7904da8d79aa02297d16229b85e37cd0cf0f0ce3895c2a2be67a1f04fe5c777c146901b12fefd0e44dd4036735da4b0870208cb30af85473ffb27fee5fb55f60ef4b0f081f1dc01d08cf8b660c2b696c67fc1ff9e04017cb6c58b2dc5fba8c4de6c0850cc0169453c9a24c01c5a9e067f7e5bb5ade15e33a0d18076e8dc209fb3ad660bbe80b6ccd0b4d6b1f47e8a6d9992459d316130ca8ad88d7cd9e623752d3710f2d9320e11a0b68af4cb87887ab2285b8a9d052447694c54968349aa7caf6fd343eb273e8effdcb3e749cf7186c4f846ed027283395ef8445ca9367f6cc438fd63844d8a16fc8652bd42f31204045736fbdce71051f7b6ebcab/19/1280x720_3329040/index.m3u8,720p,3329040,https://amg01243-xitenetworksint-hitsuk-samsunguk-mvovq.amagi.tv/ts-eu-w1-n2/beacon/amg01243-xitenetworksint-hitsuk-samsunguk/cb57351e657b63909bc23d78d1f04582f75033dc087597282bec49cf2090431ddda1a29bb818b43d1e801ec0611879040c61cb11dd7904da8d79aa02297d16229b85e37cd0cf0f0ce3895c2a2be67a1f04fe5c777c146901b12fefd0e44dd4036735da4b0870208cb30af85473ffb27fee5fb55f60ef4b0f081f1dc01d08cf8b660c2b696c67fc1ff9e04017cb6c58b2dc5fba8c4de6c0850cc0169453c9a24c01c5a9e067f7e5bb5ade15e33a0d18076e8dc209fb3ad660bbe80b6ccd0b4d6b1f47e8a6d9992459d316130ca8ad88d7cd9e623752d3710f2d9320e11a0b68af4cb87887ab2285b8a9d052447694c54968349aa7caf6fd343eb273e8effdcb3e749cf7186c4f846ed027283395ef8445ca9367f6cc438fd63844d8a16fc8652bd42f31204045736fbdce71051f7b6ebcab/1280x720_3329040?bcn=1&ca=0&cid=nonstophits&dur=6.000000&media_type=M&redirect_url=https%3A%2F%2Famg01243-xitenetworksint-hitsuk-samsunguk-mvovq.amagi.tv%2F720p%2Fseg_0254302.ts&seen-ad=1&seg_id=254302&user_id=ea608355-c32c-11f1-a79f-5aac01e01e0b,206,2048,True,2026-10-08T15:28:11Z
227,XITE Rock x Metal,Music,XITERockxMetal.nl@US,XITERockxMetal.nl,https://jmp2.uk/plu-623a1b5188ecdc0007c9ef5a.m3u8,720p,GEO_BLOCKED_OR_FORBIDDEN,Stream returned HTTP 403,"[{""attempt"":1,""outcome"":""GEO_BLOCKED_OR_FORBIDDEN"",""reason"":""Stream returned HTTP 403"",""http_status"":403,""final_url"":"""",""elapsed_ms"":1162}]",,,,unknown,,,,0,False,2026-10-08T15:28:11Z
228,BBC Kids,Kids,BBCKids.us@SD,BBCKids.us,https://dmr1h4skdal9h.cloudfront.net/playlist.m3u8,720p,UNKNOWN,Mixed failure evidence: Stream returned HTTP 502; Stream returned HTTP 502; Stream returned HTTP 502,"[{""attempt"":1,""outcome"":""UNKNOWN"",""reason"":""Stream returned HTTP 502"",""http_status"":502,""final_url"":"""",""elapsed_ms"":846},{""attempt"":2,""outcome"":""UNKNOWN"",""reason"":""Stream returned HTTP 502"",""http_status"":502,""final_url"":"""",""elapsed_ms"":999},{""attempt"":3,""outcome"":""UNKNOWN"",""reason"":""Stream returned HTTP 502"",""http_status"":502,""final_url"":"""",""elapsed_ms"":954}]",,,,unknown,,,,0,False,2026-10-08T15:28:11Z
229,MBC 3 USA,Kids,MBC3USA.us@SD,MBC3USA.us,https://shd-gcp-live.edgenextcdn.net/live/bitmovin-mbc-3-usa/5d58265a862a476dc7f97694addb5ded/manifest/video/576p1200kbps/video.m3u8,576p,WORKING,,"[{""attempt"":1,""outcome"":""WORKING"",""reason"":""HLS manifest, media playlist, and media object responded"",""http_status"":200,""final_url"":""https://shd-gcp-live.edgenextcdn.net/live/bitmovin-mbc-3-usa/5d58265a862a476dc7f97694addb5ded/manifest/video/576p1200kbps/video.m3u8"",""elapsed_ms"":1643}]",https://shd-gcp-live.edgenextcdn.net/live/bitmovin-mbc-3-usa/5d58265a862a476dc7f97694addb5ded/manifest/video/576p1200kbps/video.m3u8,hls-media,,unknown,,https://shd-gcp-live.edgenextcdn.net/live/bitmovin-mbc-3-usa/5d58265a862a476dc7f97694addb5ded/video/576p1200kbps/segment_7LRkILSSWO_160729_seg.ts,206,2048,True,2026-10-08T15:28:11Z
230,Nick Jr. Pluto TV,Kids,NickJrPlutoTV.us@US,NickJrPlutoTV.us,https://jmp2.uk/plu-5ca6748a37b88b269472dad9.m3u8,720p,GEO_BLOCKED_OR_FORBIDDEN,Stream returned HTTP 403,"[{""attempt"":1,""outcome"":""GEO_BLOCKED_OR_FORBIDDEN"",""reason"":""Stream returned HTTP 403"",""http_status"":403,""final_url"":"""",""elapsed_ms"":1564}]",,,,unknown,,,,0,False,2026-10-08T15:28:11Z
231,Nickelodeon Pluto TV,Kids,NickelodeonPlutoTV.us@SD,NickelodeonPlutoTV.us,https://jmp2.uk/plu-5ca673e0d0bd6c2689c94ce3.m3u8,720p,WORKING,,"[{""attempt"":1,""outcome"":""WORKING"",""reason"":""HLS manifest, media playlist, and media object responded"",""http_status"":200,""final_url"":""https://stitcher-ipv4.pluto.tv/v2/stitch/embed/hls/channel/5ca673e0d0bd6c2689c94ce3/master.m3u8?deviceType=samsung-tvplus&deviceMake=samsung&deviceModel=samsung&deviceVersion=unknown&appVersion=unknown&deviceLat=0&deviceLon=0&deviceDNT=%7BTARGETOPT%7D&deviceId=%7BPSID%7D&advertisingId=%7BPSID%7D&us_privacy=%7BUS_PRIVACY%7D&samsung_app_domain=%7BAPP_DOMAIN%7D&samsung_app_name=%7BAPP_NAME%7D&profileLimit=&profileFloor=&embedPartner=samsung-tvplus&masterJWTPassthrough=1&authToken=eyJhbGciOiJIUzI1NiIsImtpZCI6IjAyYTcxZjE0LTU5YzEtNGEyMi05ODA1LTA2ZGEzZTdiNjJkMiIsInR5cCI6IkpXVCJ9.eyJwYXJ0bmVyIjoic2Ftc3VuZ3R2cGx1cyIsImZlYXR1cmVzIjp7Im11bHRpUG9kQWRzIjp7ImNvaG9ydCI6IiIsImVuYWJsZWQiOnRydWV9LCJzdGl0Y2hlckFkU2Vzc2lvbkV2ZW50Ijp7ImVuYWJsZWQiOnRydWV9LCJzdGl0Y2hlckhsc05nIjp7ImRlbXV4ZWRBdWRpbyI6ImRpc2FibGVkIn0sInN0aXRjaGVySGxzTmdWbGwiOnsiZW5hYmxlZCI6dHJ1ZX0sInN0aXRjaGVyUGFydG5lclNob3dTbGF0ZSI6eyJlbmFibGVkIjp0cnVlfX0sImlzcyI6InNlcnZpY2UtcGFydG5lci1hdXRoLnBsdXRvLnR2Iiwic3ViIjoicHJpOnYxOnBsdXRvOmRldmljZXM6YzJGdGMzVnVaM1IyY0d4MWN3PT0iLCJhdWQiOiIqLnBsdXRvLnR2IiwiZXhwIjoxNzkxNTIzNjQ4LCJpYXQiOjE3OTE0MzcyNDgsImp0aSI6IjU2N2YwYmU3LTlhZTAtNGRkZS1hNDJlLTIxMTdjYTU5MzgwYSJ9.rVrS_1P6VvCR7FWLUkWG00UUe-ga4UFnmto2g4TNTQ0"",""elapsed_ms"":2413}]",https://stitcher-ipv4.pluto.tv/v2/stitch/embed/hls/channel/5ca673e0d0bd6c2689c94ce3/master.m3u8?deviceType=samsung-tvplus&deviceMake=samsung&deviceModel=samsung&deviceVersion=unknown&appVersion=unknown&deviceLat=0&deviceLon=0&deviceDNT=%7BTARGETOPT%7D&deviceId=%7BPSID%7D&advertisingId=%7BPSID%7D&us_privacy=%7BUS_PRIVACY%7D&samsung_app_domain=%7BAPP_DOMAIN%7D&samsung_app_name=%7BAPP_NAME%7D&profileLimit=&profileFloor=&embedPartner=samsung-tvplus&masterJWTPassthrough=1&authToken=eyJhbGciOiJIUzI1NiIsImtpZCI6IjAyYTcxZjE0LTU5YzEtNGEyMi05ODA1LTA2ZGEzZTdiNjJkMiIsInR5cCI6IkpXVCJ9.eyJwYXJ0bmVyIjoic2Ftc3VuZ3R2cGx1cyIsImZlYXR1cmVzIjp7Im11bHRpUG9kQWRzIjp7ImNvaG9ydCI6IiIsImVuYWJsZWQiOnRydWV9LCJzdGl0Y2hlckFkU2Vzc2lvbkV2ZW50Ijp7ImVuYWJsZWQiOnRydWV9LCJzdGl0Y2hlckhsc05nIjp7ImRlbXV4ZWRBdWRpbyI6ImRpc2FibGVkIn0sInN0aXRjaGVySGxzTmdWbGwiOnsiZW5hYmxlZCI6dHJ1ZX0sInN0aXRjaGVyUGFydG5lclNob3dTbGF0ZSI6eyJlbmFibGVkIjp0cnVlfX0sImlzcyI6InNlcnZpY2UtcGFydG5lci1hdXRoLnBsdXRvLnR2Iiwic3ViIjoicHJpOnYxOnBsdXRvOmRldmljZXM6YzJGdGMzVnVaM1IyY0d4MWN3PT0iLCJhdWQiOiIqLnBsdXRvLnR2IiwiZXhwIjoxNzkxNTIzNjQ4LCJpYXQiOjE3OTE0MzcyNDgsImp0aSI6IjU2N2YwYmU3LTlhZTAtNGRkZS1hNDJlLTIxMTdjYTU5MzgwYSJ9.rVrS_1P6VvCR7FWLUkWG00UUe-ga4UFnmto2g4TNTQ0,hls-master,https://stitcher-ipv4.pluto.tv/v2/stitch/embed/hls/channel/5ca673e0d0bd6c2689c94ce3/1539795/playlist.m3u8?sid=SAMSUNG-TVPLUS-eed5cdc1-241a-43e0-bb8a-8a1c2b10c6b4&deviceId=f008b50d-4a98-4c18-9ee4-6e2fb58f262b&appName=samsungtvplus&deviceMake=samsung&authToken=eyJhbGciOiJIUzI1NiIsImtpZCI6IjAyYTcxZjE0LTU5YzEtNGEyMi05ODA1LTA2ZGEzZTdiNjJkMiIsInR5cCI6IkpXVCJ9.eyJwYXJ0bmVyIjoic2Ftc3VuZ3R2cGx1cyIsImZlYXR1cmVzIjp7Im11bHRpUG9kQWRzIjp7ImNvaG9ydCI6IiIsImVuYWJsZWQiOnRydWV9LCJzdGl0Y2hlckFkU2Vzc2lvbkV2ZW50Ijp7ImVuYWJsZWQiOnRydWV9LCJzdGl0Y2hlckhsc05nIjp7ImRlbXV4ZWRBdWRpbyI6ImRpc2FibGVkIn0sInN0aXRjaGVySGxzTmdWbGwiOnsiZW5hYmxlZCI6dHJ1ZX0sInN0aXRjaGVyUGFydG5lclNob3dTbGF0ZSI6eyJlbmFibGVkIjp0cnVlfX0sImlzcyI6InNlcnZpY2UtcGFydG5lci1hdXRoLnBsdXRvLnR2Iiwic3ViIjoicHJpOnYxOnBsdXRvOmRldmljZXM6YzJGdGMzVnVaM1IyY0d4MWN3PT0iLCJhdWQiOiIqLnBsdXRvLnR2IiwiZXhwIjoxNzkxNTIzNjQ4LCJpYXQiOjE3OTE0MzcyNDgsImp0aSI6IjU2N2YwYmU3LTlhZTAtNGRkZS1hNDJlLTIxMTdjYTU5MzgwYSJ9.rVrS_1P6VvCR7FWLUkWG00UUe-ga4UFnmto2g4TNTQ0,unknown,1539795,https://mcdn-01.plutotv.net/v1/jit/schm(aes)/c(ts)/iv(00000000000000000000000024BDAE96)/h(default)/key(1782941101.key)/smux(20260701_212501%2Faudio%2Faudio_en%2F85990716960768.ts)/bp(live%2Fv1%2Fprd%2FNickelodeon%2Fts_aes)/p(20260701_212501%2Fvideo%2F480p-1000000)/sign/v1/Oh_UgWH_o-c-xkADoog_Jh8yxMa7Dr3BqadsUcftxjE=/161232594300000.ts,206,2048,True,2026-10-08T15:28:11Z
232,Nicktoons (Pluto TV),Kids,Nicktoons.us@CA,Nicktoons.us,https://jmp2.uk/plu-654ca7f92c1d3300086b608c.m3u8,unknown,WORKING,,"[{""attempt"":1,""outcome"":""WORKING"",""reason"":""HLS manifest, media playlist, and media object responded"",""http_status"":200,""final_url"":""https://stitcher-ipv4.pluto.tv/v2/stitch/embed/hls/channel/654ca7f92c1d3300086b608c/master.m3u8?deviceType=samsung-tvplus&deviceMake=samsung&deviceModel=samsung&deviceVersion=unknown&appVersion=unknown&deviceLat=0&deviceLon=0&deviceDNT=%7BTARGETOPT%7D&deviceId=%7BPSID%7D&advertisingId=%7BPSID%7D&us_privacy=%7BUS_PRIVACY%7D&samsung_app_domain=%7BAPP_DOMAIN%7D&samsung_app_name=%7BAPP_NAME%7D&profileLimit=&profileFloor=&embedPartner=samsung-tvplus&masterJWTPassthrough=1&authToken=eyJhbGciOiJIUzI1NiIsImtpZCI6IjAyYTcxZjE0LTU5YzEtNGEyMi05ODA1LTA2ZGEzZTdiNjJkMiIsInR5cCI6IkpXVCJ9.eyJwYXJ0bmVyIjoic2Ftc3VuZ3R2cGx1cyIsImZlYXR1cmVzIjp7Im11bHRpUG9kQWRzIjp7ImNvaG9ydCI6IiIsImVuYWJsZWQiOnRydWV9LCJzdGl0Y2hlckFkU2Vzc2lvbkV2ZW50Ijp7ImVuYWJsZWQiOnRydWV9LCJzdGl0Y2hlckhsc05nIjp7ImRlbXV4ZWRBdWRpbyI6ImRpc2FibGVkIn0sInN0aXRjaGVySGxzTmdWbGwiOnsiZW5hYmxlZCI6dHJ1ZX0sInN0aXRjaGVyUGFydG5lclNob3dTbGF0ZSI6eyJlbmFibGVkIjp0cnVlfX0sImlzcyI6InNlcnZpY2UtcGFydG5lci1hdXRoLnBsdXRvLnR2Iiwic3ViIjoicHJpOnYxOnBsdXRvOmRldmljZXM6YzJGdGMzVnVaM1IyY0d4MWN3PT0iLCJhdWQiOiIqLnBsdXRvLnR2IiwiZXhwIjoxNzkxNTIzNjQ4LCJpYXQiOjE3OTE0MzcyNDgsImp0aSI6IjU2N2YwYmU3LTlhZTAtNGRkZS1hNDJlLTIxMTdjYTU5MzgwYSJ9.rVrS_1P6VvCR7FWLUkWG00UUe-ga4UFnmto2g4TNTQ0"",""elapsed_ms"":2396}]",https://stitcher-ipv4.pluto.tv/v2/stitch/embed/hls/channel/654ca7f92c1d3300086b608c/master.m3u8?deviceType=samsung-tvplus&deviceMake=samsung&deviceModel=samsung&deviceVersion=unknown&appVersion=unknown&deviceLat=0&deviceLon=0&deviceDNT=%7BTARGETOPT%7D&deviceId=%7BPSID%7D&advertisingId=%7BPSID%7D&us_privacy=%7BUS_PRIVACY%7D&samsung_app_domain=%7BAPP_DOMAIN%7D&samsung_app_name=%7BAPP_NAME%7D&profileLimit=&profileFloor=&embedPartner=samsung-tvplus&masterJWTPassthrough=1&authToken=eyJhbGciOiJIUzI1NiIsImtpZCI6IjAyYTcxZjE0LTU5YzEtNGEyMi05ODA1LTA2ZGEzZTdiNjJkMiIsInR5cCI6IkpXVCJ9.eyJwYXJ0bmVyIjoic2Ftc3VuZ3R2cGx1cyIsImZlYXR1cmVzIjp7Im11bHRpUG9kQWRzIjp7ImNvaG9ydCI6IiIsImVuYWJsZWQiOnRydWV9LCJzdGl0Y2hlckFkU2Vzc2lvbkV2ZW50Ijp7ImVuYWJsZWQiOnRydWV9LCJzdGl0Y2hlckhsc05nIjp7ImRlbXV4ZWRBdWRpbyI6ImRpc2FibGVkIn0sInN0aXRjaGVySGxzTmdWbGwiOnsiZW5hYmxlZCI6dHJ1ZX0sInN0aXRjaGVyUGFydG5lclNob3dTbGF0ZSI6eyJlbmFibGVkIjp0cnVlfX0sImlzcyI6InNlcnZpY2UtcGFydG5lci1hdXRoLnBsdXRvLnR2Iiwic3ViIjoicHJpOnYxOnBsdXRvOmRldmljZXM6YzJGdGMzVnVaM1IyY0d4MWN3PT0iLCJhdWQiOiIqLnBsdXRvLnR2IiwiZXhwIjoxNzkxNTIzNjQ4LCJpYXQiOjE3OTE0MzcyNDgsImp0aSI6IjU2N2YwYmU3LTlhZTAtNGRkZS1hNDJlLTIxMTdjYTU5MzgwYSJ9.rVrS_1P6VvCR7FWLUkWG00UUe-ga4UFnmto2g4TNTQ0,hls-master,https://stitcher-ipv4.pluto.tv/v2/stitch/embed/hls/channel/654ca7f92c1d3300086b608c/1539795/playlist.m3u8?sid=SAMSUNG-TVPLUS-6e2f4b34-0148-49c1-af7c-99251b7a92d2&deviceId=01e307c2-187e-4236-9395-5f1a02b1ffe5&appName=samsungtvplus&deviceMake=samsung&authToken=eyJhbGciOiJIUzI1NiIsImtpZCI6IjAyYTcxZjE0LTU5YzEtNGEyMi05ODA1LTA2ZGEzZTdiNjJkMiIsInR5cCI6IkpXVCJ9.eyJwYXJ0bmVyIjoic2Ftc3VuZ3R2cGx1cyIsImZlYXR1cmVzIjp7Im11bHRpUG9kQWRzIjp7ImNvaG9ydCI6IiIsImVuYWJsZWQiOnRydWV9LCJzdGl0Y2hlckFkU2Vzc2lvbkV2ZW50Ijp7ImVuYWJsZWQiOnRydWV9LCJzdGl0Y2hlckhsc05nIjp7ImRlbXV4ZWRBdWRpbyI6ImRpc2FibGVkIn0sInN0aXRjaGVySGxzTmdWbGwiOnsiZW5hYmxlZCI6dHJ1ZX0sInN0aXRjaGVyUGFydG5lclNob3dTbGF0ZSI6eyJlbmFibGVkIjp0cnVlfX0sImlzcyI6InNlcnZpY2UtcGFydG5lci1hdXRoLnBsdXRvLnR2Iiwic3ViIjoicHJpOnYxOnBsdXRvOmRldmljZXM6YzJGdGMzVnVaM1IyY0d4MWN3PT0iLCJhdWQiOiIqLnBsdXRvLnR2IiwiZXhwIjoxNzkxNTIzNjQ4LCJpYXQiOjE3OTE0MzcyNDgsImp0aSI6IjU2N2YwYmU3LTlhZTAtNGRkZS1hNDJlLTIxMTdjYTU5MzgwYSJ9.rVrS_1P6VvCR7FWLUkWG00UUe-ga4UFnmto2g4TNTQ0,unknown,1539795,https://mcdn-01.plutotv.net/731_Nickelodeon/clip/63c0180b1f9a4e0013962c57_The_Legend_of_Korra_CA_Out_of_the_Past_S1E9/720p/20230112_082151/hls/0-451118/hls_1000-00006.ts,206,2048,True,2026-10-08T15:28:11Z
233,Baby Shark TV,Kids,BabySharkTV.us@SD,BabySharkTV.us,https://newidco-babysharktv-1-eu.rakuten.wurl.tv/playlist.m3u8,720p,WORKING,,"[{""attempt"":1,""outcome"":""WORKING"",""reason"":""HLS manifest, media playlist, and media object responded"",""http_status"":200,""final_url"":""https://newidco-babysharktv-1-eu.rakuten.wurl.tv/playlist.m3u8"",""elapsed_ms"":2109}]",https://newidco-babysharktv-1-eu.rakuten.wurl.tv/playlist.m3u8,hls-master,https://newidco-babysharktv-1-eu.rakuten.wurl.tv/3000.m3u8,720p,3072000,https://newidco-babysharktv-1-eu.rakuten.wurl.tv/184/414586/47761756/e16ecd8f1934662b01a0f15417da7304/hls-v2/3000-00217.ts,206,2048,True,2026-10-08T15:28:11Z
234,BabyFirst,Kids,BabyFirst.us@US,BabyFirst.us,https://jmp2.uk/plu-5ebac49ce4dc8b00078b23bc.m3u8,unknown,BROKEN,Stream returned HTTP 404,"[{""attempt"":1,""outcome"":""BROKEN"",""reason"":""Stream returned HTTP 404"",""http_status"":404,""final_url"":"""",""elapsed_ms"":1039},{""attempt"":2,""outcome"":""BROKEN"",""reason"":""Stream returned HTTP 404"",""http_status"":404,""final_url"":"""",""elapsed_ms"":233},{""attempt"":3,""outcome"":""BROKEN"",""reason"":""Stream returned HTTP 404"",""http_status"":404,""final_url"":"""",""elapsed_ms"":318}]",,,,unknown,,,,0,False,2026-10-08T15:28:11Z
235,CBBC,Kids,CBBC.uk@SD,CBBC.uk,https://vs-cmaf-pushb-uk-live.akamaized.net/x=4/i=urn:bbc:pips:service:cbbc_hd/iptv_hd_abr_v1.mpd,720p,GEO_BLOCKED_OR_FORBIDDEN,Stream returned HTTP 403,"[{""attempt"":1,""outcome"":""GEO_BLOCKED_OR_FORBIDDEN"",""reason"":""Stream returned HTTP 403"",""http_status"":403,""final_url"":"""",""elapsed_ms"":495}]",,,,unknown,,,,0,False,2026-10-08T15:28:11Z
236,CBeebies,Kids,CBeebies.uk@SD,CBeebies.uk,https://vs-cmaf-pushb-uk-live.akamaized.net/x=4/i=urn:bbc:pips:service:cbeebies_hd/iptv_hd_abr_v1.mpd,720p,GEO_BLOCKED_OR_FORBIDDEN,Stream returned HTTP 403,"[{""attempt"":1,""outcome"":""GEO_BLOCKED_OR_FORBIDDEN"",""reason"":""Stream returned HTTP 403"",""http_status"":403,""final_url"":"""",""elapsed_ms"":626}]",,,,unknown,,,,0,False,2026-10-08T15:28:11Z
237,HappyKids,Kids,HappyKids.us@SD,HappyKids.us,https://dil9xdvretp0f.cloudfront.net/index/2.m3u8,720p,WORKING,,"[{""attempt"":1,""outcome"":""WORKING"",""reason"":""HLS manifest, media playlist, and media object responded"",""http_status"":200,""final_url"":""https://dil9xdvretp0f.cloudfront.net/index/2.m3u8"",""elapsed_ms"":1357}]",https://dil9xdvretp0f.cloudfront.net/index/2.m3u8,hls-media,,unknown,,http://y3d8v7n3.freeawesometv.com/10523301/10523301Avc_16x9_720p_29_97fps_2500kbps_00326.ts,206,2048,True,2026-10-08T15:28:11Z
238,Hasbro Legends,Kids,HasbroLegends.us@SD,HasbroLegends.us,https://amg02713-amg02713c11-amgplt0852.playout.now3.amagi.tv/ts-us-e2-n2/playlist/amg02713-amg02713c11-amgplt0852/playlist.m3u8,1080p,WORKING,,"[{""attempt"":1,""outcome"":""WORKING"",""reason"":""HLS manifest, media playlist, and media object responded"",""http_status"":200,""final_url"":""https://amg02713-amg02713c11-amgplt0852.playout.now3.amagi.tv/ts-us-e2-n2/playlist/amg02713-amg02713c11-amgplt0852/playlist.m3u8"",""elapsed_ms"":2683}]",https://amg02713-amg02713c11-amgplt0852.playout.now3.amagi.tv/ts-us-e2-n2/playlist/amg02713-amg02713c11-amgplt0852/playlist.m3u8,hls-master,https://amg02713-amg02713c11-amgplt0852.playout.now3.amagi.tv/ts-us-e2-n2/playlist/amg02713-amg02713c11-amgplt0852/eb111f6f-c32c-11f1-8c16-5260b10ae432/131/1280x720_2500000/index.m3u8,720p,2500000,https://amg02713-amg02713c11-amgplt0852.playout.now3.amagi.tv/ts-us-e2-n2/beacon/amg02713-amg02713c11-amgplt0852/eb111f6f-c32c-11f1-8c16-5260b10ae432/1280x720_2500000?bcn=1&ca=0&cid=TransformersBeastWars_s01e28_episode&dur=6.006000&media_type=C&redirect_url=https%3A%2F%2Famg02713-amg02713c11-amgplt0852.playout.now3.amagi.tv%2Fasset_artifacts%2Fbolt%2Famg02713c11%2FTransformersBeastWars_s01e28_episode%2F0-637237%2FHasbro-Legends_Logo_Bug%2F1be897ae8ecb4c82b3cf02b4ff324249b87349fa-e966-4fba-9666-4fd3b613dd3b~v1_117f68ae89c2af06bd0d8a2ddf2abf37%2F72.ts&seen-ad=1&seg_id=20240&user_id=eb111f6f-c32c-11f1-8c16-5260b10ae432,206,2048,True,2026-10-08T15:28:11Z
239,Kartoon Channel!,Kids,KartoonChannel.us@SD,KartoonChannel.us,https://aegis-cloudfront-1.tubi.video/ba23a03c-22ff-4a48-ae7e-dd8bf4ee4e29/kc_co.m3u8,720p,WORKING,,"[{""attempt"":1,""outcome"":""WORKING"",""reason"":""HLS manifest, media playlist, and media object responded"",""http_status"":200,""final_url"":""https://aegis-cloudfront-1.tubi.video/ba23a03c-22ff-4a48-ae7e-dd8bf4ee4e29/kc_co.m3u8"",""elapsed_ms"":1761}]",https://aegis-cloudfront-1.tubi.video/ba23a03c-22ff-4a48-ae7e-dd8bf4ee4e29/kc_co.m3u8,hls-master,https://aegis-cloudfront-1.tubi.video/ba23a03c-22ff-4a48-ae7e-dd8bf4ee4e29/kc_co_576p.m3u8,576p,2200000,https://aegis-cloudfront-1.tubi.video/ba23a03c-22ff-4a48-ae7e-dd8bf4ee4e29/kc_co_576p/00028/kc_co_576p_09737.ts,206,2048,True,2026-10-08T15:28:11Z
240,Ketchup TV,Kids,KetchupTV.us@SD,KetchupTV.us,https://d24p9tv2w5yorn.cloudfront.net/vod.m3u8,720p,UNKNOWN,Mixed failure evidence: Stream returned HTTP 502; Stream returned HTTP 502; Stream returned HTTP 502,"[{""attempt"":1,""outcome"":""UNKNOWN"",""reason"":""Stream returned HTTP 502"",""http_status"":502,""final_url"":"""",""elapsed_ms"":1065},{""attempt"":2,""outcome"":""UNKNOWN"",""reason"":""Stream returned HTTP 502"",""http_status"":502,""final_url"":"""",""elapsed_ms"":895},{""attempt"":3,""outcome"":""UNKNOWN"",""reason"":""Stream returned HTTP 502"",""http_status"":502,""final_url"":"""",""elapsed_ms"":933}]",,,,unknown,,,,0,False,2026-10-08T15:28:11Z
241,Kidoodle.TV,Kids,KidoodleTV.ca@SD,KidoodleTV.ca,https://amg07653-apmc-amg07653c9-samsung-us-8740.playouts.now.amagi.tv/playlist.m3u8,1080p,BROKEN,Response was not a recognized playlist or media stream,"[{""attempt"":1,""outcome"":""BROKEN"",""reason"":""Response was not a recognized playlist or media stream"",""http_status"":200,""final_url"":""https://amg07653-apmc-amg07653c9-samsung-us-8740.playouts.now.amagi.tv/playlist.m3u8"",""elapsed_ms"":779},{""attempt"":2,""outcome"":""BROKEN"",""reason"":""Response was not a recognized playlist or media stream"",""http_status"":200,""final_url"":""https://amg07653-apmc-amg07653c9-samsung-us-8740.playouts.now.amagi.tv/playlist.m3u8"",""elapsed_ms"":703},{""attempt"":3,""outcome"":""BROKEN"",""reason"":""Response was not a recognized playlist or media stream"",""http_status"":200,""final_url"":""https://amg07653-apmc-amg07653c9-samsung-us-8740.playouts.now.amagi.tv/playlist.m3u8"",""elapsed_ms"":759}]",https://amg07653-apmc-amg07653c9-samsung-us-8740.playouts.now.amagi.tv/playlist.m3u8,,,unknown,,,,411,False,2026-10-08T15:28:11Z
242,KidsFlix,Kids,KidsFlix.us@SD,KidsFlix.us,https://stream-us-east-1.getpublica.com/playlist.m3u8?network_id=50,1080p,WORKING,,"[{""attempt"":1,""outcome"":""WORKING"",""reason"":""HLS manifest, media playlist, and media object responded"",""http_status"":200,""final_url"":""https://stream-us-east-1.getpublica.com/playlist.m3u8?network_id=50"",""elapsed_ms"":1850}]",https://stream-us-east-1.getpublica.com/playlist.m3u8?network_id=50,hls-master,https://stream.ads.ottera.tv/cl/261008db3rd7par3as73cp8gqg/1280x720_1400000_1_f.m3u8?i=475_50,720p,1400000,https://ov-static.otteravision.com/scte_v3/viva/689/viva_ad_slate_689_720_low/00000/viva_ad_slate_689_720_low_00019.ts,206,2048,True,2026-10-08T15:28:11Z
243,Lego Channel,Kids,LegoChannel.us@SD,LegoChannel.us,https://dh18i7whff86v.cloudfront.net/2.m3u8,720p,WORKING,,"[{""attempt"":1,""outcome"":""WORKING"",""reason"":""HLS manifest, media playlist, and media object responded"",""http_status"":200,""final_url"":""https://dh18i7whff86v.cloudfront.net/2.m3u8"",""elapsed_ms"":1310}]",https://dh18i7whff86v.cloudfront.net/2.m3u8,hls-media,,unknown,,https://dh18i7whff86v.cloudfront.net/10692564/10692564Avc_16x9_720p_29_97fps_2500kbps_00148.ts,206,2048,True,2026-10-08T15:28:11Z
244,Moonbug Kids,Kids,MoonbugKids.uk@SD,MoonbugKids.uk,https://dq2a9ghraf7sw.cloudfront.net/720p-vtt/index.m3u8,720p,WORKING,,"[{""attempt"":1,""outcome"":""WORKING"",""reason"":""HLS manifest, media playlist, and media object responded"",""http_status"":200,""final_url"":""https://dq2a9ghraf7sw.cloudfront.net/720p-vtt/index.m3u8"",""elapsed_ms"":1069}]",https://dq2a9ghraf7sw.cloudfront.net/720p-vtt/index.m3u8,hls-media,,unknown,,https://dq2a9ghraf7sw.cloudfront.net/720p-vtt/seg_1284158.ts,206,2048,True,2026-10-08T15:28:11Z
245,Mr Bean Animated,Kids,MrBeanAnimated.uk@English,MrBeanAnimated.uk,https://amg00627-amg00627c23-samsung-au-4110.playouts.now.amagi.tv/720p-vtt-ar/index.m3u8,720p,WORKING,,"[{""attempt"":1,""outcome"":""WORKING"",""reason"":""HLS manifest, media playlist, and media object responded"",""http_status"":200,""final_url"":""https://amg00627-amg00627c23-samsung-au-4110.playouts.now.amagi.tv/720p-vtt-ar/index.m3u8"",""elapsed_ms"":1538}]",https://amg00627-amg00627c23-samsung-au-4110.playouts.now.amagi.tv/720p-vtt-ar/index.m3u8,hls-media,,unknown,,https://amg00627-amg00627c23-samsung-au-4110.playouts.now.amagi.tv/720p-vtt-ar/seg_1101955.ts,206,2048,True,2026-10-08T15:28:11Z
246,Ninja Kidz TV,Kids,NinjaKidzTV.us@SD,NinjaKidzTV.us,https://d3868b4ny0rgdf.cloudfront.net/playlist.m3u8,720p,WORKING,,"[{""attempt"":1,""outcome"":""WORKING"",""reason"":""HLS manifest, media playlist, and media object responded"",""http_status"":200,""final_url"":""https://d3868b4ny0rgdf.cloudfront.net/playlist.m3u8"",""elapsed_ms"":2566}]",https://d3868b4ny0rgdf.cloudfront.net/playlist.m3u8,hls-master,https://d3868b4ny0rgdf.cloudfront.net/3000.m3u8,720p,3072000,https://d3868b4ny0rgdf.cloudfront.net/145/412400/140261190/f3b25dd9c1da2035c406bb4599d7b250/hls-v2/3000-00220.ts,206,2048,True,2026-10-08T15:28:11Z
247,PBS Kids,Kids,PBSKids.us@SD,PBSKids.us,https://livestream.pbskids.org/out/v1/14507d931bbe48a69287e4850e53443c/est.m3u8,720p,WORKING,,"[{""attempt"":1,""outcome"":""WORKING"",""reason"":""HLS manifest, media playlist, and media object responded"",""http_status"":200,""final_url"":""https://livestream.pbskids.org/out/v1/14507d931bbe48a69287e4850e53443c/est.m3u8"",""elapsed_ms"":2910}]",https://livestream.pbskids.org/out/v1/14507d931bbe48a69287e4850e53443c/est.m3u8,hls-master,https://livestream.pbskids.org/out/v1/14507d931bbe48a69287e4850e53443c/est_2.m3u8,720p,4541234,https://livestream.pbskids.org/out/v1/14507d931bbe48a69287e4850e53443c/est_2_23644692.ts?m=1650059836,206,2048,True,2026-10-08T15:28:11Z
248,Persiana Junior,Kids,PersianaJunior.fr@SD,PersianaJunior.fr,https://junhls.persiana.live/hls/stream.m3u8,unknown,WORKING,,"[{""attempt"":1,""outcome"":""WORKING"",""reason"":""HLS manifest, media playlist, and media object responded"",""http_status"":200,""final_url"":""https://junhls.persiana.live/hls/stream.m3u8"",""elapsed_ms"":1334}]",https://junhls.persiana.live/hls/stream.m3u8,hls-media,,unknown,,https://junhls.persiana.live/hls/stream-230219.ts,206,2048,True,2026-10-08T15:28:11Z
249,Persiana Teen,Kids,PersianaTeen.fr@SD,PersianaTeen.fr,https://kphls.persiana.live/hls/stream.m3u8,unknown,BROKEN,Stream returned HTTP 404,"[{""attempt"":1,""outcome"":""BROKEN"",""reason"":""Stream returned HTTP 404"",""http_status"":404,""final_url"":"""",""elapsed_ms"":719},{""attempt"":2,""outcome"":""BROKEN"",""reason"":""Stream returned HTTP 404"",""http_status"":404,""final_url"":"""",""elapsed_ms"":706},{""attempt"":3,""outcome"":""BROKEN"",""reason"":""Stream returned HTTP 404"",""http_status"":404,""final_url"":"""",""elapsed_ms"":531}]",,,,unknown,,,,0,False,2026-10-08T15:28:11Z
250,Pooya TV,Kids,PooyaTV.ir@SD,PooyaTV.ir,https://ncdn.telewebion.ir/pooya/live/playlist.m3u8,unknown,WORKING,,"[{""attempt"":1,""outcome"":""WORKING"",""reason"":""HLS manifest, media playlist, and media object responded"",""http_status"":200,""final_url"":""https://live-aburayhan1105.telewebion.net/ek/pooya/live/playlist.m3u8?isp=NA&city=NA"",""elapsed_ms"":5879}]",https://live-aburayhan1105.telewebion.net/ek/pooya/live/playlist.m3u8?isp=NA&city=NA,hls-master,https://live-aburayhan1105.telewebion.net/ek/pooya/live/720p/index.m3u8,720p,1861200,https://live-aburayhan1105.telewebion.net/ek/pooya/live/720p/51534170507a38317a64686f4e417277c4de30c32b0add353ee85ee1afabf39ae4fd-ekran_live20250701_20261008142835_1789562687875746_000904656_0000002000000.ts,200,2048,True,2026-10-08T15:28:11Z
251,Ryan and Friends,Kids,RyanandFriends.us@SD,RyanandFriends.us,https://cdn-apse1-prod.tsv2.amagi.tv/linear/amg00286-pocketwatch-ryanandfriends-samsungnz/playlist.m3u8,1080p,WORKING,,"[{""attempt"":1,""outcome"":""WORKING"",""reason"":""HLS manifest, media playlist, and media object responded"",""http_status"":200,""final_url"":""https://amg00286-pocketwatch-ryanandfriends-samsungnz-oc0ua.amagi.tv/playlist/amg00286-pocketwatch-ryanandfriends-samsungnz/playlist.m3u8"",""elapsed_ms"":3766}]",https://amg00286-pocketwatch-ryanandfriends-samsungnz-oc0ua.amagi.tv/playlist/amg00286-pocketwatch-ryanandfriends-samsungnz/playlist.m3u8,hls-master,https://amg00286-pocketwatch-ryanandfriends-samsungnz-oc0ua.amagi.tv/ts-eu-w1-n2/playlist/amg00286-pocketwatch-ryanandfriends-samsungnz/cb57351e657b63909bc23d78d1f04582f75033dc087597282bec49cf2090431ddda1a29bb818b43d1e801ec0611879040e6fcd4c8c2d01da8d79aa02297d16229b85bb7fd09a0f0fe78d5b7f7eb72f1b58ad0a777c146901b12fefd0e44dd4036735da4b0870208cb30af85473ffb27fee5fb55f60ef4b0f081f1dc01d08cf8b660c2b696c67fc1ff9e04017cb6c58b2dc5fba8c4de6c0850cc0169453c9a24c01c5a9e067f7e5bb5ade15e33a0d18076e8dc209fb3ad660bbe80b6ccd0b4d6b1f47e8a6d9992459d316130ca8ad88d7cd9e623752d3710f2d9320e11a0b68af4cb87887ab2285b8a9d052447694c54968349aa7caf6fd343eb273e8effdcb3e749cf7186c4f846ed027283395ef8445ca9367f6cc438fd738486820f084166304e54562f912fdae9e1363666d494ebf3c1e/150/1280x720_5188040/index.m3u8,720p,5188040,https://amg00286-pocketwatch-ryanandfriends-samsungnz-oc0ua.amagi.tv/ts-eu-w1-n2/beacon/amg00286-pocketwatch-ryanandfriends-samsungnz/cb57351e657b63909bc23d78d1f04582f75033dc087597282bec49cf2090431ddda1a29bb818b43d1e801ec0611879040e6fcd4c8c2d01da8d79aa02297d16229b85bb7fd09a0f0fe78d5b7f7eb72f1b58ad0a777c146901b12fefd0e44dd4036735da4b0870208cb30af85473ffb27fee5fb55f60ef4b0f081f1dc01d08cf8b660c2b696c67fc1ff9e04017cb6c58b2dc5fba8c4de6c0850cc0169453c9a24c01c5a9e067f7e5bb5ade15e33a0d18076e8dc209fb3ad660bbe80b6ccd0b4d6b1f47e8a6d9992459d316130ca8ad88d7cd9e623752d3710f2d9320e11a0b68af4cb87887ab2285b8a9d052447694c54968349aa7caf6fd343eb273e8effdcb3e749cf7186c4f846ed027283395ef8445ca9367f6cc438fd738486820f084166304e54562f912fdae9e1363666d494ebf3c1e/1280x720_5188040?bcn=1&ca=0&cid=rtrs01e25&dur=6.006000&media_type=C&redirect_url=https%3A%2F%2Famg00286-pocketwatch-ryanandfriends-samsungnz-oc0ua.amagi.tv%2F720p-vtt%2Fseg_1068912.ts&seen-ad=1&seg_id=1068912&user_id=ec86eba0-c32c-11f1-9493-6eeded4e59c4,206,2048,True,2026-10-08T15:28:11Z
252,Sat 7 Kids,Kids,Sat7Kids.cy@SD,Sat7Kids.cy,https://svs.itworkscdn.net/sat7kidslive/sat7kids.smil/playlist_dvr.m3u8,1080p,WORKING,,"[{""attempt"":1,""outcome"":""BROKEN"",""reason"":""HLS media object returned HTTP 404"",""http_status"":404,""final_url"":""https://svs.itworkscdn.net/sat7kidslive/sat7kids.smil/sat7kidspublish/sat7kids_source/chunks_dvr.m3u8"",""elapsed_ms"":2689},{""attempt"":2,""outcome"":""WORKING"",""reason"":""HLS manifest, media playlist, and media object responded"",""http_status"":200,""final_url"":""https://svs.itworkscdn.net/sat7kidslive/sat7kids.smil/playlist_dvr.m3u8"",""elapsed_ms"":2146}]",https://svs.itworkscdn.net/sat7kidslive/sat7kids.smil/playlist_dvr.m3u8,hls-master,https://svs.itworkscdn.net/sat7kidslive/sat7kids.smil/sat7kidspublish/sat7kids_source/chunks_dvr.m3u8,1080p,2747060,https://svs.itworkscdn.net/sat7kidslive/sat7kids.smil/sat7kidspublish/sat7kids_source/dvr_v_p23058_2887494000.ts,206,2048,True,2026-10-08T15:28:11Z
253,Super Simple Songs,Kids,SuperSimpleSongs.us@SD,SuperSimpleSongs.us,https://janson-supersimplesongs-1-us.roku.wurl.tv/3000.m3u8,720p,WORKING,,"[{""attempt"":1,""outcome"":""WORKING"",""reason"":""HLS manifest, media playlist, and media object responded"",""http_status"":200,""final_url"":""https://janson-supersimplesongs-1-us.roku.wurl.tv/3000.m3u8"",""elapsed_ms"":1717}]",https://janson-supersimplesongs-1-us.roku.wurl.tv/3000.m3u8,hls-media,,unknown,,https://janson-supersimplesongs-1-us.roku.wurl.tv/61793421/hls-v2/3000-00006.ts,206,2048,True,2026-10-08T15:28:11Z
254,Teletubbies,Kids,Teletubbies.uk@SD,Teletubbies.uk,https://dv8lsrd8fecw9.cloudfront.net/master.m3u8,720p,WORKING,,"[{""attempt"":1,""outcome"":""WORKING"",""reason"":""HLS manifest, media playlist, and media object responded"",""http_status"":200,""final_url"":""https://dv8lsrd8fecw9.cloudfront.net/master.m3u8"",""elapsed_ms"":1984}]",https://dv8lsrd8fecw9.cloudfront.net/master.m3u8,hls-master,https://dv8lsrd8fecw9.cloudfront.net/4.m3u8,720p,2500000,https://live-content.xumo.com/1854/content/XM0Z09GZYP0PLX/25616571/2_138.ts,206,2048,True,2026-10-08T15:28:11Z
255,Tiny Pop,Kids,TinyPop.uk@SD,TinyPop.uk,https://amg01753-narrativeentert-tinypop-samsunguk-hvvb7.amagi.tv/playlist/amg01753-narrativeentert-tinypop-samsunguk/playlist.m3u8,1080p,WORKING,,"[{""attempt"":1,""outcome"":""WORKING"",""reason"":""HLS manifest, media playlist, and media object responded"",""http_status"":200,""final_url"":""https://amg01753-narrativeentert-tinypop-samsunguk-hvvb7.amagi.tv/playlist/amg01753-narrativeentert-tinypop-samsunguk/playlist.m3u8"",""elapsed_ms"":3158}]",https://amg01753-narrativeentert-tinypop-samsunguk-hvvb7.amagi.tv/playlist/amg01753-narrativeentert-tinypop-samsunguk/playlist.m3u8,hls-master,https://amg01753-narrativeentert-tinypop-samsunguk-hvvb7.amagi.tv/ts-eu-w1-n2/playlist/amg01753-narrativeentert-tinypop-samsunguk/cb57351e657b63909bc23d78d1f04582f75033dc087597282bec49cf2090431ddda1a29bb818b43d1e801ec0611879040e66c319d77908da8d79aa02297d16229b85ba73d19e0f0ee7d95b7b2dba7c1d04fd0b777c146901b12fefd0e44dd4036735da4b0870208cb30af85473ffb27fee5fb55f60ef4b0f081f1dc01d08cf8b660c2b696c67fc1ff9e04017cb6c58b2dc5fba8c4de6c0850cc0169453c9a24c01c5a9e067f7e5bb5ade15e33a0d18076e8dc209fb3ad660bbe80b6ccd0b4d6b1f47e8a6d9992459d316130ca8ad88d7cd9e623752d3710f2d9320e11a0b68af4cb87887ab2285b8a9d052447694c54968349aa7caf6fd343eb273e8effdcb3e749cf7186c4f846ed027283395ef8445ca9367f6cc438fd63145d8a150c8652bd4b1884967891078d9b9c18f3d65c98022/88/1280x720_3329040/index.m3u8,720p,3329040,https://amg01753-narrativeentert-tinypop-samsunguk-hvvb7.amagi.tv/ts-eu-w1-n2/beacon/amg01753-narrativeentert-tinypop-samsunguk/cb57351e657b63909bc23d78d1f04582f75033dc087597282bec49cf2090431ddda1a29bb818b43d1e801ec0611879040e66c319d77908da8d79aa02297d16229b85ba73d19e0f0ee7d95b7b2dba7c1d04fd0b777c146901b12fefd0e44dd4036735da4b0870208cb30af85473ffb27fee5fb55f60ef4b0f081f1dc01d08cf8b660c2b696c67fc1ff9e04017cb6c58b2dc5fba8c4de6c0850cc0169453c9a24c01c5a9e067f7e5bb5ade15e33a0d18076e8dc209fb3ad660bbe80b6ccd0b4d6b1f47e8a6d9992459d316130ca8ad88d7cd9e623752d3710f2d9320e11a0b68af4cb87887ab2285b8a9d052447694c54968349aa7caf6fd343eb273e8effdcb3e749cf7186c4f846ed027283395ef8445ca9367f6cc438fd63145d8a150c8652bd4b1884967891078d9b9c18f3d65c98022/1280x720_3329040?bcn=1&ca=0&cid=NE013855&dur=6.000000&media_type=C&redirect_url=https%3A%2F%2Famg01753-narrativeentert-tinypop-samsunguk-hvvb7.amagi.tv%2F720p%2Fseg_0255938.ts&seen-ad=1&seg_id=255938&user_id=ec180959-c32c-11f1-8887-7e1da7963e35,206,2048,True,2026-10-08T15:28:11Z
256,ToonGoggles,Kids,ToonGoggles.us@SD,ToonGoggles.us,https://amg01329-otterainc-toongoggles-samsungau-ad-4c.amagi.tv/playlist/amg01329-otterainc-toongoggles-samsungau/playlist.m3u8,720p,WORKING,,"[{""attempt"":1,""outcome"":""WORKING"",""reason"":""HLS manifest, media playlist, and media object responded"",""http_status"":200,""final_url"":""https://amg01329-otterainc-toongoggles-samsungau-ad-4c.amagi.tv/playlist/amg01329-otterainc-toongoggles-samsungau/playlist.m3u8"",""elapsed_ms"":2743}]",https://amg01329-otterainc-toongoggles-samsungau-ad-4c.amagi.tv/playlist/amg01329-otterainc-toongoggles-samsungau/playlist.m3u8,hls-master,https://amg01329-otterainc-toongoggles-samsungau-ad-4c.amagi.tv/ts-eu-w1-n2/playlist/amg01329-otterainc-toongoggles-samsungau/cb57351e657b63909bc23d78d1f04582f75033dc087597282bec49cf2090431ddda1a29bb818b43d1e801ec0611879040e66984fdc7f08da8d79aa02297d16229b85ba7dd1cb0f00e78c59287fb22e4c55af0a777c146901b12fefd0e44dd4036735da4b0870208cb30af85473ffb27fee5fb55f60ef4b0f081f1dc01d08cf8b660c2b696c67fc1ff9e04017cb6c58b2dc5fba8c4de6c0850cc0169453c9a24c01c5a9e067f7e5bb5ade15e33a0d18076e8dc209fb3ad660bbe80b6ccd0b4d6b1f47e8a6d9992459d316130ca8ad88d7cd9e623752d3710f2d9320e11a0b68af4cb87887ab2285b8a9d052447694c54968349aa7caf6fd343eb273e8effdcb3e749cf7186c4f846ed027283395ef8445ca9367f6cc438fd63b4ad8a150c8652bd442470ef4b4ec69c3752cded18b2fc675/27/1280x720_3071200/index.m3u8,720p,3071200,https://amg01329-otterainc-toongoggles-samsungau-ad-4c.amagi.tv/ts-eu-w1-n2/beacon/amg01329-otterainc-toongoggles-samsungau/cb57351e657b63909bc23d78d1f04582f75033dc087597282bec49cf2090431ddda1a29bb818b43d1e801ec0611879040e66984fdc7f08da8d79aa02297d16229b85ba7dd1cb0f00e78c59287fb22e4c55af0a777c146901b12fefd0e44dd4036735da4b0870208cb30af85473ffb27fee5fb55f60ef4b0f081f1dc01d08cf8b660c2b696c67fc1ff9e04017cb6c58b2dc5fba8c4de6c0850cc0169453c9a24c01c5a9e067f7e5bb5ade15e33a0d18076e8dc209fb3ad660bbe80b6ccd0b4d6b1f47e8a6d9992459d316130ca8ad88d7cd9e623752d3710f2d9320e11a0b68af4cb87887ab2285b8a9d052447694c54968349aa7caf6fd343eb273e8effdcb3e749cf7186c4f846ed027283395ef8445ca9367f6cc438fd63b4ad8a150c8652bd442470ef4b4ec69c3752cded18b2fc675/1280x720_3071200?bcn=1&ca=0&cid=283726&dur=6.000000&media_type=C&redirect_url=https%3A%2F%2Fov-tg.ottera.tv%2Ftg%2Ftg_ww%2Ftg_ww_720p_high%2F00066%2Ftg_ww_720p_high_02242.ts&seen-ad=1&seg_id=662242&user_id=ec1cf239-c32c-11f1-868b-9edf2e1db4a4,206,2048,True,2026-10-08T15:28:11Z
257,Totally Turtles,Kids,TotallyTurtles.us@CA,TotallyTurtles.us,https://jmp2.uk/plu-62e95265c9fd030007268fb9.m3u8,720p,WORKING,,"[{""attempt"":1,""outcome"":""WORKING"",""reason"":""HLS manifest, media playlist, and media object responded"",""http_status"":200,""final_url"":""https://stitcher-ipv4.pluto.tv/v2/stitch/embed/hls/channel/62e95265c9fd030007268fb9/master.m3u8?deviceType=samsung-tvplus&deviceMake=samsung&deviceModel=samsung&deviceVersion=unknown&appVersion=unknown&deviceLat=0&deviceLon=0&deviceDNT=%7BTARGETOPT%7D&deviceId=%7BPSID%7D&advertisingId=%7BPSID%7D&us_privacy=%7BUS_PRIVACY%7D&samsung_app_domain=%7BAPP_DOMAIN%7D&samsung_app_name=%7BAPP_NAME%7D&profileLimit=&profileFloor=&embedPartner=samsung-tvplus&masterJWTPassthrough=1&authToken=eyJhbGciOiJIUzI1NiIsImtpZCI6IjAyYTcxZjE0LTU5YzEtNGEyMi05ODA1LTA2ZGEzZTdiNjJkMiIsInR5cCI6IkpXVCJ9.eyJwYXJ0bmVyIjoic2Ftc3VuZ3R2cGx1cyIsImZlYXR1cmVzIjp7Im11bHRpUG9kQWRzIjp7ImNvaG9ydCI6IiIsImVuYWJsZWQiOnRydWV9LCJzdGl0Y2hlckFkU2Vzc2lvbkV2ZW50Ijp7ImVuYWJsZWQiOnRydWV9LCJzdGl0Y2hlckhsc05nIjp7ImRlbXV4ZWRBdWRpbyI6ImRpc2FibGVkIn0sInN0aXRjaGVySGxzTmdWbGwiOnsiZW5hYmxlZCI6dHJ1ZX0sInN0aXRjaGVyUGFydG5lclNob3dTbGF0ZSI6eyJlbmFibGVkIjp0cnVlfX0sImlzcyI6InNlcnZpY2UtcGFydG5lci1hdXRoLnBsdXRvLnR2Iiwic3ViIjoicHJpOnYxOnBsdXRvOmRldmljZXM6YzJGdGMzVnVaM1IyY0d4MWN3PT0iLCJhdWQiOiIqLnBsdXRvLnR2IiwiZXhwIjoxNzkxNTIzNjQ4LCJpYXQiOjE3OTE0MzcyNDgsImp0aSI6IjU2N2YwYmU3LTlhZTAtNGRkZS1hNDJlLTIxMTdjYTU5MzgwYSJ9.rVrS_1P6VvCR7FWLUkWG00UUe-ga4UFnmto2g4TNTQ0"",""elapsed_ms"":2277}]",https://stitcher-ipv4.pluto.tv/v2/stitch/embed/hls/channel/62e95265c9fd030007268fb9/master.m3u8?deviceType=samsung-tvplus&deviceMake=samsung&deviceModel=samsung&deviceVersion=unknown&appVersion=unknown&deviceLat=0&deviceLon=0&deviceDNT=%7BTARGETOPT%7D&deviceId=%7BPSID%7D&advertisingId=%7BPSID%7D&us_privacy=%7BUS_PRIVACY%7D&samsung_app_domain=%7BAPP_DOMAIN%7D&samsung_app_name=%7BAPP_NAME%7D&profileLimit=&profileFloor=&embedPartner=samsung-tvplus&masterJWTPassthrough=1&authToken=eyJhbGciOiJIUzI1NiIsImtpZCI6IjAyYTcxZjE0LTU5YzEtNGEyMi05ODA1LTA2ZGEzZTdiNjJkMiIsInR5cCI6IkpXVCJ9.eyJwYXJ0bmVyIjoic2Ftc3VuZ3R2cGx1cyIsImZlYXR1cmVzIjp7Im11bHRpUG9kQWRzIjp7ImNvaG9ydCI6IiIsImVuYWJsZWQiOnRydWV9LCJzdGl0Y2hlckFkU2Vzc2lvbkV2ZW50Ijp7ImVuYWJsZWQiOnRydWV9LCJzdGl0Y2hlckhsc05nIjp7ImRlbXV4ZWRBdWRpbyI6ImRpc2FibGVkIn0sInN0aXRjaGVySGxzTmdWbGwiOnsiZW5hYmxlZCI6dHJ1ZX0sInN0aXRjaGVyUGFydG5lclNob3dTbGF0ZSI6eyJlbmFibGVkIjp0cnVlfX0sImlzcyI6InNlcnZpY2UtcGFydG5lci1hdXRoLnBsdXRvLnR2Iiwic3ViIjoicHJpOnYxOnBsdXRvOmRldmljZXM6YzJGdGMzVnVaM1IyY0d4MWN3PT0iLCJhdWQiOiIqLnBsdXRvLnR2IiwiZXhwIjoxNzkxNTIzNjQ4LCJpYXQiOjE3OTE0MzcyNDgsImp0aSI6IjU2N2YwYmU3LTlhZTAtNGRkZS1hNDJlLTIxMTdjYTU5MzgwYSJ9.rVrS_1P6VvCR7FWLUkWG00UUe-ga4UFnmto2g4TNTQ0,hls-master,https://stitcher-ipv4.pluto.tv/v2/stitch/embed/hls/channel/62e95265c9fd030007268fb9/1539795/playlist.m3u8?sid=SAMSUNG-TVPLUS-5302b66d-14b9-468f-a541-3f2843670f6c&deviceId=1cb44ec4-daf3-4f70-853a-d911dd95a619&appName=samsungtvplus&deviceMake=samsung&authToken=eyJhbGciOiJIUzI1NiIsImtpZCI6IjAyYTcxZjE0LTU5YzEtNGEyMi05ODA1LTA2ZGEzZTdiNjJkMiIsInR5cCI6IkpXVCJ9.eyJwYXJ0bmVyIjoic2Ftc3VuZ3R2cGx1cyIsImZlYXR1cmVzIjp7Im11bHRpUG9kQWRzIjp7ImNvaG9ydCI6IiIsImVuYWJsZWQiOnRydWV9LCJzdGl0Y2hlckFkU2Vzc2lvbkV2ZW50Ijp7ImVuYWJsZWQiOnRydWV9LCJzdGl0Y2hlckhsc05nIjp7ImRlbXV4ZWRBdWRpbyI6ImRpc2FibGVkIn0sInN0aXRjaGVySGxzTmdWbGwiOnsiZW5hYmxlZCI6dHJ1ZX0sInN0aXRjaGVyUGFydG5lclNob3dTbGF0ZSI6eyJlbmFibGVkIjp0cnVlfX0sImlzcyI6InNlcnZpY2UtcGFydG5lci1hdXRoLnBsdXRvLnR2Iiwic3ViIjoicHJpOnYxOnBsdXRvOmRldmljZXM6YzJGdGMzVnVaM1IyY0d4MWN3PT0iLCJhdWQiOiIqLnBsdXRvLnR2IiwiZXhwIjoxNzkxNTIzNjQ4LCJpYXQiOjE3OTE0MzcyNDgsImp0aSI6IjU2N2YwYmU3LTlhZTAtNGRkZS1hNDJlLTIxMTdjYTU5MzgwYSJ9.rVrS_1P6VvCR7FWLUkWG00UUe-ga4UFnmto2g4TNTQ0,unknown,1539795,https://mcdn-01.plutotv.net/708_Nickelodeon/clip/632b484fb5308b0014e0ae15_Teenage_Mutant_Ninja_Turtles_2012_The_Alien_Agenda_S1E115/720p/20221026_082806/hls/0-438814/hls_1000-00042.ts,206,2048,True,2026-10-08T15:28:11Z
258,Transformers TV,Kids,TransformersTV.us@SD,TransformersTV.us,https://jmp2.uk/plu-60fb053712f22a0007ff14d2.m3u8,720p,BROKEN,Stream returned HTTP 404,"[{""attempt"":1,""outcome"":""BROKEN"",""reason"":""Stream returned HTTP 404"",""http_status"":404,""final_url"":"""",""elapsed_ms"":1101},{""attempt"":2,""outcome"":""BROKEN"",""reason"":""Stream returned HTTP 404"",""http_status"":404,""final_url"":"""",""elapsed_ms"":216},{""attempt"":3,""outcome"":""BROKEN"",""reason"":""Stream returned HTTP 404"",""http_status"":404,""final_url"":"""",""elapsed_ms"":201}]",,,,unknown,,,,0,False,2026-10-08T15:28:11Z
259,ABC News,News,ABCNews.au@Sydney,ABCNews.au,https://abc-news-dmd-streams-1.akamaized.net/out/v1/701126012d044971b3fa89406a440133/index.m3u8,720p,WORKING,,"[{""attempt"":1,""outcome"":""WORKING"",""reason"":""HLS manifest, media playlist, and media object responded"",""http_status"":200,""final_url"":""https://abc-news-dmd-streams-1.akamaized.net/out/v1/701126012d044971b3fa89406a440133/index.m3u8"",""elapsed_ms"":1936}]",https://abc-news-dmd-streams-1.akamaized.net/out/v1/701126012d044971b3fa89406a440133/index.m3u8,hls-master,https://abc-news-dmd-streams-1.akamaized.net/out/v1/701126012d044971b3fa89406a440133/index_6.m3u8,576p,1910365,https://abc-news-dmd-streams-1.akamaized.net/out/v1/701126012d044971b3fa89406a440133/index_6_10922906.ts?m=1725933270,206,2048,True,2026-10-08T15:28:11Z
260,ABC News Live,News,ABCNewsLive.us@SD,ABCNewsLive.us,https://aegis-cloudfront-1.tubi.video/d6cbb0de-68e4-4f3b-82f9-bf5d526e0bde/index.m3u8,720p,WORKING,,"[{""attempt"":1,""outcome"":""WORKING"",""reason"":""HLS manifest, media playlist, and media object responded"",""http_status"":200,""final_url"":""https://aegis-cloudfront-1.tubi.video/d6cbb0de-68e4-4f3b-82f9-bf5d526e0bde/index.m3u8"",""elapsed_ms"":1530}]",https://aegis-cloudfront-1.tubi.video/d6cbb0de-68e4-4f3b-82f9-bf5d526e0bde/index.m3u8,hls-master,https://aegis-cloudfront-1.tubi.video/d6cbb0de-68e4-4f3b-82f9-bf5d526e0bde/index_1.m3u8,720p,4192562,https://aegis-cloudfront-1.tubi.video/d6cbb0de-68e4-4f3b-82f9-bf5d526e0bde/index_1_10833055.ts?m=1751323032,206,2048,True,2026-10-08T15:28:11Z
261,Al Hadath,News,AlHadath.sa@SD,AlHadath.sa,https://shd-gcp-live.edgenextcdn.net/live/bitmovin-hadath/2ff87ec4c2f3ede35295a20637d9f8fd/manifest/video/576p1200kbps/video.m3u8,576p,WORKING,,"[{""attempt"":1,""outcome"":""WORKING"",""reason"":""HLS manifest, media playlist, and media object responded"",""http_status"":200,""final_url"":""https://shd-gcp-live.edgenextcdn.net/live/bitmovin-hadath/2ff87ec4c2f3ede35295a20637d9f8fd/manifest/video/576p1200kbps/video.m3u8"",""elapsed_ms"":1079}]",https://shd-gcp-live.edgenextcdn.net/live/bitmovin-hadath/2ff87ec4c2f3ede35295a20637d9f8fd/manifest/video/576p1200kbps/video.m3u8,hls-media,,unknown,,https://shd-gcp-live.edgenextcdn.net/live/bitmovin-hadath/2ff87ec4c2f3ede35295a20637d9f8fd/video/576p1200kbps/segment_ShM8fWCU0n_160493_seg.ts,206,2048,True,2026-10-08T15:28:11Z
262,Al Jazeera Arabic,News,AlJazeera.qa@Arabic,AlJazeera.qa,https://live-hls-apps-aja-fa.getaj.net/AJA/01.m3u8,1080p,WORKING,,"[{""attempt"":1,""outcome"":""WORKING"",""reason"":""HLS manifest, media playlist, and media object responded"",""http_status"":200,""final_url"":""https://live-hls-apps-aja-fa.getaj.net/AJA/01.m3u8"",""elapsed_ms"":1367}]",https://live-hls-apps-aja-fa.getaj.net/AJA/01.m3u8,hls-media,,unknown,,https://live-hls-apps-aja-fa.getaj.net/AJA/20230209T014501-01-11556660.ts,206,2048,True,2026-10-08T15:28:11Z
263,Al Jazeera English,News,AlJazeera.qa@English,AlJazeera.qa,https://live-hls-apps-aje-fa.getaj.net/AJE/02.m3u8,720p,WORKING,,"[{""attempt"":1,""outcome"":""WORKING"",""reason"":""HLS manifest, media playlist, and media object responded"",""http_status"":200,""final_url"":""https://live-hls-apps-aje-fa.getaj.net/AJE/02.m3u8"",""elapsed_ms"":1417}]",https://live-hls-apps-aje-fa.getaj.net/AJE/02.m3u8,hls-media,,unknown,,https://live-hls-apps-aje-fa.getaj.net/AJE/02_245159042.ts,206,2048,True,2026-10-08T15:28:11Z
264,Al Jazeera Mubasher,News,AlJazeeraMubasher.qa@SD,AlJazeeraMubasher.qa,https://live-hls-apps-ajm-fa.getaj.net/AJM/02.m3u8,720p,WORKING,,"[{""attempt"":1,""outcome"":""WORKING"",""reason"":""HLS manifest, media playlist, and media object responded"",""http_status"":200,""final_url"":""https://live-hls-apps-ajm-fa.getaj.net/AJM/02.m3u8"",""elapsed_ms"":1374}]",https://live-hls-apps-ajm-fa.getaj.net/AJM/02.m3u8,hls-media,,unknown,,https://live-hls-apps-ajm-fa.getaj.net/AJM/02_245159047.ts,206,2048,True,2026-10-08T15:28:11Z
265,Alarabiya,News,Alarabiya.ae@SD,Alarabiya.ae,https://live.alarabiya.net/alarabiapublish/alarabiya.smil/alarabiapublish/alarabiya_1080p/chunks.m3u8,1080p,WORKING,,"[{""attempt"":1,""outcome"":""WORKING"",""reason"":""HLS manifest, media playlist, and media object responded"",""http_status"":200,""final_url"":""https://live.alarabiya.net/alarabiapublish/alarabiya.smil/alarabiapublish/alarabiya_1080p/chunks.m3u8"",""elapsed_ms"":879}]",https://live.alarabiya.net/alarabiapublish/alarabiya.smil/alarabiapublish/alarabiya_1080p/chunks.m3u8,hls-media,,unknown,,https://live.alarabiya.net/alarabiapublish/alarabiya.smil/alarabiapublish/alarabiya_1080p/l_220_89940434_261095.ts,206,2048,True,2026-10-08T15:28:11Z
266,BBC Arabic,News,BBCArabic.uk@SD,BBCArabic.uk,https://vs-cmaf-pushb-ww-live.akamaized.net/x=4/i=urn:bbc:pips:service:bbc_arabic_tv/pc_hd_abr_v2.mpd,720p,PROBABLY_WORKING,DASH manifest responded; segment template was not probed,"[{""attempt"":1,""outcome"":""PROBABLY_WORKING"",""reason"":""DASH manifest responded; segment template was not probed"",""http_status"":200,""final_url"":""https://vs-cmaf-pushb-ww-live.akamaized.net/x=4/i=urn:bbc:pips:service:bbc_arabic_tv/pc_hd_abr_v2.mpd"",""elapsed_ms"":768}]",https://vs-cmaf-pushb-ww-live.akamaized.net/x=4/i=urn:bbc:pips:service:bbc_arabic_tv/pc_hd_abr_v2.mpd,dash,,unknown,,,,4293,False,2026-10-08T15:28:11Z
267,BBC News,News,BBCNews.uk@NorthAmerica,BBCNews.uk,https://jmp2.uk/plu-65d92a8c8b24c80008e285c0.m3u8,720p,GEO_BLOCKED_OR_FORBIDDEN,Stream returned HTTP 403,"[{""attempt"":1,""outcome"":""GEO_BLOCKED_OR_FORBIDDEN"",""reason"":""Stream returned HTTP 403"",""http_status"":403,""final_url"":"""",""elapsed_ms"":1358}]",,,,unknown,,,,0,False,2026-10-08T15:28:11Z
268,BBC Persian,News,BBCPersian.uk@SD,BBCPersian.uk,https://vs-cmaf-pushb-ww-live.akamaized.net/x=4/i=urn:bbc:pips:service:bbc_persian_tv/pc_hd_abr_v2.mpd,720p,PROBABLY_WORKING,DASH manifest responded; segment template was not probed,"[{""attempt"":1,""outcome"":""PROBABLY_WORKING"",""reason"":""DASH manifest responded; segment template was not probed"",""http_status"":200,""final_url"":""https://vs-cmaf-pushb-ww-live.akamaized.net/x=4/i=urn:bbc:pips:service:bbc_persian_tv/pc_hd_abr_v2.mpd"",""elapsed_ms"":477}]",https://vs-cmaf-pushb-ww-live.akamaized.net/x=4/i=urn:bbc:pips:service:bbc_persian_tv/pc_hd_abr_v2.mpd,dash,,unknown,,,,4293,False,2026-10-08T15:28:11Z
269,CBS News 24/7,News,CBSNews247.us@SD,CBSNews247.us,https://cbsn-us-vtt.cbsnstream.cbsnews.com/out/v1/ef868690d34144509eda696884bf1619/master.m3u8,720p,WORKING,,"[{""attempt"":1,""outcome"":""WORKING"",""reason"":""HLS manifest, media playlist, and media object responded"",""http_status"":200,""final_url"":""https://cbsn-us-vtt.cbsnstream.cbsnews.com/out/v1/ef868690d34144509eda696884bf1619/master.m3u8"",""elapsed_ms"":2604}]",https://cbsn-us-vtt.cbsnstream.cbsnews.com/out/v1/ef868690d34144509eda696884bf1619/master.m3u8,hls-master,https://cbsn-us-vtt.cbsnstream.cbsnews.com/out/v1/ef868690d34144509eda696884bf1619/master_7.m3u8,720p,1696996,https://cbsn-us-vtt.cbsnstream.cbsnews.com/out/v1/ef868690d34144509eda696884bf1619/master_7_39307834.ts?m=1558539757,206,2048,True,2026-10-08T15:28:11Z
270,Euronews English,News,EuronewsEnglish.fr@SD,EuronewsEnglish.fr,https://a-cdn.klowdtv.com/live3/euronews_720p/playlist.m3u8,720p,WORKING,,"[{""attempt"":1,""outcome"":""WORKING"",""reason"":""HLS manifest, media playlist, and media object responded"",""http_status"":200,""final_url"":""https://a-cdn.klowdtv.com/live3/euronews_720p/playlist.m3u8"",""elapsed_ms"":1393}]",https://a-cdn.klowdtv.com/live3/euronews_720p/playlist.m3u8,hls-master,https://a-cdn.klowdtv.com/live3/euronews_720p/chunks.m3u8,720p,3273566,https://a-cdn.klowdtv.com/live3/euronews_720p/l_10957_31303289_27721.ts,206,2048,True,2026-10-08T15:28:11Z
271,France 24 Arabic,News,France24.fr@Arabic,France24.fr,https://live.france24.com/hls/live/2037222-b/F24_AR_HI_HLS/master_900.m3u8,576p,WORKING,,"[{""attempt"":1,""outcome"":""WORKING"",""reason"":""HLS manifest, media playlist, and media object responded"",""http_status"":200,""final_url"":""https://live.france24.com/hls/live/2037222-b/F24_AR_HI_HLS/master_900.m3u8"",""elapsed_ms"":1921}]",https://live.france24.com/hls/live/2037222-b/F24_AR_HI_HLS/master_900.m3u8,hls-media,,unknown,,https://live.france24.com/hls/live/2037222-b/F24_AR_HI_HLS/20260625T062734/master_900/00453/master_900_01916.ts,206,2048,True,2026-10-08T15:28:11Z
272,France 24 English,News,France24.fr@English,France24.fr,https://live.france24.com/hls/live/2037218-b/F24_EN_HI_HLS/master_900.m3u8,576p,WORKING,,"[{""attempt"":1,""outcome"":""WORKING"",""reason"":""HLS manifest, media playlist, and media object responded"",""http_status"":200,""final_url"":""https://live.france24.com/hls/live/2037218-b/F24_EN_HI_HLS/master_900.m3u8"",""elapsed_ms"":1712}]",https://live.france24.com/hls/live/2037218-b/F24_EN_HI_HLS/master_900.m3u8,hls-media,,unknown,,https://live.france24.com/hls/live/2037218-b/F24_EN_HI_HLS/20260629T095224/master_900/00436/master_900_00214.ts,206,2048,True,2026-10-08T15:28:11Z
273,Iran International,News,IranInternational.uk@SD,IranInternational.uk,https://live.livetvstream.co.uk/LS-63503-4/index.m3u8,720p,WORKING,,"[{""attempt"":1,""outcome"":""WORKING"",""reason"":""HLS manifest, media playlist, and media object responded"",""http_status"":200,""final_url"":""https://live.livetvstream.co.uk/LS-63503-4/index.m3u8"",""elapsed_ms"":1570}]",https://live.livetvstream.co.uk/LS-63503-4/index.m3u8,hls-master,https://live.livetvstream.co.uk/LS-63503-4/chunklist_b1196000.m3u8,720p,1306000,https://live.livetvstream.co.uk/LS-63503-4/media-u1hd7gbmc_b1196000_650449.ts,206,2048,True,2026-10-08T15:28:11Z
274,NBC News NOW,News,NBCNewsNOW.us@SD,NBCNewsNOW.us,https://jmp2.uk/plu-5df97894467dfa00091c873c.m3u8,720p,GEO_BLOCKED_OR_FORBIDDEN,Stream returned HTTP 403,"[{""attempt"":1,""outcome"":""GEO_BLOCKED_OR_FORBIDDEN"",""reason"":""Stream returned HTTP 403"",""http_status"":403,""final_url"":"""",""elapsed_ms"":1314}]",,,,unknown,,,,0,False,2026-10-08T15:28:11Z
275,Sky News,News,SkyNews.uk,SkyNews.uk,https://linear021-gb-hls1-prd-ak.cdn.skycdp.com/Content/HLS_001_hd/Live/channel(skynews)/index_mob.m3u8,unknown,GEO_BLOCKED_OR_FORBIDDEN,Stream returned HTTP 403,"[{""attempt"":1,""outcome"":""GEO_BLOCKED_OR_FORBIDDEN"",""reason"":""Stream returned HTTP 403"",""http_status"":403,""final_url"":"""",""elapsed_ms"":936}]",,,,unknown,,,,0,False,2026-10-08T15:28:11Z
276,Sky News Arabia,News,SkyNewsArabia.ae@SD,SkyNewsArabia.ae,https://stream.skynewsarabia.com/hls/sna.m3u8,720p,WORKING,,"[{""attempt"":1,""outcome"":""WORKING"",""reason"":""HLS manifest, media playlist, and media object responded"",""http_status"":200,""final_url"":""https://stream.skynewsarabia.com/hls/sna.m3u8"",""elapsed_ms"":2321}]",https://stream.skynewsarabia.com/hls/sna.m3u8,hls-master,https://stream.skynewsarabia.com/hls/index__5.m3u8,720p,2191200,https://stream.skynewsarabia.com/hls/segment__5_443109019_init.mp4,206,758,True,2026-10-08T15:28:11Z
277,Fox News Channel Preview,News,FoxNewsChannelPreview.us@Preview,FoxNewsChannelPreview.us,http://247preview.foxnews.com/hls/live/2020027/fncv3preview/primary.m3u8,240p,WORKING,,"[{""attempt"":1,""outcome"":""WORKING"",""reason"":""HLS manifest, media playlist, and media object responded"",""http_status"":200,""final_url"":""http://247preview.foxnews.com/hls/live/2020027/fncv3preview/primary.m3u8"",""elapsed_ms"":1438}]",http://247preview.foxnews.com/hls/live/2020027/fncv3preview/primary.m3u8,hls-master,https://247preview.foxnews.com/hls/live/2020027/fncv3preview/primary_300.m3u8,240p,311471,https://247preview.foxnews.com/hls/live/2020027/fncv3preview/primary_300_20261008T152724_00014.ts,206,2048,True,2026-10-08T15:28:11Z
278,Al Arabiya Business,News,AlArabiyaBusiness.ae@SD,AlArabiyaBusiness.ae,https://live.alarabiya.net/alarabiapublish/aswaaq.smil/alarabiapublish/aswaaq_720p/chunks.m3u8,720p,WORKING,,"[{""attempt"":1,""outcome"":""WORKING"",""reason"":""HLS manifest, media playlist, and media object responded"",""http_status"":200,""final_url"":""https://live.alarabiya.net/alarabiapublish/aswaaq.smil/alarabiapublish/aswaaq_720p/chunks.m3u8"",""elapsed_ms"":844}]",https://live.alarabiya.net/alarabiapublish/aswaaq.smil/alarabiapublish/aswaaq_720p/chunks.m3u8,hls-media,,unknown,,https://live.alarabiya.net/alarabiapublish/aswaaq.smil/alarabiapublish/aswaaq_720p/l_149_79100348_258385.ts,206,2048,True,2026-10-08T15:28:11Z
279,Al Mayadeen TV,News,AlMayadeenTV.lb@SD,AlMayadeenTV.lb,https://mdnlv.cdn.octivid.com/almdn/smil:mpegts.stream.smil/playlist.m3u8,576p,BROKEN,HLS rendition was not an M3U playlist,"[{""attempt"":1,""outcome"":""BROKEN"",""reason"":""Response was not a recognized playlist or media stream"",""http_status"":200,""final_url"":""https://mdnlv.cdn.octivid.com/almdn/smil:mpegts.stream.smil/playlist.m3u8"",""elapsed_ms"":675},{""attempt"":2,""outcome"":""BROKEN"",""reason"":""Response was not a recognized playlist or media stream"",""http_status"":200,""final_url"":""https://mdnlv.cdn.octivid.com/almdn/smil:mpegts.stream.smil/playlist.m3u8"",""elapsed_ms"":799},{""attempt"":3,""outcome"":""BROKEN"",""reason"":""HLS rendition was not an M3U playlist"",""http_status"":200,""final_url"":""https://mdnlv.cdn.octivid.com/almdn/smil:mpegts.stream.smil/chunklist_b2700000.m3u8"",""elapsed_ms"":1053}]",https://mdnlv.cdn.octivid.com/almdn/smil:mpegts.stream.smil/chunklist_b2700000.m3u8,hls-master,,unknown,,,,0,False,2026-10-08T15:28:11Z
280,Al Sharqiya News,News,AlSharqiyaNews.iq@SD,AlSharqiyaNews.iq,https://5d94523502c2d.streamlock.net/alsharqiyalive/mystream/playlist.m3u8,1080p,UNKNOWN,Mixed failure evidence: Stream returned HTTP 503; Stream returned HTTP 503; Stream returned HTTP 503,"[{""attempt"":1,""outcome"":""UNKNOWN"",""reason"":""Stream returned HTTP 503"",""http_status"":503,""final_url"":"""",""elapsed_ms"":866},{""attempt"":2,""outcome"":""UNKNOWN"",""reason"":""Stream returned HTTP 503"",""http_status"":503,""final_url"":"""",""elapsed_ms"":643},{""attempt"":3,""outcome"":""UNKNOWN"",""reason"":""Stream returned HTTP 503"",""http_status"":503,""final_url"":"""",""elapsed_ms"":928}]",,,,unknown,,,,0,False,2026-10-08T15:28:11Z
281,Alhurra,News,Alhurra.us@SD,Alhurra.us,https://mbn-ingest-worldsafe.akamaized.net/hls/live/2038900/MBN_Alhurra_Worldsafe_HLS/master.m3u8,720p,UNKNOWN,Mixed failure evidence: Stream connection error: Tunnel connection failed: 403 Forbidden; Stream connection error: Tunnel connection failed: 403 Forbidden; Stream connection error: Tunnel connection failed: 403 Forbidden,"[{""attempt"":1,""outcome"":""UNKNOWN"",""reason"":""Stream connection error: Tunnel connection failed: 403 Forbidden"",""http_status"":null,""final_url"":"""",""elapsed_ms"":32},{""attempt"":2,""outcome"":""UNKNOWN"",""reason"":""Stream connection error: Tunnel connection failed: 403 Forbidden"",""http_status"":null,""final_url"":"""",""elapsed_ms"":28},{""attempt"":3,""outcome"":""UNKNOWN"",""reason"":""Stream connection error: Tunnel connection failed: 403 Forbidden"",""http_status"":null,""final_url"":"""",""elapsed_ms"":50}]",,,,unknown,,,,0,False,2026-10-08T15:28:11Z
282,Alhurra Iraq,News,AlhurraIraq.us@SD,AlhurraIraq.us,https://mbn-ingest-worldsafe.akamaized.net/hls/live/2038899/MBN_Iraq_Worldsafe_HLS/master.m3u8,720p,UNKNOWN,Mixed failure evidence: Stream connection error: Tunnel connection failed: 403 Forbidden; Stream connection error: Tunnel connection failed: 403 Forbidden; Stream connection error: Tunnel connection failed: 403 Forbidden,"[{""attempt"":1,""outcome"":""UNKNOWN"",""reason"":""Stream connection error: Tunnel connection failed: 403 Forbidden"",""http_status"":null,""final_url"":"""",""elapsed_ms"":18},{""attempt"":2,""outcome"":""UNKNOWN"",""reason"":""Stream connection error: Tunnel connection failed: 403 Forbidden"",""http_status"":null,""final_url"":"""",""elapsed_ms"":10},{""attempt"":3,""outcome"":""UNKNOWN"",""reason"":""Stream connection error: Tunnel connection failed: 403 Forbidden"",""http_status"":null,""final_url"":"""",""elapsed_ms"":51}]",,,,unknown,,,,0,False,2026-10-08T15:28:11Z
283,Asharq News,News,AsharqNews.sa@SD,AsharqNews.sa,https://live-news.asharq.com/asharq_720p30.m3u8,720p,WORKING,,"[{""attempt"":1,""outcome"":""WORKING"",""reason"":""HLS manifest, media playlist, and media object responded"",""http_status"":200,""final_url"":""https://live-news.asharq.com/asharq_720p30.m3u8"",""elapsed_ms"":1326}]",https://live-news.asharq.com/asharq_720p30.m3u8,hls-media,,unknown,,https://live-news.asharq.com/segment_720p30_298578878.ts,206,2048,True,2026-10-08T15:28:11Z
284,Bahrain International,News,BahrainInternational.bh@SD,BahrainInternational.bh,https://5c7b683162943.streamlock.net/live/ngrp:bahraininternational_all/playlist.m3u8,720p,WORKING,,"[{""attempt"":1,""outcome"":""WORKING"",""reason"":""HLS manifest, media playlist, and media object responded"",""http_status"":200,""final_url"":""https://5c7b683162943.streamlock.net/live/ngrp:bahraininternational_all/playlist.m3u8"",""elapsed_ms"":1467}]",https://5c7b683162943.streamlock.net/live/ngrp:bahraininternational_all/playlist.m3u8,hls-master,https://5c7b683162943.streamlock.net/live/ngrp:bahraininternational_all/chunklist_w1848184823_b2487000.m3u8,720p,2487000,https://5c7b683162943.streamlock.net/live/ngrp:bahraininternational_all/media_w1848184823_b2487000_5164.ts,206,2048,True,2026-10-08T15:28:11Z
285,Bloomberg TV,News,BloombergTV.us@AsiaLiveEvent,BloombergTV.us,https://bloomberg.com/media-manifest/streams/asia-event.m3u8,720p,WORKING,,"[{""attempt"":1,""outcome"":""WORKING"",""reason"":""HLS manifest, media playlist, and media object responded"",""http_status"":200,""final_url"":""https://www.bloomberg.com/media-manifest/streams/asia-event.m3u8"",""elapsed_ms"":2565}]",https://www.bloomberg.com/media-manifest/streams/asia-event.m3u8,hls-master,https://live-prod-asia-event-primary.global.ssl.fastly.net/evt1/Channel-APEVTqvs-AWS-Tokyo-2/Source-APEVTqvs-10000-1-sx9ve2-BP-HD-4-N9L71TzQs0u6_live.m3u8,720p,1200000,https://live-prod-asia-event-primary.global.ssl.fastly.net/evt1/Channel-APEVTqvs-AWS-Tokyo-2/Source-APEVTqvs-10000-1-sx9ve2-BP-HD-4-N9L71TzQs0u6/21363585.ts,206,2048,True,2026-10-08T15:28:11Z
286,CGTN,News,CGTN.cn@SD,CGTN.cn,https://news.cgtn.com/resource/live/english/cgtn-news.m3u8,576p,UNKNOWN,Mixed failure evidence: Selected HLS rendition connection error: Tunnel connection failed: 403 Forbidden; Selected HLS rendition connection error: Tunnel connection failed: 403 Forbidden; Selected HLS rendition connection error: Tunnel connection failed: 403 Forbidden,"[{""attempt"":1,""outcome"":""UNKNOWN"",""reason"":""Selected HLS rendition connection error: Tunnel connection failed: 403 Forbidden"",""http_status"":null,""final_url"":""https://news.cgtn.com/resource/live/english/cgtn-news.m3u8"",""elapsed_ms"":1107},{""attempt"":2,""outcome"":""UNKNOWN"",""reason"":""Selected HLS rendition connection error: Tunnel connection failed: 403 Forbidden"",""http_status"":null,""final_url"":""https://news.cgtn.com/resource/live/english/cgtn-news.m3u8"",""elapsed_ms"":1007},{""attempt"":3,""outcome"":""UNKNOWN"",""reason"":""Selected HLS rendition connection error: Tunnel connection failed: 403 Forbidden"",""http_status"":null,""final_url"":""https://news.cgtn.com/resource/live/english/cgtn-news.m3u8"",""elapsed_ms"":1042}]",https://news.cgtn.com/resource/live/english/cgtn-news.m3u8,hls-master,https://live.cgtn.com/1000/prog_index.m3u8,720p,1096000,,,0,False,2026-10-08T15:28:11Z
287,CNA,News,CNA.sg@SD,CNA.sg,https://d2e1asnsl7br7b.cloudfront.net/7782e205e72f43aeb4a48ec97f66ebbe/index_4.m3u8,720p,WORKING,,"[{""attempt"":1,""outcome"":""WORKING"",""reason"":""HLS manifest, media playlist, and media object responded"",""http_status"":200,""final_url"":""https://d2e1asnsl7br7b.cloudfront.net/7782e205e72f43aeb4a48ec97f66ebbe/index_4.m3u8"",""elapsed_ms"":1617}]",https://d2e1asnsl7br7b.cloudfront.net/7782e205e72f43aeb4a48ec97f66ebbe/index_4.m3u8,hls-media,,unknown,,https://d2e1asnsl7br7b.cloudfront.net/7782e205e72f43aeb4a48ec97f66ebbe/index_4_63728685.ts?m=1598670020,206,2048,True,2026-10-08T15:28:11Z
288,CNBC Arabiya,News,CNBCArabiya.ae@SD,CNBCArabiya.ae,https://cnbc-live.akamaized.net/cnbc/cnbcSource/cnbc_720p/chunks.m3u8,720p,WORKING,,"[{""attempt"":1,""outcome"":""WORKING"",""reason"":""HLS manifest, media playlist, and media object responded"",""http_status"":200,""final_url"":""https://cnbc-live.akamaized.net/cnbc/cnbcSource/cnbc_720p/chunks.m3u8"",""elapsed_ms"":1779}]",https://cnbc-live.akamaized.net/cnbc/cnbcSource/cnbc_720p/chunks.m3u8,hls-media,,unknown,,https://cnbc-live.akamaized.net/cnbc/cnbcSource/cnbc_720p/l_995_3925616179_779561.ts,206,2048,True,2026-10-08T15:28:11Z
289,CNBC Europe,News,CNBCEurope.uk,CNBCEurope.uk,https://amg01079-nbcuuk-amg01079c1-samsung-es-1261.playouts.now.amagi.tv/playlist/amg01079-nbcuukfast-cnbcpe-samsunges/playlist.m3u8,unknown,WORKING,,"[{""attempt"":1,""outcome"":""WORKING"",""reason"":""HLS manifest, media playlist, and media object responded"",""http_status"":200,""final_url"":""https://amg01079-nbcuuk-amg01079c1-samsung-es-1261.playouts.now.amagi.tv/playlist/amg01079-nbcuukfast-cnbcpe-samsunges/playlist.m3u8"",""elapsed_ms"":2274}]",https://amg01079-nbcuuk-amg01079c1-samsung-es-1261.playouts.now.amagi.tv/playlist/amg01079-nbcuukfast-cnbcpe-samsunges/playlist.m3u8,hls-master,https://amg01079-nbcuuk-amg01079c1-samsung-es-1261.playouts.now.amagi.tv/ts-us-w2-n1/playlist/amg01079-nbcuukfast-cnbcpe-samsunges/cb57351e657b63909bc23d78d1f04582f75033dc087597282bec49cf2090431ddda1a29bb818b43d1e801ec0611879040936cd4cd77902da8d79aa02297d16229b85e37c8b990f5be38e082322b32b4f53fa09777c146901b12fefd0e44dd4036735da4b0870208cb30af85473ffb27fee5fb55f60ef4b0f081f1dc01d08cf8b660c2b696c67fc1ff9e04017cb6c58b2dc5fba8c4de6c0850cc0169453c9a24c01c5a9e067f7e5bb5ade15e33a0d18076e8dc209fb3ad660bbe80b6ccd0b4d6b1f47e8a6d9992459d316130ca8ad88d7cd9e623752d3710f2d9320e11a0b68af4cb87887ab2285b8a9d052447694c54968349aa7caf6fd343eb273e8effdcb3e749cf7186c4f846ed027283395ef8445ca9367f6cc438fd63d49d8a152c8652bd4a632ddc56778a49f168a32c070417a58/44/1280x720_3572800/index.m3u8,720p,3572800,https://amg01079-nbcuuk-amg01079c1-samsung-es-1261.playouts.now.amagi.tv/ts-us-w2-n1/beacon/amg01079-nbcuukfast-cnbcpe-samsunges/cb57351e657b63909bc23d78d1f04582f75033dc087597282bec49cf2090431ddda1a29bb818b43d1e801ec0611879040936cd4cd77902da8d79aa02297d16229b85e37c8b990f5be38e082322b32b4f53fa09777c146901b12fefd0e44dd4036735da4b0870208cb30af85473ffb27fee5fb55f60ef4b0f081f1dc01d08cf8b660c2b696c67fc1ff9e04017cb6c58b2dc5fba8c4de6c0850cc0169453c9a24c01c5a9e067f7e5bb5ade15e33a0d18076e8dc209fb3ad660bbe80b6ccd0b4d6b1f47e8a6d9992459d316130ca8ad88d7cd9e623752d3710f2d9320e11a0b68af4cb87887ab2285b8a9d052447694c54968349aa7caf6fd343eb273e8effdcb3e749cf7186c4f846ed027283395ef8445ca9367f6cc438fd63d49d8a152c8652bd4a632ddc56778a49f168a32c070417a58/1280x720_3572800?bcn=1&ca=0&cid=squawkonthestreet_76202&dur=6.000000&media_type=C&redirect_url=https%3A%2F%2Famg01079-nbcuuk-amg01079c1-samsung-es-1261.playouts.now.amagi.tv%2Fnbcu-uk-cnbc-samsungpe%2Fplaylist720_p_87230.ts&seen-ad=1&seg_id=87230&user_id=eda6e953-c32c-11f1-a7b0-baf7980aa247,206,2048,True,2026-10-08T15:28:11Z
290,DW Arabic,News,DW.de@Arabic,DW.de,https://dwamdstream103.akamaized.net/hls/live/2015526/dwstream103/master.m3u8,1080p,WORKING,,"[{""attempt"":1,""outcome"":""WORKING"",""reason"":""HLS manifest, media playlist, and media object responded"",""http_status"":200,""final_url"":""https://dwamdstream103.akamaized.net/hls/live/2015526/dwstream103/master.m3u8"",""elapsed_ms"":2309}]",https://dwamdstream103.akamaized.net/hls/live/2015526/dwstream103/master.m3u8,hls-master,https://dwamdstream103.akamaized.net/hls/live/2015526-b/dwstream103/stream04/streamPlaylist.m3u8,720p,4061313,https://dwamdstream103.akamaized.net/hls/live/2015526-b/dwstream103/stream04/20260911T110143/ts/149289/sequence_298578585.ts,206,2048,True,2026-10-08T15:28:11Z
291,DW English,News,DW.de@English,DW.de,https://amg01644-amg01644c1-amgplt0343.playout.now3.amagi.tv/ts-eu-w1-n2/playlist/amg01644-amg01644c1-amgplt0343/playlist.m3u8,1080p,WORKING,,"[{""attempt"":1,""outcome"":""WORKING"",""reason"":""HLS manifest, media playlist, and media object responded"",""http_status"":200,""final_url"":""https://amg01644-amg01644c1-amgplt0343.playout.now3.amagi.tv/ts-eu-w1-n2/playlist/amg01644-amg01644c1-amgplt0343/playlist.m3u8"",""elapsed_ms"":2709}]",https://amg01644-amg01644c1-amgplt0343.playout.now3.amagi.tv/ts-eu-w1-n2/playlist/amg01644-amg01644c1-amgplt0343/playlist.m3u8,hls-master,https://amg01644-amg01644c1-amgplt0343.playout.now3.amagi.tv/ts-eu-w1-n2/playlist/amg01644-amg01644c1-amgplt0343/cb57351e657b63909bc23d78d1f04582f75033dc087597282bec49cf2090431ddda1a29bb818b43d1e801ec0611879040932cd4fd97e07da8d79aa02297d16229b85e379dbcc0f5fb08b5e222fbb7a1e04ad0d777c146901b12fefd0e44dd4036735da4b0870208cb30af85473ffb27fee5fb55f60ef4b0f081f1dc01d08cf8b660c2b696c67fc1ff9e04017cb6c58b2dc5fba8c4de6c0850cc0169453c9a24c01c5a9e067f7e5bb5ade15e33a0d18076e8dc209fb3ad660bbe80b6ccd0b4d6b1f47e8a6d9992459d316130ca8ad88d7cd9e623752d3710f2d9320e11a0b68af4cb87887ab2285b8a9d052447694c54968349aa7caf6fd343eb273e8effdcb3e749cf7186c4f846ed027283395ef8445ca9367f6cc438fd7384b6d20f081166304e5714f4563e0ac92d47d3d8a6635d38ffd/165/1280x720_3000800/index.m3u8,720p,3000800,https://amg01644-amg01644c1-amgplt0343.playout.now3.amagi.tv/ts-eu-w1-n2/beacon/amg01644-amg01644c1-amgplt0343/cb57351e657b63909bc23d78d1f04582f75033dc087597282bec49cf2090431ddda1a29bb818b43d1e801ec0611879040932cd4fd97e07da8d79aa02297d16229b85e379dbcc0f5fb08b5e222fbb7a1e04ad0d777c146901b12fefd0e44dd4036735da4b0870208cb30af85473ffb27fee5fb55f60ef4b0f081f1dc01d08cf8b660c2b696c67fc1ff9e04017cb6c58b2dc5fba8c4de6c0850cc0169453c9a24c01c5a9e067f7e5bb5ade15e33a0d18076e8dc209fb3ad660bbe80b6ccd0b4d6b1f47e8a6d9992459d316130ca8ad88d7cd9e623752d3710f2d9320e11a0b68af4cb87887ab2285b8a9d052447694c54968349aa7caf6fd343eb273e8effdcb3e749cf7186c4f846ed027283395ef8445ca9367f6cc438fd7384b6d20f081166304e5714f4563e0ac92d47d3d8a6635d38ffd/1280x720_3000800?bcn=1&ca=0&cid=1021294&dur=6.000000&media_type=C&redirect_url=https%3A%2F%2Famg01644-amg01644c1-amgplt0343.playout.now3.amagi.tv%2Famg01644c1%2Fhls_amagi_standard_variant_2_common_2339956.ts&seen-ad=1&seg_id=2339956&user_id=ede6f726-c32c-11f1-a22e-f2ca85800ec3,206,2048,True,2026-10-08T15:28:11Z
292,Fox Weather,News,FoxWeather.us@SD,FoxWeather.us,https://247wlive.foxweather.com/stream/index.m3u8,720p,WORKING,,"[{""attempt"":1,""outcome"":""WORKING"",""reason"":""HLS manifest, media playlist, and media object responded"",""http_status"":200,""final_url"":""https://247wlive.foxweather.com/stream/index.m3u8"",""elapsed_ms"":1561}]",https://247wlive.foxweather.com/stream/index.m3u8,hls-master,https://247wlive.foxweather.com/stream/index_1280x720.m3u8,720p,3550800,https://247wlive.foxweather.com/stream/index_1280x720_152715__9174926.ts,206,2048,True,2026-10-08T15:28:11Z
293,IraneFarda TV,News,IraneFardaTV.uk@SD,IraneFardaTV.uk,https://iranefardalive.com/stream/live.m3u8,unknown,WORKING,,"[{""attempt"":1,""outcome"":""WORKING"",""reason"":""HLS manifest, media playlist, and media object responded"",""http_status"":200,""final_url"":""https://iranefardalive.com/stream/live.m3u8"",""elapsed_ms"":1711}]",https://iranefardalive.com/stream/live.m3u8,hls-media,,unknown,,https://iranefardalive.com/stream/live-38140.ts,206,2048,True,2026-10-08T15:28:11Z
294,Newsmax 2,News,Newsmax2.us@SD,Newsmax2.us,https://a-cdn.klowdtv.com/live3/newsmax2_720p/playlist.m3u8,720p,WORKING,,"[{""attempt"":1,""outcome"":""WORKING"",""reason"":""HLS manifest, media playlist, and media object responded"",""http_status"":200,""final_url"":""https://a-cdn.klowdtv.com/live3/newsmax2_720p/playlist.m3u8"",""elapsed_ms"":1514}]",https://a-cdn.klowdtv.com/live3/newsmax2_720p/playlist.m3u8,hls-master,https://a-cdn.klowdtv.com/live3/newsmax2_720p/chunks.m3u8,720p,2410646,https://a-cdn.klowdtv.com/live3/newsmax2_720p/l_11044_35262211_22593.ts,206,2048,True,2026-10-08T15:28:11Z
295,Oman TV Mubashir,News,OmanTVMubashir.om@SD,OmanTVMubashir.om,https://partwota.cdn.mgmlcdn.com/omlive/smil:omlive.stream.smil/chunklist_b2000000_t64NzIwcA==.m3u8,720p,WORKING,,"[{""attempt"":1,""outcome"":""WORKING"",""reason"":""HLS manifest, media playlist, and media object responded"",""http_status"":200,""final_url"":""https://partwota.cdn.mgmlcdn.com/omlive/smil:omlive.stream.smil/chunklist_b2000000_t64NzIwcA==.m3u8"",""elapsed_ms"":1552}]",https://partwota.cdn.mgmlcdn.com/omlive/smil:omlive.stream.smil/chunklist_b2000000_t64NzIwcA==.m3u8,hls-media,,unknown,,https://partwota.cdn.mgmlcdn.com/omlive/smil:omlive.stream.smil/media-udbwbapuc_b2000000_t64NzIwcA==_5068.ts,206,2048,True,2026-10-08T15:28:11Z
296,Press TV,News,PressTV.ir,PressTV.ir,https://cdnlive.presstv.ir/cdnlive/smil:cdnlive.smil/playlist.m3u8,unknown,UNKNOWN,Mixed failure evidence: Stream returned HTTP 503; Stream returned HTTP 503; Stream returned HTTP 503,"[{""attempt"":1,""outcome"":""UNKNOWN"",""reason"":""Stream returned HTTP 503"",""http_status"":503,""final_url"":"""",""elapsed_ms"":940},{""attempt"":2,""outcome"":""UNKNOWN"",""reason"":""Stream returned HTTP 503"",""http_status"":503,""final_url"":"""",""elapsed_ms"":521},{""attempt"":3,""outcome"":""UNKNOWN"",""reason"":""Stream returned HTTP 503"",""http_status"":503,""final_url"":"""",""elapsed_ms"":671}]",,,,unknown,,,,0,False,2026-10-08T15:28:11Z
297,VoA TV Persian,News,VoATVPersian.us@SD,VoATVPersian.us,https://voa-ingest.akamaized.net/hls/live/2033876/tvmc07/playlist_0720.m3u8,720p,WORKING,,"[{""attempt"":1,""outcome"":""WORKING"",""reason"":""HLS manifest, media playlist, and media object responded"",""http_status"":200,""final_url"":""https://voa-ingest.akamaized.net/hls/live/2033876/tvmc07/playlist_0720.m3u8"",""elapsed_ms"":1162}]",https://voa-ingest.akamaized.net/hls/live/2033876/tvmc07/playlist_0720.m3u8,hls-media,,unknown,,https://voa-ingest.akamaized.net/hls/live/2033876/tvmc07/20260827T094625/playlist_0720/03649/playlist_0720_00023.ts,206,2048,True,2026-10-08T15:28:11Z
298,Al Jazeera Documentary,Documentary,AlJazeeraDocumentary.qa@SD,AlJazeeraDocumentary.qa,https://live-hls-apps-ajd-fa.getaj.net/AJD/index.m3u8,1080p,GEO_BLOCKED_OR_FORBIDDEN,Stream returned HTTP 403,"[{""attempt"":1,""outcome"":""GEO_BLOCKED_OR_FORBIDDEN"",""reason"":""Stream returned HTTP 403"",""http_status"":403,""final_url"":"""",""elapsed_ms"":705}]",,,,unknown,,,,0,False,2026-10-08T15:28:11Z
299,BBC Earth (FAST),Documentary,BBCEarth.uk@US,BBCEarth.uk,https://aegis-cloudfront-1.tubi.video/bb1fc6ad-9948-42ea-aaf3-20acfcdeecac/playlist.m3u8,720p,WORKING,,"[{""attempt"":1,""outcome"":""WORKING"",""reason"":""HLS manifest, media playlist, and media object responded"",""http_status"":200,""final_url"":""https://aegis-cloudfront-1.tubi.video/bb1fc6ad-9948-42ea-aaf3-20acfcdeecac/playlist.m3u8"",""elapsed_ms"":1930}]",https://aegis-cloudfront-1.tubi.video/bb1fc6ad-9948-42ea-aaf3-20acfcdeecac/playlist.m3u8,hls-master,https://aegis-cloudfront-1.tubi.video/bb1fc6ad-9948-42ea-aaf3-20acfcdeecac/720p-en-cc/index.m3u8,720p,3329040,https://aegis-cloudfront-1.tubi.video/bb1fc6ad-9948-42ea-aaf3-20acfcdeecac/720p-en-cc/seg_0135072.ts,206,2048,True,2026-10-08T15:28:11Z
300,History TV18,Documentary,HistoryTV18.in@HD,HistoryTV18.in,https://amg01448-amg01448c16-samsung-in-3495.playouts.now.amagi.tv/playlist/amg01448-samsungindia-historychannelenglish-samsungin/playlist.m3u8,1080p,WORKING,,"[{""attempt"":1,""outcome"":""WORKING"",""reason"":""HLS manifest, media playlist, and media object responded"",""http_status"":200,""final_url"":""https://amg01448-amg01448c16-samsung-in-3495.playouts.now.amagi.tv/playlist/amg01448-samsungindia-historychannelenglish-samsungin/playlist.m3u8"",""elapsed_ms"":3654}]",https://amg01448-amg01448c16-samsung-in-3495.playouts.now.amagi.tv/playlist/amg01448-samsungindia-historychannelenglish-samsungin/playlist.m3u8,hls-master,https://amg01448-amg01448c15-samsung-in-3494.playouts.now.amagi.tv/ts-eu-w1-n2/playlist/amg01448-samsungindia-historychannelenglish-samsungin/cb57351e657b63909bc23d78d1f04582f75033dc087597282bec49cf2090431ddda1a29bb818b43d1e801ec0611879040861c810d87403da8d79aa02297d16229b85e02dd0cd0f0be7d00c2b23b0721702fc0d777c146901b12fefd0e44dd4036735da4b0870208cb30af85473ffb27fee5fb55f60ef4b0f081f1dc01d08cf8b660c2b696c67fc1ff9e04017cb6c58b2dc5fba8c4de6c0850cc0169453c9a24c01c5a9e067f7e5bb5ade15e33a0d18076e8dc209fb3ad660bbe80b6ccd0b4d6b1f47e8a6d9992459d316130ca8ad88d7cd9e623752d3710f2d9320e11a0b68af4cb87887ab2285b8a9d052447694c54968349aa7caf6fd343eb273e8effdcb3e749cf7186c4f846ed027283395ef8445ca9367f6cc438fd738486a20f080166304e522cb7db25a2440676c9e0f49ccc73bd9/152/1280x720_1599000/index.m3u8,720p,1599000,https://amg01448-amg01448c15-samsung-in-3494.playouts.now.amagi.tv/ts-eu-w1-n2/beacon/amg01448-samsungindia-historychannelenglish-samsungin/cb57351e657b63909bc23d78d1f04582f75033dc087597282bec49cf2090431ddda1a29bb818b43d1e801ec0611879040861c810d87403da8d79aa02297d16229b85e02dd0cd0f0be7d00c2b23b0721702fc0d777c146901b12fefd0e44dd4036735da4b0870208cb30af85473ffb27fee5fb55f60ef4b0f081f1dc01d08cf8b660c2b696c67fc1ff9e04017cb6c58b2dc5fba8c4de6c0850cc0169453c9a24c01c5a9e067f7e5bb5ade15e33a0d18076e8dc209fb3ad660bbe80b6ccd0b4d6b1f47e8a6d9992459d316130ca8ad88d7cd9e623752d3710f2d9320e11a0b68af4cb87887ab2285b8a9d052447694c54968349aa7caf6fd343eb273e8effdcb3e749cf7186c4f846ed027283395ef8445ca9367f6cc438fd738486a20f080166304e522cb7db25a2440676c9e0f49ccc73bd9/1280x720_1599000?bcn=1&ca=0&cid=amg-EP053583000038&dur=6.000000&media_type=C&redirect_url=https%3A%2F%2Fn18syndication-amagi.akamaized.net%2Fbpk-tv%2FHistory_HD_NW18_MOB%2Foutput01%2FHistory_HD_NW18_MOB-audio_98835_eng%3D98800-video%3D1272000-298578873.ts&seen-ad=1&seg_id=298578873&user_id=ee639682-c32c-11f1-bf9d-2e8319389c23,206,2048,True,2026-10-08T15:28:11Z
301,National Geographic Abu Dhabi,Documentary,NationalGeographicAbuDhabi.ae,NationalGeographicAbuDhabi.ae,https://admdn2.cdn.mangomolo.com/nagtv/smil:nagtv.stream.smil/playlist.m3u8,unknown,UNKNOWN,Mixed failure evidence: Stream connection error: Tunnel connection failed: 403 Forbidden; Stream connection error: Tunnel connection failed: 403 Forbidden; Stream connection error: Tunnel connection failed: 403 Forbidden,"[{""attempt"":1,""outcome"":""UNKNOWN"",""reason"":""Stream connection error: Tunnel connection failed: 403 Forbidden"",""http_status"":null,""final_url"":"""",""elapsed_ms"":24},{""attempt"":2,""outcome"":""UNKNOWN"",""reason"":""Stream connection error: Tunnel connection failed: 403 Forbidden"",""http_status"":null,""final_url"":"""",""elapsed_ms"":34},{""attempt"":3,""outcome"":""UNKNOWN"",""reason"":""Stream connection error: Tunnel connection failed: 403 Forbidden"",""http_status"":null,""final_url"":"""",""elapsed_ms"":43}]",,,,unknown,,,,0,False,2026-10-08T15:28:11Z
302,Asharq Discovery,Documentary,AsharqDiscovery.sa@SD,AsharqDiscovery.sa,https://svs.itworkscdn.net/asharqdiscoverylive/asharqd.smil/asharqdiscoverypublish/asharqd_720p/chunks_dvr.m3u8,720p,WORKING,,"[{""attempt"":1,""outcome"":""BROKEN"",""reason"":""HLS media object returned HTTP 404"",""http_status"":404,""final_url"":""https://svs.itworkscdn.net/asharqdiscoverylive/asharqd.smil/asharqdiscoverypublish/asharqd_720p/chunks_dvr.m3u8"",""elapsed_ms"":1796},{""attempt"":2,""outcome"":""WORKING"",""reason"":""HLS manifest, media playlist, and media object responded"",""http_status"":200,""final_url"":""https://svs.itworkscdn.net/asharqdiscoverylive/asharqd.smil/asharqdiscoverypublish/asharqd_720p/chunks_dvr.m3u8"",""elapsed_ms"":1514}]",https://svs.itworkscdn.net/asharqdiscoverylive/asharqd.smil/asharqdiscoverypublish/asharqd_720p/chunks_dvr.m3u8,hls-media,,unknown,,https://svs.itworkscdn.net/asharqdiscoverylive/asharqd.smil/asharqdiscoverypublish/asharqd_720p/dvr_v_p4424_1043988744.ts,206,2048,True,2026-10-08T15:28:11Z
303,Asharq Documentary,Documentary,AsharqDocumentary.sa@SD,AsharqDocumentary.sa,https://svs.itworkscdn.net/asharqdocumentarylive/asharqdocumentary.smil/playlist_dvr.m3u8,1080p,WORKING,,"[{""attempt"":1,""outcome"":""WORKING"",""reason"":""HLS manifest, media playlist, and media object responded"",""http_status"":200,""final_url"":""https://svs.itworkscdn.net/asharqdocumentarylive/asharqdocumentary.smil/playlist_dvr.m3u8"",""elapsed_ms"":2157}]",https://svs.itworkscdn.net/asharqdocumentarylive/asharqdocumentary.smil/playlist_dvr.m3u8,hls-master,https://svs.itworkscdn.net/asharqdocumentarylive/asharqdocumentary.smil/asharqdocumentarypublish/asharqdocumentary_720p/chunks_dvr.m3u8,720p,1672948,https://svs.itworkscdn.net/asharqdocumentarylive/asharqdocumentary.smil/asharqdocumentarypublish/asharqdocumentary_720p/dvr_v_p29_1047528862.ts,206,2048,True,2026-10-08T15:28:11Z
304,Autentic History,Documentary,AutenticHistory.de@SD,AutenticHistory.de,https://autentic-autentichistory-1-gb.samsung.wurl.tv/playlist.m3u8,720p,WORKING,,"[{""attempt"":1,""outcome"":""WORKING"",""reason"":""HLS manifest, media playlist, and media object responded"",""http_status"":200,""final_url"":""https://autentic-autentichistory-1-gb.samsung.wurl.tv/playlist.m3u8"",""elapsed_ms"":2002}]",https://autentic-autentichistory-1-gb.samsung.wurl.tv/playlist.m3u8,hls-master,https://autentic-autentichistory-1-gb.samsung.wurl.tv/3000.m3u8,720p,3072000,https://autentic-autentichistory-1-gb.samsung.wurl.tv/345/424196/120163577/94ab18c82b8701052ec084bc6736b9ce/hls-v2/3000-00442.ts,206,2048,True,2026-10-08T15:28:11Z
305,Bloomberg Originals,Documentary,BloombergOriginals.us@SD,BloombergOriginals.us,https://86fdc85a.wurl.com/master/f36d25e7e52f1ba8d7e56eb859c636563214f541/TEctZ2JfQmxvb21iZXJnT3JpZ2luYWxzX0hMUw/playlist.m3u8,1080p,WORKING,,"[{""attempt"":1,""outcome"":""WORKING"",""reason"":""HLS manifest, media playlist, and media object responded"",""http_status"":200,""final_url"":""https://86fdc85a.wurl.com/master/f36d25e7e52f1ba8d7e56eb859c636563214f541/TEctZ2JfQmxvb21iZXJnT3JpZ2luYWxzX0hMUw/playlist.m3u8"",""elapsed_ms"":2984}]",https://86fdc85a.wurl.com/master/f36d25e7e52f1ba8d7e56eb859c636563214f541/TEctZ2JfQmxvb21iZXJnT3JpZ2luYWxzX0hMUw/playlist.m3u8,hls-master,https://86fdc85a.wurl.com/manifest/f36d25e7e52f1ba8d7e56eb859c636563214f541/TEctZ2JfQmxvb21iZXJnT3JpZ2luYWxzX0hMUw/1031b248-4b43-4f2c-a536-b565c41325fb/1.m3u8,1080p,3720000,https://86fdc85a.wurl.com/wurl-redirect/v1/bloomberg_quicktake_4/wurl-pi-streams-prod-bloomberg-quicktake-4-v0-fc7d83a2/ORALRkQWR1sfTVNWXwUBQlMCCxRLD0ZaTwBdXUcCAkZWXkQXVlRNTRASWBZMS0EHURNIcApBBBpgZxs1bBl6NTYfF1dDEhkgZzEaElhDVVxfWQdICBZIXQQVHGFdExZXXB1hbUtSTQcVFUNPS10IGg0cSGZOe3EaAx5CBEdAGFMJeBF8Uz4NKUAxc0sCBAQFBgJTVBdNQxtNQVlGRhYXDhYfCA9eVVpaVAcZFU0WVU1XCggeQR8XQERBWkxEXRgSFkAGU10VGRFCDVNJU11dWlxSAxdeFEFMCABaRlMNARkNHUYJFVdaVQVeBAMKRhVBDANUUltRUAFXUgZWAgcHAlYDAFEBBwBZVQYEAlMECwACBAMHDQBUCgAFUlYEUV1XWAIBCAhUWFRRUlZTAFdaWxY4/35607251.ts,206,2048,True,2026-10-08T15:28:11Z
306,CNA Originals,Documentary,CNAOriginals.sg@SD,CNAOriginals.sg,https://amg01082-cna-amg01082c1-rlaxx-us-11304.playouts.now.amagi.tv/playlist720p.m3u8,720p,WORKING,,"[{""attempt"":1,""outcome"":""WORKING"",""reason"":""HLS manifest, media playlist, and media object responded"",""http_status"":200,""final_url"":""https://amg01082-cna-amg01082c1-rlaxx-us-11304.playouts.now.amagi.tv/playlist720p.m3u8"",""elapsed_ms"":1611}]",https://amg01082-cna-amg01082c1-rlaxx-us-11304.playouts.now.amagi.tv/playlist720p.m3u8,hls-media,,unknown,,https://amg01082-cna-amg01082c1-rlaxx-us-11304.playouts.now.amagi.tv/playlist720p_2272534.ts,206,2048,True,2026-10-08T15:28:11Z
307,Curiosity NOW,Documentary,CuriosityNOW.de@EN,CuriosityNOW.de,https://amg00170-amg00170c4-samsung-gb-4232.playouts.now.amagi.tv/720p-vtt/index.m3u8,720p,WORKING,,"[{""attempt"":1,""outcome"":""WORKING"",""reason"":""HLS manifest, media playlist, and media object responded"",""http_status"":200,""final_url"":""https://amg00170-amg00170c4-samsung-gb-4232.playouts.now.amagi.tv/720p-vtt/index.m3u8"",""elapsed_ms"":1370}]",https://amg00170-amg00170c4-samsung-gb-4232.playouts.now.amagi.tv/720p-vtt/index.m3u8,hls-media,,unknown,,https://amg00170-amg00170c4-samsung-gb-4232.playouts.now.amagi.tv/720p-vtt/seg_0151474.ts,206,2048,True,2026-10-08T15:28:11Z
308,Danger TV,Documentary,DangerTV.us@SD,DangerTV.us,https://dk0n7jh428tzj.cloudfront.net/v1/dangertv/samsungheadend_us/latest/main/hls/playlist.m3u8,720p,WORKING,,"[{""attempt"":1,""outcome"":""WORKING"",""reason"":""HLS manifest, media playlist, and media object responded"",""http_status"":200,""final_url"":""https://dk0n7jh428tzj.cloudfront.net/v1/dangertv/samsungheadend_us/latest/main/hls/playlist.m3u8"",""elapsed_ms"":2585}]",https://dk0n7jh428tzj.cloudfront.net/v1/dangertv/samsungheadend_us/latest/main/hls/playlist.m3u8,hls-master,https://dk0n7jh428tzj.cloudfront.net/v1/dangertv/samsungheadend_us/V00000002/14400/HLS/playlist_3000k_20260817T142802.m3u8,720p,3046884,https://dk0n7jh428tzj.cloudfront.net/ppc-dangertv-UTC-wfo-1-e5cf435d/playlist_3000k_20261008T112841_759575.ts,206,2048,True,2026-10-08T15:28:11Z
309,Documentary+,Documentary,DocumentaryPlus.us@US,DocumentaryPlus.us,https://d1kx9y4yhe8h6h.cloudfront.net/playlist_1024x576.m3u8,576p,WORKING,,"[{""attempt"":1,""outcome"":""WORKING"",""reason"":""HLS manifest, media playlist, and media object responded"",""http_status"":200,""final_url"":""https://d1kx9y4yhe8h6h.cloudfront.net/playlist_1024x576.m3u8"",""elapsed_ms"":1584}]",https://d1kx9y4yhe8h6h.cloudfront.net/playlist_1024x576.m3u8,hls-media,,unknown,,https://d1kx9y4yhe8h6h.cloudfront.net/playlist_1024x576_152737__215311.ts,206,2048,True,2026-10-08T15:28:11Z
310,Docurama,Documentary,Docurama.us@SD,Docurama.us,https://docurama-tcl.amagi.tv/playlist.m3u8,1080p,UNKNOWN,Mixed failure evidence: Stream returned HTTP 502; Stream returned HTTP 502; Stream returned HTTP 502,"[{""attempt"":1,""outcome"":""UNKNOWN"",""reason"":""Stream returned HTTP 502"",""http_status"":502,""final_url"":"""",""elapsed_ms"":789},{""attempt"":2,""outcome"":""UNKNOWN"",""reason"":""Stream returned HTTP 502"",""http_status"":502,""final_url"":"""",""elapsed_ms"":730},{""attempt"":3,""outcome"":""UNKNOWN"",""reason"":""Stream returned HTTP 502"",""http_status"":502,""final_url"":"""",""elapsed_ms"":635}]",,,,unknown,,,,0,False,2026-10-08T15:28:11Z
311,Get.factual,Documentary,Getfactual.us@UK,Getfactual.us,https://d1nhni5l2n8hjt.cloudfront.net/gf.m3u8,720p,WORKING,,"[{""attempt"":1,""outcome"":""WORKING"",""reason"":""HLS manifest, media playlist, and media object responded"",""http_status"":200,""final_url"":""https://d1nhni5l2n8hjt.cloudfront.net/gf.m3u8"",""elapsed_ms"":1723}]",https://d1nhni5l2n8hjt.cloudfront.net/gf.m3u8,hls-master,https://d1nhni5l2n8hjt.cloudfront.net/gf_720.m3u8,720p,3071200,https://d1nhni5l2n8hjt.cloudfront.net/gf_720/02430/gf_720_00077.ts,206,2048,True,2026-10-08T15:28:11Z
312,History Hit,Documentary,HistoryHit.uk@SD,HistoryHit.uk,https://cdn-apse1-prod.tsv2.amagi.tv/linear/amg00426-littledotstudio-timelinenz-samsungnz/playlist.m3u8,720p,WORKING,,"[{""attempt"":1,""outcome"":""WORKING"",""reason"":""HLS manifest, media playlist, and media object responded"",""http_status"":200,""final_url"":""https://amg00426-littledotstudio-timelinenz-samsungnz-n06y3.amagi.tv/ts-ap-s1-n1/playlist/amg00426-littledotstudio-timelinenz-samsungnz/playlist.m3u8"",""elapsed_ms"":5444}]",https://amg00426-littledotstudio-timelinenz-samsungnz-n06y3.amagi.tv/ts-ap-s1-n1/playlist/amg00426-littledotstudio-timelinenz-samsungnz/playlist.m3u8,hls-master,https://amg00426-littledotstudio-timelinenz-samsungnz-n06y3.amagi.tv/ts-ap-s1-n1/playlist/amg00426-littledotstudio-timelinenz-samsungnz/y1c1HmV7Y5Cbwj140fBFgvdQM9wIdZcoK-xJzyCQQx3doaKbuBi0PR6AHsBhGHkHXWWaGIp0CdqNeaoCKX0WIpuFun7Zyg8A44oGL3yyexlS_Ql3fBRpAbEv79DkTdQDZzXaSwhwIIyzCvhUc_-yf-5ftV9g70sPCB8dwB0Iz4tmDCtpbGf8H_ngQBfLbFiy3F-6jE3mwIUMwBaUU8miTAHFqeBn9-W7Wt4V4zoNGAdujcIJ-zrWYLvoC2zNC01rH0foptmZJFnTFhMMqK2I182eYjdS03EPLZMg4RoLaK9MuHiHqyKFuKnQUkR2lMVJaDSap8r2_TQ-snPo7_3LPnSc9xhsT4Ru0CcoM5XvhEXKk2f2zEOP1jFL2KFZyGUr1EuLlk1ixh8CeVDAZ-1XBgY/86/1280x720_3329040/index.m3u8,720p,3329040,https://amg00426-littledotstudio-timelinenz-samsungnz-n06y3.amagi.tv/ts-ap-s1-n1/beacon/amg00426-littledotstudio-timelinenz-samsungnz/y1c1HmV7Y5Cbwj140fBFgvdQM9wIdZcoK-xJzyCQQx3doaKbuBi0PR6AHsBhGHkHXWWaGIp0CdqNeaoCKX0WIpuFun7Zyg8A44oGL3yyexlS_Ql3fBRpAbEv79DkTdQDZzXaSwhwIIyzCvhUc_-yf-5ftV9g70sPCB8dwB0Iz4tmDCtpbGf8H_ngQBfLbFiy3F-6jE3mwIUMwBaUU8miTAHFqeBn9-W7Wt4V4zoNGAdujcIJ-zrWYLvoC2zNC01rH0foptmZJFnTFhMMqK2I182eYjdS03EPLZMg4RoLaK9MuHiHqyKFuKnQUkR2lMVJaDSap8r2_TQ-snPo7_3LPnSc9xhsT4Ru0CcoM5XvhEXKk2f2zEOP1jFL2KFZyGUr1EuLlk1ixh8CeVDAZ-1XBgY/1280x720_3329040?bcn=1&ca=0&cid=PRFOCTS001EP001&dur=6.000000&media_type=C&redirect_url=https%3A%2F%2Famg00426-littledotstudio-timelinenz-samsungnz-n06y3.amagi.tv%2F720p-vtt%2Fseg_1752595.ts&seen-ad=1&seg_id=1752595&user_id=f02a1d88-c32c-11f1-850c-9ab95f117337,206,2048,True,2026-10-08T15:28:11Z
313,INWILD,Documentary,INWILD.nl@SD,INWILD.nl,https://amg00861-terninternation-inwild-samsungau-3qrga.amagi.tv/playlist/amg00861-terninternation-inwild-samsungau/playlist.m3u8,720p,WORKING,,"[{""attempt"":1,""outcome"":""WORKING"",""reason"":""HLS manifest, media playlist, and media object responded"",""http_status"":200,""final_url"":""https://amg00861-terninternation-inwild-samsungau-3qrga.amagi.tv/playlist/amg00861-terninternation-inwild-samsungau/playlist.m3u8"",""elapsed_ms"":2756}]",https://amg00861-terninternation-inwild-samsungau-3qrga.amagi.tv/playlist/amg00861-terninternation-inwild-samsungau/playlist.m3u8,hls-master,https://amg00861-terninternation-inwild-samsungau-3qrga.amagi.tv/ts-eu-w1-n2/playlist/amg00861-terninternation-inwild-samsungau/cb57351e657b63909bc23d78d1f04582f75033dc087597282bec49cf2090431ddda1a29bb818b43d1e801ec0611879040b66991f8d7f05da8d79aa02297d16229b85ba2f8d9f0f5de78a062323b17a1b50ad5c777c146901b12fefd0e44dd4036735da4b0870208cb30af85473ffb27fee5fb55f60ef4b0f081f1dc01d08cf8b660c2b696c67fc1ff9e04017cb6c58b2dc5fba8c4de6c0850cc0169453c9a24c01c5a9e067f7e5bb5ade15e33a0d18076e8dc209fb3ad660bbe80b6ccd0b4d6b1f47e8a6d9992459d316130ca8ad88d7cd9e623752d3710f2d9320e11a0b68af4cb87887ab2285b8a9d052447694c54968349aa7caf6fd343eb273e8effdcb3e749cf7186c4f846ed027283395ef8445ca9367f6cc438fd7384f6920f083166304e5de99bdfa1ee1f381d78a565b099fc7ca/121/1280x720_3329040/index.m3u8,720p,3329040,https://amg00861-terninternation-inwild-samsungau-3qrga.amagi.tv/ts-eu-w1-n2/beacon/amg00861-terninternation-inwild-samsungau/cb57351e657b63909bc23d78d1f04582f75033dc087597282bec49cf2090431ddda1a29bb818b43d1e801ec0611879040b66991f8d7f05da8d79aa02297d16229b85ba2f8d9f0f5de78a062323b17a1b50ad5c777c146901b12fefd0e44dd4036735da4b0870208cb30af85473ffb27fee5fb55f60ef4b0f081f1dc01d08cf8b660c2b696c67fc1ff9e04017cb6c58b2dc5fba8c4de6c0850cc0169453c9a24c01c5a9e067f7e5bb5ade15e33a0d18076e8dc209fb3ad660bbe80b6ccd0b4d6b1f47e8a6d9992459d316130ca8ad88d7cd9e623752d3710f2d9320e11a0b68af4cb87887ab2285b8a9d052447694c54968349aa7caf6fd343eb273e8effdcb3e749cf7186c4f846ed027283395ef8445ca9367f6cc438fd7384f6920f083166304e5de99bdfa1ee1f381d78a565b099fc7ca/1280x720_3329040?bcn=1&ca=0&cid=IN00008869_01_0001_IN_A1_V_ENG_OV_S_HD_SDR&dur=4.640000&media_type=M&redirect_url=https%3A%2F%2Famg00861-terninternation-inwild-samsungau-3qrga.amagi.tv%2F720p-en%2Fseg_1168816.ts&seen-ad=1&seg_id=1168816&user_id=ef1b6c34-c32c-11f1-8dd6-deb9992051cb,206,2048,True,2026-10-08T15:28:11Z
314,Love Nature,Documentary,LoveNature.ca@SD,LoveNature.ca,https://jmp2.uk/plu-66df8a29b25d2b0008fc5fe0.m3u8,720p,GEO_BLOCKED_OR_FORBIDDEN,Stream returned HTTP 403,"[{""attempt"":1,""outcome"":""GEO_BLOCKED_OR_FORBIDDEN"",""reason"":""Stream returned HTTP 403"",""http_status"":403,""final_url"":"""",""elapsed_ms"":1439}]",,,,unknown,,,,0,False,2026-10-08T15:28:11Z
315,Love The Planet,Documentary,LoveThePlanet.es@EN,LoveThePlanet.es,https://amg01821-lovetvchannels-lovetheplanetuksamsung-samsunguk-apopw.amagi.tv/playlist/amg01821-lovetvchannels-lovetheplanetuksamsung-samsunguk/playlist.m3u8,1080p,WORKING,,"[{""attempt"":1,""outcome"":""WORKING"",""reason"":""HLS manifest, media playlist, and media object responded"",""http_status"":200,""final_url"":""https://amg01821-lovetvchannels-lovetheplanetuksamsung-samsunguk-apopw.amagi.tv/playlist/amg01821-lovetvchannels-lovetheplanetuksamsung-samsunguk/playlist.m3u8"",""elapsed_ms"":2803}]",https://amg01821-lovetvchannels-lovetheplanetuksamsung-samsunguk-apopw.amagi.tv/playlist/amg01821-lovetvchannels-lovetheplanetuksamsung-samsunguk/playlist.m3u8,hls-master,https://amg01821-lovetvchannels-lovetheplanetuksamsung-samsunguk-apopw.amagi.tv/ts-eu-w1-n2/playlist/amg01821-lovetvchannels-lovetheplanetuksamsung-samsunguk/cb57351e657b63909bc23d78d1f04582f75033dc087597282bec49cf2090431ddda1a29bb818b43d1e801ec0611879040b65ce1adf7454da8d79aa02297d16229b85ba7bd0cc0f09e38d0f2d2ce0721753fb08777c146901b12fefd0e44dd4036735da4b0870208cb30af85473ffb27fee5fb55f60ef4b0f081f1dc01d08cf8b660c2b696c67fc1ff9e04017cb6c58b2dc5fba8c4de6c0850cc0169453c9a24c01c5a9e067f7e5bb5ade15e33a0d18076e8dc209fb3ad660bbe80b6ccd0b4d6b1f47e8a6d9992459d316130ca8ad88d7cd9e623752d3710f2d9320e11a0b68af4cb87887ab2285b8a9d052447694c54968349aa7caf6fd343eb273e8effdcb3e749cf7186c4f846ed027283395ef8445ca9367f6cc438fd63a44d8a157c8652bd4da50a00badfdc981a09dac95f372a013/39/1280x720_3329040/index.m3u8,720p,3329040,https://amg01821-lovetvchannels-lovetheplanetuksamsung-samsunguk-apopw.amagi.tv/ts-eu-w1-n2/beacon/amg01821-lovetvchannels-lovetheplanetuksamsung-samsunguk/cb57351e657b63909bc23d78d1f04582f75033dc087597282bec49cf2090431ddda1a29bb818b43d1e801ec0611879040b65ce1adf7454da8d79aa02297d16229b85ba7bd0cc0f09e38d0f2d2ce0721753fb08777c146901b12fefd0e44dd4036735da4b0870208cb30af85473ffb27fee5fb55f60ef4b0f081f1dc01d08cf8b660c2b696c67fc1ff9e04017cb6c58b2dc5fba8c4de6c0850cc0169453c9a24c01c5a9e067f7e5bb5ade15e33a0d18076e8dc209fb3ad660bbe80b6ccd0b4d6b1f47e8a6d9992459d316130ca8ad88d7cd9e623752d3710f2d9320e11a0b68af4cb87887ab2285b8a9d052447694c54968349aa7caf6fd343eb273e8effdcb3e749cf7186c4f846ed027283395ef8445ca9367f6cc438fd63a44d8a157c8652bd4da50a00badfdc981a09dac95f372a013/1280x720_3329040?bcn=1&ca=0&cid=AnacondaSilentKiller_ENG&dur=6.000000&media_type=M&redirect_url=https%3A%2F%2Famg01821-lovetvchannels-lovetheplanetuksamsung-samsunguk-apopw.amagi.tv%2F720p%2Fseg_0559549.ts&seen-ad=1&seg_id=559549&user_id=ef25318e-c32c-11f1-809e-0ae076c89256,206,2048,True,2026-10-08T15:28:11Z
316,MagellanTV Now,Documentary,MagellanTVNow.us@SD,MagellanTVNow.us,https://amg00376-magellan-amg00376c5-samsung-au-1708.playouts.now.amagi.tv/playlist/amg00376-magellantv-magellantvnowww-samsungau/playlist.m3u8,1080p,WORKING,,"[{""attempt"":1,""outcome"":""WORKING"",""reason"":""HLS manifest, media playlist, and media object responded"",""http_status"":200,""final_url"":""https://amg00376-magellan-amg00376c5-samsung-au-1708.playouts.now.amagi.tv/playlist/amg00376-magellantv-magellantvnowww-samsungau/playlist.m3u8"",""elapsed_ms"":2741}]",https://amg00376-magellan-amg00376c5-samsung-au-1708.playouts.now.amagi.tv/playlist/amg00376-magellantv-magellantvnowww-samsungau/playlist.m3u8,hls-master,https://amg00376-magellan-amg00376c5-samsung-au-1708.playouts.now.amagi.tv/ts-us-w2-n1/playlist/amg00376-magellantv-magellantvnowww-samsungau/cb57351e657b63909bc23d78d1f04582f75033dc087597282bec49cf2090431ddda1a29bb818b43d1e801ec0611879040b63991e8d7557da8d79aa02297d16229b85bb7adecd0f58e7da5e222cb6781c00fa06777c146901b12fefd0e44dd4036735da4b0870208cb30af85473ffb27fee5fb55f60ef4b0f081f1dc01d08cf8b660c2b696c67fc1ff9e04017cb6c58b2dc5fba8c4de6c0850cc0169453c9a24c01c5a9e067f7e5bb5ade15e33a0d18076e8dc209fb3ad660bbe80b6ccd0b4d6b1f47e8a6d9992459d316130ca8ad88d7cd9e623752d3710f2d9320e11a0b68af4cb87887ab2285b8a9d052447694c54968349aa7caf6fd343eb273e8effdcb3e749cf7186c4f846ed027283395ef8445ca9367f6cc438fd63a4ed8a157c8652bd4d9ee927eed8867af5cc11021ac33263e/33/1280x720_3000140/index.m3u8,720p,3000140,https://amg00376-magellan-amg00376c5-samsung-au-1708.playouts.now.amagi.tv/ts-us-w2-n1/beacon/amg00376-magellantv-magellantvnowww-samsungau/cb57351e657b63909bc23d78d1f04582f75033dc087597282bec49cf2090431ddda1a29bb818b43d1e801ec0611879040b63991e8d7557da8d79aa02297d16229b85bb7adecd0f58e7da5e222cb6781c00fa06777c146901b12fefd0e44dd4036735da4b0870208cb30af85473ffb27fee5fb55f60ef4b0f081f1dc01d08cf8b660c2b696c67fc1ff9e04017cb6c58b2dc5fba8c4de6c0850cc0169453c9a24c01c5a9e067f7e5bb5ade15e33a0d18076e8dc209fb3ad660bbe80b6ccd0b4d6b1f47e8a6d9992459d316130ca8ad88d7cd9e623752d3710f2d9320e11a0b68af4cb87887ab2285b8a9d052447694c54968349aa7caf6fd343eb273e8effdcb3e749cf7186c4f846ed027283395ef8445ca9367f6cc438fd63a4ed8a157c8652bd4d9ee927eed8867af5cc11021ac33263e/1280x720_3000140?bcn=1&ca=0&cid=20QF8QRMHLGJWAUVDJLE5&dur=6.006000&media_type=M&redirect_url=https%3A%2F%2Famg00376-magellan-amg00376c5-samsung-au-1708.playouts.now.amagi.tv%2Ffc18f0fd-e782-48b7-9a8d-8d02f7835940%2Fplaylist_fc18f0fd_b87349fa_3490498.ts&seen-ad=1&seg_id=3490498&user_id=ef4b7c9f-c32c-11f1-917d-ae2a86522a48,206,2048,True,2026-10-08T15:28:11Z
317,NatureTime,Documentary,NatureTime.ca@AU,NatureTime.ca,https://amg00090-blueantllc-lovenature-au-samsungau-wggcn.amagi.tv/playlist/amg00090-blueantllc-lovenature-au-samsungau/playlist.m3u8,1080p,WORKING,,"[{""attempt"":1,""outcome"":""WORKING"",""reason"":""HLS manifest, media playlist, and media object responded"",""http_status"":200,""final_url"":""https://amg00090-blueantllc-lovenature-au-samsungau-wggcn.amagi.tv/playlist/amg00090-blueantllc-lovenature-au-samsungau/playlist.m3u8"",""elapsed_ms"":2459}]",https://amg00090-blueantllc-lovenature-au-samsungau-wggcn.amagi.tv/playlist/amg00090-blueantllc-lovenature-au-samsungau/playlist.m3u8,hls-master,https://amg00090-blueantllc-lovenature-au-samsungau-wggcn.amagi.tv/ts-eu-w1-n2/playlist/amg00090-blueantllc-lovenature-au-samsungau/cb57351e657b63909bc23d78d1f04582f75033dc087597282bec49cf2090431ddda1a29bb818b43d1e801ec0611879040b63ce18d62f06da8d79aa02297d16229b85e3728fcd0f0cb0db082379b22b1755ab58777c146901b12fefd0e44dd4036735da4b0870208cb30af85473ffb27fee5fb55f60ef4b0f081f1dc01d08cf8b660c2b696c67fc1ff9e04017cb6c58b2dc5fba8c4de6c0850cc0169453c9a24c01c5a9e067f7e5bb5ade15e33a0d18076e8dc209fb3ad660bbe80b6ccd0b4d6b1f47e8a6d9992459d316130ca8ad88d7cd9e623752d3710f2d9320e11a0b68af4cb87887ab2285b8a9d052447694c54968349aa7caf6fd343eb273e8effdcb3e749cf7186c4f846ed027283395ef8445ca9367f6cc438fd738496120f083166304e5d809179de208120345f7e682380be7bc/149/1280x720_3329040/index.m3u8,720p,3329040,https://amg00090-blueantllc-lovenature-au-samsungau-wggcn.amagi.tv/ts-eu-w1-n2/beacon/amg00090-blueantllc-lovenature-au-samsungau/cb57351e657b63909bc23d78d1f04582f75033dc087597282bec49cf2090431ddda1a29bb818b43d1e801ec0611879040b63ce18d62f06da8d79aa02297d16229b85e3728fcd0f0cb0db082379b22b1755ab58777c146901b12fefd0e44dd4036735da4b0870208cb30af85473ffb27fee5fb55f60ef4b0f081f1dc01d08cf8b660c2b696c67fc1ff9e04017cb6c58b2dc5fba8c4de6c0850cc0169453c9a24c01c5a9e067f7e5bb5ade15e33a0d18076e8dc209fb3ad660bbe80b6ccd0b4d6b1f47e8a6d9992459d316130ca8ad88d7cd9e623752d3710f2d9320e11a0b68af4cb87887ab2285b8a9d052447694c54968349aa7caf6fd343eb273e8effdcb3e749cf7186c4f846ed027283395ef8445ca9367f6cc438fd738496120f083166304e5d809179de208120345f7e682380be7bc/1280x720_3329040?bcn=1&ca=0&cid=HF_A01055066&dur=6.000000&media_type=M&redirect_url=https%3A%2F%2Famg00090-blueantllc-lovenature-au-samsungau-wggcn.amagi.tv%2F720p-vtt%2Fseg_1787149.ts&seen-ad=1&seg_id=1787149&user_id=ef4518c7-c32c-11f1-a9fd-52379c1a94ef,206,2048,True,2026-10-08T15:28:11Z
318,PBS Nature,Documentary,PBSNature.us@SD,PBSNature.us,https://jmp2.uk/plu-640a64bd73e013000893d4e0.m3u8,720p,GEO_BLOCKED_OR_FORBIDDEN,Stream returned HTTP 403,"[{""attempt"":1,""outcome"":""GEO_BLOCKED_OR_FORBIDDEN"",""reason"":""Stream returned HTTP 403"",""http_status"":403,""final_url"":"""",""elapsed_ms"":1380}]",,,,unknown,,,,0,False,2026-10-08T15:28:11Z
319,Persiana Docs,Documentary,PersianaDocs.fr@HD,PersianaDocs.fr,https://scihls.persiana.live/hls/stream.m3u8,unknown,WORKING,,"[{""attempt"":1,""outcome"":""WORKING"",""reason"":""HLS manifest, media playlist, and media object responded"",""http_status"":200,""final_url"":""https://scihls.persiana.live/hls/stream.m3u8"",""elapsed_ms"":1366}]",https://scihls.persiana.live/hls/stream.m3u8,hls-media,,unknown,,https://scihls.persiana.live/hls/stream-1540115.ts,206,2048,True,2026-10-08T15:28:11Z
320,Smithsonian Channel Selects,Documentary,SmithsonianChannelSelects.se@DK,SmithsonianChannelSelects.se,https://jmp2.uk/plu-61fb988e032c0100077d5252.m3u8,unknown,GEO_BLOCKED_OR_FORBIDDEN,Stream returned HTTP 403,"[{""attempt"":1,""outcome"":""GEO_BLOCKED_OR_FORBIDDEN"",""reason"":""Stream returned HTTP 403"",""http_status"":403,""final_url"":"""",""elapsed_ms"":1456}]",,,,unknown,,,,0,False,2026-10-08T15:28:11Z
321,Terra Mater WILD,Documentary,TerraMaterWILD.de@English,TerraMaterWILD.de,https://amg01775-amg01775c1-amgplt0343.playout.now3.amagi.tv/playlist/amg01775-amg01775c1-amgplt0343/playlist.m3u8,1080p,WORKING,,"[{""attempt"":1,""outcome"":""WORKING"",""reason"":""HLS manifest, media playlist, and media object responded"",""http_status"":200,""final_url"":""https://amg01775-amg01775c1-amgplt0343.playout.now3.amagi.tv/playlist/amg01775-amg01775c1-amgplt0343/playlist.m3u8"",""elapsed_ms"":2686}]",https://amg01775-amg01775c1-amgplt0343.playout.now3.amagi.tv/playlist/amg01775-amg01775c1-amgplt0343/playlist.m3u8,hls-master,https://amg01775-amg01775c1-amgplt0343.playout.now3.amagi.tv/ts-eu-w1-n2/playlist/amg01775-amg01775c1-amgplt0343/cb57351e657b63909bc23d78d1f04582f75033dc087597282bec49cf2090431ddda1a29bb818b43d1e801ec0611879040b60cc198b7508da8d79aa02297d16229b85ba2ed0cb0f5db4dd5a2a79b22e1902f706777c146901b12fefd0e44dd4036735da4b0870208cb30af85473ffb27fee5fb55f60ef4b0f081f1dc01d08cf8b660c2b696c67fc1ff9e04017cb6c58b2dc5fba8c4de6c0850cc0169453c9a24c01c5a9e067f7e5bb5ade15e33a0d18076e8dc209fb3ad660bbe80b6ccd0b4d6b1f47e8a6d9992459d316130ca8ad88d7cd9e623752d3710f2d9320e11a0b68af4cb87887ab2285b8a9d052447694c54968349aa7caf6fd343eb273e8effdcb3e749cf7186c4f846ed027283395ef8445ca9367f6cc438fd63b49d8a157c8652bd4492a9518333aa39abc72ad7ff65c2b3d/24/1280x720_2500000/index.m3u8,720p,2500000,https://amg01775-amg01775c1-amgplt0343.playout.now3.amagi.tv/ts-eu-w1-n2/beacon/amg01775-amg01775c1-amgplt0343/cb57351e657b63909bc23d78d1f04582f75033dc087597282bec49cf2090431ddda1a29bb818b43d1e801ec0611879040b60cc198b7508da8d79aa02297d16229b85ba2ed0cb0f5db4dd5a2a79b22e1902f706777c146901b12fefd0e44dd4036735da4b0870208cb30af85473ffb27fee5fb55f60ef4b0f081f1dc01d08cf8b660c2b696c67fc1ff9e04017cb6c58b2dc5fba8c4de6c0850cc0169453c9a24c01c5a9e067f7e5bb5ade15e33a0d18076e8dc209fb3ad660bbe80b6ccd0b4d6b1f47e8a6d9992459d316130ca8ad88d7cd9e623752d3710f2d9320e11a0b68af4cb87887ab2285b8a9d052447694c54968349aa7caf6fd343eb273e8effdcb3e749cf7186c4f846ed027283395ef8445ca9367f6cc438fd63b49d8a157c8652bd4492a9518333aa39abc72ad7ff65c2b3d/1280x720_2500000?bcn=1&ca=0&cid=A045502380001-EN&dur=6.000000&media_type=C&redirect_url=https%3A%2F%2Famg01775-amg01775c1-amgplt0343.playout.now3.amagi.tv%2Fasset_artifacts%2Fbolt%2Famg01775c1%2FA045502380001-EN%2F1200000-1867800%2FChannelbug_right_wht%2F2b5edd115dad373433884d3d22b6ac02b87349fa-e966-4fba-9666-4fd3b613dd3b~v1_e7e09bd2443cb5b5a39571e7edc337c4%2F250.ts&seen-ad=1&seg_id=20244&user_id=ef770e99-c32c-11f1-8e9b-d65e0c1d7c98,206,2048,True,2026-10-08T15:28:11Z
322,WaterBear,Documentary,WaterBear.ch@SD,WaterBear.ch,https://amg01415-waterbearnetwor-waterbear-samsunguk-1h0y8.amagi.tv/playlist/amg01415-waterbearnetwor-waterbear-samsunguk/playlist.m3u8,1080p,WORKING,,"[{""attempt"":1,""outcome"":""WORKING"",""reason"":""HLS manifest, media playlist, and media object responded"",""http_status"":200,""final_url"":""https://amg01415-waterbearnetwor-waterbear-samsunguk-1h0y8.amagi.tv/playlist/amg01415-waterbearnetwor-waterbear-samsunguk/playlist.m3u8"",""elapsed_ms"":3084}]",https://amg01415-waterbearnetwor-waterbear-samsunguk-1h0y8.amagi.tv/playlist/amg01415-waterbearnetwor-waterbear-samsunguk/playlist.m3u8,hls-master,https://amg01415-waterbearnetwor-waterbear-samsunguk-1h0y8.amagi.tv/ts-eu-w1-n2/playlist/amg01415-waterbearnetwor-waterbear-samsunguk/cb57351e657b63909bc23d78d1f04582f75033dc087597282bec49cf2090431ddda1a29bb818b43d1e801ec0611879040b35c34a8b7804da8d79aa02297d16229b85e328d8910f08e78b062d28b1781702fe5f777c146901b12fefd0e44dd4036735da4b0870208cb30af85473ffb27fee5fb55f60ef4b0f081f1dc01d08cf8b660c2b696c67fc1ff9e04017cb6c58b2dc5fba8c4de6c0850cc0169453c9a24c01c5a9e067f7e5bb5ade15e33a0d18076e8dc209fb3ad660bbe80b6ccd0b4d6b1f47e8a6d9992459d316130ca8ad88d7cd9e623752d3710f2d9320e11a0b68af4cb87887ab2285b8a9d052447694c54968349aa7caf6fd343eb273e8effdcb3e749cf7186c4f846ed027283395ef8445ca9367f6cc438fd63c4ed8a156c8652bd4fd28288edda2d289105814e00a3b7b01/53/1280x720_3572800/index.m3u8,720p,3572800,https://amg01415-waterbearnetwor-waterbear-samsunguk-1h0y8.amagi.tv/ts-eu-w1-n2/beacon/amg01415-waterbearnetwor-waterbear-samsunguk/cb57351e657b63909bc23d78d1f04582f75033dc087597282bec49cf2090431ddda1a29bb818b43d1e801ec0611879040b35c34a8b7804da8d79aa02297d16229b85e328d8910f08e78b062d28b1781702fe5f777c146901b12fefd0e44dd4036735da4b0870208cb30af85473ffb27fee5fb55f60ef4b0f081f1dc01d08cf8b660c2b696c67fc1ff9e04017cb6c58b2dc5fba8c4de6c0850cc0169453c9a24c01c5a9e067f7e5bb5ade15e33a0d18076e8dc209fb3ad660bbe80b6ccd0b4d6b1f47e8a6d9992459d316130ca8ad88d7cd9e623752d3710f2d9320e11a0b68af4cb87887ab2285b8a9d052447694c54968349aa7caf6fd343eb273e8effdcb3e749cf7186c4f846ed027283395ef8445ca9367f6cc438fd63c4ed8a156c8652bd4fd28288edda2d289105814e00a3b7b01/1280x720_3572800?bcn=1&ca=0&cid=AcrossthePacificwithTeRadarE01-H264&dur=6.000000&media_type=C&redirect_url=https%3A%2F%2Famg01415-waterbearnetwor-waterbear-samsunguk-1h0y8.amagi.tv%2Fplaylist720_p_6932823.ts&seen-ad=1&seg_id=6932823&user_id=efb8ce45-c32c-11f1-ac18-1ec972229c0a,206,2048,True,2026-10-08T15:28:11Z
323,Wedo Big Stories,Documentary,WedoBigStories.ch@SD,WedoBigStories.ch,https://amg00735-videosolutionsa-wedobigdocs-ono-0urlz.amagi.tv/playlist/amg00735-videosolutionsa-wedobigdocs-ono/playlist.m3u8,1080p,WORKING,,"[{""attempt"":1,""outcome"":""WORKING"",""reason"":""HLS manifest, media playlist, and media object responded"",""http_status"":200,""final_url"":""https://amg00735-videosolutionsa-wedobigdocs-ono-0urlz.amagi.tv/playlist/amg00735-videosolutionsa-wedobigdocs-ono/playlist.m3u8"",""elapsed_ms"":3329}]",https://amg00735-videosolutionsa-wedobigdocs-ono-0urlz.amagi.tv/playlist/amg00735-videosolutionsa-wedobigdocs-ono/playlist.m3u8,hls-master,https://amg00735-videosolutionsa-wedobigdocs-ono-0urlz.amagi.tv/ts-eu-w1-n2/playlist/amg00735-videosolutionsa-wedobigdocs-ono/cb57351e657b63909bc23d78d1f04582f75033dc087597282bec49cf2090431ddda1a29bb818b43d1e801ec0611879040b34ca1ade2a05da8d79aa02297d16229b85e32fdb910f00b4d85c2c2db47a1607fb5a777c146901b12fefd0e44dd4036735da4b0870208cb30af85473ffb27fee5fb55f60ef4b0f081f1dc01d08cf8b660c2b696c67fc1ff9e04017cb6c58b2dc5fba8c4de6c0850cc0169453c9a24c01c5a9e067f7e5bb5ade15e33a0d18076e8dc209fb3ad660bbe80b6ccd0b4d6b1f47e8a6d9992459d316130ca8ad88d7cd9e623752d3710f2d9320e11a0b68af4cb87887ab2285b8a9d052447694c54968349aa7caf6fd343eb273e8effdcb3e749cf7186c4f846ed027283395ef8445ca9367f6cc438fd63844d8a156c8652bd4f6951c39f712a537c91936cfaa35e527/19/1280x720_4259200/index.m3u8,720p,4259200,https://amg00735-videosolutionsa-wedobigdocs-ono-0urlz.amagi.tv/ts-eu-w1-n2/beacon/amg00735-videosolutionsa-wedobigdocs-ono/cb57351e657b63909bc23d78d1f04582f75033dc087597282bec49cf2090431ddda1a29bb818b43d1e801ec0611879040b34ca1ade2a05da8d79aa02297d16229b85e32fdb910f00b4d85c2c2db47a1607fb5a777c146901b12fefd0e44dd4036735da4b0870208cb30af85473ffb27fee5fb55f60ef4b0f081f1dc01d08cf8b660c2b696c67fc1ff9e04017cb6c58b2dc5fba8c4de6c0850cc0169453c9a24c01c5a9e067f7e5bb5ade15e33a0d18076e8dc209fb3ad660bbe80b6ccd0b4d6b1f47e8a6d9992459d316130ca8ad88d7cd9e623752d3710f2d9320e11a0b68af4cb87887ab2285b8a9d052447694c54968349aa7caf6fd343eb273e8effdcb3e749cf7186c4f846ed027283395ef8445ca9367f6cc438fd63844d8a156c8652bd4f6951c39f712a537c91936cfaa35e527/1280x720_4259200?bcn=1&ca=0&cid=ycYJWEhhNL&dur=6.000000&media_type=C&redirect_url=https%3A%2F%2Famg00735-videosolutionsa-wedobigdocs-ono-0urlz.amagi.tv%2Fmaster720_2469937.ts&seen-ad=1&seg_id=2469937&user_id=efc130f4-c32c-11f1-ad28-960c67708f5d,206,2048,True,2026-10-08T15:28:11Z
324,WildEarth,Documentary,WildEarth.za@SD,WildEarth.za,https://cdn-ue1-prod.tsv2.amagi.tv/linear/amg01290-wildearth-oando/playlist.m3u8,1080p,WORKING,,"[{""attempt"":1,""outcome"":""WORKING"",""reason"":""HLS manifest, media playlist, and media object responded"",""http_status"":200,""final_url"":""https://wildearth-ono.amagi.tv/playlist/amg01290-wildearth-oando/playlist.m3u8"",""elapsed_ms"":3672}]",https://wildearth-ono.amagi.tv/playlist/amg01290-wildearth-oando/playlist.m3u8,hls-master,https://wildearth-ono.amagi.tv/ts-us-w2-n1/playlist/amg01290-wildearth-oando/cb57351e657b63909bc23d78d1f04582f75033dc087597282bec49cf2090431ddda1a29bb818b43d1e801ec0611879075d62ce11d92d50da8d79aa02297d16229b85e07b8b9b0f5db48d0b2979b22e4858f70f777c146901b12fefd0e44dd4036735da4b0870208cb30af85473ffb27fee5fb55f60ef4b0f081f1dc01d08cf8b660c2b696c67fc1ff9e04017cb6c58b2dc5fba8c4de6c0850cc0169453c9a24c01c5a9e067f7e5bb5ade15e33a0d18076e8dc209fb3ad660bbe80b6ccd0b4d6b1f47e8a6d9992459d316130ca8ad88d7cd9e623752d3710f2d9320e11a0b68af4cb87887ab2285b8a9d052447694c54968349aa7caf6fd343eb273e8effdcb3e749cf7186c4f846ed027283395ef8445ca9367f6cc438fd53efd59081cbb2dfbdbee4b1d965c6627dc658b3bc438031c/7/1280x720_2657600/index.m3u8,720p,2657600,https://wildearth-ono.amagi.tv/ts-us-w2-n1/beacon/amg01290-wildearth-oando/cb57351e657b63909bc23d78d1f04582f75033dc087597282bec49cf2090431ddda1a29bb818b43d1e801ec0611879075d62ce11d92d50da8d79aa02297d16229b85e07b8b9b0f5db48d0b2979b22e4858f70f777c146901b12fefd0e44dd4036735da4b0870208cb30af85473ffb27fee5fb55f60ef4b0f081f1dc01d08cf8b660c2b696c67fc1ff9e04017cb6c58b2dc5fba8c4de6c0850cc0169453c9a24c01c5a9e067f7e5bb5ade15e33a0d18076e8dc209fb3ad660bbe80b6ccd0b4d6b1f47e8a6d9992459d316130ca8ad88d7cd9e623752d3710f2d9320e11a0b68af4cb87887ab2285b8a9d052447694c54968349aa7caf6fd343eb273e8effdcb3e749cf7186c4f846ed027283395ef8445ca9367f6cc438fd53efd59081cbb2dfbdbee4b1d965c6627dc658b3bc438031c/1280x720_2657600?bcn=1&ca=0&cid=safarilivesolnedgng20261008133000&dur=6.000000&media_type=C&redirect_url=https%3A%2F%2Fwildearth-ono.amagi.tv%2Fplaylist720p_14198170.ts&seen-ad=1&seg_id=14198170&user_id=f05587aa-c32c-11f1-b0b2-d6e43c1df991,206,2048,True,2026-10-08T15:28:11Z
325,BBC Food,Lifestyle,BBCFood.us@SD,BBCFood.us,https://d1e9r0b71zfwk7.cloudfront.net/playlist_1024x576.m3u8,576p,WORKING,,"[{""attempt"":1,""outcome"":""WORKING"",""reason"":""HLS manifest, media playlist, and media object responded"",""http_status"":200,""final_url"":""https://d1e9r0b71zfwk7.cloudfront.net/playlist_1024x576.m3u8"",""elapsed_ms"":1355}]",https://d1e9r0b71zfwk7.cloudfront.net/playlist_1024x576.m3u8,hls-media,,unknown,,https://d1e9r0b71zfwk7.cloudfront.net/playlist_1024x576_152740__203552.ts,206,2048,True,2026-10-08T15:28:11Z
326,BBC Home & Garden,Lifestyle,BBCHomeGarden.us@SD,BBCHomeGarden.us,https://d11r33s5i066xh.cloudfront.net/playlist_1024x576.m3u8,576p,WORKING,,"[{""attempt"":1,""outcome"":""WORKING"",""reason"":""HLS manifest, media playlist, and media object responded"",""http_status"":200,""final_url"":""https://d11r33s5i066xh.cloudfront.net/playlist_1024x576.m3u8"",""elapsed_ms"":1207}]",https://d11r33s5i066xh.cloudfront.net/playlist_1024x576.m3u8,hls-media,,unknown,,https://d11r33s5i066xh.cloudfront.net/playlist_1024x576_152737__212558.ts,206,2048,True,2026-10-08T15:28:11Z
327,NBC LX Home,Lifestyle,NBCLXHome.us@HD,NBCLXHome.us,https://dn7vkzd5khpp3.cloudfront.net/v1/manifest/3722c60a815c199d9c0ef36c5b73da68a62b09d1/cc-jnz0hbnuaajo2/b3d9d2ee-94c1-4de2-bb46-b1ed009f4f30/4.m3u8,720p,WORKING,,"[{""attempt"":1,""outcome"":""WORKING"",""reason"":""HLS manifest, media playlist, and media object responded"",""http_status"":200,""final_url"":""https://dn7vkzd5khpp3.cloudfront.net/v1/manifest/3722c60a815c199d9c0ef36c5b73da68a62b09d1/cc-jnz0hbnuaajo2/b3d9d2ee-94c1-4de2-bb46-b1ed009f4f30/4.m3u8"",""elapsed_ms"":1469}]",https://dn7vkzd5khpp3.cloudfront.net/v1/manifest/3722c60a815c199d9c0ef36c5b73da68a62b09d1/cc-jnz0hbnuaajo2/b3d9d2ee-94c1-4de2-bb46-b1ed009f4f30/4.m3u8,hls-media,,unknown,,https://dn7vkzd5khpp3.cloudfront.net/master_5/00318/master_5_03458.ts,206,2048,True,2026-10-08T15:28:11Z
328,Autentic Travel,Lifestyle,AutenticTravel.de@SD,AutenticTravel.de,https://autentic-autentictravel-1-gb.samsung.wurl.tv/playlist.m3u8,720p,WORKING,,"[{""attempt"":1,""outcome"":""WORKING"",""reason"":""HLS manifest, media playlist, and media object responded"",""http_status"":200,""final_url"":""https://autentic-autentictravel-1-gb.samsung.wurl.tv/playlist.m3u8"",""elapsed_ms"":2241}]",https://autentic-autentictravel-1-gb.samsung.wurl.tv/playlist.m3u8,hls-master,https://autentic-autentictravel-1-gb.samsung.wurl.tv/3000.m3u8,720p,3072000,https://autentic-autentictravel-1-gb.samsung.wurl.tv/345/423783/147404201/4e0a77bf62902ca656f5ffa0c1b01bd6/hls-v2/3000-00457.ts,206,2048,True,2026-10-08T15:28:11Z
329,FashionTV Europe,Lifestyle,FashionTVEurope.fr@SD,FashionTVEurope.fr,https://68f1accef2154d2195cae87dec183843.mediatailor.us-east-1.amazonaws.com/v1/master/44f73ba4d03e9607dcd9bebdcb8494d86964f1d8/RakutenTV-eu_FashionTV/playlist.m3u8,1080p,UNKNOWN,Mixed failure evidence: Stream returned HTTP 504; Stream returned HTTP 504; Stream returned HTTP 504,"[{""attempt"":1,""outcome"":""UNKNOWN"",""reason"":""Stream returned HTTP 504"",""http_status"":504,""final_url"":"""",""elapsed_ms"":752},{""attempt"":2,""outcome"":""UNKNOWN"",""reason"":""Stream returned HTTP 504"",""http_status"":504,""final_url"":"""",""elapsed_ms"":473},{""attempt"":3,""outcome"":""UNKNOWN"",""reason"":""Stream returned HTTP 504"",""http_status"":504,""final_url"":"""",""elapsed_ms"":580}]",,,,unknown,,,,0,False,2026-10-08T15:28:11Z
330,Gusto TV,Lifestyle,GustoTV.ca@SD,GustoTV.ca,https://d31d5kw64c7b6i.cloudfront.net/v1/gustotv_samsung/samsungheadend_us/latest/main/hls/playlist.m3u8,720p,WORKING,,"[{""attempt"":1,""outcome"":""WORKING"",""reason"":""HLS manifest, media playlist, and media object responded"",""http_status"":200,""final_url"":""https://d31d5kw64c7b6i.cloudfront.net/v1/gustotv_samsung/samsungheadend_us/latest/main/hls/playlist.m3u8"",""elapsed_ms"":3095}]",https://d31d5kw64c7b6i.cloudfront.net/v1/gustotv_samsung/samsungheadend_us/latest/main/hls/playlist.m3u8,hls-master,https://d31d5kw64c7b6i.cloudfront.net/v1/gustotv_samsung/samsungheadend_us/V00000001/0/HLS/720p-cc/index.m3u8,720p,3329040,https://d31d5kw64c7b6i.cloudfront.net/wurl-redirect/v1/gustotv_samsung/wurl-pi-streams-prod/ORALRkQWR1sfTVARQkVdQEIdERBLVR5YDAJWWxwSEhsOAgBJFVJaTRIDUD0IXQ5aAFRRHxdAFxtfRloNGBZCFBBeTkJZS0cVQgdWCUIcQkdeVERJGwsFCwNaUwFQVlNQDwdWWl1TC1oDUVNaAAVcUwRcBwJVBFdVBQJVAAVWDQBaBAIAUgAGU1MHVFAJUgUFCAhfUlwbbQ==/seg_0979414.ts,206,2048,True,2026-10-08T15:28:11Z
331,INFAST,Lifestyle,INFAST.nl@SD,INFAST.nl,https://amg00861-amg00861c11-rlaxx-uk-3950.playouts.now.amagi.tv/playlist720p.m3u8,720p,WORKING,,"[{""attempt"":1,""outcome"":""WORKING"",""reason"":""HLS manifest, media playlist, and media object responded"",""http_status"":200,""final_url"":""https://amg00861-amg00861c11-rlaxx-uk-3950.playouts.now.amagi.tv/playlist720p.m3u8"",""elapsed_ms"":1803}]",https://amg00861-amg00861c11-rlaxx-uk-3950.playouts.now.amagi.tv/playlist720p.m3u8,hls-media,,unknown,,https://amg00861-amg00861c11-rlaxx-uk-3950.playouts.now.amagi.tv/playlist720p_4550230.ts,206,2048,True,2026-10-08T15:28:11Z
332,Journy,Lifestyle,Journy.us@SD,Journy.us,https://d3s3a5c7f101eb.cloudfront.net/playlist.m3u8,720p,WORKING,,"[{""attempt"":1,""outcome"":""WORKING"",""reason"":""HLS manifest, media playlist, and media object responded"",""http_status"":200,""final_url"":""https://d3s3a5c7f101eb.cloudfront.net/playlist.m3u8"",""elapsed_ms"":2122}]",https://d3s3a5c7f101eb.cloudfront.net/playlist.m3u8,hls-master,https://d3s3a5c7f101eb.cloudfront.net/playlist_1024x576.m3u8,576p,1363709,https://d3s3a5c7f101eb.cloudfront.net/playlist_1024x576_152737__221022.ts,206,2048,True,2026-10-08T15:28:11Z
333,Localish,Lifestyle,Localish.us@SD,Localish.us,https://aegis-cloudfront-1.tubi.video/0ecc85a2-5e1b-482a-9c69-3eaaee160f2e/index.m3u8,720p,WORKING,,"[{""attempt"":1,""outcome"":""WORKING"",""reason"":""HLS manifest, media playlist, and media object responded"",""http_status"":200,""final_url"":""https://aegis-cloudfront-1.tubi.video/0ecc85a2-5e1b-482a-9c69-3eaaee160f2e/index.m3u8"",""elapsed_ms"":1714}]",https://aegis-cloudfront-1.tubi.video/0ecc85a2-5e1b-482a-9c69-3eaaee160f2e/index.m3u8,hls-master,https://aegis-cloudfront-1.tubi.video/0ecc85a2-5e1b-482a-9c69-3eaaee160f2e/index_1.m3u8,720p,4192944,https://aegis-cloudfront-1.tubi.video/0ecc85a2-5e1b-482a-9c69-3eaaee160f2e/index_1_34729366.ts?m=1760017571,206,2048,True,2026-10-08T15:28:11Z
334,NDTV Good Times,Lifestyle,NDTVGoodTimes.in@SD,NDTVGoodTimes.in,https://d2gvyg6lvauoko.cloudfront.net/230226/ndtvgoodtimes/chunks.m3u8,396p,WORKING,,"[{""attempt"":1,""outcome"":""WORKING"",""reason"":""HLS manifest, media playlist, and media object responded"",""http_status"":200,""final_url"":""https://d2gvyg6lvauoko.cloudfront.net/230226/ndtvgoodtimes/chunks.m3u8"",""elapsed_ms"":1619}]",https://d2gvyg6lvauoko.cloudfront.net/230226/ndtvgoodtimes/chunks.m3u8,hls-media,,unknown,,https://d2gvyg6lvauoko.cloudfront.net/230226/ndtvgoodtimes/l_3517_166968455_9391.ts,206,2048,True,2026-10-08T15:28:11Z
335,PBS Travel,Lifestyle,PBSTravel.us@SD,PBSTravel.us,https://d3hqevbyoxtkoi.cloudfront.net/720p-vtt/index.m3u8,720p,WORKING,,"[{""attempt"":1,""outcome"":""WORKING"",""reason"":""HLS manifest, media playlist, and media object responded"",""http_status"":200,""final_url"":""https://d3hqevbyoxtkoi.cloudfront.net/720p-vtt/index.m3u8"",""elapsed_ms"":1316}]",https://d3hqevbyoxtkoi.cloudfront.net/720p-vtt/index.m3u8,hls-media,,unknown,,https://d3hqevbyoxtkoi.cloudfront.net/720p-vtt/seg_0425667.ts,206,2048,True,2026-10-08T15:28:11Z
336,Persiana Travel,Lifestyle,PersianaTravel.fr@SD,PersianaTravel.fr,https://mardomhls.wns.live/hls/stream.m3u8,unknown,WORKING,,"[{""attempt"":1,""outcome"":""WORKING"",""reason"":""HLS manifest, media playlist, and media object responded"",""http_status"":200,""final_url"":""https://mardomhls.wns.live/hls/stream.m3u8"",""elapsed_ms"":1550}]",https://mardomhls.wns.live/hls/stream.m3u8,hls-media,,unknown,,https://mardomhls.wns.live/hls/stream-609605.ts,206,2048,True,2026-10-08T15:28:11Z
337,So... Real,Lifestyle,SoReal.us@UK,SoReal.us,https://all3media-soreal-1-gb.samsung.wurl.tv/playlist.m3u8,720p,WORKING,,"[{""attempt"":1,""outcome"":""WORKING"",""reason"":""HLS manifest, media playlist, and media object responded"",""http_status"":200,""final_url"":""https://all3media-soreal-1-gb.samsung.wurl.tv/playlist.m3u8"",""elapsed_ms"":2049}]",https://all3media-soreal-1-gb.samsung.wurl.tv/playlist.m3u8,hls-master,https://all3media-soreal-1-gb.samsung.wurl.tv/3000.m3u8,720p,3072000,https://all3media-soreal-1-gb.samsung.wurl.tv/186468564/hls-v2/3000-00007.ts,206,2048,True,2026-10-08T15:28:11Z
338,Stingray Naturescape,Lifestyle,StingrayNaturescape.ca@SD,StingrayNaturescape.ca,https://jmp2.uk/plu-5812bd9f249444e05d09cc4e.m3u8,720p,WORKING,,"[{""attempt"":1,""outcome"":""WORKING"",""reason"":""HLS manifest, media playlist, and media object responded"",""http_status"":200,""final_url"":""https://stitcher-ipv4.pluto.tv/v2/stitch/embed/hls/channel/5812bd9f249444e05d09cc4e/master.m3u8?deviceType=samsung-tvplus&deviceMake=samsung&deviceModel=samsung&deviceVersion=unknown&appVersion=unknown&deviceLat=0&deviceLon=0&deviceDNT=%7BTARGETOPT%7D&deviceId=%7BPSID%7D&advertisingId=%7BPSID%7D&us_privacy=%7BUS_PRIVACY%7D&samsung_app_domain=%7BAPP_DOMAIN%7D&samsung_app_name=%7BAPP_NAME%7D&profileLimit=&profileFloor=&embedPartner=samsung-tvplus&masterJWTPassthrough=1&authToken=eyJhbGciOiJIUzI1NiIsImtpZCI6IjAyYTcxZjE0LTU5YzEtNGEyMi05ODA1LTA2ZGEzZTdiNjJkMiIsInR5cCI6IkpXVCJ9.eyJwYXJ0bmVyIjoic2Ftc3VuZ3R2cGx1cyIsImZlYXR1cmVzIjp7Im11bHRpUG9kQWRzIjp7ImNvaG9ydCI6IiIsImVuYWJsZWQiOnRydWV9LCJzdGl0Y2hlckFkU2Vzc2lvbkV2ZW50Ijp7ImVuYWJsZWQiOnRydWV9LCJzdGl0Y2hlckhsc05nIjp7ImRlbXV4ZWRBdWRpbyI6ImRpc2FibGVkIn0sInN0aXRjaGVySGxzTmdWbGwiOnsiZW5hYmxlZCI6dHJ1ZX0sInN0aXRjaGVyUGFydG5lclNob3dTbGF0ZSI6eyJlbmFibGVkIjp0cnVlfX0sImlzcyI6InNlcnZpY2UtcGFydG5lci1hdXRoLnBsdXRvLnR2Iiwic3ViIjoicHJpOnYxOnBsdXRvOmRldmljZXM6YzJGdGMzVnVaM1IyY0d4MWN3PT0iLCJhdWQiOiIqLnBsdXRvLnR2IiwiZXhwIjoxNzkxNTIzNjQ4LCJpYXQiOjE3OTE0MzcyNDgsImp0aSI6IjU2N2YwYmU3LTlhZTAtNGRkZS1hNDJlLTIxMTdjYTU5MzgwYSJ9.rVrS_1P6VvCR7FWLUkWG00UUe-ga4UFnmto2g4TNTQ0"",""elapsed_ms"":2334}]",https://stitcher-ipv4.pluto.tv/v2/stitch/embed/hls/channel/5812bd9f249444e05d09cc4e/master.m3u8?deviceType=samsung-tvplus&deviceMake=samsung&deviceModel=samsung&deviceVersion=unknown&appVersion=unknown&deviceLat=0&deviceLon=0&deviceDNT=%7BTARGETOPT%7D&deviceId=%7BPSID%7D&advertisingId=%7BPSID%7D&us_privacy=%7BUS_PRIVACY%7D&samsung_app_domain=%7BAPP_DOMAIN%7D&samsung_app_name=%7BAPP_NAME%7D&profileLimit=&profileFloor=&embedPartner=samsung-tvplus&masterJWTPassthrough=1&authToken=eyJhbGciOiJIUzI1NiIsImtpZCI6IjAyYTcxZjE0LTU5YzEtNGEyMi05ODA1LTA2ZGEzZTdiNjJkMiIsInR5cCI6IkpXVCJ9.eyJwYXJ0bmVyIjoic2Ftc3VuZ3R2cGx1cyIsImZlYXR1cmVzIjp7Im11bHRpUG9kQWRzIjp7ImNvaG9ydCI6IiIsImVuYWJsZWQiOnRydWV9LCJzdGl0Y2hlckFkU2Vzc2lvbkV2ZW50Ijp7ImVuYWJsZWQiOnRydWV9LCJzdGl0Y2hlckhsc05nIjp7ImRlbXV4ZWRBdWRpbyI6ImRpc2FibGVkIn0sInN0aXRjaGVySGxzTmdWbGwiOnsiZW5hYmxlZCI6dHJ1ZX0sInN0aXRjaGVyUGFydG5lclNob3dTbGF0ZSI6eyJlbmFibGVkIjp0cnVlfX0sImlzcyI6InNlcnZpY2UtcGFydG5lci1hdXRoLnBsdXRvLnR2Iiwic3ViIjoicHJpOnYxOnBsdXRvOmRldmljZXM6YzJGdGMzVnVaM1IyY0d4MWN3PT0iLCJhdWQiOiIqLnBsdXRvLnR2IiwiZXhwIjoxNzkxNTIzNjQ4LCJpYXQiOjE3OTE0MzcyNDgsImp0aSI6IjU2N2YwYmU3LTlhZTAtNGRkZS1hNDJlLTIxMTdjYTU5MzgwYSJ9.rVrS_1P6VvCR7FWLUkWG00UUe-ga4UFnmto2g4TNTQ0,hls-master,https://stitcher-ipv4.pluto.tv/v2/stitch/embed/hls/channel/5812bd9f249444e05d09cc4e/1539795/playlist.m3u8?sid=SAMSUNG-TVPLUS-650c5413-0513-4395-b0ec-c28dad93db3b&deviceId=f13972d7-6b16-492c-a1be-da9354d9b15a&appName=samsungtvplus&deviceMake=samsung&authToken=eyJhbGciOiJIUzI1NiIsImtpZCI6IjAyYTcxZjE0LTU5YzEtNGEyMi05ODA1LTA2ZGEzZTdiNjJkMiIsInR5cCI6IkpXVCJ9.eyJwYXJ0bmVyIjoic2Ftc3VuZ3R2cGx1cyIsImZlYXR1cmVzIjp7Im11bHRpUG9kQWRzIjp7ImNvaG9ydCI6IiIsImVuYWJsZWQiOnRydWV9LCJzdGl0Y2hlckFkU2Vzc2lvbkV2ZW50Ijp7ImVuYWJsZWQiOnRydWV9LCJzdGl0Y2hlckhsc05nIjp7ImRlbXV4ZWRBdWRpbyI6ImRpc2FibGVkIn0sInN0aXRjaGVySGxzTmdWbGwiOnsiZW5hYmxlZCI6dHJ1ZX0sInN0aXRjaGVyUGFydG5lclNob3dTbGF0ZSI6eyJlbmFibGVkIjp0cnVlfX0sImlzcyI6InNlcnZpY2UtcGFydG5lci1hdXRoLnBsdXRvLnR2Iiwic3ViIjoicHJpOnYxOnBsdXRvOmRldmljZXM6YzJGdGMzVnVaM1IyY0d4MWN3PT0iLCJhdWQiOiIqLnBsdXRvLnR2IiwiZXhwIjoxNzkxNTIzNjQ4LCJpYXQiOjE3OTE0MzcyNDgsImp0aSI6IjU2N2YwYmU3LTlhZTAtNGRkZS1hNDJlLTIxMTdjYTU5MzgwYSJ9.rVrS_1P6VvCR7FWLUkWG00UUe-ga4UFnmto2g4TNTQ0,unknown,1539795,https://mcdn-01.plutotv.net/160_Pluto_TV_OandO/clip/58e5397b91586c9d2fbe8d4c_ptv_7424adbumperanimationdotsinverted30_30fps/1080pDRM/20251113_195300/hls/0-end/hls_2400-00000.ts,206,2048,True,2026-10-08T15:28:11Z
339,Superyacht TV,Lifestyle,SuperyachtTV.mc@SD,SuperyachtTV.mc,https://sy.wns.live/hls/stream.m3u8,1080p,WORKING,,"[{""attempt"":1,""outcome"":""WORKING"",""reason"":""HLS manifest, media playlist, and media object responded"",""http_status"":200,""final_url"":""https://sy.wns.live/hls/stream.m3u8"",""elapsed_ms"":1324}]",https://sy.wns.live/hls/stream.m3u8,hls-media,,unknown,,https://sy.wns.live/hls/stream-2793538.ts,206,2048,True,2026-10-08T15:28:11Z
340,Tastemade,Lifestyle,Tastemade.us@US,Tastemade.us,https://jmp2.uk/plu-5f998c1fc54853000797bacd.m3u8,720p,GEO_BLOCKED_OR_FORBIDDEN,Stream returned HTTP 403,"[{""attempt"":1,""outcome"":""GEO_BLOCKED_OR_FORBIDDEN"",""reason"":""Stream returned HTTP 403"",""http_status"":403,""final_url"":"""",""elapsed_ms"":1240}]",,,,unknown,,,,0,False,2026-10-08T15:28:11Z
341,Tastemade Travel,Lifestyle,TastemadeTravel.us@SD,TastemadeTravel.us,https://d6ef3usc6d9cl.cloudfront.net/720p-vtt/index.m3u8,720p,WORKING,,"[{""attempt"":1,""outcome"":""WORKING"",""reason"":""HLS manifest, media playlist, and media object responded"",""http_status"":200,""final_url"":""https://d6ef3usc6d9cl.cloudfront.net/720p-vtt/index.m3u8"",""elapsed_ms"":1292}]",https://d6ef3usc6d9cl.cloudfront.net/720p-vtt/index.m3u8,hls-media,,unknown,,https://d6ef3usc6d9cl.cloudfront.net/720p-vtt/seg_0047920_1791473280023.ts,206,2048,True,2026-10-08T15:28:11Z
342,The Design Network,Lifestyle,TheDesignNetwork.us@SD,TheDesignNetwork.us,https://amg00441-amg00441c1-rakuten-us-6050.playouts.now.amagi.tv/720p-en-cc/index.m3u8,720p,WORKING,,"[{""attempt"":1,""outcome"":""WORKING"",""reason"":""HLS manifest, media playlist, and media object responded"",""http_status"":200,""final_url"":""https://amg00441-amg00441c1-rakuten-us-6050.playouts.now.amagi.tv/720p-en-cc/index.m3u8"",""elapsed_ms"":1418}]",https://amg00441-amg00441c1-rakuten-us-6050.playouts.now.amagi.tv/720p-en-cc/index.m3u8,hls-media,,unknown,,https://amg00441-amg00441c1-rakuten-us-6050.playouts.now.amagi.tv/720p-en-cc/seg_0779018.ts,206,2048,True,2026-10-08T15:28:11Z
343,The Jamie Oliver Channel,Lifestyle,TheJamieOliverChannel.us@SD,TheJamieOliverChannel.us,https://jmp2.uk/plu-64dab9df3d48f40008868091.m3u8,720p,GEO_BLOCKED_OR_FORBIDDEN,Stream returned HTTP 403,"[{""attempt"":1,""outcome"":""GEO_BLOCKED_OR_FORBIDDEN"",""reason"":""Stream returned HTTP 403"",""http_status"":403,""final_url"":"""",""elapsed_ms"":1400}]",,,,unknown,,,,0,False,2026-10-08T15:28:11Z
344,Travelxp,Lifestyle,Travelxp.in@HD,Travelxp.in,https://amg00416-amg00416c9-samsung-in-4882.playouts.now.amagi.tv/playlist/amg00416-travelxp-travelxphd-samsungin/playlist.m3u8,1080p,UNKNOWN,Mixed failure evidence: HLS media object returned HTTP 503; HLS media object returned HTTP 503; HLS media object returned HTTP 503,"[{""attempt"":1,""outcome"":""UNKNOWN"",""reason"":""HLS media object returned HTTP 503"",""http_status"":503,""final_url"":""https://amg00416-amg00416c9-samsung-in-4882.playouts.now.amagi.tv/ts-ap-s1-n1/playlist/amg00416-travelxp-travelxphd-samsungin/y1c1HmV7Y5Cbwj140fBFgvdQM9wIdZcoK-xJzyCQQx3doaKbuBi0PR6AHsBhGHkHXGedSNd_UtqNeaoCKX0WIpuF4C7Ynw9YtNkPLS66fx1Wrw13fBRpAbEv79DkTdQDZzXaSwhwIIyzCvhUc_-yf-5ftV9g70sPCB8dwB0Iz4tmDCtpbGf8H_ngQBfLbFiy3F-6jE3mwIUMwBaUU8miTAHFqeBn9-W7Wt4V4zoNGAdujcIJ-zrWYLvoC2zNC01rH0foptmZJFnTFhMMqK2I182eYjdS03EPLZMg4RoLaK9MuHiHqyKFuKnQUkR2lMVJaDSap8r2_TQ-snPo7_3LPnSc9xhsT4Ru0CcoM5XvhEXKk2f2zEOP1zhKaSDwjBZjBOWS9xstFKo9dbHGWt7jfuwS/171/1280x720_2500000/index.m3u8"",""elapsed_ms"":3272},{""attempt"":2,""outcome"":""UNKNOWN"",""reason"":""HLS media object returned HTTP 503"",""http_status"":503,""final_url"":""https://amg00416-amg00416c9-samsung-in-4882.playouts.now.amagi.tv/ts-ap-s1-n1/playlist/amg00416-travelxp-travelxphd-samsungin/y1c1HmV7Y5Cbwj140fBFgvdQM9wIdZcoK-xJzyCQQx3doaKbuBi0PR6AHsBhGHkHXmKZTNsuB9qNeaoCKX0WIpuF4H2PkQ8K44pZKCO3fh5Trwx3fBRpAbEv79DkTdQDZzXaSwhwIIyzCvhUc_-yf-5ftV9g70sPCB8dwB0Iz4tmDCtpbGf8H_ngQBfLbFiy3F-6jE3mwIUMwBaUU8miTAHFqeBn9-W7Wt4V4zoNGAdujcIJ-zrWYLvoC2zNC01rH0foptmZJFnTFhMMqK2I182eYjdS03EPLZMg4RoLaK9MuHiHqyKFuKnQUkR2lMVJaDSap8r2_TQ-snPo7_3LPnSc9xhsT4Ru0CcoM5XvhEXKk2f2zEOP1zhMYSDwiBZjBOWSjyol-xzGLKZ8b-0mD_dG/119/1280x720_2500000/index.m3u8"",""elapsed_ms"":3431},{""attempt"":3,""outcome"":""UNKNOWN"",""reason"":""HLS media object returned HTTP 503"",""http_status"":503,""final_url"":""https://amg00416-amg00416c9-samsung-in-4882.playouts.now.amagi.tv/ts-ap-s1-n1/playlist/amg00416-travelxp-travelxphd-samsungin/y1c1HmV7Y5Cbwj140fBFgvdQM9wIdZcoK-xJzyCQQx3doaKbuBi0PR6AHsBhGHkHWG7KENt4VdqNeaoCKX0WIpuFuimKnA8LsI4PKnm7KBpT_wh3fBRpAbEv79DkTdQDZzXaSwhwIIyzCvhUc_-yf-5ftV9g70sPCB8dwB0Iz4tmDCtpbGf8H_ngQBfLbFiy3F-6jE3mwIUMwBaUU8miTAHFqeBn9-W7Wt4V4zoNGAdujcIJ-zrWYLvoC2zNC01rH0foptmZJFnTFhMMqK2I182eYjdS03EPLZMg4RoLaK9MuHiHqyKFuKnQUkR2lMVJaDSap8r2_TQ-snPo7_3LPnSc9xhsT4Ru0CcoM5XvhEXKk2f2zEOP1jhL2KFAyGUr1Otzyh10OWMc9aGt6TpZ2XE/16/1280x720_2500000/index.m3u8"",""elapsed_ms"":2385}]",https://amg00416-amg00416c9-samsung-in-4882.playouts.now.amagi.tv/ts-ap-s1-n1/playlist/amg00416-travelxp-travelxphd-samsungin/y1c1HmV7Y5Cbwj140fBFgvdQM9wIdZcoK-xJzyCQQx3doaKbuBi0PR6AHsBhGHkHWG7KENt4VdqNeaoCKX0WIpuFuimKnA8LsI4PKnm7KBpT_wh3fBRpAbEv79DkTdQDZzXaSwhwIIyzCvhUc_-yf-5ftV9g70sPCB8dwB0Iz4tmDCtpbGf8H_ngQBfLbFiy3F-6jE3mwIUMwBaUU8miTAHFqeBn9-W7Wt4V4zoNGAdujcIJ-zrWYLvoC2zNC01rH0foptmZJFnTFhMMqK2I182eYjdS03EPLZMg4RoLaK9MuHiHqyKFuKnQUkR2lMVJaDSap8r2_TQ-snPo7_3LPnSc9xhsT4Ru0CcoM5XvhEXKk2f2zEOP1jhL2KFAyGUr1Otzyh10OWMc9aGt6TpZ2XE/16/1280x720_2500000/index.m3u8,hls-master,https://amg00416-amg00416c9-samsung-in-4882.playouts.now.amagi.tv/ts-ap-s1-n1/playlist/amg00416-travelxp-travelxphd-samsungin/y1c1HmV7Y5Cbwj140fBFgvdQM9wIdZcoK-xJzyCQQx3doaKbuBi0PR6AHsBhGHkHWG7KENt4VdqNeaoCKX0WIpuFuimKnA8LsI4PKnm7KBpT_wh3fBRpAbEv79DkTdQDZzXaSwhwIIyzCvhUc_-yf-5ftV9g70sPCB8dwB0Iz4tmDCtpbGf8H_ngQBfLbFiy3F-6jE3mwIUMwBaUU8miTAHFqeBn9-W7Wt4V4zoNGAdujcIJ-zrWYLvoC2zNC01rH0foptmZJFnTFhMMqK2I182eYjdS03EPLZMg4RoLaK9MuHiHqyKFuKnQUkR2lMVJaDSap8r2_TQ-snPo7_3LPnSc9xhsT4Ru0CcoM5XvhEXKk2f2zEOP1jhL2KFAyGUr1Otzyh10OWMc9aGt6TpZ2XE/16/1280x720_2500000/index.m3u8,720p,2500000,https://amg00416-amg00416c9-samsung-in-4882.playouts.now.amagi.tv/ts-ap-s1-n1/beacon/amg00416-travelxp-travelxphd-samsungin/y1c1HmV7Y5Cbwj140fBFgvdQM9wIdZcoK-xJzyCQQx3doaKbuBi0PR6AHsBhGHkHWG7KENt4VdqNeaoCKX0WIpuFuimKnA8LsI4PKnm7KBpT_wh3fBRpAbEv79DkTdQDZzXaSwhwIIyzCvhUc_-yf-5ftV9g70sPCB8dwB0Iz4tmDCtpbGf8H_ngQBfLbFiy3F-6jE3mwIUMwBaUU8miTAHFqeBn9-W7Wt4V4zoNGAdujcIJ-zrWYLvoC2zNC01rH0foptmZJFnTFhMMqK2I182eYjdS03EPLZMg4RoLaK9MuHiHqyKFuKnQUkR2lMVJaDSap8r2_TQ-snPo7_3LPnSc9xhsT4Ru0CcoM5XvhEXKk2f2zEOP1jhL2KFAyGUr1Otzyh10OWMc9aGt6TpZ2XE/1280x720_2500000?bcn=1&ca=0&cid=badaweekend&dur=6.000000&media_type=C&redirect_url=https%3A%2F%2Flinear-samsung.akamaized.net%2Ftravelxphd%2Ftravelxp%2Ftravelxphd_720p%2Fl_148_1484352000_260352.ts&seen-ad=1&seg_id=260352&user_id=f591954d-c32c-11f1-8bc5-22f00c8b4216,,0,False,2026-10-08T15:28:11Z
345,Aaj Tak,India,AajTak.in@SD,AajTak.in,https://d1rc86nwwc9fag.cloudfront.net/vglive-sk-791258/master.m3u8,720p,WORKING,,"[{""attempt"":1,""outcome"":""WORKING"",""reason"":""HLS manifest, media playlist, and media object responded"",""http_status"":200,""final_url"":""https://d1rc86nwwc9fag.cloudfront.net/vglive-sk-791258/master.m3u8"",""elapsed_ms"":2100}]",https://d1rc86nwwc9fag.cloudfront.net/vglive-sk-791258/master.m3u8,hls-master,https://d1rc86nwwc9fag.cloudfront.net/vglive-sk-791258/hls/live/2014416/aajtak-v2/aajtaklive/live_720p/chunks.m3u8,720p,1500000,https://d1rc86nwwc9fag.cloudfront.net/vglive-sk-791258/hls/live/2014416/aajtak-v2/aajtaklive/live_720p/l_4517628000_756588.ts,206,2048,True,2026-10-08T15:28:11Z
346,Colors MENA,India,ColorsMENA.in@HD,ColorsMENA.in,https://da86m1sqpm3o0.cloudfront.net/28072023/smil:colorsme.smil/playlist.m3u8,720p,WORKING,,"[{""attempt"":1,""outcome"":""WORKING"",""reason"":""HLS manifest, media playlist, and media object responded"",""http_status"":200,""final_url"":""https://da86m1sqpm3o0.cloudfront.net/28072023/smil:colorsme.smil/playlist.m3u8"",""elapsed_ms"":2318}]",https://da86m1sqpm3o0.cloudfront.net/28072023/smil:colorsme.smil/playlist.m3u8,hls-master,https://da86m1sqpm3o0.cloudfront.net/28072023/smil:colorsme.smil/chunklist_b2628000.m3u8,720p,2628000,https://da86m1sqpm3o0.cloudfront.net/28072023/smil:colorsme.smil/media-uc4w3ha0w_b2628000_18787.ts,206,2048,True,2026-10-08T15:28:11Z
347,Sony KAL Hindi,India,SonyKALHindi.us@SD,SonyKALHindi.us,https://wurlsonypicturestv.global.transmit.live/hls/68deeb1c0238cda82df543dd/v1/spt_sonykal_1/lg_us/latest/main/hls/playlist.m3u8,1080p,WORKING,,"[{""attempt"":1,""outcome"":""WORKING"",""reason"":""HLS manifest, media playlist, and media object responded"",""http_status"":200,""final_url"":""https://wurlsonypicturestv.global.transmit.live/hls/68deeb1c0238cda82df543dd/v1/spt_sonykal_1/lg_us/latest/main/hls/playlist.m3u8"",""elapsed_ms"":2217}]",https://wurlsonypicturestv.global.transmit.live/hls/68deeb1c0238cda82df543dd/v1/spt_sonykal_1/lg_us/latest/main/hls/playlist.m3u8,hls-master,https://wurlsonypicturestv.global.transmit.live/us-east-1-a/manifest/68deeb1c0238cda82df543dd/9a24091c-0411-4de8-bc4a-94fae18b76f1/v1/spt_sonykal_1/lg_us/latest/main/hls/video-avc1.4d4029-mp4a.40.2-4.m3u8?h=720&sessionStart=1791473321900&tlSession=7FOpB98JUkOe65EDPkKmj6GetF0xu6q8IzuAD-ekBs7Qdd7etA8WgiBY8Afko5y7CsxPiVWcwv3O3f_4m3TPLC0DEvRwfCNVVZHO7H9pSApqdQGrUStF-NRzX8MSZBfdrMkOo4VQLpQ-CAQz6QjwdSm2UO3FytUE7PYskT8ytjvfDhOd1QqNuOIRHzEOK4yTgXfFK3QWU4ENk6OC9gahkKTBhYwP-AXArz8fKJ-kExP33XpAVvm-eUP_74NX5Gey5VTHkfN9CfrkdZTgRyn8gzuTbsA28L3lwz-Ekt1oEJeR0dHZD--OZqSAxMu_9Gcrd1J-VT1w5Z7riK0puVT3XoYkOXCC9xE_YWxoFjoTEicyJgUAESn7XukGKa_pmwzR0YJv8r8GlIl7tGNha28A&tlSessionVer=2&uid=__USER_ID__&w=1280,720p,3425610,https://c6ea76a2.wurl.com/playlist_3000k_1564959.ts,206,2048,True,2026-10-08T15:28:11Z
348,Zee Bharat,India,ZeeBharat.in@SD,ZeeBharat.in,https://mumt03.tangotv.in/Dsly5z3HZEEBHARAT/index.m3u8,576p,WORKING,,"[{""attempt"":1,""outcome"":""WORKING"",""reason"":""HLS manifest, media playlist, and media object responded"",""http_status"":200,""final_url"":""https://mumt03.tangotv.in/Dsly5z3HZEEBHARAT/index.m3u8"",""elapsed_ms"":3198}]",https://mumt03.tangotv.in/Dsly5z3HZEEBHARAT/index.m3u8,hls-master,https://mumt03.tangotv.in/Dsly5z3HZEEBHARAT/tracks-v1a1/mono.m3u8,360p,910000,https://mumt03.tangotv.in/Dsly5z3HZEEBHARAT/tracks-v1a1/2026/10/08/15/28/18-06000.ts,206,2048,True,2026-10-08T15:28:11Z
349,Zee Business,India,ZeeBusiness.in@SD,ZeeBusiness.in,https://dwby15d04agvq.cloudfront.net/index_1.m3u8,576p,WORKING,,"[{""attempt"":1,""outcome"":""WORKING"",""reason"":""HLS manifest, media playlist, and media object responded"",""http_status"":200,""final_url"":""https://dwby15d04agvq.cloudfront.net/index_1.m3u8"",""elapsed_ms"":1818}]",https://dwby15d04agvq.cloudfront.net/index_1.m3u8,hls-media,,unknown,,https://dwby15d04agvq.cloudfront.net/index_1_17235623.ts?m=1688380594,206,2048,True,2026-10-08T15:28:11Z
350,Zee Cine Classic,India,ZeeCineClassic.in@SD,ZeeCineClassic.in,https://amg00862-amg00862c8-amgplt0173.playout.now3.amagi.tv/playlist/amg00862-amg00862c8-amgplt0173/playlist.m3u8,1080p,GEO_BLOCKED_OR_FORBIDDEN,Stream returned HTTP 403,"[{""attempt"":1,""outcome"":""GEO_BLOCKED_OR_FORBIDDEN"",""reason"":""Stream returned HTTP 403"",""http_status"":403,""final_url"":"""",""elapsed_ms"":571}]",,,,unknown,,,,0,False,2026-10-08T15:28:11Z
351,Zee Comedy Nation,India,ZeeComedyNation.in@HD,ZeeComedyNation.in,https://amg00862-amg00862c5-amgplt0173.playout.now3.amagi.tv/playlist/amg00862-amg00862c5-amgplt0173/playlist.m3u8,1080p,GEO_BLOCKED_OR_FORBIDDEN,Stream returned HTTP 403,"[{""attempt"":1,""outcome"":""GEO_BLOCKED_OR_FORBIDDEN"",""reason"":""Stream returned HTTP 403"",""http_status"":403,""final_url"":"""",""elapsed_ms"":648}]",,,,unknown,,,,0,False,2026-10-08T15:28:11Z
352,Zee Dil Se,India,ZeeDilSe.in@HD,ZeeDilSe.in,https://amg00862-amg00862c6-amgplt0173.playout.now3.amagi.tv/playlist/amg00862-amg00862c6-amgplt0173/playlist.m3u8,1080p,GEO_BLOCKED_OR_FORBIDDEN,Stream returned HTTP 403,"[{""attempt"":1,""outcome"":""GEO_BLOCKED_OR_FORBIDDEN"",""reason"":""Stream returned HTTP 403"",""http_status"":403,""final_url"":"""",""elapsed_ms"":606}]",,,,unknown,,,,0,False,2026-10-08T15:28:11Z
353,Zee Horror Nights,India,ZeeHorrorNights.in@HD,ZeeHorrorNights.in,https://amg00862-amg00862c7-amgplt0173.playout.now3.amagi.tv/playlist/amg00862-amg00862c7-amgplt0173/playlist.m3u8,1080p,GEO_BLOCKED_OR_FORBIDDEN,Stream returned HTTP 403,"[{""attempt"":1,""outcome"":""GEO_BLOCKED_OR_FORBIDDEN"",""reason"":""Stream returned HTTP 403"",""http_status"":403,""final_url"":"""",""elapsed_ms"":727}]",,,,unknown,,,,0,False,2026-10-08T15:28:11Z
354,Zee News,India,ZeeNews.in@SD,ZeeNews.in,https://mumt07.tangotv.in/zHjX9OFlZEENEWS/index.m3u8,576p,WORKING,,"[{""attempt"":1,""outcome"":""WORKING"",""reason"":""HLS manifest, media playlist, and media object responded"",""http_status"":200,""final_url"":""https://mumt07.tangotv.in/zHjX9OFlZEENEWS/index.m3u8"",""elapsed_ms"":4801}]",https://mumt07.tangotv.in/zHjX9OFlZEENEWS/index.m3u8,hls-master,https://mumt07.tangotv.in/zHjX9OFlZEENEWS/tracks-v1a1/mono.m3u8,360p,970000,https://mumt07.tangotv.in/zHjX9OFlZEENEWS/tracks-v1a1/2026/10/08/15/28/15-02000.ts,206,2048,True,2026-10-08T15:28:11Z
355,Zee South Flix,India,ZeeSouthFlix.in@HD,ZeeSouthFlix.in,https://amg00862-amg00862c9-amgplt0173.playout.now3.amagi.tv/playlist/amg00862-amg00862c9-amgplt0173/playlist.m3u8,1080p,GEO_BLOCKED_OR_FORBIDDEN,Stream returned HTTP 403,"[{""attempt"":1,""outcome"":""GEO_BLOCKED_OR_FORBIDDEN"",""reason"":""Stream returned HTTP 403"",""http_status"":403,""final_url"":"""",""elapsed_ms"":521}]",,,,unknown,,,,0,False,2026-10-08T15:28:11Z
356,&TV International (FAST),India,AndTV.in@International,AndTV.in,https://3f56f997.wurl.com/master/f36d25e7e52f1ba8d7e56eb859c636563214f541/U2Ftc3VuZy1nYl9BbmRUVl9ITFM/playlist.m3u8,1080p,WORKING,,"[{""attempt"":1,""outcome"":""WORKING"",""reason"":""HLS manifest, media playlist, and media object responded"",""http_status"":200,""final_url"":""https://3f56f997.wurl.com/master/f36d25e7e52f1ba8d7e56eb859c636563214f541/U2Ftc3VuZy1nYl9BbmRUVl9ITFM/playlist.m3u8"",""elapsed_ms"":2101}]",https://3f56f997.wurl.com/master/f36d25e7e52f1ba8d7e56eb859c636563214f541/U2Ftc3VuZy1nYl9BbmRUVl9ITFM/playlist.m3u8,hls-master,https://3f56f997.wurl.com/manifest/f36d25e7e52f1ba8d7e56eb859c636563214f541/U2Ftc3VuZy1nYl9BbmRUVl9ITFM/d2aaaf71-9f2c-4994-97f8-c8d232729072/4.m3u8,720p,3300000,https://3f56f997.wurl.com/playlist_3000k_3755529.ts,206,2048,True,2026-10-08T15:28:11Z
357,ABP News,India,ABPNews.in@SD,ABPNews.in,https://cdn.pishow.tv/ott/live/1057/master.m3u8,576p,WORKING,,"[{""attempt"":1,""outcome"":""WORKING"",""reason"":""HLS manifest, media playlist, and media object responded"",""http_status"":200,""final_url"":""https://cdn.pishow.tv/ott/live/1057/master.m3u8"",""elapsed_ms"":2723}]",https://cdn.pishow.tv/ott/live/1057/master.m3u8,hls-master,https://cdn.pishow.tv/ott/live/1057/1057_1.m3u8,576p,2340800,https://cdn.pishow.tv/ott/live/1057/1057_1_s000663.ts,206,2048,True,2026-10-08T15:28:11Z
358,B4U Kadak,India,B4UKadak.in@SD,B4UKadak.in,https://mumt06.tangotv.in/qYyB8fXVB4UKADAK/index.m3u8,576p,WORKING,,"[{""attempt"":1,""outcome"":""WORKING"",""reason"":""HLS manifest, media playlist, and media object responded"",""http_status"":200,""final_url"":""https://mumt06.tangotv.in/qYyB8fXVB4UKADAK/index.m3u8"",""elapsed_ms"":4096}]",https://mumt06.tangotv.in/qYyB8fXVB4UKADAK/index.m3u8,hls-master,https://mumt06.tangotv.in/qYyB8fXVB4UKADAK/tracks-v1a1/mono.m3u8,360p,640000,https://mumt06.tangotv.in/qYyB8fXVB4UKADAK/tracks-v1a1/2026/10/08/15/28/12-06000.ts,206,2048,True,2026-10-08T15:28:11Z
359,B4U Movies,India,B4UMovies.in@India,B4UMovies.in,https://mumt06.tangotv.in/qYyB8fXVB4UMOVIES/index.m3u8,576p,WORKING,,"[{""attempt"":1,""outcome"":""WORKING"",""reason"":""HLS manifest, media playlist, and media object responded"",""http_status"":200,""final_url"":""https://mumt06.tangotv.in/qYyB8fXVB4UMOVIES/index.m3u8"",""elapsed_ms"":3150}]",https://mumt06.tangotv.in/qYyB8fXVB4UMOVIES/index.m3u8,hls-master,https://mumt06.tangotv.in/qYyB8fXVB4UMOVIES/tracks-v1a1/mono.m3u8,360p,790000,https://mumt06.tangotv.in/qYyB8fXVB4UMOVIES/tracks-v1a1/2026/10/08/15/28/16-06000.ts,206,2048,True,2026-10-08T15:28:11Z
360,B4U Music,India,B4UMusic.in@India,B4UMusic.in,https://cdn.pishow.tv/ott/live/415/master.m3u8,576p,WORKING,,"[{""attempt"":1,""outcome"":""WORKING"",""reason"":""HLS manifest, media playlist, and media object responded"",""http_status"":200,""final_url"":""https://cdn.pishow.tv/ott/live/415/master.m3u8"",""elapsed_ms"":2264}]",https://cdn.pishow.tv/ott/live/415/master.m3u8,hls-master,https://cdn.pishow.tv/ott/live/415/415_1.m3u8,576p,2340800,https://cdn.pishow.tv/ott/live/415/415_1_s000680.ts,206,2048,True,2026-10-08T15:28:11Z
361,BT TV,India,BTTV.in@SD,BTTV.in,https://feeds.intoday.in/bttv/itgd.m3u8,720p,WORKING,,"[{""attempt"":1,""outcome"":""WORKING"",""reason"":""HLS manifest, media playlist, and media object responded"",""http_status"":200,""final_url"":""https://feeds.intoday.in/bttv/itgd.m3u8"",""elapsed_ms"":3993}]",https://feeds.intoday.in/bttv/itgd.m3u8,hls-master,https://bttvlive-amd.akamaized.net/hls/live/2096488-b/live/bttv/bttv2/chunklist.m3u8,720p,1513600,https://bttvlive-amd.akamaized.net/hls/live/2096488-b/live/bttv/bttv2/chunklist_20261008T152739_21237.ts,206,2048,True,2026-10-08T15:28:11Z
362,CNBC Awaaz,India,CNBCAwaaz.in@SD,CNBCAwaaz.in,https://n18syndication.akamaized.net/bpk-tv/CNBC_Awaaz_NW18_MOB/output01/CNBC_Awaaz_NW18_MOB-audio_98835_hin=98800-video=1272000.m3u8,720p,WORKING,,"[{""attempt"":1,""outcome"":""WORKING"",""reason"":""HLS manifest, media playlist, and media object responded"",""http_status"":200,""final_url"":""https://n18syndication.akamaized.net/bpk-tv/CNBC_Awaaz_NW18_MOB/output01/CNBC_Awaaz_NW18_MOB-audio_98835_hin=98800-video=1272000.m3u8"",""elapsed_ms"":2150}]",https://n18syndication.akamaized.net/bpk-tv/CNBC_Awaaz_NW18_MOB/output01/CNBC_Awaaz_NW18_MOB-audio_98835_hin=98800-video=1272000.m3u8,hls-media,,unknown,,https://n18syndication.akamaized.net/bpk-tv/CNBC_Awaaz_NW18_MOB/output01/CNBC_Awaaz_NW18_MOB-audio_98835_hin=98800-video=1272000-298578787.ts,206,2048,True,2026-10-08T15:28:11Z
363,CNBC TV18,India,CNBCTV18.in@SD,CNBCTV18.in,https://n18syndication.akamaized.net/bpk-tv/CNBC_TV18_NW18_MOB/output01/CNBC_TV18_NW18_MOB-audio_98835_hin=98800-video=1272000.m3u8,720p,WORKING,,"[{""attempt"":1,""outcome"":""WORKING"",""reason"":""HLS manifest, media playlist, and media object responded"",""http_status"":200,""final_url"":""https://n18syndication.akamaized.net/bpk-tv/CNBC_TV18_NW18_MOB/output01/CNBC_TV18_NW18_MOB-audio_98835_hin=98800-video=1272000.m3u8"",""elapsed_ms"":2689}]",https://n18syndication.akamaized.net/bpk-tv/CNBC_TV18_NW18_MOB/output01/CNBC_TV18_NW18_MOB-audio_98835_hin=98800-video=1272000.m3u8,hls-media,,unknown,,https://n18syndication.akamaized.net/bpk-tv/CNBC_TV18_NW18_MOB/output01/CNBC_TV18_NW18_MOB-audio_98835_hin=98800-video=1272000-298578786.ts,206,2048,True,2026-10-08T15:28:11Z
364,Dangal 2,India,Dangal2.in@SD,Dangal2.in,https://mumt03.tangotv.in/Dsly5z3HDANGAL2/index.m3u8,576p,WORKING,,"[{""attempt"":1,""outcome"":""WORKING"",""reason"":""HLS manifest, media playlist, and media object responded"",""http_status"":200,""final_url"":""https://mumt03.tangotv.in/Dsly5z3HDANGAL2/index.m3u8"",""elapsed_ms"":4003}]",https://mumt03.tangotv.in/Dsly5z3HDANGAL2/index.m3u8,hls-master,https://mumt03.tangotv.in/Dsly5z3HDANGAL2/tracks-v1a1/mono.m3u8,720p,1990000,https://mumt03.tangotv.in/Dsly5z3HDANGAL2/tracks-v1a1/2026/10/08/15/28/16-06000.ts,206,2048,True,2026-10-08T15:28:11Z
365,Dangal TV,India,DangalTV.in@SD,DangalTV.in,https://cdn.pishow.tv/ott/live/1141/master.m3u8,576p,WORKING,,"[{""attempt"":1,""outcome"":""WORKING"",""reason"":""HLS manifest, media playlist, and media object responded"",""http_status"":200,""final_url"":""https://cdn.pishow.tv/ott/live/1141/master.m3u8"",""elapsed_ms"":2177}]",https://cdn.pishow.tv/ott/live/1141/master.m3u8,hls-master,https://cdn.pishow.tv/ott/live/1141/1141_1.m3u8,576p,2340800,https://cdn.pishow.tv/ott/live/1141/1141_1_s000705.ts,206,2048,True,2026-10-08T15:28:11Z
366,DD Bharati,India,DDBharati.in@SD,DDBharati.in,https://cdn.pishow.tv/ott/live/10/master.m3u8,720p,WORKING,,"[{""attempt"":1,""outcome"":""WORKING"",""reason"":""HLS manifest, media playlist, and media object responded"",""http_status"":200,""final_url"":""https://cdn.pishow.tv/ott/live/10/master.m3u8"",""elapsed_ms"":2353}]",https://cdn.pishow.tv/ott/live/10/master.m3u8,hls-master,https://cdn.pishow.tv/ott/live/10/10_1.m3u8,576p,2340800,https://cdn.pishow.tv/ott/live/10/10_1_s000729.ts,206,2048,True,2026-10-08T15:28:11Z
367,DD India,India,DDIndia.in@SD,DDIndia.in,https://cdn.pishow.tv/ott/live/23/master.m3u8,576p,WORKING,,"[{""attempt"":1,""outcome"":""WORKING"",""reason"":""HLS manifest, media playlist, and media object responded"",""http_status"":200,""final_url"":""https://cdn.pishow.tv/ott/live/23/master.m3u8"",""elapsed_ms"":2188}]",https://cdn.pishow.tv/ott/live/23/master.m3u8,hls-master,https://cdn.pishow.tv/ott/live/23/23_1.m3u8,576p,2340800,https://cdn.pishow.tv/ott/live/23/23_1_s000703.ts,206,2048,True,2026-10-08T15:28:11Z
368,DD National,India,DDNational.in@SD,DDNational.in,https://cdn.pishow.tv/ott/live/11/master.m3u8,576p,WORKING,,"[{""attempt"":1,""outcome"":""WORKING"",""reason"":""HLS manifest, media playlist, and media object responded"",""http_status"":200,""final_url"":""https://cdn.pishow.tv/ott/live/11/master.m3u8"",""elapsed_ms"":2188}]",https://cdn.pishow.tv/ott/live/11/master.m3u8,hls-master,https://cdn.pishow.tv/ott/live/11/11_1.m3u8,576p,2340800,https://cdn.pishow.tv/ott/live/11/11_1_s000720.ts,206,2048,True,2026-10-08T15:28:11Z
369,DD News,India,DDNews.in@SD,DDNews.in,https://streams.tangotv.in/DDNEWS/ORIGIN/index.m3u8,576p,WORKING,,"[{""attempt"":1,""outcome"":""WORKING"",""reason"":""HLS manifest, media playlist, and media object responded"",""http_status"":200,""final_url"":""https://streams.tangotv.in/DDNEWS/ORIGIN/index.m3u8"",""elapsed_ms"":6274}]",https://streams.tangotv.in/DDNEWS/ORIGIN/index.m3u8,hls-master,https://streams.tangotv.in/DDNEWS/ORIGIN/tracks-v1a1/mono.m3u8,360p,970000,https://streams.tangotv.in/DDNEWS/ORIGIN/tracks-v1a1/2026/10/08/15/28/14-04000.ts,206,2048,True,2026-10-08T15:28:11Z
370,Epic Bharat,India,EpicBharat.in@SD,EpicBharat.in,https://mumt06.tangotv.in/qYyB8fXVEPICTV/index.m3u8,576p,WORKING,,"[{""attempt"":1,""outcome"":""WORKING"",""reason"":""HLS manifest, media playlist, and media object responded"",""http_status"":200,""final_url"":""https://mumt06.tangotv.in/qYyB8fXVEPICTV/index.m3u8"",""elapsed_ms"":4409}]",https://mumt06.tangotv.in/qYyB8fXVEPICTV/index.m3u8,hls-master,https://mumt06.tangotv.in/qYyB8fXVEPICTV/tracks-v1a1/mono.m3u8,720p,1780000,https://mumt06.tangotv.in/qYyB8fXVEPICTV/tracks-v1a1/2026/10/08/15/28/32-06000.ts,206,2048,True,2026-10-08T15:28:11Z
371,Epic Kids,India,EpicKids.in@Digital,EpicKids.in,https://cc-t8lqe1o99pszu.akamaized.net/v1/master/3722c60a815c199d9c0ef36c5b73da68a62b09d1/cc-t8lqe1o99pszu/playlist.m3u8,1080p,WORKING,,"[{""attempt"":1,""outcome"":""WORKING"",""reason"":""HLS manifest, media playlist, and media object responded"",""http_status"":200,""final_url"":""https://cc-t8lqe1o99pszu.akamaized.net/v1/master/3722c60a815c199d9c0ef36c5b73da68a62b09d1/cc-t8lqe1o99pszu/playlist.m3u8"",""elapsed_ms"":5123}]",https://cc-t8lqe1o99pszu.akamaized.net/v1/master/3722c60a815c199d9c0ef36c5b73da68a62b09d1/cc-t8lqe1o99pszu/playlist.m3u8,hls-master,https://cc-t8lqe1o99pszu.akamaized.net/v1/manifest/3722c60a815c199d9c0ef36c5b73da68a62b09d1/cc-t8lqe1o99pszu/33192f89-ecff-4c07-b908-ea9d928c115b/1.m3u8,720p,3000000,https://live-epickids-samsungtv.videostech.cloud/in10/epickids-o_720p/l_184_414224000_387760.ts?coppa=1,206,2048,True,2026-10-08T15:28:11Z
372,Epic Music,India,EpicMusic.in@SD,EpicMusic.in,https://mumt04.tangotv.in/m18aqlK4EPICMUSIC/index.m3u8,576p,WORKING,,"[{""attempt"":1,""outcome"":""WORKING"",""reason"":""HLS manifest, media playlist, and media object responded"",""http_status"":200,""final_url"":""https://mumt04.tangotv.in/m18aqlK4EPICMUSIC/index.m3u8"",""elapsed_ms"":5125}]",https://mumt04.tangotv.in/m18aqlK4EPICMUSIC/index.m3u8,hls-master,https://mumt04.tangotv.in/m18aqlK4EPICMUSIC/tracks-v1a1/mono.m3u8,720p,1950000,https://mumt04.tangotv.in/m18aqlK4EPICMUSIC/tracks-v1a1/2026/10/08/15/28/15-06000.ts,206,2048,True,2026-10-08T15:28:11Z
373,Epic TV,India,EpicTV.in@Digital,EpicTV.in,https://cc-czbq30x55knit.akamaized.net/v1/master/3722c60a815c199d9c0ef36c5b73da68a62b09d1/cc-czbq30x55knit/DIYC/PMSL/IN10/Epic_TV_IN_B/Epic_TV_IN_B.m3u8,1080p,GEO_BLOCKED_OR_FORBIDDEN,HLS media object returned HTTP 403,"[{""attempt"":1,""outcome"":""GEO_BLOCKED_OR_FORBIDDEN"",""reason"":""HLS media object returned HTTP 403"",""http_status"":403,""final_url"":""https://cc-czbq30x55knit.akamaized.net/v1/manifest/3722c60a815c199d9c0ef36c5b73da68a62b09d1/cc-czbq30x55knit/51e3f31c-e722-41ac-9cb8-701939f239b2/1.m3u8"",""elapsed_ms"":4141}]",https://cc-czbq30x55knit.akamaized.net/v1/manifest/3722c60a815c199d9c0ef36c5b73da68a62b09d1/cc-czbq30x55knit/51e3f31c-e722-41ac-9cb8-701939f239b2/1.m3u8,hls-master,https://cc-czbq30x55knit.akamaized.net/v1/manifest/3722c60a815c199d9c0ef36c5b73da68a62b09d1/cc-czbq30x55knit/51e3f31c-e722-41ac-9cb8-701939f239b2/1.m3u8,720p,2890800,https://cc-czbq30x55knit.akamaized.net/DIYC/PMSL/IN10/Epic_TV_IN_B/Epic_TV_IN_B_720_31552.ts,,0,False,2026-10-08T15:28:11Z
374,Food Food,India,FoodFood.in@SD,FoodFood.in,https://cdn.pishow.tv/ott/live/267/master.m3u8,576p,WORKING,,"[{""attempt"":1,""outcome"":""WORKING"",""reason"":""HLS manifest, media playlist, and media object responded"",""http_status"":200,""final_url"":""https://cdn.pishow.tv/ott/live/267/master.m3u8"",""elapsed_ms"":2750}]",https://cdn.pishow.tv/ott/live/267/master.m3u8,hls-master,https://cdn.pishow.tv/ott/live/267/267_1.m3u8,576p,2340800,https://cdn.pishow.tv/ott/live/267/267_1_s000737.ts,206,2048,True,2026-10-08T15:28:11Z
375,Goldmines,India,Goldmines.in@SD,Goldmines.in,https://cdn.pishow.tv/ott/live/1459/master.m3u8,576p,WORKING,,"[{""attempt"":1,""outcome"":""WORKING"",""reason"":""HLS manifest, media playlist, and media object responded"",""http_status"":200,""final_url"":""https://cdn.pishow.tv/ott/live/1459/master.m3u8"",""elapsed_ms"":2711}]",https://cdn.pishow.tv/ott/live/1459/master.m3u8,hls-master,https://cdn.pishow.tv/ott/live/1459/1459_1.m3u8,576p,2340800,https://cdn.pishow.tv/ott/live/1459/1459_1_s000694.ts,206,2048,True,2026-10-08T15:28:11Z
376,Goldmines Bollywood,India,GoldminesBollywood.in@SD,GoldminesBollywood.in,https://mumt03.tangotv.in/Dsly5z3HGOLDMINESBOLLYWOOD/index.m3u8,576p,WORKING,,"[{""attempt"":1,""outcome"":""WORKING"",""reason"":""HLS manifest, media playlist, and media object responded"",""http_status"":200,""final_url"":""https://mumt03.tangotv.in/Dsly5z3HGOLDMINESBOLLYWOOD/index.m3u8"",""elapsed_ms"":2748}]",https://mumt03.tangotv.in/Dsly5z3HGOLDMINESBOLLYWOOD/index.m3u8,hls-master,https://mumt03.tangotv.in/Dsly5z3HGOLDMINESBOLLYWOOD/tracks-v1a1/mono.m3u8,360p,1430000,https://mumt03.tangotv.in/Dsly5z3HGOLDMINESBOLLYWOOD/tracks-v1a1/2026/10/08/15/28/16-06000.ts,206,2048,True,2026-10-08T15:28:11Z
377,Goldmines Movies,India,GoldminesMovies.in@SD,GoldminesMovies.in,https://cdn.pishow.tv/ott/live/1461/master.m3u8,576p,WORKING,,"[{""attempt"":1,""outcome"":""WORKING"",""reason"":""HLS manifest, media playlist, and media object responded"",""http_status"":200,""final_url"":""https://cdn.pishow.tv/ott/live/1461/master.m3u8"",""elapsed_ms"":2533}]",https://cdn.pishow.tv/ott/live/1461/master.m3u8,hls-master,https://cdn.pishow.tv/ott/live/1461/1461_1.m3u8,576p,2340800,https://cdn.pishow.tv/ott/live/1461/1461_1_s000678.ts,206,2048,True,2026-10-08T15:28:11Z
378,India Today,India,IndiaToday.in@SD,IndiaToday.in,https://d1rc86nwwc9fag.cloudfront.net/vglive-sk-293160/master.m3u8,720p,WORKING,,"[{""attempt"":1,""outcome"":""WORKING"",""reason"":""HLS manifest, media playlist, and media object responded"",""http_status"":200,""final_url"":""https://d1rc86nwwc9fag.cloudfront.net/vglive-sk-293160/master.m3u8"",""elapsed_ms"":2209}]",https://d1rc86nwwc9fag.cloudfront.net/vglive-sk-293160/master.m3u8,hls-master,https://d1rc86nwwc9fag.cloudfront.net/vglive-sk-293160/vid/indiatoday-v2/p/live_720p/chunks.m3u8,720p,1500000,https://d1rc86nwwc9fag.cloudfront.net/vglive-sk-293160/vid/indiatoday-v2/p/live_720p/l_4536174000_759902.ts,206,2048,True,2026-10-08T15:28:11Z
379,India TV,India,IndiaTV.in@SD,IndiaTV.in,https://streams.tangotv.in/INDIATV/ORIGIN/index.m3u8,576p,WORKING,,"[{""attempt"":1,""outcome"":""WORKING"",""reason"":""HLS manifest, media playlist, and media object responded"",""http_status"":200,""final_url"":""https://streams.tangotv.in/INDIATV/ORIGIN/index.m3u8"",""elapsed_ms"":6045}]",https://streams.tangotv.in/INDIATV/ORIGIN/index.m3u8,hls-master,https://streams.tangotv.in/INDIATV/ORIGIN/tracks-v1a1/mono.m3u8,360p,970000,https://streams.tangotv.in/INDIATV/ORIGIN/tracks-v1a1/2026/10/08/15/28/32-06000.ts,206,2048,True,2026-10-08T15:28:11Z
380,Music India,India,MusicIndia.in@SD,MusicIndia.in,https://mumt05.tangotv.in/87NeALx2MUSICINDIA/index.m3u8,576p,WORKING,,"[{""attempt"":1,""outcome"":""WORKING"",""reason"":""HLS manifest, media playlist, and media object responded"",""http_status"":200,""final_url"":""https://mumt05.tangotv.in/87NeALx2MUSICINDIA/index.m3u8"",""elapsed_ms"":3688}]",https://mumt05.tangotv.in/87NeALx2MUSICINDIA/index.m3u8,hls-master,https://mumt05.tangotv.in/87NeALx2MUSICINDIA/tracks-v1a1/mono.m3u8,720p,2120000,https://mumt05.tangotv.in/87NeALx2MUSICINDIA/tracks-v1a1/2026/10/08/15/28/20-06000.ts,206,2048,True,2026-10-08T15:28:11Z
381,NDTV 24x7,India,NDTV24x7.in@SD,NDTV24x7.in,https://ndtv24x7elemarchana.akamaized.net/hls/live/2003678/ndtv24x7/master.m3u8,480p,WORKING,,"[{""attempt"":1,""outcome"":""WORKING"",""reason"":""HLS manifest, media playlist, and media object responded"",""http_status"":200,""final_url"":""https://ndtv24x7elemarchana.akamaized.net/hls/live/2003678/ndtv24x7/master.m3u8"",""elapsed_ms"":2865}]",https://ndtv24x7elemarchana.akamaized.net/hls/live/2003678/ndtv24x7/master.m3u8,hls-master,https://ndtv24x7elemarchana.akamaized.net/hls/live/2003678/ndtv24x7/masterp_720p@3.m3u8,720p,3330800,https://ndtv24x7elemarchana.akamaized.net/hls/live/2003678/ndtv24x7/masterp_720p@320261008T152802_178825.ts,206,2048,True,2026-10-08T15:28:11Z
382,NDTV India,India,NDTVIndia.in@SD,NDTVIndia.in,https://cdn.pishow.tv/ott/live/299/master.m3u8,576p,WORKING,,"[{""attempt"":1,""outcome"":""WORKING"",""reason"":""HLS manifest, media playlist, and media object responded"",""http_status"":200,""final_url"":""https://cdn.pishow.tv/ott/live/299/master.m3u8"",""elapsed_ms"":2438}]",https://cdn.pishow.tv/ott/live/299/master.m3u8,hls-master,https://cdn.pishow.tv/ott/live/299/299_1.m3u8,576p,2340800,https://cdn.pishow.tv/ott/live/299/299_1_s000659.ts,206,2048,True,2026-10-08T15:28:11Z
383,NDTV Profit,India,NDTVProfit.in@SD,NDTVProfit.in,https://cdn.pishow.tv/ott/live/1287/master.m3u8,576p,WORKING,,"[{""attempt"":1,""outcome"":""WORKING"",""reason"":""HLS manifest, media playlist, and media object responded"",""http_status"":200,""final_url"":""https://cdn.pishow.tv/ott/live/1287/master.m3u8"",""elapsed_ms"":2511}]",https://cdn.pishow.tv/ott/live/1287/master.m3u8,hls-master,https://cdn.pishow.tv/ott/live/1287/1287_1.m3u8,576p,2340800,https://cdn.pishow.tv/ott/live/1287/1287_1_s000680.ts,206,2048,True,2026-10-08T15:28:11Z
384,News18 India,India,News18India.in@SD,News18India.in,https://n18syndication.akamaized.net/bpk-tv/News18_India_NW18_MOB/output01/News18_India_NW18_MOB-audio_98835_hin=98800-video=2293600.m3u8,720p,WORKING,,"[{""attempt"":1,""outcome"":""WORKING"",""reason"":""HLS manifest, media playlist, and media object responded"",""http_status"":200,""final_url"":""https://n18syndication.akamaized.net/bpk-tv/News18_India_NW18_MOB/output01/News18_India_NW18_MOB-audio_98835_hin=98800-video=2293600.m3u8"",""elapsed_ms"":2584}]",https://n18syndication.akamaized.net/bpk-tv/News18_India_NW18_MOB/output01/News18_India_NW18_MOB-audio_98835_hin=98800-video=2293600.m3u8,hls-media,,unknown,,https://n18syndication.akamaized.net/bpk-tv/News18_India_NW18_MOB/output01/News18_India_NW18_MOB-audio_98835_hin=98800-video=2293600-298578787.ts,206,2048,True,2026-10-08T15:28:11Z
385,Q TV,India,QTV.in@SD,QTV.in,https://mumt05.tangotv.in/87NeALx2THEQ/index.m3u8,576p,WORKING,,"[{""attempt"":1,""outcome"":""BROKEN"",""reason"":""HLS media object returned HTTP 404"",""http_status"":404,""final_url"":""https://mumt05.tangotv.in/87NeALx2THEQ/tracks-v1a1/mono.m3u8"",""elapsed_ms"":3857},{""attempt"":2,""outcome"":""WORKING"",""reason"":""HLS manifest, media playlist, and media object responded"",""http_status"":200,""final_url"":""https://mumt05.tangotv.in/87NeALx2THEQ/index.m3u8"",""elapsed_ms"":1703}]",https://mumt05.tangotv.in/87NeALx2THEQ/index.m3u8,hls-master,https://mumt05.tangotv.in/87NeALx2THEQ/tracks-v1a1/mono.m3u8,360p,970000,https://mumt05.tangotv.in/87NeALx2THEQ/tracks-v1a1/2026/10/08/15/28/23-06000.ts,206,2048,True,2026-10-08T15:28:11Z
386,Republic Bharat,India,RepublicBharat.in@SD,RepublicBharat.in,https://streams.tangotv.in/REPUBLICBHARAT/ORIGIN/index.m3u8,576p,WORKING,,"[{""attempt"":1,""outcome"":""WORKING"",""reason"":""HLS manifest, media playlist, and media object responded"",""http_status"":200,""final_url"":""https://streams.tangotv.in/REPUBLICBHARAT/ORIGIN/index.m3u8"",""elapsed_ms"":4705}]",https://streams.tangotv.in/REPUBLICBHARAT/ORIGIN/index.m3u8,hls-master,https://streams.tangotv.in/REPUBLICBHARAT/ORIGIN/tracks-v1a1/mono.m3u8,360p,970000,https://streams.tangotv.in/REPUBLICBHARAT/ORIGIN/tracks-v1a1/2026/10/08/15/28/24-06000.ts,206,2048,True,2026-10-08T15:28:11Z
387,Republic TV,India,RepublicTV.in@SD,RepublicTV.in,https://streams.tangotv.in/REPUBLICTV/ORIGIN/index.m3u8,576p,WORKING,,"[{""attempt"":1,""outcome"":""WORKING"",""reason"":""HLS manifest, media playlist, and media object responded"",""http_status"":200,""final_url"":""https://streams.tangotv.in/REPUBLICTV/ORIGIN/index.m3u8"",""elapsed_ms"":4216}]",https://streams.tangotv.in/REPUBLICTV/ORIGIN/index.m3u8,hls-master,https://streams.tangotv.in/REPUBLICTV/ORIGIN/tracks-v1a1/mono.m3u8,360p,970000,https://streams.tangotv.in/REPUBLICTV/ORIGIN/tracks-v1a1/2026/10/08/15/28/38-06000.ts,206,2048,True,2026-10-08T15:28:11Z
388,Shemaroo Josh,India,ShemarooJosh.in@SD,ShemarooJosh.in,https://cdn.pishow.tv/ott/live/337/master.m3u8,576p,WORKING,,"[{""attempt"":1,""outcome"":""WORKING"",""reason"":""HLS manifest, media playlist, and media object responded"",""http_status"":200,""final_url"":""https://cdn.pishow.tv/ott/live/337/master.m3u8"",""elapsed_ms"":6842}]",https://cdn.pishow.tv/ott/live/337/master.m3u8,hls-master,https://cdn.pishow.tv/ott/live/337/337_1.m3u8,576p,2340800,https://cdn.pishow.tv/ott/live/337/337_1_s000703.ts,206,2048,True,2026-10-08T15:28:11Z
389,Shemaroo TV,India,ShemarooTV.in@SD,ShemarooTV.in,https://mumt06.tangotv.in/qYyB8fXVSHEMAROOTV/index.m3u8,576p,WORKING,,"[{""attempt"":1,""outcome"":""WORKING"",""reason"":""HLS manifest, media playlist, and media object responded"",""http_status"":200,""final_url"":""https://mumt06.tangotv.in/qYyB8fXVSHEMAROOTV/index.m3u8"",""elapsed_ms"":7068}]",https://mumt06.tangotv.in/qYyB8fXVSHEMAROOTV/index.m3u8,hls-master,https://mumt06.tangotv.in/qYyB8fXVSHEMAROOTV/tracks-v1a1/mono.m3u8,720p,1690000,https://mumt06.tangotv.in/qYyB8fXVSHEMAROOTV/tracks-v1a1/2026/10/08/15/28/16-06000.ts,206,2048,True,2026-10-08T15:28:11Z
390,Shemaroo Umang,India,ShemarooUmang.in@SD,ShemarooUmang.in,https://mumt04.tangotv.in/m18aqlK4SHEMAROOUMANG/index.m3u8,576p,WORKING,,"[{""attempt"":1,""outcome"":""WORKING"",""reason"":""HLS manifest, media playlist, and media object responded"",""http_status"":200,""final_url"":""https://mumt04.tangotv.in/m18aqlK4SHEMAROOUMANG/index.m3u8"",""elapsed_ms"":3052}]",https://mumt04.tangotv.in/m18aqlK4SHEMAROOUMANG/index.m3u8,hls-master,https://mumt04.tangotv.in/m18aqlK4SHEMAROOUMANG/tracks-v1a1/mono.m3u8,720p,2030000,https://mumt04.tangotv.in/m18aqlK4SHEMAROOUMANG/tracks-v1a1/2026/10/08/15/28/24-06000.ts,206,2048,True,2026-10-08T15:28:11Z
391,Times Now,India,TimesNow.in@SD,TimesNow.in,https://dztlhgid9me95.cloudfront.net/live-tv/Vidgyor/timesnow/timesnow_master.m3u8,720p,GEO_BLOCKED_OR_FORBIDDEN,Stream returned HTTP 403,"[{""attempt"":1,""outcome"":""GEO_BLOCKED_OR_FORBIDDEN"",""reason"":""Stream returned HTTP 403"",""http_status"":403,""final_url"":"""",""elapsed_ms"":656}]",,,,unknown,,,,0,False,2026-10-08T15:28:11Z
392,Times Now Navbharat,India,TimesNowNavbharat.in@SD,TimesNowNavbharat.in,https://streams.tangotv.in/TIMESNOWNAVBHARAT/ORIGIN/index.m3u8,576p,WORKING,,"[{""attempt"":1,""outcome"":""WORKING"",""reason"":""HLS manifest, media playlist, and media object responded"",""http_status"":200,""final_url"":""https://streams.tangotv.in/TIMESNOWNAVBHARAT/ORIGIN/index.m3u8"",""elapsed_ms"":4101}]",https://streams.tangotv.in/TIMESNOWNAVBHARAT/ORIGIN/index.m3u8,hls-master,https://streams.tangotv.in/TIMESNOWNAVBHARAT/ORIGIN/tracks-v1a1/mono.m3u8,360p,970000,https://streams.tangotv.in/TIMESNOWNAVBHARAT/ORIGIN/tracks-v1a1/2026/10/08/15/28/42-06000.ts,206,2048,True,2026-10-08T15:28:11Z
393,TV9 Bharatvarsh,India,TV9Bharatvarsh.in@SD,TV9Bharatvarsh.in,https://streams.tangotv.in/TV9BHARATVARSH/ORIGIN/index.m3u8,576p,WORKING,,"[{""attempt"":1,""outcome"":""WORKING"",""reason"":""HLS manifest, media playlist, and media object responded"",""http_status"":200,""final_url"":""https://streams.tangotv.in/TV9BHARATVARSH/ORIGIN/index.m3u8"",""elapsed_ms"":3649}]",https://streams.tangotv.in/TV9BHARATVARSH/ORIGIN/index.m3u8,hls-master,https://streams.tangotv.in/TV9BHARATVARSH/ORIGIN/tracks-v1a1/mono.m3u8,360p,950000,https://streams.tangotv.in/TV9BHARATVARSH/ORIGIN/tracks-v1a1/2026/10/08/15/28/26-06000.ts,206,2048,True,2026-10-08T15:28:11Z
394,WION,India,WION.in@SD,WION.in,https://d7x8z4yuq42qn.cloudfront.net/index_1.m3u8,720p,WORKING,,"[{""attempt"":1,""outcome"":""WORKING"",""reason"":""HLS manifest, media playlist, and media object responded"",""http_status"":200,""final_url"":""https://d7x8z4yuq42qn.cloudfront.net/index_1.m3u8"",""elapsed_ms"":2408}]",https://d7x8z4yuq42qn.cloudfront.net/index_1.m3u8,hls-media,,unknown,,https://d7x8z4yuq42qn.cloudfront.net/index_1_17146559.ts?m=1685454710,206,2048,True,2026-10-08T15:28:11Z
395,YRF Music,India,YRFMusic.in@SD,YRFMusic.in,https://cdn-uw2-prod.tsv2.amagi.tv/linear/amg01412-xiaomiasia-yrfmusic-xiaomi/playlist.m3u8,1080p,WORKING,,"[{""attempt"":1,""outcome"":""WORKING"",""reason"":""HLS manifest, media playlist, and media object responded"",""http_status"":200,""final_url"":""https://amg01412-xiaomiasia-yrfmusic-xiaomi-1rmk2.amagi.tv/playlist/amg01412-xiaomiasia-yrfmusic-xiaomi/playlist.m3u8"",""elapsed_ms"":4283}]",https://amg01412-xiaomiasia-yrfmusic-xiaomi-1rmk2.amagi.tv/playlist/amg01412-xiaomiasia-yrfmusic-xiaomi/playlist.m3u8,hls-master,https://amg01412-xiaomiasia-yrfmusic-xiaomi-1rmk2.amagi.tv/ts-eu-w1-n2/playlist/amg01412-xiaomiasia-yrfmusic-xiaomi/cb57351e657b63909bc23d78d1f04582f75033dc087597282bec49cf2090431ddda1a29bb818b43d1e801ec0611879075932cc1fda2e08da8d79aa02297d16229b85e07cd19d0f00b4db06292dbb721f50a80e777c146901b12fefd0e44dd4036735da4b0870208cb30af85473ffb27fee5fb55f60ef4b0f081f1dc01d08cf8b660c2b696c67fc1ff9e04017cb6c58b2dc5fba8c4de6c0850cc0169453c9a24c01c5a9e067f7e5bb5ade15e33a0d18076e8dc209fb3ad660bbe80b6ccd0b4d6b1f47e8a6d9992459d316130ca8ad88d7cd9e623752d3710f2d9320e11a0b68af4cb87887ab2285b8a9d052447694c54968349aa7caf6fd343eb273e8effdcb3e749cf7186c4f846ed027283395ef8445ca9367f6cc438fd63a4dd8a15ec8652bd4f7b0479745177b9c65ff1e4f0a6dcd9c/30/1280x720_2300392/index.m3u8,720p,2300392,https://amg01412-xiaomiasia-yrfmusic-xiaomi-1rmk2.amagi.tv/ts-eu-w1-n2/beacon/amg01412-xiaomiasia-yrfmusic-xiaomi/cb57351e657b63909bc23d78d1f04582f75033dc087597282bec49cf2090431ddda1a29bb818b43d1e801ec0611879075932cc1fda2e08da8d79aa02297d16229b85e07cd19d0f00b4db06292dbb721f50a80e777c146901b12fefd0e44dd4036735da4b0870208cb30af85473ffb27fee5fb55f60ef4b0f081f1dc01d08cf8b660c2b696c67fc1ff9e04017cb6c58b2dc5fba8c4de6c0850cc0169453c9a24c01c5a9e067f7e5bb5ade15e33a0d18076e8dc209fb3ad660bbe80b6ccd0b4d6b1f47e8a6d9992459d316130ca8ad88d7cd9e623752d3710f2d9320e11a0b68af4cb87887ab2285b8a9d052447694c54968349aa7caf6fd343eb273e8effdcb3e749cf7186c4f846ed027283395ef8445ca9367f6cc438fd63a4dd8a15ec8652bd4f7b0479745177b9c65ff1e4f0a6dcd9c/1280x720_2300392?bcn=1&ca=0&cid=roadtripmix&dur=4.000000&media_type=C&redirect_url=https%3A%2F%2Famagi.kableone.com%2Fhls%2Flive%2F2111218%2FYrfMusic%2F2-447871528.ts&seen-ad=1&seg_id=447871528&user_id=f4e764b9-c32c-11f1-b784-9639378811f0,206,2048,True,2026-10-08T15:28:11Z
396,Zoom,India,Zoom.in@SD,Zoom.in,https://d2esfk1pb9cdob.cloudfront.net/master.m3u8,576p,WORKING,,"[{""attempt"":1,""outcome"":""WORKING"",""reason"":""HLS manifest, media playlist, and media object responded"",""http_status"":200,""final_url"":""https://d2esfk1pb9cdob.cloudfront.net/master.m3u8"",""elapsed_ms"":3479}]",https://d2esfk1pb9cdob.cloudfront.net/master.m3u8,hls-master,https://d2esfk1pb9cdob.cloudfront.net/chunklist_0.m3u8,720p,1628000,https://d2esfk1pb9cdob.cloudfront.net/media_0_8630364.ts,206,2048,True,2026-10-08T15:28:11Z
397,Afghanistan International,Afghanistan,AfghanistanInternational.uk@SD,AfghanistanInternational.uk,https://hls.afintl.com/hls/stream.m3u8,720p,WORKING,,"[{""attempt"":1,""outcome"":""WORKING"",""reason"":""HLS manifest, media playlist, and media object responded"",""http_status"":200,""final_url"":""https://hls.afintl.com/hls/stream.m3u8"",""elapsed_ms"":1856}]",https://hls.afintl.com/hls/stream.m3u8,hls-media,,unknown,,https://hls.afintl.com/hls/stream-2263096.ts,206,2048,True,2026-10-08T15:28:11Z
398,Amu TV,Afghanistan,AmuTV.us@SD,AmuTV.us,https://jmc-live.ercdn.net/amutv/amutv.m3u8,unknown,WORKING,,"[{""attempt"":1,""outcome"":""WORKING"",""reason"":""HLS manifest, media playlist, and media object responded"",""http_status"":200,""final_url"":""https://jmc-live.ercdn.net/amutv/amutv.m3u8"",""elapsed_ms"":4374}]",https://jmc-live.ercdn.net/amutv/amutv.m3u8,hls-master,https://jmc-live.ercdn.net/amutv/amutv_360p.m3u8,unknown,400000,https://jmc-live.ercdn.net/amutv/amutv_360p-1791462520.ts,206,2048,True,2026-10-08T15:28:11Z
399,BBC News Pashto,Afghanistan,BBCNewsPashto.uk@HD,BBCNewsPashto.uk,https://vs-cmaf-pushb-ww.live.cf.md.bbci.co.uk/x=4/i=urn:bbc:pips:service:bbc_afghan_tv/pc_hd_abr_v2.mpd,720p,PROBABLY_WORKING,DASH manifest responded; segment template was not probed,"[{""attempt"":1,""outcome"":""PROBABLY_WORKING"",""reason"":""DASH manifest responded; segment template was not probed"",""http_status"":200,""final_url"":""https://vs-cmaf-pushb-ww.live.cf.md.bbci.co.uk/x=4/i=urn:bbc:pips:service:bbc_afghan_tv/pc_hd_abr_v2.mpd"",""elapsed_ms"":1119}]",https://vs-cmaf-pushb-ww.live.cf.md.bbci.co.uk/x=4/i=urn:bbc:pips:service:bbc_afghan_tv/pc_hd_abr_v2.mpd,dash,,unknown,,,,4293,False,2026-10-08T15:28:11Z
400,Dunya Naw TV,Afghanistan,DunyaNawTV.af@SD,DunyaNawTV.af,https://dunyanhls.wns.live/hls/stream.m3u8,576p,WORKING,,"[{""attempt"":1,""outcome"":""WORKING"",""reason"":""HLS manifest, media playlist, and media object responded"",""http_status"":200,""final_url"":""https://dunyanhls.wns.live/hls/stream.m3u8"",""elapsed_ms"":1172}]",https://dunyanhls.wns.live/hls/stream.m3u8,hls-media,,unknown,,https://dunyanhls.wns.live/hls/stream-276864.ts,206,2048,True,2026-10-08T15:28:11Z
401,Hewad TV,Afghanistan,HewadTV.af@SD,HewadTV.af,http://51.210.199.58/hls/stream.m3u8,720p,TIMEOUT,Stream timeout: timed out,"[{""attempt"":1,""outcome"":""TIMEOUT"",""reason"":""Stream timeout: timed out"",""http_status"":null,""final_url"":"""",""elapsed_ms"":12014},{""attempt"":2,""outcome"":""TIMEOUT"",""reason"":""Stream timeout: timed out"",""http_status"":null,""final_url"":"""",""elapsed_ms"":12017},{""attempt"":3,""outcome"":""TIMEOUT"",""reason"":""Stream timeout: timed out"",""http_status"":null,""final_url"":"""",""elapsed_ms"":12018}]",,,,unknown,,,,0,False,2026-10-08T15:28:11Z
402,Lemar TV,Afghanistan,LemarTV.af@SD,LemarTV.af,https://tgn.bozztv.com/eshgtv-dvrfl05/gin-lemar/index.m3u8,720p,WORKING,,"[{""attempt"":1,""outcome"":""WORKING"",""reason"":""HLS manifest, media playlist, and media object responded"",""http_status"":200,""final_url"":""https://tgn.bozztv.com/eshgtv-dvrfl05/gin-lemar/index.m3u8"",""elapsed_ms"":1698}]",https://tgn.bozztv.com/eshgtv-dvrfl05/gin-lemar/index.m3u8,hls-master,https://tgn.bozztv.com/eshgtv-dvrfl05/gin-lemar/tracks-v1a1/mono.m3u8?nimblesessionid=1883678423,720p,1330000,https://tgn.bozztv.com/eshgtv-dvrfl05/gin-lemar/tracks-v1a1/2026/10/08/15/28/43-06600.ts?nimblesessionid=1883678423,206,2048,True,2026-10-08T15:28:11Z
403,Payam-e-Afghan TV,Afghanistan,PayameAfghanTV.us@SD,PayameAfghanTV.us,https://g5nl6xx5lpq6-hls-live.5centscdn.com/live1234/2621b29e501b445fabf227b086123b70.sdp/mono.m3u8,480p,WORKING,,"[{""attempt"":1,""outcome"":""WORKING"",""reason"":""HLS manifest, media playlist, and media object responded"",""http_status"":200,""final_url"":""https://g5nl6xx5lpq6-hls-live.5centscdn.com/live1234/2621b29e501b445fabf227b086123b70.sdp/mono.m3u8"",""elapsed_ms"":2364}]",https://g5nl6xx5lpq6-hls-live.5centscdn.com/live1234/2621b29e501b445fabf227b086123b70.sdp/mono.m3u8,hls-master,https://g5nl6xx5lpq6-hls-live.5centscdn.com/live1234/2621b29e501b445fabf227b086123b70.sdp/chunks.m3u8,1080p,1174624,https://g5nl6xx5lpq6-hls-live.5centscdn.com/live1234/2621b29e501b445fabf227b086123b70.sdp/l_163860_111080835_14031.ts,206,2048,True,2026-10-08T15:28:11Z
404,RTA,Afghanistan,RTA.af@SD,RTA.af,https://rta-tv.akamaized.net/live/SD/RTA-1/RTA/RTA-1-avc1_3000000=10001.m3u8,720p,WORKING,,"[{""attempt"":1,""outcome"":""WORKING"",""reason"":""HLS manifest, media playlist, and media object responded"",""http_status"":200,""final_url"":""https://rta-tv.akamaized.net/live/SD/RTA-1/RTA/RTA-1-avc1_3000000=10001.m3u8"",""elapsed_ms"":1257}]",https://rta-tv.akamaized.net/live/SD/RTA-1/RTA/RTA-1-avc1_3000000=10001.m3u8,hls-media,,unknown,,https://rta-tv.akamaized.net/live/SD/RTA-1/RTA/RTA-1-avc1_3000000=10001-p=352036708000000-init.mp4,206,684,True,2026-10-08T15:28:11Z
405,Shamshad TV,Afghanistan,ShamshadTV.af@SD,ShamshadTV.af,https://5a1178b42cc03.streamlock.net/shamshadtelevision/shamshadtelevision/playlist.m3u8,unknown,BROKEN,Stream returned HTTP 404,"[{""attempt"":1,""outcome"":""BROKEN"",""reason"":""Stream returned HTTP 404"",""http_status"":404,""final_url"":"""",""elapsed_ms"":1190},{""attempt"":2,""outcome"":""BROKEN"",""reason"":""Stream returned HTTP 404"",""http_status"":404,""final_url"":"""",""elapsed_ms"":1246},{""attempt"":3,""outcome"":""BROKEN"",""reason"":""Stream returned HTTP 404"",""http_status"":404,""final_url"":"""",""elapsed_ms"":625}]",,,,unknown,,,,0,False,2026-10-08T15:28:11Z
406,Sharq Radio TV,Afghanistan,SharqRadioTV.af@SD,SharqRadioTV.af,https://59nyqa5elwap-hls-live.5centscdn.com/Sharq/eec89088ee408b80387155272b113256.sdp/playlist.m3u8,1080p,UNKNOWN,Mixed failure evidence: Stream returned HTTP 503; Stream returned HTTP 503; Stream returned HTTP 503,"[{""attempt"":1,""outcome"":""UNKNOWN"",""reason"":""Stream returned HTTP 503"",""http_status"":503,""final_url"":"""",""elapsed_ms"":634},{""attempt"":2,""outcome"":""UNKNOWN"",""reason"":""Stream returned HTTP 503"",""http_status"":503,""final_url"":"""",""elapsed_ms"":623},{""attempt"":3,""outcome"":""UNKNOWN"",""reason"":""Stream returned HTTP 503"",""http_status"":503,""final_url"":"""",""elapsed_ms"":420}]",,,,unknown,,,,0,False,2026-10-08T15:28:11Z
407,Tamadon TV,Afghanistan,TamadonTV.af@SD,TamadonTV.af,https://hls.tamadon.live/hls/stream.m3u8,720p,WORKING,,"[{""attempt"":1,""outcome"":""WORKING"",""reason"":""HLS manifest, media playlist, and media object responded"",""http_status"":200,""final_url"":""https://hls.tamadon.live/hls/stream.m3u8"",""elapsed_ms"":1750}]",https://hls.tamadon.live/hls/stream.m3u8,hls-media,,unknown,,https://hls.tamadon.live/hls/stream-722666.ts,206,2048,True,2026-10-08T15:28:11Z
408,Tolo TV,Afghanistan,ToloTV.af@SD,ToloTV.af,https://tgn.bozztv.com/eshgtv-dvrfl05/gin-tolohd/tracks-v1a1/mono.m3u8,unknown,WORKING,,"[{""attempt"":1,""outcome"":""WORKING"",""reason"":""HLS manifest, media playlist, and media object responded"",""http_status"":200,""final_url"":""https://tgn.bozztv.com/eshgtv-dvrfl05/gin-tolohd/tracks-v1a1/mono.m3u8"",""elapsed_ms"":887}]",https://tgn.bozztv.com/eshgtv-dvrfl05/gin-tolohd/tracks-v1a1/mono.m3u8,hls-media,,unknown,,https://tgn.bozztv.com/eshgtv-dvrfl05/gin-tolohd/tracks-v1a1/2026/10/08/15/28/11-07360.ts?nimblesessionid=1883678439,206,2048,True,2026-10-08T15:28:11Z
409,TOLOnews,Afghanistan,TOLOnews.af@SD,TOLOnews.af,https://tgn.bozztv.com/eshgtv-dvrfl05/gin-tolonews/index.m3u8,720p,WORKING,,"[{""attempt"":1,""outcome"":""WORKING"",""reason"":""HLS manifest, media playlist, and media object responded"",""http_status"":200,""final_url"":""https://tgn.bozztv.com/eshgtv-dvrfl05/gin-tolonews/index.m3u8"",""elapsed_ms"":1069}]",https://tgn.bozztv.com/eshgtv-dvrfl05/gin-tolonews/index.m3u8,hls-master,https://tgn.bozztv.com/eshgtv-dvrfl05/gin-tolonews/tracks-v1a1/mono.m3u8?nimblesessionid=1883678443,720p,1270000,https://tgn.bozztv.com/eshgtv-dvrfl05/gin-tolonews/tracks-v1a1/2026/10/08/15/28/46-06600.ts?nimblesessionid=1883678443,206,2048,True,2026-10-08T15:28:11Z
410,4 Afghanistan,Afghanistan,4Afghanistan.fr@SD,4Afghanistan.fr,https://4afghls.persiana.live/hls/stream.m3u8,unknown,WORKING,,"[{""attempt"":1,""outcome"":""WORKING"",""reason"":""HLS manifest, media playlist, and media object responded"",""http_status"":200,""final_url"":""https://4afghls.persiana.live/hls/stream.m3u8"",""elapsed_ms"":1152}]",https://4afghls.persiana.live/hls/stream.m3u8,hls-media,,unknown,,https://4afghls.persiana.live/hls/stream-3641419.ts,206,2048,True,2026-10-08T15:28:11Z
411,ABN Afghanistan,Afghanistan,ABNAfghanistan.us@SD,ABNAfghanistan.us,https://mediaserver.abnvideos.com/streams/abnafghanistan.m3u8,540p,WORKING,,"[{""attempt"":1,""outcome"":""WORKING"",""reason"":""HLS manifest, media playlist, and media object responded"",""http_status"":200,""final_url"":""https://mediaserver.abnvideos.com/streams/abnafghanistan.m3u8"",""elapsed_ms"":1118}]",https://mediaserver.abnvideos.com/streams/abnafghanistan.m3u8,hls-media,,unknown,,https://s3.us-east-005.backblazeb2.com/abnvideos/3f6885d0-ed16-4603-94c5-c31ec008583e/segment_360p_0253.ts,206,2048,True,2026-10-08T15:28:11Z
412,Afghan Nobel Movies,Afghanistan,AfghanNobelMovies.ca@SD,AfghanNobelMovies.ca,https://live.relentlessinnovations.net:1936/afghannobel/afghannobel/playlist.m3u8,720p,UNKNOWN,Mixed failure evidence: Stream returned HTTP 503; Stream returned HTTP 503; Stream returned HTTP 503,"[{""attempt"":1,""outcome"":""UNKNOWN"",""reason"":""Stream returned HTTP 503"",""http_status"":503,""final_url"":"""",""elapsed_ms"":5433},{""attempt"":2,""outcome"":""UNKNOWN"",""reason"":""Stream returned HTTP 503"",""http_status"":503,""final_url"":"""",""elapsed_ms"":5224},{""attempt"":3,""outcome"":""UNKNOWN"",""reason"":""Stream returned HTTP 503"",""http_status"":503,""final_url"":"""",""elapsed_ms"":5242}]",,,,unknown,,,,0,False,2026-10-08T15:28:11Z
413,Afghan Nobel TV,Afghanistan,AfghanNobelTV.ca@SD,AfghanNobelTV.ca,https://live.relentlessinnovations.net:1936/afghannobeltv/afghannobeltv/playlist.m3u8,720p,UNKNOWN,Mixed failure evidence: Stream returned HTTP 503; Stream returned HTTP 503; Stream returned HTTP 503,"[{""attempt"":1,""outcome"":""UNKNOWN"",""reason"":""Stream returned HTTP 503"",""http_status"":503,""final_url"":"""",""elapsed_ms"":5361},{""attempt"":2,""outcome"":""UNKNOWN"",""reason"":""Stream returned HTTP 503"",""http_status"":503,""final_url"":"""",""elapsed_ms"":5224},{""attempt"":3,""outcome"":""UNKNOWN"",""reason"":""Stream returned HTTP 503"",""http_status"":503,""final_url"":"""",""elapsed_ms"":5314}]",,,,unknown,,,,0,False,2026-10-08T15:28:11Z
414,AMC,Afghanistan,AMC.af@SD,AMC.af,https://amchls.wns.live/hls/stream.m3u8,1080p,WORKING,,"[{""attempt"":1,""outcome"":""WORKING"",""reason"":""HLS manifest, media playlist, and media object responded"",""http_status"":200,""final_url"":""https://amchls.wns.live/hls/stream.m3u8"",""elapsed_ms"":1313}]",https://amchls.wns.live/hls/stream.m3u8,hls-media,,unknown,,https://amchls.wns.live/hls/stream-20587.ts,206,2048,True,2026-10-08T15:28:11Z
415,Bahar TV,Afghanistan,BaharTV.af@SD,BaharTV.af,https://59d39900ebfb8.streamlock.net/bahartv/bahartv/playlist.m3u8,720p,BROKEN,Stream returned HTTP 404,"[{""attempt"":1,""outcome"":""BROKEN"",""reason"":""Stream returned HTTP 404"",""http_status"":404,""final_url"":"""",""elapsed_ms"":657},{""attempt"":2,""outcome"":""BROKEN"",""reason"":""Stream returned HTTP 404"",""http_status"":404,""final_url"":"""",""elapsed_ms"":315},{""attempt"":3,""outcome"":""BROKEN"",""reason"":""Stream returned HTTP 404"",""http_status"":404,""final_url"":"""",""elapsed_ms"":515}]",,,,unknown,,,,0,False,2026-10-08T15:28:11Z
416,Eslah TV,Afghanistan,EslahTV.af@SD,EslahTV.af,https://eslahtvhls.wns.live/hls/stream.m3u8,720p,WORKING,,"[{""attempt"":1,""outcome"":""WORKING"",""reason"":""HLS manifest, media playlist, and media object responded"",""http_status"":200,""final_url"":""https://eslahtvhls.wns.live/hls/stream.m3u8"",""elapsed_ms"":1071}]",https://eslahtvhls.wns.live/hls/stream.m3u8,hls-media,,unknown,,https://eslahtvhls.wns.live/hls/stream-898366.ts,206,2048,True,2026-10-08T15:28:11Z
417,Iman TV,Afghanistan,ImanTV.us@SD,ImanTV.us,https://live.relentlessinnovations.net:1936/imantv/imantv/playlist.m3u8,480p,UNKNOWN,Mixed failure evidence: Stream returned HTTP 503; Stream returned HTTP 503; Stream returned HTTP 503,"[{""attempt"":1,""outcome"":""UNKNOWN"",""reason"":""Stream returned HTTP 503"",""http_status"":503,""final_url"":"""",""elapsed_ms"":4785},{""attempt"":2,""outcome"":""UNKNOWN"",""reason"":""Stream returned HTTP 503"",""http_status"":503,""final_url"":"""",""elapsed_ms"":5225},{""attempt"":3,""outcome"":""UNKNOWN"",""reason"":""Stream returned HTTP 503"",""http_status"":503,""final_url"":"""",""elapsed_ms"":5243}]",,,,unknown,,,,0,False,2026-10-08T15:28:11Z
418,Kayhan TV,Afghanistan,KayhanTV.af@SD,KayhanTV.af,https://playout395.livestreamingcdn.com/live/Stream1/playlist.m3u8,720p,WORKING,,"[{""attempt"":1,""outcome"":""WORKING"",""reason"":""HLS manifest, media playlist, and media object responded"",""http_status"":200,""final_url"":""https://playout395.livestreamingcdn.com/live/Stream1/playlist.m3u8"",""elapsed_ms"":2251}]",https://playout395.livestreamingcdn.com/live/Stream1/playlist.m3u8,hls-master,https://playout395.livestreamingcdn.com/live/Stream1/chunklist_w2051861866.m3u8,720p,2222911,https://playout395.livestreamingcdn.com/live/Stream1/media-ublz00rww_w2051861866_60272.ts,206,2048,True,2026-10-08T15:28:11Z
419,Maah TV,Afghanistan,MaahTV.my@SD,MaahTV.my,https://hls.maahtv.live/hls/stream.m3u8,720p,WORKING,,"[{""attempt"":1,""outcome"":""WORKING"",""reason"":""HLS manifest, media playlist, and media object responded"",""http_status"":200,""final_url"":""https://hls.maahtv.live/hls/stream.m3u8"",""elapsed_ms"":1658}]",https://hls.maahtv.live/hls/stream.m3u8,hls-media,,unknown,,https://hls.maahtv.live/hls/stream-2127615.ts,206,2048,True,2026-10-08T15:28:11Z
420,Shams TV,Afghanistan,ShamsTV.af@SD,ShamsTV.af,https://fflive-darya-educationtv.b-cdn.net/master.m3u8,unknown,WORKING,,"[{""attempt"":1,""outcome"":""WORKING"",""reason"":""HLS manifest, media playlist, and media object responded"",""http_status"":200,""final_url"":""https://fflive-darya-educationtv.b-cdn.net/master.m3u8"",""elapsed_ms"":1819}]",https://fflive-darya-educationtv.b-cdn.net/master.m3u8,hls-master,https://fflive-darya-educationtv.b-cdn.net/media_1.m3u8,720p,2432390,https://fflive-darya-educationtv.b-cdn.net/1791274681-a-1-init.m4s,206,858,True,2026-10-08T15:28:11Z
421,Sohail TV,Afghanistan,SohailTV.ca@SD,SohailTV.ca,https://iptv.sohailtv.com/sohailtv/playlist_mid/index.m3u8,720p,WORKING,,"[{""attempt"":1,""outcome"":""WORKING"",""reason"":""HLS manifest, media playlist, and media object responded"",""http_status"":200,""final_url"":""https://iptv.sohailtv.com/sohailtv/playlist_mid/index.m3u8"",""elapsed_ms"":978}]",https://iptv.sohailtv.com/sohailtv/playlist_mid/index.m3u8,hls-media,,unknown,,https://iptv.sohailtv.com/sohailtv/playlist_mid/1791473289415.ts,206,2048,True,2026-10-08T15:28:11Z
422,92 News HD,Pakistan,92NewsHD.pk@SD,92NewsHD.pk,http://92news.vdn.dstreamone.net/92newshd/92hd/playlist.m3u8,720p,UNKNOWN,Mixed failure evidence: Selected HLS rendition returned HTTP 404; Selected HLS rendition timeout: timed out; Selected HLS rendition returned HTTP 404,"[{""attempt"":1,""outcome"":""BROKEN"",""reason"":""Selected HLS rendition returned HTTP 404"",""http_status"":404,""final_url"":""http://92news.vdn.dstreamone.net/92newshd/92hd/playlist.m3u8"",""elapsed_ms"":2013},{""attempt"":2,""outcome"":""TIMEOUT"",""reason"":""Selected HLS rendition timeout: timed out"",""http_status"":null,""final_url"":""http://92news.vdn.dstreamone.net/92newshd/92hd/playlist.m3u8"",""elapsed_ms"":12455},{""attempt"":3,""outcome"":""BROKEN"",""reason"":""Selected HLS rendition returned HTTP 404"",""http_status"":404,""final_url"":""http://92news.vdn.dstreamone.net/92newshd/92hd/playlist.m3u8"",""elapsed_ms"":4346}]",http://92news.vdn.dstreamone.net/92newshd/92hd/playlist.m3u8,hls-master,http://92news.vdn.dstreamone.net/92newshd/92hd/chunks.m3u8?nimblesessionid=114139625,unknown,,,,0,False,2026-10-08T15:28:11Z
423,ARY Digital,Pakistan,ARYDigital.pk@SD,ARYDigital.pk,https://arydigitalm.aryzap.com/v1/0183ea2408f90b8ed5941a38bc72/0183ea24302d0b8ed5941a38bc75/main.m3u8,unknown,WORKING,,"[{""attempt"":1,""outcome"":""WORKING"",""reason"":""HLS manifest, media playlist, and media object responded"",""http_status"":200,""final_url"":""https://arydigitalm.aryzap.com/v1/0183ea2408f90b8ed5941a38bc72/0183ea24302d0b8ed5941a38bc75/main.m3u8"",""elapsed_ms"":3528}]",https://arydigitalm.aryzap.com/v1/0183ea2408f90b8ed5941a38bc72/0183ea24302d0b8ed5941a38bc75/main.m3u8,hls-master,https://arydigitalm.aryzap.com/v1/0183ea2408f90b8ed5941a38bc72/0183ea24302d0b8ed5941a38bc75/ARYDigitalHDh264_720p.m3u8?isSubM3u8=1,720p,2064000,https://arydigitalm.aryzap.com/v1/0183ea2408f90b8ed5941a38bc72/0183ea24302d0b8ed5941a38bc75/634E5F8E000072F08E6D-p0_tmpl720p_720p-1791474296203.ts,206,2048,True,2026-10-08T15:28:11Z
424,ARY Musik,Pakistan,ARYMusik.pk@SD,ARYMusik.pk,https://arymusik.aryzap.com/3fd38b2c62d0c3bbd74aedabb533c03a/6459fa78/v1/01847ac7a4930b8ed5aa6ed04aba/01847ac8f5f70b8ed5aa6ed04abd/main.m3u8,1080p,GEO_BLOCKED_OR_FORBIDDEN,Stream returned HTTP 403,"[{""attempt"":1,""outcome"":""GEO_BLOCKED_OR_FORBIDDEN"",""reason"":""Stream returned HTTP 403"",""http_status"":403,""final_url"":"""",""elapsed_ms"":1189}]",,,,unknown,,,,0,False,2026-10-08T15:28:11Z
425,ARY News,Pakistan,ARYNews.pk@SD,ARYNews.pk,https://arynewsm.aryzap.com/v1/0183ef4f7c260b8ed5941a38bc84/0183ef4fadde0b8ed5941a38bc87/main.m3u8,unknown,WORKING,,"[{""attempt"":1,""outcome"":""WORKING"",""reason"":""HLS manifest, media playlist, and media object responded"",""http_status"":200,""final_url"":""https://arynewsm.aryzap.com/v1/0183ef4f7c260b8ed5941a38bc84/0183ef4fadde0b8ed5941a38bc87/main.m3u8"",""elapsed_ms"":3583}]",https://arynewsm.aryzap.com/v1/0183ef4f7c260b8ed5941a38bc84/0183ef4fadde0b8ed5941a38bc87/main.m3u8,hls-master,https://arynewsm.aryzap.com/v1/0183ef4f7c260b8ed5941a38bc84/0183ef4fadde0b8ed5941a38bc87/newsaudio_audio_newsAudio.m3u8?isSubM3u8=1,unknown,64000,https://arynewsm.aryzap.com/v1/0183ef4f7c260b8ed5941a38bc84/0183ef4fadde0b8ed5941a38bc87/634E5EB400007337D74B-p0_tmplnewsAudio_newsAudio-1791575008082.ts,206,2048,True,2026-10-08T15:28:11Z
426,Dunya News,Pakistan,DunyaNews.pk@SD,DunyaNews.pk,https://imob.dunyanews.tv/livehd/ngrp:dunyalivehd_2_all/playlist.m3u8,720p,WORKING,,"[{""attempt"":1,""outcome"":""WORKING"",""reason"":""HLS manifest, media playlist, and media object responded"",""http_status"":200,""final_url"":""https://imob.dunyanews.tv/livehd/ngrp:dunyalivehd_2_all/playlist.m3u8"",""elapsed_ms"":3294}]",https://imob.dunyanews.tv/livehd/ngrp:dunyalivehd_2_all/playlist.m3u8,hls-master,https://imob.dunyanews.tv/livehd/ngrp:dunyalivehd_2_all/chunklist_w1022614330_b950272.m3u8,720p,950272,https://imob.dunyanews.tv/livehd/ngrp:dunyalivehd_2_all/media_w1022614330_b950272_71978.ts,206,2048,True,2026-10-08T15:28:11Z
427,HarPal Geo,Pakistan,HarPalGeo.pk@SD,HarPalGeo.pk,https://jk3lz82elw79-hls-live.5centscdn.com/harPalGeo/955ad3298db330b5ee880c2c9e6f23a0.sdp/playlist.m3u8,360p,BROKEN,Stream returned HTTP 404,"[{""attempt"":1,""outcome"":""BROKEN"",""reason"":""Stream returned HTTP 404"",""http_status"":404,""final_url"":"""",""elapsed_ms"":347},{""attempt"":2,""outcome"":""BROKEN"",""reason"":""Stream returned HTTP 404"",""http_status"":404,""final_url"":"""",""elapsed_ms"":524},{""attempt"":3,""outcome"":""BROKEN"",""reason"":""Stream returned HTTP 404"",""http_status"":404,""final_url"":"""",""elapsed_ms"":370}]",,,,unknown,,,,0,False,2026-10-08T15:28:11Z
428,Hum TV,Pakistan,HumTV.pk@HD,HumTV.pk,https://g4wlkwx8l23a-hls-live.5centscdn.com/HUM/271ddf829afeece44d8732757fba1a66.sdp/playlist_dvr.m3u8,720p,WORKING,,"[{""attempt"":1,""outcome"":""WORKING"",""reason"":""HLS manifest, media playlist, and media object responded"",""http_status"":200,""final_url"":""https://g4wlkwx8l23a-hls-live.5centscdn.com/HUM/271ddf829afeece44d8732757fba1a66.sdp/playlist_dvr.m3u8"",""elapsed_ms"":2267}]",https://g4wlkwx8l23a-hls-live.5centscdn.com/HUM/271ddf829afeece44d8732757fba1a66.sdp/playlist_dvr.m3u8,hls-master,https://g4wlkwx8l23a-hls-live.5centscdn.com/HUM/271ddf829afeece44d8732757fba1a66.sdp/HUM/TV1/chunks_dvr.m3u8,720p,1647722,https://g4wlkwx8l23a-hls-live.5centscdn.com/HUM/271ddf829afeece44d8732757fba1a66.sdp/HUM/TV1/dvr_v_p925_38383366.ts,200,2048,True,2026-10-08T15:28:11Z
429,Masala TV,Pakistan,MasalaTV.pk@SD,MasalaTV.pk,https://cdn4.mjunoon.tv:8087/streamtest/81M/chunks.m3u8,unknown,WORKING,,"[{""attempt"":1,""outcome"":""WORKING"",""reason"":""HLS manifest, media playlist, and media object responded"",""http_status"":200,""final_url"":""https://cdn4.mjunoon.tv:8087/streamtest/81M/chunks.m3u8"",""elapsed_ms"":1621}]",https://cdn4.mjunoon.tv:8087/streamtest/81M/chunks.m3u8,hls-media,,unknown,,https://cdn4.mjunoon.tv:8087/streamtest/81M/l_230598033_38433.ts?nimblesessionid=32865164,206,2048,True,2026-10-08T15:28:11Z
430,Samaa TV,Pakistan,SamaaTV.pk@SD,SamaaTV.pk,https://vodzong.mjunoon.tv:8087/streamtest/SAMAA-173/playlist.m3u8,576p,WORKING,,"[{""attempt"":1,""outcome"":""WORKING"",""reason"":""HLS manifest, media playlist, and media object responded"",""http_status"":200,""final_url"":""https://vodzong.mjunoon.tv:8087/streamtest/SAMAA-173/playlist.m3u8"",""elapsed_ms"":2566}]",https://vodzong.mjunoon.tv:8087/streamtest/SAMAA-173/playlist.m3u8,hls-master,https://vodzong.mjunoon.tv:8087/streamtest/SAMAA-173/live/173H/chunks.m3u8?nimblesessionid=714211820,720p,835101,https://vodzong.mjunoon.tv:8087/streamtest/SAMAA-173/live/173H/l_230545095_38423.ts?nimblesessionid=714211820,206,2048,True,2026-10-08T15:28:11Z
431,24 News HD,Pakistan,24NewsHD.pk@SD,24NewsHD.pk,https://cdn4.mjunoon.tv:8087/streamtest/146M/chunks.m3u8,unknown,WORKING,,"[{""attempt"":1,""outcome"":""WORKING"",""reason"":""HLS manifest, media playlist, and media object responded"",""http_status"":200,""final_url"":""https://cdn4.mjunoon.tv:8087/streamtest/146M/chunks.m3u8"",""elapsed_ms"":1823}]",https://cdn4.mjunoon.tv:8087/streamtest/146M/chunks.m3u8,hls-media,,unknown,,https://cdn4.mjunoon.tv:8087/streamtest/146M/l_237360577_39559.ts?nimblesessionid=32865167,206,2048,True,2026-10-08T15:28:11Z
432,8XM,Pakistan,8XM.pk@HD,8XM.pk,https://cdn4.mjunoon.tv:8087/streamtest/131M/chunks.m3u8,unknown,WORKING,,"[{""attempt"":1,""outcome"":""WORKING"",""reason"":""HLS manifest, media playlist, and media object responded"",""http_status"":200,""final_url"":""https://cdn4.mjunoon.tv:8087/streamtest/131M/chunks.m3u8"",""elapsed_ms"":1990}]",https://cdn4.mjunoon.tv:8087/streamtest/131M/chunks.m3u8,hls-media,,unknown,,https://cdn4.mjunoon.tv:8087/streamtest/131M/l_230520685_38420.ts?nimblesessionid=32865172,206,2048,True,2026-10-08T15:28:11Z
433,A-Plus TV,Pakistan,APlusTV.pk@SD,APlusTV.pk,https://cdn4.mjunoon.tv:8087/streamtest/118M/chunks.m3u8,unknown,WORKING,,"[{""attempt"":1,""outcome"":""WORKING"",""reason"":""HLS manifest, media playlist, and media object responded"",""http_status"":200,""final_url"":""https://cdn4.mjunoon.tv:8087/streamtest/118M/chunks.m3u8"",""elapsed_ms"":1872}]",https://cdn4.mjunoon.tv:8087/streamtest/118M/chunks.m3u8,hls-media,,unknown,,https://cdn4.mjunoon.tv:8087/streamtest/118M/l_18258221_3043.ts?nimblesessionid=32865171,206,2048,True,2026-10-08T15:28:11Z
434,ABN News,Pakistan,ABNNews.pk@SD,ABNNews.pk,https://vodzong.mjunoon.tv:8087/streamtest/ABN-161/playlist.m3u8,360p,WORKING,,"[{""attempt"":1,""outcome"":""WORKING"",""reason"":""HLS manifest, media playlist, and media object responded"",""http_status"":200,""final_url"":""https://vodzong.mjunoon.tv:8087/streamtest/ABN-161/playlist.m3u8"",""elapsed_ms"":2278}]",https://vodzong.mjunoon.tv:8087/streamtest/ABN-161/playlist.m3u8,hls-master,https://vodzong.mjunoon.tv:8087/streamtest/ABN-161/live/161M/chunks.m3u8?nimblesessionid=714211822,360p,352896,https://vodzong.mjunoon.tv:8087/streamtest/ABN-161/live/161M/l_237330888_39554.ts?nimblesessionid=714211822,206,2048,True,2026-10-08T15:28:11Z
435,Bol Entertainment,Pakistan,BolEntertainment.pk@HD,BolEntertainment.pk,https://vodzong.mjunoon.tv:8087/streamtest/Channel5-159-4/playlist.m3u8,unknown,WORKING,,"[{""attempt"":1,""outcome"":""WORKING"",""reason"":""HLS manifest, media playlist, and media object responded"",""http_status"":200,""final_url"":""https://vodzong.mjunoon.tv:8087/streamtest/Channel5-159-4/playlist.m3u8"",""elapsed_ms"":2335}]",https://vodzong.mjunoon.tv:8087/streamtest/Channel5-159-4/playlist.m3u8,hls-master,https://vodzong.mjunoon.tv:8087/streamtest/Channel5-159-4/live/159-4M/chunks.m3u8?nimblesessionid=714211826,720p,1262485,https://vodzong.mjunoon.tv:8087/streamtest/Channel5-159-4/live/159-4M/l_31812891_5300.ts?nimblesessionid=714211826,206,2048,True,2026-10-08T15:28:11Z
436,Capital TV,Pakistan,CapitalTV.pk@SD,CapitalTV.pk,https://cdn4.mjunoon.tv:8087/streamtest/111M/chunks.m3u8,unknown,WORKING,,"[{""attempt"":1,""outcome"":""WORKING"",""reason"":""HLS manifest, media playlist, and media object responded"",""http_status"":200,""final_url"":""https://cdn4.mjunoon.tv:8087/streamtest/111M/chunks.m3u8"",""elapsed_ms"":1585}]",https://cdn4.mjunoon.tv:8087/streamtest/111M/chunks.m3u8,hls-media,,unknown,,https://cdn4.mjunoon.tv:8087/streamtest/111M/l_237330333_39555.ts?nimblesessionid=32865175,206,2048,True,2026-10-08T15:28:11Z
437,Discover Pakistan,Pakistan,DiscoverPakistan.pk@SD,DiscoverPakistan.pk,https://livecdn.live247stream.com/discoverpakistan/web/discoverpakistan/stream2/chunks.m3u8,720p,WORKING,,"[{""attempt"":1,""outcome"":""WORKING"",""reason"":""HLS manifest, media playlist, and media object responded"",""http_status"":200,""final_url"":""https://livecdn.live247stream.com/discoverpakistan/web/discoverpakistan/stream2/chunks.m3u8"",""elapsed_ms"":1813}]",https://livecdn.live247stream.com/discoverpakistan/web/discoverpakistan/stream2/chunks.m3u8,hls-media,,unknown,,https://livecdn.live247stream.com/discoverpakistan/web/discoverpakistan/stream2/l_210572.ts,206,2048,True,2026-10-08T15:28:11Z
438,Jalwa TV,Pakistan,JalwaTV.pk@SD,JalwaTV.pk,https://vodzong.mjunoon.tv:8087/streamtest/JalwaTV-135/live/135M/chunks.m3u8,unknown,WORKING,,"[{""attempt"":1,""outcome"":""WORKING"",""reason"":""HLS manifest, media playlist, and media object responded"",""http_status"":200,""final_url"":""https://vodzong.mjunoon.tv:8087/streamtest/JalwaTV-135/live/135M/chunks.m3u8"",""elapsed_ms"":1315}]",https://vodzong.mjunoon.tv:8087/streamtest/JalwaTV-135/live/135M/chunks.m3u8,hls-media,,unknown,,https://vodzong.mjunoon.tv:8087/streamtest/JalwaTV-135/live/135M/l_237330742_39554.ts?nimblesessionid=714211829,206,2048,True,2026-10-08T15:28:11Z
439,Neo News,Pakistan,NeoNews.pk@SD,NeoNews.pk,https://vodzong.mjunoon.tv:8087/streamtest/Neo-110/playlist.m3u8,1080p,WORKING,,"[{""attempt"":1,""outcome"":""WORKING"",""reason"":""HLS manifest, media playlist, and media object responded"",""http_status"":200,""final_url"":""https://vodzong.mjunoon.tv:8087/streamtest/Neo-110/playlist.m3u8"",""elapsed_ms"":1856}]",https://vodzong.mjunoon.tv:8087/streamtest/Neo-110/playlist.m3u8,hls-master,https://vodzong.mjunoon.tv:8087/streamtest/Neo-110/live/110M/chunks.m3u8?nimblesessionid=714211830,720p,589171,https://vodzong.mjunoon.tv:8087/streamtest/Neo-110/live/110M/l_237330511_38433.ts?nimblesessionid=714211830,206,2048,True,2026-10-08T15:28:11Z
440,News One,Pakistan,NewsOne.pk@SD,NewsOne.pk,https://vodzong.mjunoon.tv:8087/streamtest/NEWS1-128/playlist.m3u8,720p,WORKING,,"[{""attempt"":1,""outcome"":""WORKING"",""reason"":""HLS manifest, media playlist, and media object responded"",""http_status"":200,""final_url"":""https://vodzong.mjunoon.tv:8087/streamtest/NEWS1-128/playlist.m3u8"",""elapsed_ms"":1458}]",https://vodzong.mjunoon.tv:8087/streamtest/NEWS1-128/playlist.m3u8,hls-master,https://vodzong.mjunoon.tv:8087/streamtest/NEWS1-128/live/128H/chunks.m3u8?nimblesessionid=714211836,720p,777501,https://vodzong.mjunoon.tv:8087/streamtest/NEWS1-128/live/128H/l_202686421_33779.ts?nimblesessionid=714211836,206,2048,True,2026-10-08T15:28:11Z
