channel_name,category,country,all_sources_searched,closest_alternatives_found,resolutions_found,final_reason
Sony Entertainment Television,India,India,"https://iptv-org.github.io/iptv/index.m3u; https://iptv-org.github.io/api/streams.json; https://raw.githubusercontent.com/Free-TV/IPTV/master/playlist.m3u8; GitHub code search and public IPTV repositories; Broadcaster websites and live pages; Public FAST distributions on Rakuten, Xumo, Tubi, Pluto, Samsung TV Plus, Plex, Amagi, Wurl, and Ottera; Web search for exact names, spelling variants, regional feeds, SD/576/720 editions, HLS, and M3U8 references; https://www.setindia.com/",Sony KAL Hindi,No acceptable responding public rendition,No stable unauthenticated broadcaster or licensed public M3U found; indexed alternatives had unclear provenance or required subscription/player access.
Sony SAB,India,India,"https://iptv-org.github.io/iptv/index.m3u; https://iptv-org.github.io/api/streams.json; https://raw.githubusercontent.com/Free-TV/IPTV/master/playlist.m3u8; GitHub code search and public IPTV repositories; Broadcaster websites and live pages; Public FAST distributions on Rakuten, Xumo, Tubi, Pluto, Samsung TV Plus, Plex, Amagi, Wurl, and Ottera; Web search for exact names, spelling variants, regional feeds, SD/576/720 editions, HLS, and M3U8 references; https://www.sabtv.com/en_in/",Sony KAL Hindi,No acceptable responding public rendition,No stable unauthenticated broadcaster or licensed public M3U found; indexed alternatives had unclear provenance or required subscription/player access.
Sony MAX,India,India,"https://iptv-org.github.io/iptv/index.m3u; https://iptv-org.github.io/api/streams.json; https://raw.githubusercontent.com/Free-TV/IPTV/master/playlist.m3u8; GitHub code search and public IPTV repositories; Broadcaster websites and live pages; Public FAST distributions on Rakuten, Xumo, Tubi, Pluto, Samsung TV Plus, Plex, Amagi, Wurl, and Ottera; Web search for exact names, spelling variants, regional feeds, SD/576/720 editions, HLS, and M3U8 references; https://www.sonymax.tv/",Sony KAL Hindi,No acceptable responding public rendition,No stable unauthenticated broadcaster or licensed public M3U found; indexed alternatives had unclear provenance or required subscription/player access.
Sony MAX 2,India,India,"https://iptv-org.github.io/iptv/index.m3u; https://iptv-org.github.io/api/streams.json; https://raw.githubusercontent.com/Free-TV/IPTV/master/playlist.m3u8; GitHub code search and public IPTV repositories; Broadcaster websites and live pages; Public FAST distributions on Rakuten, Xumo, Tubi, Pluto, Samsung TV Plus, Plex, Amagi, Wurl, and Ottera; Web search for exact names, spelling variants, regional feeds, SD/576/720 editions, HLS, and M3U8 references; https://www.sonymax2.tv/",Sony KAL Hindi,No acceptable responding public rendition,No stable unauthenticated broadcaster or licensed public M3U found; indexed alternatives had unclear provenance or required subscription/player access.
Sony Pal,India,India,"https://iptv-org.github.io/iptv/index.m3u; https://iptv-org.github.io/api/streams.json; https://raw.githubusercontent.com/Free-TV/IPTV/master/playlist.m3u8; GitHub code search and public IPTV repositories; Broadcaster websites and live pages; Public FAST distributions on Rakuten, Xumo, Tubi, Pluto, Samsung TV Plus, Plex, Amagi, Wurl, and Ottera; Web search for exact names, spelling variants, regional feeds, SD/576/720 editions, HLS, and M3U8 references; http://www.sonypal.in/",Sony KAL Hindi,No acceptable responding public rendition,No stable unauthenticated broadcaster or licensed public M3U found; indexed alternatives had unclear provenance or required subscription/player access.
Sony Sports / Sony Ten,India,India,"https://iptv-org.github.io/iptv/index.m3u; https://iptv-org.github.io/api/streams.json; https://raw.githubusercontent.com/Free-TV/IPTV/master/playlist.m3u8; GitHub code search and public IPTV repositories; Broadcaster websites and live pages; Public FAST distributions on Rakuten, Xumo, Tubi, Pluto, Samsung TV Plus, Plex, Amagi, Wurl, and Ottera; Web search for exact names, spelling variants, regional feeds, SD/576/720 editions, HLS, and M3U8 references; https://www.sonysportsnetwork.com/",Sony KAL Hindi,No acceptable responding public rendition,No stable unauthenticated broadcaster or licensed public M3U found; indexed alternatives had unclear provenance or required subscription/player access.
Sony PIX,India,India,"https://iptv-org.github.io/iptv/index.m3u; https://iptv-org.github.io/api/streams.json; https://raw.githubusercontent.com/Free-TV/IPTV/master/playlist.m3u8; GitHub code search and public IPTV repositories; Broadcaster websites and live pages; Public FAST distributions on Rakuten, Xumo, Tubi, Pluto, Samsung TV Plus, Plex, Amagi, Wurl, and Ottera; Web search for exact names, spelling variants, regional feeds, SD/576/720 editions, HLS, and M3U8 references; http://www.sonypix.com/",Sony KAL Hindi,No acceptable responding public rendition,No stable unauthenticated broadcaster or licensed public M3U found; indexed alternatives had unclear provenance or required subscription/player access.
Sony WAH,India,India,"https://iptv-org.github.io/iptv/index.m3u; https://iptv-org.github.io/api/streams.json; https://raw.githubusercontent.com/Free-TV/IPTV/master/playlist.m3u8; GitHub code search and public IPTV repositories; Broadcaster websites and live pages; Public FAST distributions on Rakuten, Xumo, Tubi, Pluto, Samsung TV Plus, Plex, Amagi, Wurl, and Ottera; Web search for exact names, spelling variants, regional feeds, SD/576/720 editions, HLS, and M3U8 references; https://www.sonywah.tv/",Sony KAL Hindi,No acceptable responding public rendition,No stable unauthenticated broadcaster or licensed public M3U found; indexed alternatives had unclear provenance or required subscription/player access.
Sony Movies,India,India,"https://iptv-org.github.io/iptv/index.m3u; https://iptv-org.github.io/api/streams.json; https://raw.githubusercontent.com/Free-TV/IPTV/master/playlist.m3u8; GitHub code search and public IPTV repositories; Broadcaster websites and live pages; Public FAST distributions on Rakuten, Xumo, Tubi, Pluto, Samsung TV Plus, Plex, Amagi, Wurl, and Ottera; Web search for exact names, spelling variants, regional feeds, SD/576/720 editions, HLS, and M3U8 references; https://www.sonymovies.com/",Sony KAL Hindi,No acceptable responding public rendition,No stable unauthenticated broadcaster or licensed public M3U found; indexed alternatives had unclear provenance or required subscription/player access.
Sony One Action/Comedy (English),India,India,"https://iptv-org.github.io/iptv/index.m3u; https://iptv-org.github.io/api/streams.json; https://raw.githubusercontent.com/Free-TV/IPTV/master/playlist.m3u8; GitHub code search and public IPTV repositories; Broadcaster websites and live pages; Public FAST distributions on Rakuten, Xumo, Tubi, Pluto, Samsung TV Plus, Plex, Amagi, Wurl, and Ottera; Web search for exact names, spelling variants, regional feeds, SD/576/720 editions, HLS, and M3U8 references; https://www.sonypicturesnetworks.com/overview",Sony KAL Hindi,No acceptable responding public rendition,No stable unauthenticated broadcaster or licensed public M3U found; indexed alternatives had unclear provenance or required subscription/player access.
Colors,India,India,"https://iptv-org.github.io/iptv/index.m3u; https://iptv-org.github.io/api/streams.json; https://raw.githubusercontent.com/Free-TV/IPTV/master/playlist.m3u8; GitHub code search and public IPTV repositories; Broadcaster websites and live pages; Public FAST distributions on Rakuten, Xumo, Tubi, Pluto, Samsung TV Plus, Plex, Amagi, Wurl, and Ottera; Web search for exact names, spelling variants, regional feeds, SD/576/720 editions, HLS, and M3U8 references; https://www.colorstv.com/",Colors MENA,No acceptable responding public rendition,No stable public Hindi/English M3U with sufficiently clear provenance found in the searched catalogs and official distribution.
Colors Cineplex,India,India,"https://iptv-org.github.io/iptv/index.m3u; https://iptv-org.github.io/api/streams.json; https://raw.githubusercontent.com/Free-TV/IPTV/master/playlist.m3u8; GitHub code search and public IPTV repositories; Broadcaster websites and live pages; Public FAST distributions on Rakuten, Xumo, Tubi, Pluto, Samsung TV Plus, Plex, Amagi, Wurl, and Ottera; Web search for exact names, spelling variants, regional feeds, SD/576/720 editions, HLS, and M3U8 references; https://www.colorstv.com/us/",Colors MENA,No acceptable responding public rendition,No stable public Hindi/English M3U with sufficiently clear provenance found in the searched catalogs and official distribution.
Colors Cineplex Bollywood,India,India,"https://iptv-org.github.io/iptv/index.m3u; https://iptv-org.github.io/api/streams.json; https://raw.githubusercontent.com/Free-TV/IPTV/master/playlist.m3u8; GitHub code search and public IPTV repositories; Broadcaster websites and live pages; Public FAST distributions on Rakuten, Xumo, Tubi, Pluto, Samsung TV Plus, Plex, Amagi, Wurl, and Ottera; Web search for exact names, spelling variants, regional feeds, SD/576/720 editions, HLS, and M3U8 references; https://www.colorstv.com/us/",Colors MENA,No acceptable responding public rendition,No stable public Hindi/English M3U with sufficiently clear provenance found in the searched catalogs and official distribution.
Colors Cineplex Superhits,India,India,"https://iptv-org.github.io/iptv/index.m3u; https://iptv-org.github.io/api/streams.json; https://raw.githubusercontent.com/Free-TV/IPTV/master/playlist.m3u8; GitHub code search and public IPTV repositories; Broadcaster websites and live pages; Public FAST distributions on Rakuten, Xumo, Tubi, Pluto, Samsung TV Plus, Plex, Amagi, Wurl, and Ottera; Web search for exact names, spelling variants, regional feeds, SD/576/720 editions, HLS, and M3U8 references; https://www.colorstv.com/us/",Colors MENA,No acceptable responding public rendition,No stable public Hindi/English M3U with sufficiently clear provenance found in the searched catalogs and official distribution.
Colors Infinity,India,India,"https://iptv-org.github.io/iptv/index.m3u; https://iptv-org.github.io/api/streams.json; https://raw.githubusercontent.com/Free-TV/IPTV/master/playlist.m3u8; GitHub code search and public IPTV repositories; Broadcaster websites and live pages; Public FAST distributions on Rakuten, Xumo, Tubi, Pluto, Samsung TV Plus, Plex, Amagi, Wurl, and Ottera; Web search for exact names, spelling variants, regional feeds, SD/576/720 editions, HLS, and M3U8 references; https://www.colorstv.com/us/",Colors MENA,No acceptable responding public rendition,No stable public Hindi/English M3U with sufficiently clear provenance found in the searched catalogs and official distribution.
Zee TV,India,India,"https://iptv-org.github.io/iptv/index.m3u; https://iptv-org.github.io/api/streams.json; https://raw.githubusercontent.com/Free-TV/IPTV/master/playlist.m3u8; GitHub code search and public IPTV repositories; Broadcaster websites and live pages; Public FAST distributions on Rakuten, Xumo, Tubi, Pluto, Samsung TV Plus, Plex, Amagi, Wurl, and Ottera; Web search for exact names, spelling variants, regional feeds, SD/576/720 editions, HLS, and M3U8 references; http://www.zeetv.com/",Zee News; Zee Business; Zee Cine Classic (FAST); Zee Comedy Nation (FAST); Zee Dil Se (FAST); Zee Horror Nights (FAST); Zee South Flix (Hindi); &TV International (FAST),No acceptable responding public rendition,No stable unauthenticated standalone public M3U found. Official web/app availability is not a reusable stream URL; unidentified restreams rejected.
Zee Cinema,India,India,"https://iptv-org.github.io/iptv/index.m3u; https://iptv-org.github.io/api/streams.json; https://raw.githubusercontent.com/Free-TV/IPTV/master/playlist.m3u8; GitHub code search and public IPTV repositories; Broadcaster websites and live pages; Public FAST distributions on Rakuten, Xumo, Tubi, Pluto, Samsung TV Plus, Plex, Amagi, Wurl, and Ottera; Web search for exact names, spelling variants, regional feeds, SD/576/720 editions, HLS, and M3U8 references; https://zeecinema.zee5.com/",Zee News; Zee Business; Zee Cine Classic (FAST); Zee Comedy Nation (FAST); Zee Dil Se (FAST); Zee Horror Nights (FAST); Zee South Flix (Hindi); &TV International (FAST),No acceptable responding public rendition,"No stable permitted public M3U confirmed; the purported lower-resolution catalog URL names NGCHD (a different channel), so it was rejected."
Zee Bollywood,India,India,"https://iptv-org.github.io/iptv/index.m3u; https://iptv-org.github.io/api/streams.json; https://raw.githubusercontent.com/Free-TV/IPTV/master/playlist.m3u8; GitHub code search and public IPTV repositories; Broadcaster websites and live pages; Public FAST distributions on Rakuten, Xumo, Tubi, Pluto, Samsung TV Plus, Plex, Amagi, Wurl, and Ottera; Web search for exact names, spelling variants, regional feeds, SD/576/720 editions, HLS, and M3U8 references; https://zeebollywood.zee5.com/",Zee News; Zee Business; Zee Cine Classic (FAST); Zee Comedy Nation (FAST); Zee Dil Se (FAST); Zee Horror Nights (FAST); Zee South Flix (Hindi); &TV International (FAST),No acceptable responding public rendition,No stable unauthenticated standalone public M3U found. Official web/app availability is not a reusable stream URL; unidentified restreams rejected.
Zee Action,India,India,"https://iptv-org.github.io/iptv/index.m3u; https://iptv-org.github.io/api/streams.json; https://raw.githubusercontent.com/Free-TV/IPTV/master/playlist.m3u8; GitHub code search and public IPTV repositories; Broadcaster websites and live pages; Public FAST distributions on Rakuten, Xumo, Tubi, Pluto, Samsung TV Plus, Plex, Amagi, Wurl, and Ottera; Web search for exact names, spelling variants, regional feeds, SD/576/720 editions, HLS, and M3U8 references; https://www.zee5.com/",Zee News; Zee Business; Zee Cine Classic (FAST); Zee Comedy Nation (FAST); Zee Dil Se (FAST); Zee Horror Nights (FAST); Zee South Flix (Hindi); &TV International (FAST),No acceptable responding public rendition,No stable unauthenticated standalone public M3U found. Official web/app availability is not a reusable stream URL; unidentified restreams rejected.
Zee Classic,India,India,"https://iptv-org.github.io/iptv/index.m3u; https://iptv-org.github.io/api/streams.json; https://raw.githubusercontent.com/Free-TV/IPTV/master/playlist.m3u8; GitHub code search and public IPTV repositories; Broadcaster websites and live pages; Public FAST distributions on Rakuten, Xumo, Tubi, Pluto, Samsung TV Plus, Plex, Amagi, Wurl, and Ottera; Web search for exact names, spelling variants, regional feeds, SD/576/720 editions, HLS, and M3U8 references; http://www.zeeclassic.com/",Zee News; Zee Business; Zee Cine Classic (FAST); Zee Comedy Nation (FAST); Zee Dil Se (FAST); Zee Horror Nights (FAST); Zee South Flix (Hindi); &TV International (FAST),No acceptable responding public rendition,No stable unauthenticated standalone public M3U found. Official web/app availability is not a reusable stream URL; unidentified restreams rejected.
Zing,India,India,"https://iptv-org.github.io/iptv/index.m3u; https://iptv-org.github.io/api/streams.json; https://raw.githubusercontent.com/Free-TV/IPTV/master/playlist.m3u8; GitHub code search and public IPTV repositories; Broadcaster websites and live pages; Public FAST distributions on Rakuten, Xumo, Tubi, Pluto, Samsung TV Plus, Plex, Amagi, Wurl, and Ottera; Web search for exact names, spelling variants, regional feeds, SD/576/720 editions, HLS, and M3U8 references; http://www.zingtv.in/",Zee News; Zee Business; Zee Cine Classic (FAST); Zee Comedy Nation (FAST); Zee Dil Se (FAST); Zee Horror Nights (FAST); Zee South Flix (Hindi); &TV International (FAST),No acceptable responding public rendition,No stable unauthenticated standalone public M3U found. Official web/app availability is not a reusable stream URL; unidentified restreams rejected.
Star Plus,India,India,"https://iptv-org.github.io/iptv/index.m3u; https://iptv-org.github.io/api/streams.json; https://raw.githubusercontent.com/Free-TV/IPTV/master/playlist.m3u8; GitHub code search and public IPTV repositories; Broadcaster websites and live pages; Public FAST distributions on Rakuten, Xumo, Tubi, Pluto, Samsung TV Plus, Plex, Amagi, Wurl, and Ottera; Web search for exact names, spelling variants, regional feeds, SD/576/720 editions, HLS, and M3U8 references; http://www.hotstar.com/channels/star-plus",None,No acceptable responding public rendition,No stable public Hindi/English broadcaster M3U found. Catalog entries were unidentified restreams or subscription distribution.
Star Bharat,India,India,"https://iptv-org.github.io/iptv/index.m3u; https://iptv-org.github.io/api/streams.json; https://raw.githubusercontent.com/Free-TV/IPTV/master/playlist.m3u8; GitHub code search and public IPTV repositories; Broadcaster websites and live pages; Public FAST distributions on Rakuten, Xumo, Tubi, Pluto, Samsung TV Plus, Plex, Amagi, Wurl, and Ottera; Web search for exact names, spelling variants, regional feeds, SD/576/720 editions, HLS, and M3U8 references; http://www.hotstar.com/channels/star-bharat",None,No acceptable responding public rendition,No stable public Hindi/English broadcaster M3U found. Catalog entries were unidentified restreams or subscription distribution.
Star Gold,India,India,"https://iptv-org.github.io/iptv/index.m3u; https://iptv-org.github.io/api/streams.json; https://raw.githubusercontent.com/Free-TV/IPTV/master/playlist.m3u8; GitHub code search and public IPTV repositories; Broadcaster websites and live pages; Public FAST distributions on Rakuten, Xumo, Tubi, Pluto, Samsung TV Plus, Plex, Amagi, Wurl, and Ottera; Web search for exact names, spelling variants, regional feeds, SD/576/720 editions, HLS, and M3U8 references; https://hotstar.com/",None,No acceptable responding public rendition,No stable public Hindi/English broadcaster M3U found. Catalog entries were unidentified restreams or subscription distribution.
Star Gold 2,India,India,"https://iptv-org.github.io/iptv/index.m3u; https://iptv-org.github.io/api/streams.json; https://raw.githubusercontent.com/Free-TV/IPTV/master/playlist.m3u8; GitHub code search and public IPTV repositories; Broadcaster websites and live pages; Public FAST distributions on Rakuten, Xumo, Tubi, Pluto, Samsung TV Plus, Plex, Amagi, Wurl, and Ottera; Web search for exact names, spelling variants, regional feeds, SD/576/720 editions, HLS, and M3U8 references; https://hotstar.com/",None,No acceptable responding public rendition,No stable public Hindi/English broadcaster M3U found. Catalog entries were unidentified restreams or subscription distribution.
Star Gold Select,India,India,"https://iptv-org.github.io/iptv/index.m3u; https://iptv-org.github.io/api/streams.json; https://raw.githubusercontent.com/Free-TV/IPTV/master/playlist.m3u8; GitHub code search and public IPTV repositories; Broadcaster websites and live pages; Public FAST distributions on Rakuten, Xumo, Tubi, Pluto, Samsung TV Plus, Plex, Amagi, Wurl, and Ottera; Web search for exact names, spelling variants, regional feeds, SD/576/720 editions, HLS, and M3U8 references; https://hotstar.com/",None,No acceptable responding public rendition,No stable public Hindi/English broadcaster M3U found. Catalog entries were unidentified restreams or subscription distribution.
Star Sports,India,India,"https://iptv-org.github.io/iptv/index.m3u; https://iptv-org.github.io/api/streams.json; https://raw.githubusercontent.com/Free-TV/IPTV/master/playlist.m3u8; GitHub code search and public IPTV repositories; Broadcaster websites and live pages; Public FAST distributions on Rakuten, Xumo, Tubi, Pluto, Samsung TV Plus, Plex, Amagi, Wurl, and Ottera; Web search for exact names, spelling variants, regional feeds, SD/576/720 editions, HLS, and M3U8 references; https://www.startv.com/about-us/sports",None,No acceptable responding public rendition,No stable public Hindi/English broadcaster M3U found. Catalog entries were unidentified restreams or subscription distribution.
Star Sports Select,India,India,"https://iptv-org.github.io/iptv/index.m3u; https://iptv-org.github.io/api/streams.json; https://raw.githubusercontent.com/Free-TV/IPTV/master/playlist.m3u8; GitHub code search and public IPTV repositories; Broadcaster websites and live pages; Public FAST distributions on Rakuten, Xumo, Tubi, Pluto, Samsung TV Plus, Plex, Amagi, Wurl, and Ottera; Web search for exact names, spelling variants, regional feeds, SD/576/720 editions, HLS, and M3U8 references; https://www.startv.com/about-us/sports/",None,No acceptable responding public rendition,No stable public Hindi/English broadcaster M3U found. Catalog entries were unidentified restreams or subscription distribution.
Star Utsav,India,India,"https://iptv-org.github.io/iptv/index.m3u; https://iptv-org.github.io/api/streams.json; https://raw.githubusercontent.com/Free-TV/IPTV/master/playlist.m3u8; GitHub code search and public IPTV repositories; Broadcaster websites and live pages; Public FAST distributions on Rakuten, Xumo, Tubi, Pluto, Samsung TV Plus, Plex, Amagi, Wurl, and Ottera; Web search for exact names, spelling variants, regional feeds, SD/576/720 editions, HLS, and M3U8 references; https://hotstar.com/",None,No acceptable responding public rendition,No stable public Hindi/English broadcaster M3U found. Catalog entries were unidentified restreams or subscription distribution.
Star Utsav Movies,India,India,"https://iptv-org.github.io/iptv/index.m3u; https://iptv-org.github.io/api/streams.json; https://raw.githubusercontent.com/Free-TV/IPTV/master/playlist.m3u8; GitHub code search and public IPTV repositories; Broadcaster websites and live pages; Public FAST distributions on Rakuten, Xumo, Tubi, Pluto, Samsung TV Plus, Plex, Amagi, Wurl, and Ottera; Web search for exact names, spelling variants, regional feeds, SD/576/720 editions, HLS, and M3U8 references; https://hotstar.com/",None,No acceptable responding public rendition,No stable public Hindi/English broadcaster M3U found. Catalog entries were unidentified restreams or subscription distribution.
Star Movies,India,India,"https://iptv-org.github.io/iptv/index.m3u; https://iptv-org.github.io/api/streams.json; https://raw.githubusercontent.com/Free-TV/IPTV/master/playlist.m3u8; GitHub code search and public IPTV repositories; Broadcaster websites and live pages; Public FAST distributions on Rakuten, Xumo, Tubi, Pluto, Samsung TV Plus, Plex, Amagi, Wurl, and Ottera; Web search for exact names, spelling variants, regional feeds, SD/576/720 editions, HLS, and M3U8 references; http://www.starmovies.in/",None,No acceptable responding public rendition,No stable public Hindi/English broadcaster M3U found. Catalog entries were unidentified restreams or subscription distribution.
HBO,Movies,International,"https://iptv-org.github.io/iptv/index.m3u; https://iptv-org.github.io/api/streams.json; https://raw.githubusercontent.com/Free-TV/IPTV/master/playlist.m3u8; GitHub code search and public IPTV repositories; Broadcaster websites and live pages; Public FAST distributions on Rakuten, Xumo, Tubi, Pluto, Samsung TV Plus, Plex, Amagi, Wurl, and Ottera; Web search for exact names, spelling variants, regional feeds, SD/576/720 editions, HLS, and M3U8 references; http://www.hbo.com/",None,No acceptable responding public rendition,No legitimate standalone public English/Hindi/Urdu/Persian/Arabic M3U found. Indexed anonymous rebroadcasts do not establish authorized distribution.
HBO Hits,Movies,International,"https://iptv-org.github.io/iptv/index.m3u; https://iptv-org.github.io/api/streams.json; https://raw.githubusercontent.com/Free-TV/IPTV/master/playlist.m3u8; GitHub code search and public IPTV repositories; Broadcaster websites and live pages; Public FAST distributions on Rakuten, Xumo, Tubi, Pluto, Samsung TV Plus, Plex, Amagi, Wurl, and Ottera; Web search for exact names, spelling variants, regional feeds, SD/576/720 editions, HLS, and M3U8 references; https://www.hbo.com/how-to-watch-hbo-max",None,No acceptable responding public rendition,No legitimate standalone public English/Hindi/Urdu/Persian/Arabic M3U found. Indexed anonymous rebroadcasts do not establish authorized distribution.
Cinemax,Movies,International,"https://iptv-org.github.io/iptv/index.m3u; https://iptv-org.github.io/api/streams.json; https://raw.githubusercontent.com/Free-TV/IPTV/master/playlist.m3u8; GitHub code search and public IPTV repositories; Broadcaster websites and live pages; Public FAST distributions on Rakuten, Xumo, Tubi, Pluto, Samsung TV Plus, Plex, Amagi, Wurl, and Ottera; Web search for exact names, spelling variants, regional feeds, SD/576/720 editions, HLS, and M3U8 references; http://www.cinemax.tv/",None,No acceptable responding public rendition,No legitimate standalone public English/Hindi/Urdu/Persian/Arabic M3U found. Indexed anonymous rebroadcasts do not establish authorized distribution.
Starz,Movies,International,"https://iptv-org.github.io/iptv/index.m3u; https://iptv-org.github.io/api/streams.json; https://raw.githubusercontent.com/Free-TV/IPTV/master/playlist.m3u8; GitHub code search and public IPTV repositories; Broadcaster websites and live pages; Public FAST distributions on Rakuten, Xumo, Tubi, Pluto, Samsung TV Plus, Plex, Amagi, Wurl, and Ottera; Web search for exact names, spelling variants, regional feeds, SD/576/720 editions, HLS, and M3U8 references; https://www.starz.com/",None,No acceptable responding public rendition,No legitimate standalone public English/Hindi/Urdu/Persian/Arabic M3U found. Indexed anonymous rebroadcasts do not establish authorized distribution.
OSN Movies,Movies,International,"https://iptv-org.github.io/iptv/index.m3u; https://iptv-org.github.io/api/streams.json; https://raw.githubusercontent.com/Free-TV/IPTV/master/playlist.m3u8; GitHub code search and public IPTV repositories; Broadcaster websites and live pages; Public FAST distributions on Rakuten, Xumo, Tubi, Pluto, Samsung TV Plus, Plex, Amagi, Wurl, and Ottera; Web search for exact names, spelling variants, regional feeds, SD/576/720 editions, HLS, and M3U8 references; https://www.osn.com/en-ae/explore/channels/ahd/osn-action",None,No acceptable responding public rendition,No legitimate standalone public English/Hindi/Urdu/Persian/Arabic M3U found. Indexed anonymous rebroadcasts do not establish authorized distribution.
OSN Series,Movies,International,"https://iptv-org.github.io/iptv/index.m3u; https://iptv-org.github.io/api/streams.json; https://raw.githubusercontent.com/Free-TV/IPTV/master/playlist.m3u8; GitHub code search and public IPTV repositories; Broadcaster websites and live pages; Public FAST distributions on Rakuten, Xumo, Tubi, Pluto, Samsung TV Plus, Plex, Amagi, Wurl, and Ottera; Web search for exact names, spelling variants, regional feeds, SD/576/720 editions, HLS, and M3U8 references; https://www.hbo.com/how-to-watch-hbo-max",None,No acceptable responding public rendition,No legitimate standalone public English/Hindi/Urdu/Persian/Arabic M3U found. Indexed anonymous rebroadcasts do not establish authorized distribution.
Warner TV,Movies,International,"https://iptv-org.github.io/iptv/index.m3u; https://iptv-org.github.io/api/streams.json; https://raw.githubusercontent.com/Free-TV/IPTV/master/playlist.m3u8; GitHub code search and public IPTV repositories; Broadcaster websites and live pages; Public FAST distributions on Rakuten, Xumo, Tubi, Pluto, Samsung TV Plus, Plex, Amagi, Wurl, and Ottera; Web search for exact names, spelling variants, regional feeds, SD/576/720 editions, HLS, and M3U8 references; https://www.hbo.com/how-to-watch-hbo-max",None,No acceptable responding public rendition,No legitimate standalone public English/Hindi/Urdu/Persian/Arabic M3U found. Indexed anonymous rebroadcasts do not establish authorized distribution.
Universal flagship,Movies,International,"https://iptv-org.github.io/iptv/index.m3u; https://iptv-org.github.io/api/streams.json; https://raw.githubusercontent.com/Free-TV/IPTV/master/playlist.m3u8; GitHub code search and public IPTV repositories; Broadcaster websites and live pages; Public FAST distributions on Rakuten, Xumo, Tubi, Pluto, Samsung TV Plus, Plex, Amagi, Wurl, and Ottera; Web search for exact names, spelling variants, regional feeds, SD/576/720 editions, HLS, and M3U8 references; https://www.hbo.com/how-to-watch-hbo-max",None,No acceptable responding public rendition,No legitimate standalone public English/Hindi/Urdu/Persian/Arabic M3U found. Indexed anonymous rebroadcasts do not establish authorized distribution.
Paramount Network flagship,Movies,International,"https://iptv-org.github.io/iptv/index.m3u; https://iptv-org.github.io/api/streams.json; https://raw.githubusercontent.com/Free-TV/IPTV/master/playlist.m3u8; GitHub code search and public IPTV repositories; Broadcaster websites and live pages; Public FAST distributions on Rakuten, Xumo, Tubi, Pluto, Samsung TV Plus, Plex, Amagi, Wurl, and Ottera; Web search for exact names, spelling variants, regional feeds, SD/576/720 editions, HLS, and M3U8 references; http://www.paramountnetwork.com/",None,No acceptable responding public rendition,No legitimate standalone public English/Hindi/Urdu/Persian/Arabic M3U found. Indexed anonymous rebroadcasts do not establish authorized distribution.
TNT flagship,Movies,International,"https://iptv-org.github.io/iptv/index.m3u; https://iptv-org.github.io/api/streams.json; https://raw.githubusercontent.com/Free-TV/IPTV/master/playlist.m3u8; GitHub code search and public IPTV repositories; Broadcaster websites and live pages; Public FAST distributions on Rakuten, Xumo, Tubi, Pluto, Samsung TV Plus, Plex, Amagi, Wurl, and Ottera; Web search for exact names, spelling variants, regional feeds, SD/576/720 editions, HLS, and M3U8 references; https://www.international.tbs.com/",None,No acceptable responding public rendition,No legitimate standalone public English/Hindi/Urdu/Persian/Arabic M3U found. Indexed anonymous rebroadcasts do not establish authorized distribution.
FX flagship,Movies,International,"https://iptv-org.github.io/iptv/index.m3u; https://iptv-org.github.io/api/streams.json; https://raw.githubusercontent.com/Free-TV/IPTV/master/playlist.m3u8; GitHub code search and public IPTV repositories; Broadcaster websites and live pages; Public FAST distributions on Rakuten, Xumo, Tubi, Pluto, Samsung TV Plus, Plex, Amagi, Wurl, and Ottera; Web search for exact names, spelling variants, regional feeds, SD/576/720 editions, HLS, and M3U8 references; http://www.fxnetworks.com/",None,No acceptable responding public rendition,No legitimate standalone public English/Hindi/Urdu/Persian/Arabic M3U found. Indexed anonymous rebroadcasts do not establish authorized distribution.
FilmBox (preferred languages),Movies,International,"https://iptv-org.github.io/iptv/index.m3u; https://iptv-org.github.io/api/streams.json; https://raw.githubusercontent.com/Free-TV/IPTV/master/playlist.m3u8; GitHub code search and public IPTV repositories; Broadcaster websites and live pages; Public FAST distributions on Rakuten, Xumo, Tubi, Pluto, Samsung TV Plus, Plex, Amagi, Wurl, and Ottera; Web search for exact names, spelling variants, regional feeds, SD/576/720 editions, HLS, and M3U8 references; https://www.hbo.com/how-to-watch-hbo-max",None,No acceptable responding public rendition,No legitimate standalone public English/Hindi/Urdu/Persian/Arabic M3U found. Indexed anonymous rebroadcasts do not establish authorized distribution.
Sky Sports,Sports,International,"https://iptv-org.github.io/iptv/index.m3u; https://iptv-org.github.io/api/streams.json; https://raw.githubusercontent.com/Free-TV/IPTV/master/playlist.m3u8; GitHub code search and public IPTV repositories; Broadcaster websites and live pages; Public FAST distributions on Rakuten, Xumo, Tubi, Pluto, Samsung TV Plus, Plex, Amagi, Wurl, and Ottera; Web search for exact names, spelling variants, regional feeds, SD/576/720 editions, HLS, and M3U8 references; https://www.skysports.com/",ESPN8: The Ocho (FAST); beIN SPORTS XTRA (free); CBS Sports Golazo; CBS Sports HQ; NBC Sports NOW (FAST); FIFA+; FIFA+ Women; Tennis Channel (free edition),No acceptable responding public rendition,"No legitimate stable public M3U of the requested flagship found; free brand editions are listed separately. Provider subscriptions, unclear restreams, and nonpreferred language feeds excluded."
ESPN flagship,Sports,International,"https://iptv-org.github.io/iptv/index.m3u; https://iptv-org.github.io/api/streams.json; https://raw.githubusercontent.com/Free-TV/IPTV/master/playlist.m3u8; GitHub code search and public IPTV repositories; Broadcaster websites and live pages; Public FAST distributions on Rakuten, Xumo, Tubi, Pluto, Samsung TV Plus, Plex, Amagi, Wurl, and Ottera; Web search for exact names, spelling variants, regional feeds, SD/576/720 editions, HLS, and M3U8 references; https://espn.com/",ESPN8: The Ocho (FAST); beIN SPORTS XTRA (free); CBS Sports Golazo; CBS Sports HQ; NBC Sports NOW (FAST); FIFA+; FIFA+ Women; Tennis Channel (free edition),No acceptable responding public rendition,"No legitimate stable public M3U of the requested flagship found; free brand editions are listed separately. Provider subscriptions, unclear restreams, and nonpreferred language feeds excluded."
Fox Sports flagship,Sports,International,"https://iptv-org.github.io/iptv/index.m3u; https://iptv-org.github.io/api/streams.json; https://raw.githubusercontent.com/Free-TV/IPTV/master/playlist.m3u8; GitHub code search and public IPTV repositories; Broadcaster websites and live pages; Public FAST distributions on Rakuten, Xumo, Tubi, Pluto, Samsung TV Plus, Plex, Amagi, Wurl, and Ottera; Web search for exact names, spelling variants, regional feeds, SD/576/720 editions, HLS, and M3U8 references; https://www.foxsports.com/",ESPN8: The Ocho (FAST); beIN SPORTS XTRA (free); CBS Sports Golazo; CBS Sports HQ; NBC Sports NOW (FAST); FIFA+; FIFA+ Women; Tennis Channel (free edition),No acceptable responding public rendition,No legitimate stable public M3U of the requested flagship found; FOX Sports FAST is listed separately. Provider-authenticated and anonymous restreams were excluded.
beIN Sports flagship,Sports,International,"https://iptv-org.github.io/iptv/index.m3u; https://iptv-org.github.io/api/streams.json; https://raw.githubusercontent.com/Free-TV/IPTV/master/playlist.m3u8; GitHub code search and public IPTV repositories; Broadcaster websites and live pages; Public FAST distributions on Rakuten, Xumo, Tubi, Pluto, Samsung TV Plus, Plex, Amagi, Wurl, and Ottera; Web search for exact names, spelling variants, regional feeds, SD/576/720 editions, HLS, and M3U8 references; https://www.beinsports.com/ar/",ESPN8: The Ocho (FAST); beIN SPORTS XTRA (free); CBS Sports Golazo; CBS Sports HQ; NBC Sports NOW (FAST); FIFA+; FIFA+ Women; Tennis Channel (free edition),No acceptable responding public rendition,"No legitimate stable public M3U of the requested flagship found; free brand editions are listed separately. Provider subscriptions, unclear restreams, and nonpreferred language feeds excluded."
TNT Sports,Sports,International,"https://iptv-org.github.io/iptv/index.m3u; https://iptv-org.github.io/api/streams.json; https://raw.githubusercontent.com/Free-TV/IPTV/master/playlist.m3u8; GitHub code search and public IPTV repositories; Broadcaster websites and live pages; Public FAST distributions on Rakuten, Xumo, Tubi, Pluto, Samsung TV Plus, Plex, Amagi, Wurl, and Ottera; Web search for exact names, spelling variants, regional feeds, SD/576/720 editions, HLS, and M3U8 references; https://www.tntsports.co.uk/",ESPN8: The Ocho (FAST); beIN SPORTS XTRA (free); CBS Sports Golazo; CBS Sports HQ; NBC Sports NOW (FAST); FIFA+; FIFA+ Women; Tennis Channel (free edition),No acceptable responding public rendition,"No legitimate stable public M3U of the requested flagship found; free brand editions are listed separately. Provider subscriptions, unclear restreams, and nonpreferred language feeds excluded."
Willow flagship,Sports,International,"https://iptv-org.github.io/iptv/index.m3u; https://iptv-org.github.io/api/streams.json; https://raw.githubusercontent.com/Free-TV/IPTV/master/playlist.m3u8; GitHub code search and public IPTV repositories; Broadcaster websites and live pages; Public FAST distributions on Rakuten, Xumo, Tubi, Pluto, Samsung TV Plus, Plex, Amagi, Wurl, and Ottera; Web search for exact names, spelling variants, regional feeds, SD/576/720 editions, HLS, and M3U8 references; http://www.willow.tv/",ESPN8: The Ocho (FAST); beIN SPORTS XTRA (free); CBS Sports Golazo; CBS Sports HQ; NBC Sports NOW (FAST); FIFA+; FIFA+ Women; Tennis Channel (free edition),No acceptable responding public rendition,"No legitimate stable public M3U of the requested flagship found; free brand editions are listed separately. Provider subscriptions, unclear restreams, and nonpreferred language feeds excluded."
PTV Sports,Sports,International,"https://iptv-org.github.io/iptv/index.m3u; https://iptv-org.github.io/api/streams.json; https://raw.githubusercontent.com/Free-TV/IPTV/master/playlist.m3u8; GitHub code search and public IPTV repositories; Broadcaster websites and live pages; Public FAST distributions on Rakuten, Xumo, Tubi, Pluto, Samsung TV Plus, Plex, Amagi, Wurl, and Ottera; Web search for exact names, spelling variants, regional feeds, SD/576/720 editions, HLS, and M3U8 references; https://www.ptv-sports.com.pk/live-streaming/",ESPN8: The Ocho (FAST); beIN SPORTS XTRA (free); CBS Sports Golazo; CBS Sports HQ; NBC Sports NOW (FAST); FIFA+; FIFA+ Women; Tennis Channel (free edition),No acceptable responding public rendition,The current indexed 720p AynaScope candidates returned HTTP 503 twice; older raw-IP and mirror candidates lacked clear reusable broadcaster provenance. The official PTV page did not publish a stable responding standalone HLS.
Geo Super,Sports,International,"https://iptv-org.github.io/iptv/index.m3u; https://iptv-org.github.io/api/streams.json; https://raw.githubusercontent.com/Free-TV/IPTV/master/playlist.m3u8; GitHub code search and public IPTV repositories; Broadcaster websites and live pages; Public FAST distributions on Rakuten, Xumo, Tubi, Pluto, Samsung TV Plus, Plex, Amagi, Wurl, and Ottera; Web search for exact names, spelling variants, regional feeds, SD/576/720 editions, HLS, and M3U8 references; https://www.geosuper.tv/",ESPN8: The Ocho (FAST); beIN SPORTS XTRA (free); CBS Sports Golazo; CBS Sports HQ; NBC Sports NOW (FAST); FIFA+; FIFA+ Women; Tennis Channel (free edition),No acceptable responding public rendition,The official Geo Super live page did not expose a reusable HLS; the previously indexed 5centscdn candidate returned HTTP 404 and raw-IP mirrors lacked clear distribution provenance.
Abu Dhabi Sports,Sports,International,"https://iptv-org.github.io/iptv/index.m3u; https://iptv-org.github.io/api/streams.json; https://raw.githubusercontent.com/Free-TV/IPTV/master/playlist.m3u8; GitHub code search and public IPTV repositories; Broadcaster websites and live pages; Public FAST distributions on Rakuten, Xumo, Tubi, Pluto, Samsung TV Plus, Plex, Amagi, Wurl, and Ottera; Web search for exact names, spelling variants, regional feeds, SD/576/720 editions, HLS, and M3U8 references; https://adtv.ae/en/live/Abu%20Dhabi%20Sports%20Channel%201",ESPN8: The Ocho (FAST); beIN SPORTS XTRA (free); CBS Sports Golazo; CBS Sports HQ; NBC Sports NOW (FAST); FIFA+; FIFA+ Women; Tennis Channel (free edition),No acceptable responding public rendition,"No legitimate stable public M3U of the requested flagship found; free brand editions are listed separately. Provider subscriptions, unclear restreams, and nonpreferred language feeds excluded."
Alkass,Sports,International,"https://iptv-org.github.io/iptv/index.m3u; https://iptv-org.github.io/api/streams.json; https://raw.githubusercontent.com/Free-TV/IPTV/master/playlist.m3u8; GitHub code search and public IPTV repositories; Broadcaster websites and live pages; Public FAST distributions on Rakuten, Xumo, Tubi, Pluto, Samsung TV Plus, Plex, Amagi, Wurl, and Ottera; Web search for exact names, spelling variants, regional feeds, SD/576/720 editions, HLS, and M3U8 references; https://www.alkass.net/",ESPN8: The Ocho (FAST); beIN SPORTS XTRA (free); CBS Sports Golazo; CBS Sports HQ; NBC Sports NOW (FAST); FIFA+; FIFA+ Women; Tennis Channel (free edition),No acceptable responding public rendition,"No legitimate stable public M3U of the requested flagship found; free brand editions are listed separately. Provider subscriptions, unclear restreams, and nonpreferred language feeds excluded."
Disney Channel,Kids,International,"https://iptv-org.github.io/iptv/index.m3u; https://iptv-org.github.io/api/streams.json; https://raw.githubusercontent.com/Free-TV/IPTV/master/playlist.m3u8; GitHub code search and public IPTV repositories; Broadcaster websites and live pages; Public FAST distributions on Rakuten, Xumo, Tubi, Pluto, Samsung TV Plus, Plex, Amagi, Wurl, and Ottera; Web search for exact names, spelling variants, regional feeds, SD/576/720 editions, HLS, and M3U8 references; https://www.disney.com/",Nickelodeon Pluto TV; Nick Jr Pluto TV; Nicktoons Pluto TV; BBC Kids; CBBC; CBeebies; MBC 3 USA; PBS Kids,No acceptable responding public rendition,No stable public permitted M3U in the preferred languages found. Subscription rebroadcasts and web/YouTube pages without reusable HLS excluded.
Disney Junior,Kids,International,"https://iptv-org.github.io/iptv/index.m3u; https://iptv-org.github.io/api/streams.json; https://raw.githubusercontent.com/Free-TV/IPTV/master/playlist.m3u8; GitHub code search and public IPTV repositories; Broadcaster websites and live pages; Public FAST distributions on Rakuten, Xumo, Tubi, Pluto, Samsung TV Plus, Plex, Amagi, Wurl, and Ottera; Web search for exact names, spelling variants, regional feeds, SD/576/720 editions, HLS, and M3U8 references; http://disney.go.com/disneyjunior/",Nickelodeon Pluto TV; Nick Jr Pluto TV; Nicktoons Pluto TV; BBC Kids; CBBC; CBeebies; MBC 3 USA; PBS Kids,No acceptable responding public rendition,No stable public permitted M3U in the preferred languages found. Subscription rebroadcasts and web/YouTube pages without reusable HLS excluded.
Nickelodeon flagship,Kids,International,"https://iptv-org.github.io/iptv/index.m3u; https://iptv-org.github.io/api/streams.json; https://raw.githubusercontent.com/Free-TV/IPTV/master/playlist.m3u8; GitHub code search and public IPTV repositories; Broadcaster websites and live pages; Public FAST distributions on Rakuten, Xumo, Tubi, Pluto, Samsung TV Plus, Plex, Amagi, Wurl, and Ottera; Web search for exact names, spelling variants, regional feeds, SD/576/720 editions, HLS, and M3U8 references; http://www.nick.com/",Nickelodeon Pluto TV; Nick Jr Pluto TV; Nicktoons Pluto TV; BBC Kids; CBBC; CBeebies; MBC 3 USA; PBS Kids,No acceptable responding public rendition,No stable public permitted M3U in the preferred languages found. Subscription rebroadcasts and web/YouTube pages without reusable HLS excluded.
Nick Jr flagship,Kids,International,"https://iptv-org.github.io/iptv/index.m3u; https://iptv-org.github.io/api/streams.json; https://raw.githubusercontent.com/Free-TV/IPTV/master/playlist.m3u8; GitHub code search and public IPTV repositories; Broadcaster websites and live pages; Public FAST distributions on Rakuten, Xumo, Tubi, Pluto, Samsung TV Plus, Plex, Amagi, Wurl, and Ottera; Web search for exact names, spelling variants, regional feeds, SD/576/720 editions, HLS, and M3U8 references; http://www.nickjr.com/",Nickelodeon Pluto TV; Nick Jr Pluto TV; Nicktoons Pluto TV; BBC Kids; CBBC; CBeebies; MBC 3 USA; PBS Kids,No acceptable responding public rendition,No stable public permitted M3U in the preferred languages found. Subscription rebroadcasts and web/YouTube pages without reusable HLS excluded.
Cartoon Network,Kids,International,"https://iptv-org.github.io/iptv/index.m3u; https://iptv-org.github.io/api/streams.json; https://raw.githubusercontent.com/Free-TV/IPTV/master/playlist.m3u8; GitHub code search and public IPTV repositories; Broadcaster websites and live pages; Public FAST distributions on Rakuten, Xumo, Tubi, Pluto, Samsung TV Plus, Plex, Amagi, Wurl, and Ottera; Web search for exact names, spelling variants, regional feeds, SD/576/720 editions, HLS, and M3U8 references; http://www.cartoonnetwork.com/",Nickelodeon Pluto TV; Nick Jr Pluto TV; Nicktoons Pluto TV; BBC Kids; CBBC; CBeebies; MBC 3 USA; PBS Kids,No acceptable responding public rendition,No stable public permitted M3U in the preferred languages found. Subscription rebroadcasts and web/YouTube pages without reusable HLS excluded.
Pogo,Kids,International,"https://iptv-org.github.io/iptv/index.m3u; https://iptv-org.github.io/api/streams.json; https://raw.githubusercontent.com/Free-TV/IPTV/master/playlist.m3u8; GitHub code search and public IPTV repositories; Broadcaster websites and live pages; Public FAST distributions on Rakuten, Xumo, Tubi, Pluto, Samsung TV Plus, Plex, Amagi, Wurl, and Ottera; Web search for exact names, spelling variants, regional feeds, SD/576/720 editions, HLS, and M3U8 references; https://pluto.tv/",Nickelodeon Pluto TV; Nick Jr Pluto TV; Nicktoons Pluto TV; BBC Kids; CBBC; CBeebies; MBC 3 USA; PBS Kids,No acceptable responding public rendition,No stable public permitted M3U in the preferred languages found. Subscription rebroadcasts and web/YouTube pages without reusable HLS excluded.
Hungama,Kids,International,"https://iptv-org.github.io/iptv/index.m3u; https://iptv-org.github.io/api/streams.json; https://raw.githubusercontent.com/Free-TV/IPTV/master/playlist.m3u8; GitHub code search and public IPTV repositories; Broadcaster websites and live pages; Public FAST distributions on Rakuten, Xumo, Tubi, Pluto, Samsung TV Plus, Plex, Amagi, Wurl, and Ottera; Web search for exact names, spelling variants, regional feeds, SD/576/720 editions, HLS, and M3U8 references; https://hungamatv.ga/",Nickelodeon Pluto TV; Nick Jr Pluto TV; Nicktoons Pluto TV; BBC Kids; CBBC; CBeebies; MBC 3 USA; PBS Kids,No acceptable responding public rendition,No stable public permitted M3U in the preferred languages found. Subscription rebroadcasts and web/YouTube pages without reusable HLS excluded.
Disney XD,Kids,International,"https://iptv-org.github.io/iptv/index.m3u; https://iptv-org.github.io/api/streams.json; https://raw.githubusercontent.com/Free-TV/IPTV/master/playlist.m3u8; GitHub code search and public IPTV repositories; Broadcaster websites and live pages; Public FAST distributions on Rakuten, Xumo, Tubi, Pluto, Samsung TV Plus, Plex, Amagi, Wurl, and Ottera; Web search for exact names, spelling variants, regional feeds, SD/576/720 editions, HLS, and M3U8 references; https://disneynow.com/all-shows/disney-xd",Nickelodeon Pluto TV; Nick Jr Pluto TV; Nicktoons Pluto TV; BBC Kids; CBBC; CBeebies; MBC 3 USA; PBS Kids,No acceptable responding public rendition,No stable public permitted M3U in the preferred languages found. Subscription rebroadcasts and web/YouTube pages without reusable HLS excluded.
Spacetoon Arabic,Kids,International,"https://iptv-org.github.io/iptv/index.m3u; https://iptv-org.github.io/api/streams.json; https://raw.githubusercontent.com/Free-TV/IPTV/master/playlist.m3u8; GitHub code search and public IPTV repositories; Broadcaster websites and live pages; Public FAST distributions on Rakuten, Xumo, Tubi, Pluto, Samsung TV Plus, Plex, Amagi, Wurl, and Ottera; Web search for exact names, spelling variants, regional feeds, SD/576/720 editions, HLS, and M3U8 references; http://www.spacetoon.com/",Nickelodeon Pluto TV; Nick Jr Pluto TV; Nicktoons Pluto TV; BBC Kids; CBBC; CBeebies; MBC 3 USA; PBS Kids,No acceptable responding public rendition,No stable public permitted M3U in the preferred languages found. Subscription rebroadcasts and web/YouTube pages without reusable HLS excluded.
CNN,News,International,"https://iptv-org.github.io/iptv/index.m3u; https://iptv-org.github.io/api/streams.json; https://raw.githubusercontent.com/Free-TV/IPTV/master/playlist.m3u8; GitHub code search and public IPTV repositories; Broadcaster websites and live pages; Public FAST distributions on Rakuten, Xumo, Tubi, Pluto, Samsung TV Plus, Plex, Amagi, Wurl, and Ottera; Web search for exact names, spelling variants, regional feeds, SD/576/720 editions, HLS, and M3U8 references; http://www.cnn.com/",BBC News; BBC Persian; BBC Arabic; Sky News; Al Jazeera English; Al Jazeera Arabic; Euronews English; ABC News Live,No acceptable responding public rendition,"Free-TV lists a CNN slate/preview URL, not the full live channel; anonymous restreams and unverified wrappers excluded."
Fox News,News,International,"https://iptv-org.github.io/iptv/index.m3u; https://iptv-org.github.io/api/streams.json; https://raw.githubusercontent.com/Free-TV/IPTV/master/playlist.m3u8; GitHub code search and public IPTV repositories; Broadcaster websites and live pages; Public FAST distributions on Rakuten, Xumo, Tubi, Pluto, Samsung TV Plus, Plex, Amagi, Wurl, and Ottera; Web search for exact names, spelling variants, regional feeds, SD/576/720 editions, HLS, and M3U8 references; http://www.foxnews.com/",BBC News; BBC Persian; BBC Arabic; Sky News; Al Jazeera English; Al Jazeera Arabic; Euronews English; ABC News Live,No acceptable responding public rendition,No legitimate stable public standalone M3U found in the searched sources. Official web or YouTube distribution may exist; those pages are not HLS playback URLs.
CNN-News18,News,International,"https://iptv-org.github.io/iptv/index.m3u; https://iptv-org.github.io/api/streams.json; https://raw.githubusercontent.com/Free-TV/IPTV/master/playlist.m3u8; GitHub code search and public IPTV repositories; Broadcaster websites and live pages; Public FAST distributions on Rakuten, Xumo, Tubi, Pluto, Samsung TV Plus, Plex, Amagi, Wurl, and Ottera; Web search for exact names, spelling variants, regional feeds, SD/576/720 editions, HLS, and M3U8 references; https://www.news18.com/",BBC News; BBC Persian; BBC Arabic; Sky News; Al Jazeera English; Al Jazeera Arabic; Euronews English; ABC News Live,No acceptable responding public rendition,No legitimate stable public standalone M3U found in the searched sources. Official web or YouTube distribution may exist; those pages are not HLS playback URLs.
National Geographic flagship,Documentary,International,"https://iptv-org.github.io/iptv/index.m3u; https://iptv-org.github.io/api/streams.json; https://raw.githubusercontent.com/Free-TV/IPTV/master/playlist.m3u8; GitHub code search and public IPTV repositories; Broadcaster websites and live pages; Public FAST distributions on Rakuten, Xumo, Tubi, Pluto, Samsung TV Plus, Plex, Amagi, Wurl, and Ottera; Web search for exact names, spelling variants, regional feeds, SD/576/720 editions, HLS, and M3U8 references; http://channel.nationalgeographic.com/",National Geographic Abu Dhabi; Asharq Discovery; History TV18; History Hit; BBC Earth (FAST); Smithsonian Channel Selects; PBS Nature; Love Nature,No acceptable responding public rendition,No legitimate public preferred-language M3U found for this exact channel; free documentary brands and language editions are listed separately.
Nat Geo Wild,Documentary,International,"https://iptv-org.github.io/iptv/index.m3u; https://iptv-org.github.io/api/streams.json; https://raw.githubusercontent.com/Free-TV/IPTV/master/playlist.m3u8; GitHub code search and public IPTV repositories; Broadcaster websites and live pages; Public FAST distributions on Rakuten, Xumo, Tubi, Pluto, Samsung TV Plus, Plex, Amagi, Wurl, and Ottera; Web search for exact names, spelling variants, regional feeds, SD/576/720 editions, HLS, and M3U8 references; http://channel.nationalgeographic.com/wild/",National Geographic Abu Dhabi; Asharq Discovery; History TV18; History Hit; BBC Earth (FAST); Smithsonian Channel Selects; PBS Nature; Love Nature,No acceptable responding public rendition,No legitimate public preferred-language M3U found for this exact channel; free documentary brands and language editions are listed separately.
Discovery flagship,Documentary,International,"https://iptv-org.github.io/iptv/index.m3u; https://iptv-org.github.io/api/streams.json; https://raw.githubusercontent.com/Free-TV/IPTV/master/playlist.m3u8; GitHub code search and public IPTV repositories; Broadcaster websites and live pages; Public FAST distributions on Rakuten, Xumo, Tubi, Pluto, Samsung TV Plus, Plex, Amagi, Wurl, and Ottera; Web search for exact names, spelling variants, regional feeds, SD/576/720 editions, HLS, and M3U8 references; http://dsc.discovery.com/",National Geographic Abu Dhabi; Asharq Discovery; History TV18; History Hit; BBC Earth (FAST); Smithsonian Channel Selects; PBS Nature; Love Nature,No acceptable responding public rendition,No legitimate public preferred-language M3U found for this exact channel; free documentary brands and language editions are listed separately.
History flagship,Documentary,International,"https://iptv-org.github.io/iptv/index.m3u; https://iptv-org.github.io/api/streams.json; https://raw.githubusercontent.com/Free-TV/IPTV/master/playlist.m3u8; GitHub code search and public IPTV repositories; Broadcaster websites and live pages; Public FAST distributions on Rakuten, Xumo, Tubi, Pluto, Samsung TV Plus, Plex, Amagi, Wurl, and Ottera; Web search for exact names, spelling variants, regional feeds, SD/576/720 editions, HLS, and M3U8 references; http://www.history.com/",National Geographic Abu Dhabi; Asharq Discovery; History TV18; History Hit; BBC Earth (FAST); Smithsonian Channel Selects; PBS Nature; Love Nature,No acceptable responding public rendition,No legitimate public preferred-language M3U found for this exact channel; free documentary brands and language editions are listed separately.
History 2,Documentary,International,"https://iptv-org.github.io/iptv/index.m3u; https://iptv-org.github.io/api/streams.json; https://raw.githubusercontent.com/Free-TV/IPTV/master/playlist.m3u8; GitHub code search and public IPTV repositories; Broadcaster websites and live pages; Public FAST distributions on Rakuten, Xumo, Tubi, Pluto, Samsung TV Plus, Plex, Amagi, Wurl, and Ottera; Web search for exact names, spelling variants, regional feeds, SD/576/720 editions, HLS, and M3U8 references; https://www.bbcearth.com/",National Geographic Abu Dhabi; Asharq Discovery; History TV18; History Hit; BBC Earth (FAST); Smithsonian Channel Selects; PBS Nature; Love Nature,No acceptable responding public rendition,No legitimate public preferred-language M3U found for this exact channel; free documentary brands and language editions are listed separately.
Animal Planet,Documentary,International,"https://iptv-org.github.io/iptv/index.m3u; https://iptv-org.github.io/api/streams.json; https://raw.githubusercontent.com/Free-TV/IPTV/master/playlist.m3u8; GitHub code search and public IPTV repositories; Broadcaster websites and live pages; Public FAST distributions on Rakuten, Xumo, Tubi, Pluto, Samsung TV Plus, Plex, Amagi, Wurl, and Ottera; Web search for exact names, spelling variants, regional feeds, SD/576/720 editions, HLS, and M3U8 references; https://www.animalplanet.com/",National Geographic Abu Dhabi; Asharq Discovery; History TV18; History Hit; BBC Earth (FAST); Smithsonian Channel Selects; PBS Nature; Love Nature,No acceptable responding public rendition,No legitimate public preferred-language M3U found for this exact channel; free documentary brands and language editions are listed separately.
Viasat History,Documentary,International,"https://iptv-org.github.io/iptv/index.m3u; https://iptv-org.github.io/api/streams.json; https://raw.githubusercontent.com/Free-TV/IPTV/master/playlist.m3u8; GitHub code search and public IPTV repositories; Broadcaster websites and live pages; Public FAST distributions on Rakuten, Xumo, Tubi, Pluto, Samsung TV Plus, Plex, Amagi, Wurl, and Ottera; Web search for exact names, spelling variants, regional feeds, SD/576/720 editions, HLS, and M3U8 references; https://viasathistory.eu/",National Geographic Abu Dhabi; Asharq Discovery; History TV18; History Hit; BBC Earth (FAST); Smithsonian Channel Selects; PBS Nature; Love Nature,No acceptable responding public rendition,No legitimate public preferred-language M3U found for this exact channel; free documentary brands and language editions are listed separately.
Viasat Nature,Documentary,International,"https://iptv-org.github.io/iptv/index.m3u; https://iptv-org.github.io/api/streams.json; https://raw.githubusercontent.com/Free-TV/IPTV/master/playlist.m3u8; GitHub code search and public IPTV repositories; Broadcaster websites and live pages; Public FAST distributions on Rakuten, Xumo, Tubi, Pluto, Samsung TV Plus, Plex, Amagi, Wurl, and Ottera; Web search for exact names, spelling variants, regional feeds, SD/576/720 editions, HLS, and M3U8 references; https://viasatnature.eu/",National Geographic Abu Dhabi; Asharq Discovery; History TV18; History Hit; BBC Earth (FAST); Smithsonian Channel Selects; PBS Nature; Love Nature,No acceptable responding public rendition,No legitimate public preferred-language M3U found for this exact channel; free documentary brands and language editions are listed separately.
BBC Lifestyle,Entertainment and music,International,"https://iptv-org.github.io/iptv/index.m3u; https://iptv-org.github.io/api/streams.json; https://raw.githubusercontent.com/Free-TV/IPTV/master/playlist.m3u8; GitHub code search and public IPTV repositories; Broadcaster websites and live pages; Public FAST distributions on Rakuten, Xumo, Tubi, Pluto, Samsung TV Plus, Plex, Amagi, Wurl, and Ottera; Web search for exact names, spelling variants, regional feeds, SD/576/720 editions, HLS, and M3U8 references; https://www.bbcstudios.com/",BBC One; BBC Two; BBC Drama (FAST); BBC Food; BBC Home & Garden; Paramount Movie Channel; Universal Crime; NBC Comedy Vault,No acceptable responding public rendition,No stable legitimate public HLS in the preferred languages found for the flagship; free brand editions are tracked separately.
BBC Travel,Entertainment and music,International,"https://iptv-org.github.io/iptv/index.m3u; https://iptv-org.github.io/api/streams.json; https://raw.githubusercontent.com/Free-TV/IPTV/master/playlist.m3u8; GitHub code search and public IPTV repositories; Broadcaster websites and live pages; Public FAST distributions on Rakuten, Xumo, Tubi, Pluto, Samsung TV Plus, Plex, Amagi, Wurl, and Ottera; Web search for exact names, spelling variants, regional feeds, SD/576/720 editions, HLS, and M3U8 references; https://pluto.tv/en/live-tv/bbc-travel-de",BBC One; BBC Two; BBC Drama (FAST); BBC Food; BBC Home & Garden; Paramount Movie Channel; Universal Crime; NBC Comedy Vault,No acceptable responding public rendition,No stable legitimate public HLS in the preferred languages found for the flagship; free brand editions are tracked separately.
MTV flagship,Entertainment and music,International,"https://iptv-org.github.io/iptv/index.m3u; https://iptv-org.github.io/api/streams.json; https://raw.githubusercontent.com/Free-TV/IPTV/master/playlist.m3u8; GitHub code search and public IPTV repositories; Broadcaster websites and live pages; Public FAST distributions on Rakuten, Xumo, Tubi, Pluto, Samsung TV Plus, Plex, Amagi, Wurl, and Ottera; Web search for exact names, spelling variants, regional feeds, SD/576/720 editions, HLS, and M3U8 references; http://www.mtv.com/",BBC One; BBC Two; BBC Drama (FAST); BBC Food; BBC Home & Garden; Paramount Movie Channel; Universal Crime; NBC Comedy Vault,No acceptable responding public rendition,No stable legitimate public HLS in the preferred languages found for the flagship; free brand editions are tracked separately.
MTV India,Entertainment and music,International,"https://iptv-org.github.io/iptv/index.m3u; https://iptv-org.github.io/api/streams.json; https://raw.githubusercontent.com/Free-TV/IPTV/master/playlist.m3u8; GitHub code search and public IPTV repositories; Broadcaster websites and live pages; Public FAST distributions on Rakuten, Xumo, Tubi, Pluto, Samsung TV Plus, Plex, Amagi, Wurl, and Ottera; Web search for exact names, spelling variants, regional feeds, SD/576/720 editions, HLS, and M3U8 references; http://www.mtvindia.com/",BBC One; BBC Two; BBC Drama (FAST); BBC Food; BBC Home & Garden; Paramount Movie Channel; Universal Crime; NBC Comedy Vault,No acceptable responding public rendition,No stable legitimate public HLS in the preferred languages found for the flagship; free brand editions are tracked separately.
MTV Beats,Entertainment and music,International,"https://iptv-org.github.io/iptv/index.m3u; https://iptv-org.github.io/api/streams.json; https://raw.githubusercontent.com/Free-TV/IPTV/master/playlist.m3u8; GitHub code search and public IPTV repositories; Broadcaster websites and live pages; Public FAST distributions on Rakuten, Xumo, Tubi, Pluto, Samsung TV Plus, Plex, Amagi, Wurl, and Ottera; Web search for exact names, spelling variants, regional feeds, SD/576/720 editions, HLS, and M3U8 references; http://www.mtvbeats.in/",BBC One; BBC Two; BBC Drama (FAST); BBC Food; BBC Home & Garden; Paramount Movie Channel; Universal Crime; NBC Comedy Vault,No acceptable responding public rendition,No stable legitimate public HLS in the preferred languages found for the flagship; free brand editions are tracked separately.
VH1 flagship,Entertainment and music,International,"https://iptv-org.github.io/iptv/index.m3u; https://iptv-org.github.io/api/streams.json; https://raw.githubusercontent.com/Free-TV/IPTV/master/playlist.m3u8; GitHub code search and public IPTV repositories; Broadcaster websites and live pages; Public FAST distributions on Rakuten, Xumo, Tubi, Pluto, Samsung TV Plus, Plex, Amagi, Wurl, and Ottera; Web search for exact names, spelling variants, regional feeds, SD/576/720 editions, HLS, and M3U8 references; https://www.vh1.com/",BBC One; BBC Two; BBC Drama (FAST); BBC Food; BBC Home & Garden; Paramount Movie Channel; Universal Crime; NBC Comedy Vault,No acceptable responding public rendition,No stable legitimate public HLS in the preferred languages found for the flagship; free brand editions are tracked separately.
VH1 Queens of Reality (FAST),Entertainment and music,International,"https://iptv-org.github.io/iptv/index.m3u; https://iptv-org.github.io/api/streams.json; https://raw.githubusercontent.com/Free-TV/IPTV/master/playlist.m3u8; GitHub code search and public IPTV repositories; Broadcaster websites and live pages; Public FAST distributions on Rakuten, Xumo, Tubi, Pluto, Samsung TV Plus, Plex, Amagi, Wurl, and Ottera; Web search for exact names, spelling variants, regional feeds, SD/576/720 editions, HLS, and M3U8 references; https://pluto.tv/live-tv/vh1-queens-of-reality/details",BBC One; BBC Two; BBC Drama (FAST); BBC Food; BBC Home & Garden; Paramount Movie Channel; Universal Crime; NBC Comedy Vault,No acceptable responding public rendition,No stable legitimate public HLS in the preferred languages found for the flagship; free brand editions are tracked separately.
Music Box,Entertainment and music,International,"https://iptv-org.github.io/iptv/index.m3u; https://iptv-org.github.io/api/streams.json; https://raw.githubusercontent.com/Free-TV/IPTV/master/playlist.m3u8; GitHub code search and public IPTV repositories; Broadcaster websites and live pages; Public FAST distributions on Rakuten, Xumo, Tubi, Pluto, Samsung TV Plus, Plex, Amagi, Wurl, and Ottera; Web search for exact names, spelling variants, regional feeds, SD/576/720 editions, HLS, and M3U8 references; https://pluto.tv/",BBC One; BBC Two; BBC Drama (FAST); BBC Food; BBC Home & Garden; Paramount Movie Channel; Universal Crime; NBC Comedy Vault,No acceptable responding public rendition,No stable legitimate public HLS in the preferred languages found for the flagship; free brand editions are tracked separately.
Mastiii,Entertainment and music,International,"https://iptv-org.github.io/iptv/index.m3u; https://iptv-org.github.io/api/streams.json; https://raw.githubusercontent.com/Free-TV/IPTV/master/playlist.m3u8; GitHub code search and public IPTV repositories; Broadcaster websites and live pages; Public FAST distributions on Rakuten, Xumo, Tubi, Pluto, Samsung TV Plus, Plex, Amagi, Wurl, and Ottera; Web search for exact names, spelling variants, regional feeds, SD/576/720 editions, HLS, and M3U8 references; http://www.mastiii.com/",BBC One; BBC Two; BBC Drama (FAST); BBC Food; BBC Home & Garden; Paramount Movie Channel; Universal Crime; NBC Comedy Vault,No acceptable responding public rendition,No stable legitimate public HLS in the preferred languages found for the flagship; free brand editions are tracked separately.
MBC 2,Entertainment and music,International,"https://iptv-org.github.io/iptv/index.m3u; https://iptv-org.github.io/api/streams.json; https://raw.githubusercontent.com/Free-TV/IPTV/master/playlist.m3u8; GitHub code search and public IPTV repositories; Broadcaster websites and live pages; Public FAST distributions on Rakuten, Xumo, Tubi, Pluto, Samsung TV Plus, Plex, Amagi, Wurl, and Ottera; Web search for exact names, spelling variants, regional feeds, SD/576/720 editions, HLS, and M3U8 references; https://www.mbc.net/channels/mbc2",BBC One; BBC Two; BBC Drama (FAST); BBC Food; BBC Home & Garden; Paramount Movie Channel; Universal Crime; NBC Comedy Vault,No acceptable responding public rendition,No stable legitimate public HLS in the preferred languages found for the flagship; free brand editions are tracked separately.
MBC Action,Entertainment and music,International,"https://iptv-org.github.io/iptv/index.m3u; https://iptv-org.github.io/api/streams.json; https://raw.githubusercontent.com/Free-TV/IPTV/master/playlist.m3u8; GitHub code search and public IPTV repositories; Broadcaster websites and live pages; Public FAST distributions on Rakuten, Xumo, Tubi, Pluto, Samsung TV Plus, Plex, Amagi, Wurl, and Ottera; Web search for exact names, spelling variants, regional feeds, SD/576/720 editions, HLS, and M3U8 references; http://www.mbc.net/en/mbc-action.html",BBC One; BBC Two; BBC Drama (FAST); BBC Food; BBC Home & Garden; Paramount Movie Channel; Universal Crime; NBC Comedy Vault,No acceptable responding public rendition,No stable legitimate public HLS in the preferred languages found for the flagship; free brand editions are tracked separately.
MBC Max,Entertainment and music,International,"https://iptv-org.github.io/iptv/index.m3u; https://iptv-org.github.io/api/streams.json; https://raw.githubusercontent.com/Free-TV/IPTV/master/playlist.m3u8; GitHub code search and public IPTV repositories; Broadcaster websites and live pages; Public FAST distributions on Rakuten, Xumo, Tubi, Pluto, Samsung TV Plus, Plex, Amagi, Wurl, and Ottera; Web search for exact names, spelling variants, regional feeds, SD/576/720 editions, HLS, and M3U8 references; https://pluto.tv/",BBC One; BBC Two; BBC Drama (FAST); BBC Food; BBC Home & Garden; Paramount Movie Channel; Universal Crime; NBC Comedy Vault,No acceptable responding public rendition,No stable legitimate public HLS in the preferred languages found for the flagship; free brand editions are tracked separately.
Manoto,Entertainment and music,International,"https://iptv-org.github.io/iptv/index.m3u; https://iptv-org.github.io/api/streams.json; https://raw.githubusercontent.com/Free-TV/IPTV/master/playlist.m3u8; GitHub code search and public IPTV repositories; Broadcaster websites and live pages; Public FAST distributions on Rakuten, Xumo, Tubi, Pluto, Samsung TV Plus, Plex, Amagi, Wurl, and Ottera; Web search for exact names, spelling variants, regional feeds, SD/576/720 editions, HLS, and M3U8 references; https://www.manototv.com/",BBC One; BBC Two; BBC Drama (FAST); BBC Food; BBC Home & Garden; Paramount Movie Channel; Universal Crime; NBC Comedy Vault,No acceptable responding public rendition,No stable legitimate public HLS in the preferred languages found for the flagship; free brand editions are tracked separately.
RTA News,Afghanistan,Afghanistan,"https://iptv-org.github.io/iptv/index.m3u; https://iptv-org.github.io/api/streams.json; https://raw.githubusercontent.com/Free-TV/IPTV/master/playlist.m3u8; GitHub code search and public IPTV repositories; Broadcaster websites and live pages; Public FAST distributions on Rakuten, Xumo, Tubi, Pluto, Samsung TV Plus, Plex, Amagi, Wurl, and Ottera; Web search for exact names, spelling variants, regional feeds, SD/576/720 editions, HLS, and M3U8 references; https://rta.af/live/",TOLO; TOLOnews; Lemar; Shamshad; RTA; Tamadon; Afghanistan International; Amu TV,No acceptable responding public rendition,No additional stable legitimate public M3U found in current indexes and official websites/apps. Original Afghan feeds were retained without health testing.
RTA Sports,Afghanistan,Afghanistan,"https://iptv-org.github.io/iptv/index.m3u; https://iptv-org.github.io/api/streams.json; https://raw.githubusercontent.com/Free-TV/IPTV/master/playlist.m3u8; GitHub code search and public IPTV repositories; Broadcaster websites and live pages; Public FAST distributions on Rakuten, Xumo, Tubi, Pluto, Samsung TV Plus, Plex, Amagi, Wurl, and Ottera; Web search for exact names, spelling variants, regional feeds, SD/576/720 editions, HLS, and M3U8 references; https://rta.af/",TOLO; TOLOnews; Lemar; Shamshad; RTA; Tamadon; Afghanistan International; Amu TV,No acceptable responding public rendition,No additional stable legitimate public M3U found in current indexes and official websites/apps. Original Afghan feeds were retained without health testing.
RTA Education,Afghanistan,Afghanistan,"https://iptv-org.github.io/iptv/index.m3u; https://iptv-org.github.io/api/streams.json; https://raw.githubusercontent.com/Free-TV/IPTV/master/playlist.m3u8; GitHub code search and public IPTV repositories; Broadcaster websites and live pages; Public FAST distributions on Rakuten, Xumo, Tubi, Pluto, Samsung TV Plus, Plex, Amagi, Wurl, and Ottera; Web search for exact names, spelling variants, regional feeds, SD/576/720 editions, HLS, and M3U8 references; https://rta.af/live/",TOLO; TOLOnews; Lemar; Shamshad; RTA; Tamadon; Afghanistan International; Amu TV,No acceptable responding public rendition,No additional stable legitimate public M3U found in current indexes and official websites/apps. Original Afghan feeds were retained without health testing.
Ariana,Afghanistan,Afghanistan,"https://iptv-org.github.io/iptv/index.m3u; https://iptv-org.github.io/api/streams.json; https://raw.githubusercontent.com/Free-TV/IPTV/master/playlist.m3u8; GitHub code search and public IPTV repositories; Broadcaster websites and live pages; Public FAST distributions on Rakuten, Xumo, Tubi, Pluto, Samsung TV Plus, Plex, Amagi, Wurl, and Ottera; Web search for exact names, spelling variants, regional feeds, SD/576/720 editions, HLS, and M3U8 references; https://ariananews.af/",TOLO; TOLOnews; Lemar; Shamshad; RTA; Tamadon; Afghanistan International; Amu TV,No acceptable responding public rendition,No additional stable legitimate public M3U found in current indexes and official websites/apps. Original Afghan feeds were retained without health testing.
1TV Afghanistan,Afghanistan,Afghanistan,"https://iptv-org.github.io/iptv/index.m3u; https://iptv-org.github.io/api/streams.json; https://raw.githubusercontent.com/Free-TV/IPTV/master/playlist.m3u8; GitHub code search and public IPTV repositories; Broadcaster websites and live pages; Public FAST distributions on Rakuten, Xumo, Tubi, Pluto, Samsung TV Plus, Plex, Amagi, Wurl, and Ottera; Web search for exact names, spelling variants, regional feeds, SD/576/720 editions, HLS, and M3U8 references; http://www.1tvmedia.com/",TOLO; TOLOnews; Lemar; Shamshad; RTA; Tamadon; Afghanistan International; Amu TV,No acceptable responding public rendition,No additional stable legitimate public M3U found in current indexes and official websites/apps. Original Afghan feeds were retained without health testing.
Noor Afghanistan,Afghanistan,Afghanistan,"https://iptv-org.github.io/iptv/index.m3u; https://iptv-org.github.io/api/streams.json; https://raw.githubusercontent.com/Free-TV/IPTV/master/playlist.m3u8; GitHub code search and public IPTV repositories; Broadcaster websites and live pages; Public FAST distributions on Rakuten, Xumo, Tubi, Pluto, Samsung TV Plus, Plex, Amagi, Wurl, and Ottera; Web search for exact names, spelling variants, regional feeds, SD/576/720 editions, HLS, and M3U8 references; https://www.noortv.af/",TOLO; TOLOnews; Lemar; Shamshad; RTA; Tamadon; Afghanistan International; Amu TV,No acceptable responding public rendition,No additional stable legitimate public M3U found in current indexes and official websites/apps. Original Afghan feeds were retained without health testing.
Geo News,Pakistan,Pakistan,"https://iptv-org.github.io/iptv/index.m3u; https://iptv-org.github.io/api/streams.json; https://raw.githubusercontent.com/Free-TV/IPTV/master/playlist.m3u8; GitHub code search and public IPTV repositories; Broadcaster websites and live pages; Public FAST distributions on Rakuten, Xumo, Tubi, Pluto, Samsung TV Plus, Plex, Amagi, Wurl, and Ottera; Web search for exact names, spelling variants, regional feeds, SD/576/720 editions, HLS, and M3U8 references; https://live.geo.tv/",ARY Digital; ARY News; ARY Musik; Geo Entertainment; HUM TV; HUM Masala; Samaa; Dunya,No acceptable responding public rendition,Official live.geo.tv currently embeds YouTube; no stable permitted standalone HLS found.
HUM News,Pakistan,Pakistan,"https://iptv-org.github.io/iptv/index.m3u; https://iptv-org.github.io/api/streams.json; https://raw.githubusercontent.com/Free-TV/IPTV/master/playlist.m3u8; GitHub code search and public IPTV repositories; Broadcaster websites and live pages; Public FAST distributions on Rakuten, Xumo, Tubi, Pluto, Samsung TV Plus, Plex, Amagi, Wurl, and Ottera; Web search for exact names, spelling variants, regional feeds, SD/576/720 editions, HLS, and M3U8 references; https://humnews.pk/live/",ARY Digital; ARY News; ARY Musik; Geo Entertainment; HUM TV; HUM Masala; Samaa; Dunya,No acceptable responding public rendition,Official humnews.pk/live currently embeds YouTube; anonymous IP/ticket catalog feed excluded.
PTV Home,Pakistan,Pakistan,"https://iptv-org.github.io/iptv/index.m3u; https://iptv-org.github.io/api/streams.json; https://raw.githubusercontent.com/Free-TV/IPTV/master/playlist.m3u8; GitHub code search and public IPTV repositories; Broadcaster websites and live pages; Public FAST distributions on Rakuten, Xumo, Tubi, Pluto, Samsung TV Plus, Plex, Amagi, Wurl, and Ottera; Web search for exact names, spelling variants, regional feeds, SD/576/720 editions, HLS, and M3U8 references; https://www.mjunoon.tv/",ARY Digital; ARY News; ARY Musik; Geo Entertainment; HUM TV; HUM Masala; Samaa; Dunya,No acceptable responding public rendition,No stable public M3U with clear broadcaster/licensed provenance found. Official web/YouTube availability is recorded separately from reusable HLS; anonymous IP/ticket feeds rejected.
PTV News,Pakistan,Pakistan,"https://iptv-org.github.io/iptv/index.m3u; https://iptv-org.github.io/api/streams.json; https://raw.githubusercontent.com/Free-TV/IPTV/master/playlist.m3u8; GitHub code search and public IPTV repositories; Broadcaster websites and live pages; Public FAST distributions on Rakuten, Xumo, Tubi, Pluto, Samsung TV Plus, Plex, Amagi, Wurl, and Ottera; Web search for exact names, spelling variants, regional feeds, SD/576/720 editions, HLS, and M3U8 references; https://www.mjunoon.tv/",ARY Digital; ARY News; ARY Musik; Geo Entertainment; HUM TV; HUM Masala; Samaa; Dunya,No acceptable responding public rendition,No stable public M3U with clear broadcaster/licensed provenance found. Official web/YouTube availability is recorded separately from reusable HLS; anonymous IP/ticket feeds rejected.
Express News,Pakistan,Pakistan,"https://iptv-org.github.io/iptv/index.m3u; https://iptv-org.github.io/api/streams.json; https://raw.githubusercontent.com/Free-TV/IPTV/master/playlist.m3u8; GitHub code search and public IPTV repositories; Broadcaster websites and live pages; Public FAST distributions on Rakuten, Xumo, Tubi, Pluto, Samsung TV Plus, Plex, Amagi, Wurl, and Ottera; Web search for exact names, spelling variants, regional feeds, SD/576/720 editions, HLS, and M3U8 references; https://www.express.pk/",ARY Digital; ARY News; ARY Musik; Geo Entertainment; HUM TV; HUM Masala; Samaa; Dunya,No acceptable responding public rendition,No stable public M3U with clear broadcaster/licensed provenance found. Official web/YouTube availability is recorded separately from reusable HLS; anonymous IP/ticket feeds rejected.
Express Entertainment,Pakistan,Pakistan,"https://iptv-org.github.io/iptv/index.m3u; https://iptv-org.github.io/api/streams.json; https://raw.githubusercontent.com/Free-TV/IPTV/master/playlist.m3u8; GitHub code search and public IPTV repositories; Broadcaster websites and live pages; Public FAST distributions on Rakuten, Xumo, Tubi, Pluto, Samsung TV Plus, Plex, Amagi, Wurl, and Ottera; Web search for exact names, spelling variants, regional feeds, SD/576/720 editions, HLS, and M3U8 references; https://www.expressentertainment.tv/",ARY Digital; ARY News; ARY Musik; Geo Entertainment; HUM TV; HUM Masala; Samaa; Dunya,No acceptable responding public rendition,No stable public M3U with clear broadcaster/licensed provenance found. Official web/YouTube availability is recorded separately from reusable HLS; anonymous IP/ticket feeds rejected.
Dawn,Pakistan,Pakistan,"https://iptv-org.github.io/iptv/index.m3u; https://iptv-org.github.io/api/streams.json; https://raw.githubusercontent.com/Free-TV/IPTV/master/playlist.m3u8; GitHub code search and public IPTV repositories; Broadcaster websites and live pages; Public FAST distributions on Rakuten, Xumo, Tubi, Pluto, Samsung TV Plus, Plex, Amagi, Wurl, and Ottera; Web search for exact names, spelling variants, regional feeds, SD/576/720 editions, HLS, and M3U8 references; https://www.dawnnews.tv/",ARY Digital; ARY News; ARY Musik; Geo Entertainment; HUM TV; HUM Masala; Samaa; Dunya,No acceptable responding public rendition,No stable public M3U with clear broadcaster/licensed provenance found. Official web/YouTube availability is recorded separately from reusable HLS; anonymous IP/ticket feeds rejected.
Aaj News,Pakistan,Pakistan,"https://iptv-org.github.io/iptv/index.m3u; https://iptv-org.github.io/api/streams.json; https://raw.githubusercontent.com/Free-TV/IPTV/master/playlist.m3u8; GitHub code search and public IPTV repositories; Broadcaster websites and live pages; Public FAST distributions on Rakuten, Xumo, Tubi, Pluto, Samsung TV Plus, Plex, Amagi, Wurl, and Ottera; Web search for exact names, spelling variants, regional feeds, SD/576/720 editions, HLS, and M3U8 references; https://www.aaj.tv/",ARY Digital; ARY News; ARY Musik; Geo Entertainment; HUM TV; HUM Masala; Samaa; Dunya,No acceptable responding public rendition,No stable public M3U with clear broadcaster/licensed provenance found. Official web/YouTube availability is recorded separately from reusable HLS; anonymous IP/ticket feeds rejected.
Aaj Entertainment,Pakistan,Pakistan,"https://iptv-org.github.io/iptv/index.m3u; https://iptv-org.github.io/api/streams.json; https://raw.githubusercontent.com/Free-TV/IPTV/master/playlist.m3u8; GitHub code search and public IPTV repositories; Broadcaster websites and live pages; Public FAST distributions on Rakuten, Xumo, Tubi, Pluto, Samsung TV Plus, Plex, Amagi, Wurl, and Ottera; Web search for exact names, spelling variants, regional feeds, SD/576/720 editions, HLS, and M3U8 references; https://aajentertainment.tv/",ARY Digital; ARY News; ARY Musik; Geo Entertainment; HUM TV; HUM Masala; Samaa; Dunya,No acceptable responding public rendition,No stable public M3U with clear broadcaster/licensed provenance found. Official web/YouTube availability is recorded separately from reusable HLS; anonymous IP/ticket feeds rejected.
BOL News,Pakistan,Pakistan,"https://iptv-org.github.io/iptv/index.m3u; https://iptv-org.github.io/api/streams.json; https://raw.githubusercontent.com/Free-TV/IPTV/master/playlist.m3u8; GitHub code search and public IPTV repositories; Broadcaster websites and live pages; Public FAST distributions on Rakuten, Xumo, Tubi, Pluto, Samsung TV Plus, Plex, Amagi, Wurl, and Ottera; Web search for exact names, spelling variants, regional feeds, SD/576/720 editions, HLS, and M3U8 references; https://www.bolnews.com/",ARY Digital; ARY News; ARY Musik; Geo Entertainment; HUM TV; HUM Masala; Samaa; Dunya,No acceptable responding public rendition,No stable public M3U with clear broadcaster/licensed provenance found. Official web/YouTube availability is recorded separately from reusable HLS; anonymous IP/ticket feeds rejected.
Filmazia,Pakistan,Pakistan,"https://iptv-org.github.io/iptv/index.m3u; https://iptv-org.github.io/api/streams.json; https://raw.githubusercontent.com/Free-TV/IPTV/master/playlist.m3u8; GitHub code search and public IPTV repositories; Broadcaster websites and live pages; Public FAST distributions on Rakuten, Xumo, Tubi, Pluto, Samsung TV Plus, Plex, Amagi, Wurl, and Ottera; Web search for exact names, spelling variants, regional feeds, SD/576/720 editions, HLS, and M3U8 references; https://www.mjunoon.tv/",ARY Digital; ARY News; ARY Musik; Geo Entertainment; HUM TV; HUM Masala; Samaa; Dunya,No acceptable responding public rendition,No stable public M3U with clear broadcaster/licensed provenance found. Official web/YouTube availability is recorded separately from reusable HLS; anonymous IP/ticket feeds rejected.
Filmax,Pakistan,Pakistan,"https://iptv-org.github.io/iptv/index.m3u; https://iptv-org.github.io/api/streams.json; https://raw.githubusercontent.com/Free-TV/IPTV/master/playlist.m3u8; GitHub code search and public IPTV repositories; Broadcaster websites and live pages; Public FAST distributions on Rakuten, Xumo, Tubi, Pluto, Samsung TV Plus, Plex, Amagi, Wurl, and Ottera; Web search for exact names, spelling variants, regional feeds, SD/576/720 editions, HLS, and M3U8 references; https://www.mjunoon.tv/",ARY Digital; ARY News; ARY Musik; Geo Entertainment; HUM TV; HUM Masala; Samaa; Dunya,No acceptable responding public rendition,No stable public M3U with clear broadcaster/licensed provenance found. Official web/YouTube availability is recorded separately from reusable HLS; anonymous IP/ticket feeds rejected.
Urdu 1,Pakistan,Pakistan,"https://iptv-org.github.io/iptv/index.m3u; https://iptv-org.github.io/api/streams.json; https://raw.githubusercontent.com/Free-TV/IPTV/master/playlist.m3u8; GitHub code search and public IPTV repositories; Broadcaster websites and live pages; Public FAST distributions on Rakuten, Xumo, Tubi, Pluto, Samsung TV Plus, Plex, Amagi, Wurl, and Ottera; Web search for exact names, spelling variants, regional feeds, SD/576/720 editions, HLS, and M3U8 references; https://www.mjunoon.tv/",ARY Digital; ARY News; ARY Musik; Geo Entertainment; HUM TV; HUM Masala; Samaa; Dunya,No acceptable responding public rendition,No stable public M3U with clear broadcaster/licensed provenance found. Official web/YouTube availability is recorded separately from reusable HLS; anonymous IP/ticket feeds rejected.
Sky Sports Main Event,Sports,United Kingdom,"https://iptv-org.github.io/api/streams.json; https://iptv-org.github.io/iptv/index.m3u; https://raw.githubusercontent.com/Free-TV/IPTV/master/playlist.m3u8; GitHub code search and public IPTV repositories; Broadcaster websites and live pages; Public FAST distributions on Rakuten, Xumo, Tubi, Pluto, Samsung TV Plus, Plex, Amagi, Wurl, and Ottera; Web search for exact names, spelling variants, regional feeds, SD/576/720 editions, HLS, and M3U8 references; https://www.skysports.com/watch/sky-sports-main-event",Sky Racing 1 and 2 (not substitutes),720p and 1080p labels in rejected unverified indexes,Official access requires a Sky Sports/NOW subscription; searched public indexes and code results were anonymous premium restreams or provider-authenticated URLs.
Sky Sports Premier League,Sports,United Kingdom,"https://iptv-org.github.io/api/streams.json; https://iptv-org.github.io/iptv/index.m3u; https://raw.githubusercontent.com/Free-TV/IPTV/master/playlist.m3u8; GitHub code search and public IPTV repositories; Broadcaster websites and live pages; Public FAST distributions on Rakuten, Xumo, Tubi, Pluto, Samsung TV Plus, Plex, Amagi, Wurl, and Ottera; Web search for exact names, spelling variants, regional feeds, SD/576/720 editions, HLS, and M3U8 references; https://www.skysports.com/premier-league",ESPN8: The Ocho (FAST); beIN SPORTS XTRA (free); CBS Sports Golazo; CBS Sports HQ; NBC Sports NOW (FAST); FIFA+; FIFA+ Women; Tennis Channel (free edition),720p and 1080p labels in rejected unverified indexes,"Official access requires subscription; no stable licensed unauthenticated HLS was found after exact, SD, 576, 720, regional, GitHub, and index searches."
Sky Sports Football,Sports,United Kingdom,"https://iptv-org.github.io/api/streams.json; https://iptv-org.github.io/iptv/index.m3u; https://raw.githubusercontent.com/Free-TV/IPTV/master/playlist.m3u8; GitHub code search and public IPTV repositories; Broadcaster websites and live pages; Public FAST distributions on Rakuten, Xumo, Tubi, Pluto, Samsung TV Plus, Plex, Amagi, Wurl, and Ottera; Web search for exact names, spelling variants, regional feeds, SD/576/720 editions, HLS, and M3U8 references; https://www.skysports.com/football",ESPN8: The Ocho (FAST); beIN SPORTS XTRA (free); CBS Sports Golazo; CBS Sports HQ; NBC Sports NOW (FAST); FIFA+; FIFA+ Women; Tennis Channel (free edition),720p and 1080p labels in rejected unverified indexes,Official access requires subscription; public search hits lacked broadcaster/licensed provenance.
Sky Sports Cricket,Sports,United Kingdom,"https://iptv-org.github.io/api/streams.json; https://iptv-org.github.io/iptv/index.m3u; https://raw.githubusercontent.com/Free-TV/IPTV/master/playlist.m3u8; GitHub code search and public IPTV repositories; Broadcaster websites and live pages; Public FAST distributions on Rakuten, Xumo, Tubi, Pluto, Samsung TV Plus, Plex, Amagi, Wurl, and Ottera; Web search for exact names, spelling variants, regional feeds, SD/576/720 editions, HLS, and M3U8 references; https://www.skysports.com/cricket",ESPN8: The Ocho (FAST); beIN SPORTS XTRA (free); CBS Sports Golazo; CBS Sports HQ; NBC Sports NOW (FAST); FIFA+; FIFA+ Women; Tennis Channel (free edition),720p and 1080p labels in rejected unverified indexes,Official access requires subscription; public search hits lacked broadcaster/licensed provenance.
Sky Sports F1,Sports,United Kingdom,"https://iptv-org.github.io/api/streams.json; https://iptv-org.github.io/iptv/index.m3u; https://raw.githubusercontent.com/Free-TV/IPTV/master/playlist.m3u8; GitHub code search and public IPTV repositories; Broadcaster websites and live pages; Public FAST distributions on Rakuten, Xumo, Tubi, Pluto, Samsung TV Plus, Plex, Amagi, Wurl, and Ottera; Web search for exact names, spelling variants, regional feeds, SD/576/720 editions, HLS, and M3U8 references; https://www.skysports.com/f1",F1 Channel (FAST),720p and 1080p labels in rejected unverified indexes,Official access requires subscription; no licensed unauthenticated HLS found.
Sky Sports Golf,Sports,United Kingdom,"https://iptv-org.github.io/api/streams.json; https://iptv-org.github.io/iptv/index.m3u; https://raw.githubusercontent.com/Free-TV/IPTV/master/playlist.m3u8; GitHub code search and public IPTV repositories; Broadcaster websites and live pages; Public FAST distributions on Rakuten, Xumo, Tubi, Pluto, Samsung TV Plus, Plex, Amagi, Wurl, and Ottera; Web search for exact names, spelling variants, regional feeds, SD/576/720 editions, HLS, and M3U8 references; https://www.skysports.com/golf",GolfPass; PGA Tour,720p and 1080p labels in rejected unverified indexes,Official access requires subscription; no licensed unauthenticated HLS found.
Sky Sports Tennis,Sports,United Kingdom,"https://iptv-org.github.io/api/streams.json; https://iptv-org.github.io/iptv/index.m3u; https://raw.githubusercontent.com/Free-TV/IPTV/master/playlist.m3u8; GitHub code search and public IPTV repositories; Broadcaster websites and live pages; Public FAST distributions on Rakuten, Xumo, Tubi, Pluto, Samsung TV Plus, Plex, Amagi, Wurl, and Ottera; Web search for exact names, spelling variants, regional feeds, SD/576/720 editions, HLS, and M3U8 references; https://www.skysports.com/tennis",T2 Tennis Channel; SuperTennis,720p and 1080p labels in rejected unverified indexes,Official access requires subscription; no licensed unauthenticated HLS found.
Sky Sports Mix,Sports,United Kingdom,"https://iptv-org.github.io/api/streams.json; https://iptv-org.github.io/iptv/index.m3u; https://raw.githubusercontent.com/Free-TV/IPTV/master/playlist.m3u8; GitHub code search and public IPTV repositories; Broadcaster websites and live pages; Public FAST distributions on Rakuten, Xumo, Tubi, Pluto, Samsung TV Plus, Plex, Amagi, Wurl, and Ottera; Web search for exact names, spelling variants, regional feeds, SD/576/720 editions, HLS, and M3U8 references; https://www.skysports.com/",ESPN8: The Ocho (FAST); beIN SPORTS XTRA (free); CBS Sports Golazo; CBS Sports HQ; NBC Sports NOW (FAST); FIFA+; FIFA+ Women; Tennis Channel (free edition),720p and 1080p labels in rejected unverified indexes,Official access requires subscription; no licensed unauthenticated HLS found.
Sky Sports News,Sports,United Kingdom,"https://iptv-org.github.io/api/streams.json; https://iptv-org.github.io/iptv/index.m3u; https://raw.githubusercontent.com/Free-TV/IPTV/master/playlist.m3u8; GitHub code search and public IPTV repositories; Broadcaster websites and live pages; Public FAST distributions on Rakuten, Xumo, Tubi, Pluto, Samsung TV Plus, Plex, Amagi, Wurl, and Ottera; Web search for exact names, spelling variants, regional feeds, SD/576/720 editions, HLS, and M3U8 references; https://www.skysports.com/watch/sky-sports-news",ESPN8: The Ocho (FAST); beIN SPORTS XTRA (free); CBS Sports Golazo; CBS Sports HQ; NBC Sports NOW (FAST); FIFA+; FIFA+ Women; Tennis Channel (free edition),720p labels in rejected unverified indexes,No stable licensed unauthenticated HLS found; Sky News is not treated as a substitute.
Sky Sports Arena,Sports,United Kingdom,"https://iptv-org.github.io/api/streams.json; https://iptv-org.github.io/iptv/index.m3u; https://raw.githubusercontent.com/Free-TV/IPTV/master/playlist.m3u8; GitHub code search and public IPTV repositories; Broadcaster websites and live pages; Public FAST distributions on Rakuten, Xumo, Tubi, Pluto, Samsung TV Plus, Plex, Amagi, Wurl, and Ottera; Web search for exact names, spelling variants, regional feeds, SD/576/720 editions, HLS, and M3U8 references; https://www.skysports.com/",ESPN8: The Ocho (FAST); beIN SPORTS XTRA (free); CBS Sports Golazo; CBS Sports HQ; NBC Sports NOW (FAST); FIFA+; FIFA+ Women; Tennis Channel (free edition),720p and 1080p labels in rejected unverified indexes,Official access requires subscription; no licensed unauthenticated HLS found.
Sky Sports Action,Sports,United Kingdom,"https://iptv-org.github.io/api/streams.json; https://iptv-org.github.io/iptv/index.m3u; https://raw.githubusercontent.com/Free-TV/IPTV/master/playlist.m3u8; GitHub code search and public IPTV repositories; Broadcaster websites and live pages; Public FAST distributions on Rakuten, Xumo, Tubi, Pluto, Samsung TV Plus, Plex, Amagi, Wurl, and Ottera; Web search for exact names, spelling variants, regional feeds, SD/576/720 editions, HLS, and M3U8 references; https://www.skysports.com/",ESPN8: The Ocho (FAST); beIN SPORTS XTRA (free); CBS Sports Golazo; CBS Sports HQ; NBC Sports NOW (FAST); FIFA+; FIFA+ Women; Tennis Channel (free edition),720p and 1080p labels in rejected unverified indexes,Official access requires subscription; no licensed unauthenticated HLS found.
ESPN,Sports,United States,"https://iptv-org.github.io/api/streams.json; https://iptv-org.github.io/iptv/index.m3u; https://raw.githubusercontent.com/Free-TV/IPTV/master/playlist.m3u8; GitHub code search and public IPTV repositories; Broadcaster websites and live pages; Public FAST distributions on Rakuten, Xumo, Tubi, Pluto, Samsung TV Plus, Plex, Amagi, Wurl, and Ottera; Web search for exact names, spelling variants, regional feeds, SD/576/720 editions, HLS, and M3U8 references; https://www.espn.com/watch/",ESPN8: The Ocho (FAST); beIN SPORTS XTRA (free); CBS Sports Golazo; CBS Sports HQ; NBC Sports NOW (FAST); FIFA+; FIFA+ Women; Tennis Channel (free edition),"576p, 720p, and 1080p labels in rejected unverified indexes",The flagship network requires authenticated distribution; public HLS results were anonymous restreams or provider-restricted. ESPN8 is not treated as a substitute.
ESPN2,Sports,United States,"https://iptv-org.github.io/api/streams.json; https://iptv-org.github.io/iptv/index.m3u; https://raw.githubusercontent.com/Free-TV/IPTV/master/playlist.m3u8; GitHub code search and public IPTV repositories; Broadcaster websites and live pages; Public FAST distributions on Rakuten, Xumo, Tubi, Pluto, Samsung TV Plus, Plex, Amagi, Wurl, and Ottera; Web search for exact names, spelling variants, regional feeds, SD/576/720 editions, HLS, and M3U8 references; https://www.espn.com/watch/",ESPN8: The Ocho (FAST); beIN SPORTS XTRA (free); CBS Sports Golazo; CBS Sports HQ; NBC Sports NOW (FAST); FIFA+; FIFA+ Women; Tennis Channel (free edition),"576p, 720p, and 1080p labels in rejected unverified indexes",Authenticated network; no stable licensed unauthenticated HLS found.
ESPN3,Sports,United States,"https://iptv-org.github.io/api/streams.json; https://iptv-org.github.io/iptv/index.m3u; https://raw.githubusercontent.com/Free-TV/IPTV/master/playlist.m3u8; GitHub code search and public IPTV repositories; Broadcaster websites and live pages; Public FAST distributions on Rakuten, Xumo, Tubi, Pluto, Samsung TV Plus, Plex, Amagi, Wurl, and Ottera; Web search for exact names, spelling variants, regional feeds, SD/576/720 editions, HLS, and M3U8 references; https://www.espn.com/watch/",ESPN8: The Ocho (FAST); beIN SPORTS XTRA (free); CBS Sports Golazo; CBS Sports HQ; NBC Sports NOW (FAST); FIFA+; FIFA+ Women; Tennis Channel (free edition),720p labels in rejected provider endpoints,Authenticated streaming service; no reusable public HLS with clear permission found.
ESPNU,Sports,United States,"https://iptv-org.github.io/api/streams.json; https://iptv-org.github.io/iptv/index.m3u; https://raw.githubusercontent.com/Free-TV/IPTV/master/playlist.m3u8; GitHub code search and public IPTV repositories; Broadcaster websites and live pages; Public FAST distributions on Rakuten, Xumo, Tubi, Pluto, Samsung TV Plus, Plex, Amagi, Wurl, and Ottera; Web search for exact names, spelling variants, regional feeds, SD/576/720 editions, HLS, and M3U8 references; https://www.espn.com/watch/",ESPN8: The Ocho (FAST); beIN SPORTS XTRA (free); CBS Sports Golazo; CBS Sports HQ; NBC Sports NOW (FAST); FIFA+; FIFA+ Women; Tennis Channel (free edition),720p and 1080p labels in rejected unverified indexes,Authenticated network; no stable licensed unauthenticated HLS found.
ESPNews,Sports,United States,"https://iptv-org.github.io/api/streams.json; https://iptv-org.github.io/iptv/index.m3u; https://raw.githubusercontent.com/Free-TV/IPTV/master/playlist.m3u8; GitHub code search and public IPTV repositories; Broadcaster websites and live pages; Public FAST distributions on Rakuten, Xumo, Tubi, Pluto, Samsung TV Plus, Plex, Amagi, Wurl, and Ottera; Web search for exact names, spelling variants, regional feeds, SD/576/720 editions, HLS, and M3U8 references; https://www.espn.com/watch/",ESPN8: The Ocho (FAST); beIN SPORTS XTRA (free); CBS Sports Golazo; CBS Sports HQ; NBC Sports NOW (FAST); FIFA+; FIFA+ Women; Tennis Channel (free edition),720p labels in rejected unverified indexes,Authenticated network; no stable licensed unauthenticated HLS found.
ESPN Deportes,Sports,United States,"https://iptv-org.github.io/api/streams.json; https://iptv-org.github.io/iptv/index.m3u; https://raw.githubusercontent.com/Free-TV/IPTV/master/playlist.m3u8; GitHub code search and public IPTV repositories; Broadcaster websites and live pages; Public FAST distributions on Rakuten, Xumo, Tubi, Pluto, Samsung TV Plus, Plex, Amagi, Wurl, and Ottera; Web search for exact names, spelling variants, regional feeds, SD/576/720 editions, HLS, and M3U8 references; https://www.espn.com/watch/",ESPN8: The Ocho (FAST); beIN SPORTS XTRA (free); CBS Sports Golazo; CBS Sports HQ; NBC Sports NOW (FAST); FIFA+; FIFA+ Women; Tennis Channel (free edition),720p and 1080p labels in rejected unverified indexes,Authenticated network; no stable licensed unauthenticated HLS found.
ESPN Latin America,Sports,Latin America,"https://iptv-org.github.io/api/streams.json; https://iptv-org.github.io/iptv/index.m3u; https://raw.githubusercontent.com/Free-TV/IPTV/master/playlist.m3u8; GitHub code search and public IPTV repositories; Broadcaster websites and live pages; Public FAST distributions on Rakuten, Xumo, Tubi, Pluto, Samsung TV Plus, Plex, Amagi, Wurl, and Ottera; Web search for exact names, spelling variants, regional feeds, SD/576/720 editions, HLS, and M3U8 references; https://www.espn.com/watch/",ESPN8: The Ocho (FAST); beIN SPORTS XTRA (free); CBS Sports Golazo; CBS Sports HQ; NBC Sports NOW (FAST); FIFA+; FIFA+ Women; Tennis Channel (free edition),720p and 1080p labels in rejected unverified indexes,Regional authenticated feed; public hits lacked licensed standalone provenance.
ESPN Caribbean,Sports,Caribbean,"https://iptv-org.github.io/api/streams.json; https://iptv-org.github.io/iptv/index.m3u; https://raw.githubusercontent.com/Free-TV/IPTV/master/playlist.m3u8; GitHub code search and public IPTV repositories; Broadcaster websites and live pages; Public FAST distributions on Rakuten, Xumo, Tubi, Pluto, Samsung TV Plus, Plex, Amagi, Wurl, and Ottera; Web search for exact names, spelling variants, regional feeds, SD/576/720 editions, HLS, and M3U8 references; https://www.espn.com/watch/",ESPN8: The Ocho (FAST); beIN SPORTS XTRA (free); CBS Sports Golazo; CBS Sports HQ; NBC Sports NOW (FAST); FIFA+; FIFA+ Women; Tennis Channel (free edition),720p labels in rejected unverified indexes,Regional authenticated feed; public hits lacked licensed standalone provenance.
Fox Sports 1,Sports,United States,"https://iptv-org.github.io/api/streams.json; https://iptv-org.github.io/iptv/index.m3u; https://raw.githubusercontent.com/Free-TV/IPTV/master/playlist.m3u8; GitHub code search and public IPTV repositories; Broadcaster websites and live pages; Public FAST distributions on Rakuten, Xumo, Tubi, Pluto, Samsung TV Plus, Plex, Amagi, Wurl, and Ottera; Web search for exact names, spelling variants, regional feeds, SD/576/720 editions, HLS, and M3U8 references; https://www.foxsports.com/find-fs1-on-your-tv",FOX Sports (FAST),720p and 1080p labels in rejected anonymous indexes,FS1 requires TV-provider or paid platform access; the selected FOX Sports FAST service is a different channel.
Fox Sports 2,Sports,United States,"https://iptv-org.github.io/api/streams.json; https://iptv-org.github.io/iptv/index.m3u; https://raw.githubusercontent.com/Free-TV/IPTV/master/playlist.m3u8; GitHub code search and public IPTV repositories; Broadcaster websites and live pages; Public FAST distributions on Rakuten, Xumo, Tubi, Pluto, Samsung TV Plus, Plex, Amagi, Wurl, and Ottera; Web search for exact names, spelling variants, regional feeds, SD/576/720 editions, HLS, and M3U8 references; https://www.foxsports.com/",FOX Sports (FAST),720p and 1080p labels in rejected anonymous indexes,FS2 requires TV-provider or paid platform access; no licensed unauthenticated HLS found.
Fox Deportes,Sports,United States,"https://iptv-org.github.io/api/streams.json; https://iptv-org.github.io/iptv/index.m3u; https://raw.githubusercontent.com/Free-TV/IPTV/master/playlist.m3u8; GitHub code search and public IPTV repositories; Broadcaster websites and live pages; Public FAST distributions on Rakuten, Xumo, Tubi, Pluto, Samsung TV Plus, Plex, Amagi, Wurl, and Ottera; Web search for exact names, spelling variants, regional feeds, SD/576/720 editions, HLS, and M3U8 references; https://www.foxdeportes.com/",FOX Sports (FAST),720p labels in rejected anonymous indexes,Authenticated network; no licensed unauthenticated HLS found.
beIN Sports 1,Sports,Middle East / North Africa,"https://iptv-org.github.io/api/streams.json; https://iptv-org.github.io/iptv/index.m3u; https://raw.githubusercontent.com/Free-TV/IPTV/master/playlist.m3u8; GitHub code search and public IPTV repositories; Broadcaster websites and live pages; Public FAST distributions on Rakuten, Xumo, Tubi, Pluto, Samsung TV Plus, Plex, Amagi, Wurl, and Ottera; Web search for exact names, spelling variants, regional feeds, SD/576/720 editions, HLS, and M3U8 references; https://www.beinsports.com/",beIN SPORTS XTRA,"576p, 720p, and 1080p labels in rejected indexes",Premium regional feed; no stable licensed unauthenticated HLS found. beIN XTRA is a separate free service.
beIN Sports 2,Sports,Middle East / North Africa,"https://iptv-org.github.io/api/streams.json; https://iptv-org.github.io/iptv/index.m3u; https://raw.githubusercontent.com/Free-TV/IPTV/master/playlist.m3u8; GitHub code search and public IPTV repositories; Broadcaster websites and live pages; Public FAST distributions on Rakuten, Xumo, Tubi, Pluto, Samsung TV Plus, Plex, Amagi, Wurl, and Ottera; Web search for exact names, spelling variants, regional feeds, SD/576/720 editions, HLS, and M3U8 references; https://www.beinsports.com/",beIN SPORTS XTRA,"576p, 720p, and 1080p labels in rejected indexes",Premium regional feed; no stable licensed unauthenticated HLS found.
beIN Sports 3,Sports,Middle East / North Africa,"https://iptv-org.github.io/api/streams.json; https://iptv-org.github.io/iptv/index.m3u; https://raw.githubusercontent.com/Free-TV/IPTV/master/playlist.m3u8; GitHub code search and public IPTV repositories; Broadcaster websites and live pages; Public FAST distributions on Rakuten, Xumo, Tubi, Pluto, Samsung TV Plus, Plex, Amagi, Wurl, and Ottera; Web search for exact names, spelling variants, regional feeds, SD/576/720 editions, HLS, and M3U8 references; https://www.beinsports.com/",beIN SPORTS XTRA,"576p, 720p, and 1080p labels in rejected indexes",Premium regional feed; no stable licensed unauthenticated HLS found.
beIN Sports 4,Sports,Middle East / North Africa,"https://iptv-org.github.io/api/streams.json; https://iptv-org.github.io/iptv/index.m3u; https://raw.githubusercontent.com/Free-TV/IPTV/master/playlist.m3u8; GitHub code search and public IPTV repositories; Broadcaster websites and live pages; Public FAST distributions on Rakuten, Xumo, Tubi, Pluto, Samsung TV Plus, Plex, Amagi, Wurl, and Ottera; Web search for exact names, spelling variants, regional feeds, SD/576/720 editions, HLS, and M3U8 references; https://www.beinsports.com/",beIN SPORTS XTRA,"576p, 720p, and 1080p labels in rejected indexes",Premium regional feed; no stable licensed unauthenticated HLS found.
beIN Sports 5,Sports,Middle East / North Africa,"https://iptv-org.github.io/api/streams.json; https://iptv-org.github.io/iptv/index.m3u; https://raw.githubusercontent.com/Free-TV/IPTV/master/playlist.m3u8; GitHub code search and public IPTV repositories; Broadcaster websites and live pages; Public FAST distributions on Rakuten, Xumo, Tubi, Pluto, Samsung TV Plus, Plex, Amagi, Wurl, and Ottera; Web search for exact names, spelling variants, regional feeds, SD/576/720 editions, HLS, and M3U8 references; https://www.beinsports.com/",beIN SPORTS XTRA,"576p, 720p, and 1080p labels in rejected indexes",Premium regional feed; no stable licensed unauthenticated HLS found.
beIN Sports 6,Sports,Middle East / North Africa,"https://iptv-org.github.io/api/streams.json; https://iptv-org.github.io/iptv/index.m3u; https://raw.githubusercontent.com/Free-TV/IPTV/master/playlist.m3u8; GitHub code search and public IPTV repositories; Broadcaster websites and live pages; Public FAST distributions on Rakuten, Xumo, Tubi, Pluto, Samsung TV Plus, Plex, Amagi, Wurl, and Ottera; Web search for exact names, spelling variants, regional feeds, SD/576/720 editions, HLS, and M3U8 references; https://www.beinsports.com/",beIN SPORTS XTRA,"576p, 720p, and 1080p labels in rejected indexes",Premium regional feed; no stable licensed unauthenticated HLS found.
beIN Sports English,Sports,Middle East / North Africa,"https://iptv-org.github.io/api/streams.json; https://iptv-org.github.io/iptv/index.m3u; https://raw.githubusercontent.com/Free-TV/IPTV/master/playlist.m3u8; GitHub code search and public IPTV repositories; Broadcaster websites and live pages; Public FAST distributions on Rakuten, Xumo, Tubi, Pluto, Samsung TV Plus, Plex, Amagi, Wurl, and Ottera; Web search for exact names, spelling variants, regional feeds, SD/576/720 editions, HLS, and M3U8 references; https://www.beinsports.com/",beIN SPORTS XTRA,720p and 1080p labels in rejected indexes,Premium regional feed; no stable licensed unauthenticated HLS found.
beIN Sports Arabic,Sports,Middle East / North Africa,"https://iptv-org.github.io/api/streams.json; https://iptv-org.github.io/iptv/index.m3u; https://raw.githubusercontent.com/Free-TV/IPTV/master/playlist.m3u8; GitHub code search and public IPTV repositories; Broadcaster websites and live pages; Public FAST distributions on Rakuten, Xumo, Tubi, Pluto, Samsung TV Plus, Plex, Amagi, Wurl, and Ottera; Web search for exact names, spelling variants, regional feeds, SD/576/720 editions, HLS, and M3U8 references; https://www.beinsports.com/",beIN SPORTS XTRA,"576p, 720p, and 1080p labels in rejected indexes",Premium regional feed; no stable licensed unauthenticated HLS found.
TNT Sports 1,Sports,United Kingdom,"https://iptv-org.github.io/api/streams.json; https://iptv-org.github.io/iptv/index.m3u; https://raw.githubusercontent.com/Free-TV/IPTV/master/playlist.m3u8; GitHub code search and public IPTV repositories; Broadcaster websites and live pages; Public FAST distributions on Rakuten, Xumo, Tubi, Pluto, Samsung TV Plus, Plex, Amagi, Wurl, and Ottera; Web search for exact names, spelling variants, regional feeds, SD/576/720 editions, HLS, and M3U8 references; https://www.tntsports.co.uk/",ESPN8: The Ocho (FAST); beIN SPORTS XTRA (free); CBS Sports Golazo; CBS Sports HQ; NBC Sports NOW (FAST); FIFA+; FIFA+ Women; Tennis Channel (free edition),720p and 1080p labels in rejected indexes,Premium authenticated network; public results lacked licensed standalone provenance.
TNT Sports 2,Sports,United Kingdom,"https://iptv-org.github.io/api/streams.json; https://iptv-org.github.io/iptv/index.m3u; https://raw.githubusercontent.com/Free-TV/IPTV/master/playlist.m3u8; GitHub code search and public IPTV repositories; Broadcaster websites and live pages; Public FAST distributions on Rakuten, Xumo, Tubi, Pluto, Samsung TV Plus, Plex, Amagi, Wurl, and Ottera; Web search for exact names, spelling variants, regional feeds, SD/576/720 editions, HLS, and M3U8 references; https://www.tntsports.co.uk/",ESPN8: The Ocho (FAST); beIN SPORTS XTRA (free); CBS Sports Golazo; CBS Sports HQ; NBC Sports NOW (FAST); FIFA+; FIFA+ Women; Tennis Channel (free edition),720p and 1080p labels in rejected indexes,Premium authenticated network; public results lacked licensed standalone provenance.
TNT Sports 3,Sports,United Kingdom,"https://iptv-org.github.io/api/streams.json; https://iptv-org.github.io/iptv/index.m3u; https://raw.githubusercontent.com/Free-TV/IPTV/master/playlist.m3u8; GitHub code search and public IPTV repositories; Broadcaster websites and live pages; Public FAST distributions on Rakuten, Xumo, Tubi, Pluto, Samsung TV Plus, Plex, Amagi, Wurl, and Ottera; Web search for exact names, spelling variants, regional feeds, SD/576/720 editions, HLS, and M3U8 references; https://www.tntsports.co.uk/",ESPN8: The Ocho (FAST); beIN SPORTS XTRA (free); CBS Sports Golazo; CBS Sports HQ; NBC Sports NOW (FAST); FIFA+; FIFA+ Women; Tennis Channel (free edition),720p and 1080p labels in rejected indexes,Premium authenticated network; public results lacked licensed standalone provenance.
TNT Sports 4,Sports,United Kingdom,"https://iptv-org.github.io/api/streams.json; https://iptv-org.github.io/iptv/index.m3u; https://raw.githubusercontent.com/Free-TV/IPTV/master/playlist.m3u8; GitHub code search and public IPTV repositories; Broadcaster websites and live pages; Public FAST distributions on Rakuten, Xumo, Tubi, Pluto, Samsung TV Plus, Plex, Amagi, Wurl, and Ottera; Web search for exact names, spelling variants, regional feeds, SD/576/720 editions, HLS, and M3U8 references; https://www.tntsports.co.uk/",ESPN8: The Ocho (FAST); beIN SPORTS XTRA (free); CBS Sports Golazo; CBS Sports HQ; NBC Sports NOW (FAST); FIFA+; FIFA+ Women; Tennis Channel (free edition),720p and 1080p labels in rejected indexes,Premium authenticated network; public results lacked licensed standalone provenance.
TNT Sports Ultimate,Sports,United Kingdom,"https://iptv-org.github.io/api/streams.json; https://iptv-org.github.io/iptv/index.m3u; https://raw.githubusercontent.com/Free-TV/IPTV/master/playlist.m3u8; GitHub code search and public IPTV repositories; Broadcaster websites and live pages; Public FAST distributions on Rakuten, Xumo, Tubi, Pluto, Samsung TV Plus, Plex, Amagi, Wurl, and Ottera; Web search for exact names, spelling variants, regional feeds, SD/576/720 editions, HLS, and M3U8 references; https://www.tntsports.co.uk/",ESPN8: The Ocho (FAST); beIN SPORTS XTRA (free); CBS Sports Golazo; CBS Sports HQ; NBC Sports NOW (FAST); FIFA+; FIFA+ Women; Tennis Channel (free edition),1080p and UHD labels in rejected indexes,Premium authenticated UHD network; no licensed public standalone feed found.
CBS Sports Network,Sports,United States,"https://iptv-org.github.io/api/streams.json; https://iptv-org.github.io/iptv/index.m3u; https://raw.githubusercontent.com/Free-TV/IPTV/master/playlist.m3u8; GitHub code search and public IPTV repositories; Broadcaster websites and live pages; Public FAST distributions on Rakuten, Xumo, Tubi, Pluto, Samsung TV Plus, Plex, Amagi, Wurl, and Ottera; Web search for exact names, spelling variants, regional feeds, SD/576/720 editions, HLS, and M3U8 references; https://www.cbssports.com/cbs-sports-network/",CBS Sports HQ; CBS Sports Golazo,720p and 1080p labels in rejected indexes,Authenticated cable network; CBS Sports HQ and Golazo are separate free services.
Sony Sports Ten 4,India,India,"https://iptv-org.github.io/api/streams.json; https://iptv-org.github.io/iptv/index.m3u; https://raw.githubusercontent.com/Free-TV/IPTV/master/playlist.m3u8; GitHub code search and public IPTV repositories; Broadcaster websites and live pages; Public FAST distributions on Rakuten, Xumo, Tubi, Pluto, Samsung TV Plus, Plex, Amagi, Wurl, and Ottera; Web search for exact names, spelling variants, regional feeds, SD/576/720 editions, HLS, and M3U8 references; https://www.sonyliv.com/sports",Sony KAL Hindi,"576p, 720p, and 1080p labels in rejected indexes",SonyLIV/provider access is authenticated; public playlist hits were anonymous or provider-restricted.
Sony YAY,India,India,"https://iptv-org.github.io/api/streams.json; https://iptv-org.github.io/iptv/index.m3u; https://raw.githubusercontent.com/Free-TV/IPTV/master/playlist.m3u8; GitHub code search and public IPTV repositories; Broadcaster websites and live pages; Public FAST distributions on Rakuten, Xumo, Tubi, Pluto, Samsung TV Plus, Plex, Amagi, Wurl, and Ottera; Web search for exact names, spelling variants, regional feeds, SD/576/720 editions, HLS, and M3U8 references; https://www.sonyyay.com/",Sony KAL Hindi,576p and 720p labels in rejected indexes,No stable licensed unauthenticated HLS found; indexed candidates had unclear provenance.
Star Sports 1,India,India,"https://iptv-org.github.io/api/streams.json; https://iptv-org.github.io/iptv/index.m3u; https://raw.githubusercontent.com/Free-TV/IPTV/master/playlist.m3u8; GitHub code search and public IPTV repositories; Broadcaster websites and live pages; Public FAST distributions on Rakuten, Xumo, Tubi, Pluto, Samsung TV Plus, Plex, Amagi, Wurl, and Ottera; Web search for exact names, spelling variants, regional feeds, SD/576/720 editions, HLS, and M3U8 references; https://www.hotstar.com/in/sports",None,"576p, 720p, and 1080p labels in rejected indexes",Authenticated premium sports feed; no licensed unauthenticated HLS found.
Star Sports 2,India,India,"https://iptv-org.github.io/api/streams.json; https://iptv-org.github.io/iptv/index.m3u; https://raw.githubusercontent.com/Free-TV/IPTV/master/playlist.m3u8; GitHub code search and public IPTV repositories; Broadcaster websites and live pages; Public FAST distributions on Rakuten, Xumo, Tubi, Pluto, Samsung TV Plus, Plex, Amagi, Wurl, and Ottera; Web search for exact names, spelling variants, regional feeds, SD/576/720 editions, HLS, and M3U8 references; https://www.hotstar.com/in/sports",None,"576p, 720p, and 1080p labels in rejected indexes",Authenticated premium sports feed; no licensed unauthenticated HLS found.
Star Sports Select 1,India,India,"https://iptv-org.github.io/api/streams.json; https://iptv-org.github.io/iptv/index.m3u; https://raw.githubusercontent.com/Free-TV/IPTV/master/playlist.m3u8; GitHub code search and public IPTV repositories; Broadcaster websites and live pages; Public FAST distributions on Rakuten, Xumo, Tubi, Pluto, Samsung TV Plus, Plex, Amagi, Wurl, and Ottera; Web search for exact names, spelling variants, regional feeds, SD/576/720 editions, HLS, and M3U8 references; https://www.hotstar.com/in/sports",None,720p and 1080p labels in rejected indexes,Authenticated premium sports feed; no licensed unauthenticated HLS found.
Star Sports Select 2,India,India,"https://iptv-org.github.io/api/streams.json; https://iptv-org.github.io/iptv/index.m3u; https://raw.githubusercontent.com/Free-TV/IPTV/master/playlist.m3u8; GitHub code search and public IPTV repositories; Broadcaster websites and live pages; Public FAST distributions on Rakuten, Xumo, Tubi, Pluto, Samsung TV Plus, Plex, Amagi, Wurl, and Ottera; Web search for exact names, spelling variants, regional feeds, SD/576/720 editions, HLS, and M3U8 references; https://www.hotstar.com/in/sports",None,720p and 1080p labels in rejected indexes,Authenticated premium sports feed; no licensed unauthenticated HLS found.
Star Sports Khel,India,India,"https://iptv-org.github.io/api/streams.json; https://iptv-org.github.io/iptv/index.m3u; https://raw.githubusercontent.com/Free-TV/IPTV/master/playlist.m3u8; GitHub code search and public IPTV repositories; Broadcaster websites and live pages; Public FAST distributions on Rakuten, Xumo, Tubi, Pluto, Samsung TV Plus, Plex, Amagi, Wurl, and Ottera; Web search for exact names, spelling variants, regional feeds, SD/576/720 editions, HLS, and M3U8 references; https://www.hotstar.com/in/sports",None,576p and 720p labels in rejected indexes,No stable licensed unauthenticated HLS found; indexed candidates were anonymous restreams.
Golf Channel,Sports,United States,"https://iptv-org.github.io/api/streams.json; https://iptv-org.github.io/iptv/index.m3u; https://raw.githubusercontent.com/Free-TV/IPTV/master/playlist.m3u8; GitHub code search and public IPTV repositories; Broadcaster websites and live pages; Public FAST distributions on Rakuten, Xumo, Tubi, Pluto, Samsung TV Plus, Plex, Amagi, Wurl, and Ottera; Web search for exact names, spelling variants, regional feeds, SD/576/720 editions, HLS, and M3U8 references; https://www.golfchannel.com/",GolfPass; PGA Tour,720p and 1080p labels in rejected indexes,Authenticated cable network; no licensed unauthenticated HLS found.
NFL Network,Sports,United States,"https://iptv-org.github.io/api/streams.json; https://iptv-org.github.io/iptv/index.m3u; https://raw.githubusercontent.com/Free-TV/IPTV/master/playlist.m3u8; GitHub code search and public IPTV repositories; Broadcaster websites and live pages; Public FAST distributions on Rakuten, Xumo, Tubi, Pluto, Samsung TV Plus, Plex, Amagi, Wurl, and Ottera; Web search for exact names, spelling variants, regional feeds, SD/576/720 editions, HLS, and M3U8 references; https://www.nfl.com/network/",NFL Channel,720p and 1080p labels in rejected indexes,Authenticated league network; the free NFL Channel is a separate service.
MLB Network,Sports,United States,"https://iptv-org.github.io/api/streams.json; https://iptv-org.github.io/iptv/index.m3u; https://raw.githubusercontent.com/Free-TV/IPTV/master/playlist.m3u8; GitHub code search and public IPTV repositories; Broadcaster websites and live pages; Public FAST distributions on Rakuten, Xumo, Tubi, Pluto, Samsung TV Plus, Plex, Amagi, Wurl, and Ottera; Web search for exact names, spelling variants, regional feeds, SD/576/720 editions, HLS, and M3U8 references; https://www.mlb.com/network",ESPN8: The Ocho (FAST); beIN SPORTS XTRA (free); CBS Sports Golazo; CBS Sports HQ; NBC Sports NOW (FAST); FIFA+; FIFA+ Women; Tennis Channel (free edition),720p and 1080p labels in rejected indexes,Authenticated league network; no licensed public standalone HLS found.
Eurosport 1,Sports,Europe,"https://iptv-org.github.io/api/streams.json; https://iptv-org.github.io/iptv/index.m3u; https://raw.githubusercontent.com/Free-TV/IPTV/master/playlist.m3u8; GitHub code search and public IPTV repositories; Broadcaster websites and live pages; Public FAST distributions on Rakuten, Xumo, Tubi, Pluto, Samsung TV Plus, Plex, Amagi, Wurl, and Ottera; Web search for exact names, spelling variants, regional feeds, SD/576/720 editions, HLS, and M3U8 references; https://www.eurosport.com/",ESPN8: The Ocho (FAST); beIN SPORTS XTRA (free); CBS Sports Golazo; CBS Sports HQ; NBC Sports NOW (FAST); FIFA+; FIFA+ Women; Tennis Channel (free edition),"576p, 720p, and 1080p labels in rejected indexes",Premium authenticated regional network; no licensed unauthenticated HLS found.
Eurosport 2,Sports,Europe,"https://iptv-org.github.io/api/streams.json; https://iptv-org.github.io/iptv/index.m3u; https://raw.githubusercontent.com/Free-TV/IPTV/master/playlist.m3u8; GitHub code search and public IPTV repositories; Broadcaster websites and live pages; Public FAST distributions on Rakuten, Xumo, Tubi, Pluto, Samsung TV Plus, Plex, Amagi, Wurl, and Ottera; Web search for exact names, spelling variants, regional feeds, SD/576/720 editions, HLS, and M3U8 references; https://www.eurosport.com/",ESPN8: The Ocho (FAST); beIN SPORTS XTRA (free); CBS Sports Golazo; CBS Sports HQ; NBC Sports NOW (FAST); FIFA+; FIFA+ Women; Tennis Channel (free edition),"576p, 720p, and 1080p labels in rejected indexes",Premium authenticated regional network; no licensed unauthenticated HLS found.
ONE Championship TV,Sports,International,"https://iptv-org.github.io/api/streams.json; https://iptv-org.github.io/iptv/index.m3u; https://raw.githubusercontent.com/Free-TV/IPTV/master/playlist.m3u8; GitHub code search and public IPTV repositories; Broadcaster websites and live pages; Public FAST distributions on Rakuten, Xumo, Tubi, Pluto, Samsung TV Plus, Plex, Amagi, Wurl, and Ottera; Web search for exact names, spelling variants, regional feeds, SD/576/720 editions, HLS, and M3U8 references; https://www.onefc.com/",ESPN8: The Ocho (FAST); beIN SPORTS XTRA (free); CBS Sports Golazo; CBS Sports HQ; NBC Sports NOW (FAST); FIFA+; FIFA+ Women; Tennis Channel (free edition),FAST master advertised; candidate did not respond,"Official FAST carriage was confirmed, but the public playlist candidate timed out during manifest testing and was not added."
Sony Sports Ten 1,India,India,"https://iptv-org.github.io/api/streams.json; https://iptv-org.github.io/iptv/index.m3u; https://raw.githubusercontent.com/Free-TV/IPTV/master/playlist.m3u8; GitHub code search and public IPTV repositories; Broadcaster websites and live pages; Public FAST distributions on Rakuten, Xumo, Tubi, Pluto, Samsung TV Plus, Plex, Amagi, Wurl, and Ottera; Web search for exact names, spelling variants, regional feeds, SD/576/720 editions, HLS, and M3U8 references; https://www.sonyliv.com/sports",Sony KAL Hindi,"576p, 720p, and 1080p labels in rejected indexes",SonyLIV/provider access is authenticated; public playlist hits were anonymous or provider-restricted.
Sony Sports Ten 2,India,India,"https://iptv-org.github.io/api/streams.json; https://iptv-org.github.io/iptv/index.m3u; https://raw.githubusercontent.com/Free-TV/IPTV/master/playlist.m3u8; GitHub code search and public IPTV repositories; Broadcaster websites and live pages; Public FAST distributions on Rakuten, Xumo, Tubi, Pluto, Samsung TV Plus, Plex, Amagi, Wurl, and Ottera; Web search for exact names, spelling variants, regional feeds, SD/576/720 editions, HLS, and M3U8 references; https://www.sonyliv.com/sports",Sony KAL Hindi,"576p, 720p, and 1080p labels in rejected indexes",SonyLIV/provider access is authenticated; public playlist hits were anonymous or provider-restricted.
Sony Sports Ten 3,India,India,"https://iptv-org.github.io/api/streams.json; https://iptv-org.github.io/iptv/index.m3u; https://raw.githubusercontent.com/Free-TV/IPTV/master/playlist.m3u8; GitHub code search and public IPTV repositories; Broadcaster websites and live pages; Public FAST distributions on Rakuten, Xumo, Tubi, Pluto, Samsung TV Plus, Plex, Amagi, Wurl, and Ottera; Web search for exact names, spelling variants, regional feeds, SD/576/720 editions, HLS, and M3U8 references; https://www.sonyliv.com/sports",Sony KAL Hindi,"576p, 720p, and 1080p labels in rejected indexes",SonyLIV/provider access is authenticated; public playlist hits were anonymous or provider-restricted.
Sony Sports Ten 5,India,India,"https://iptv-org.github.io/api/streams.json; https://iptv-org.github.io/iptv/index.m3u; https://raw.githubusercontent.com/Free-TV/IPTV/master/playlist.m3u8; GitHub code search and public IPTV repositories; Broadcaster websites and live pages; Public FAST distributions on Rakuten, Xumo, Tubi, Pluto, Samsung TV Plus, Plex, Amagi, Wurl, and Ottera; Web search for exact names, spelling variants, regional feeds, SD/576/720 editions, HLS, and M3U8 references; https://www.sonyliv.com/sports",Sony KAL Hindi,"576p, 720p, and 1080p labels in rejected indexes",SonyLIV/provider access is authenticated; public playlist hits were anonymous or provider-restricted.
Colors Rishtey,India,India,"https://iptv-org.github.io/api/streams.json; https://iptv-org.github.io/iptv/index.m3u; https://raw.githubusercontent.com/Free-TV/IPTV/master/playlist.m3u8; GitHub code search and public IPTV repositories; Broadcaster websites and live pages; Public FAST distributions on Rakuten, Xumo, Tubi, Pluto, Samsung TV Plus, Plex, Amagi, Wurl, and Ottera; Web search for exact names, spelling variants, regional feeds, SD/576/720 editions, HLS, and M3U8 references; https://www.jiocinema.com/",Colors MENA,576p and 720p labels in rejected indexes,No stable licensed unauthenticated HLS found; public hits were provider-restricted or anonymous restreams.
Zee Anmol,India,India,"https://iptv-org.github.io/api/streams.json; https://iptv-org.github.io/iptv/index.m3u; https://raw.githubusercontent.com/Free-TV/IPTV/master/playlist.m3u8; GitHub code search and public IPTV repositories; Broadcaster websites and live pages; Public FAST distributions on Rakuten, Xumo, Tubi, Pluto, Samsung TV Plus, Plex, Amagi, Wurl, and Ottera; Web search for exact names, spelling variants, regional feeds, SD/576/720 editions, HLS, and M3U8 references; https://www.zee5.com/",Zee News; Zee Business; Zee Cine Classic (FAST); Zee Comedy Nation (FAST); Zee Dil Se (FAST); Zee Horror Nights (FAST); Zee South Flix (Hindi); &TV International (FAST),"576p, 720p, and 1080p labels in rejected indexes",No stable licensed unauthenticated HLS found; ZEE5 access and public hits were provider-restricted.
Zee Anmol Cinema,India,India,"https://iptv-org.github.io/api/streams.json; https://iptv-org.github.io/iptv/index.m3u; https://raw.githubusercontent.com/Free-TV/IPTV/master/playlist.m3u8; GitHub code search and public IPTV repositories; Broadcaster websites and live pages; Public FAST distributions on Rakuten, Xumo, Tubi, Pluto, Samsung TV Plus, Plex, Amagi, Wurl, and Ottera; Web search for exact names, spelling variants, regional feeds, SD/576/720 editions, HLS, and M3U8 references; https://www.zee5.com/",Zee News; Zee Business; Zee Cine Classic (FAST); Zee Comedy Nation (FAST); Zee Dil Se (FAST); Zee Horror Nights (FAST); Zee South Flix (Hindi); &TV International (FAST),"576p, 720p, and 1080p labels in rejected indexes",No stable licensed unauthenticated HLS found; ZEE5 access and public hits were provider-restricted.
Discovery Science,Documentary,India / International,"https://iptv-org.github.io/api/streams.json; https://iptv-org.github.io/iptv/index.m3u; https://raw.githubusercontent.com/Free-TV/IPTV/master/playlist.m3u8; GitHub code search and public IPTV repositories; Broadcaster websites and live pages; Public FAST distributions on Rakuten, Xumo, Tubi, Pluto, Samsung TV Plus, Plex, Amagi, Wurl, and Ottera; Web search for exact names, spelling variants, regional feeds, SD/576/720 editions, HLS, and M3U8 references; https://www.discovery.com/",National Geographic Abu Dhabi; Asharq Discovery; History TV18; History Hit; BBC Earth (FAST); Smithsonian Channel Selects; PBS Nature; Love Nature,"576p, 720p, and 1080p labels in rejected indexes",Premium authenticated network; no licensed unauthenticated public HLS found.
Discovery Turbo,Documentary,India,"https://iptv-org.github.io/api/streams.json; https://iptv-org.github.io/iptv/index.m3u; https://raw.githubusercontent.com/Free-TV/IPTV/master/playlist.m3u8; GitHub code search and public IPTV repositories; Broadcaster websites and live pages; Public FAST distributions on Rakuten, Xumo, Tubi, Pluto, Samsung TV Plus, Plex, Amagi, Wurl, and Ottera; Web search for exact names, spelling variants, regional feeds, SD/576/720 editions, HLS, and M3U8 references; https://www.discovery.com/",National Geographic Abu Dhabi; Asharq Discovery; History TV18; History Hit; BBC Earth (FAST); Smithsonian Channel Selects; PBS Nature; Love Nature,576p and 720p labels in rejected indexes,Premium authenticated network; no licensed unauthenticated public HLS found.
PTV World,Pakistan,Pakistan,"https://iptv-org.github.io/api/streams.json; https://iptv-org.github.io/iptv/index.m3u; https://raw.githubusercontent.com/Free-TV/IPTV/master/playlist.m3u8; GitHub code search and public IPTV repositories; Broadcaster websites and live pages; Public FAST distributions on Rakuten, Xumo, Tubi, Pluto, Samsung TV Plus, Plex, Amagi, Wurl, and Ottera; Web search for exact names, spelling variants, regional feeds, SD/576/720 editions, HLS, and M3U8 references; https://ptv.com.pk/",ARY Digital; ARY News; ARY Musik; Geo Entertainment; HUM TV; HUM Masala; Samaa; Dunya,576p and 720p labels in rejected or nonresponding indexes,No responding stable broadcaster-published standalone HLS was found; indexed mirrors had unclear provenance.
ARY Zindagi,Pakistan,Pakistan,"https://iptv-org.github.io/api/streams.json; https://iptv-org.github.io/iptv/index.m3u; https://raw.githubusercontent.com/Free-TV/IPTV/master/playlist.m3u8; GitHub code search and public IPTV repositories; Broadcaster websites and live pages; Public FAST distributions on Rakuten, Xumo, Tubi, Pluto, Samsung TV Plus, Plex, Amagi, Wurl, and Ottera; Web search for exact names, spelling variants, regional feeds, SD/576/720 editions, HLS, and M3U8 references; https://arydigital.tv/",ARY Digital; ARY News; ARY Musik; Geo Entertainment; HUM TV; HUM Masala; Samaa; Dunya,576p and 720p labels in rejected indexes,Not present in the official ARY public live catalog; public hits lacked stable licensed standalone provenance.
ARY QTV,Pakistan,Pakistan,"https://iptv-org.github.io/api/streams.json; https://iptv-org.github.io/iptv/index.m3u; https://raw.githubusercontent.com/Free-TV/IPTV/master/playlist.m3u8; GitHub code search and public IPTV repositories; Broadcaster websites and live pages; Public FAST distributions on Rakuten, Xumo, Tubi, Pluto, Samsung TV Plus, Plex, Amagi, Wurl, and Ottera; Web search for exact names, spelling variants, regional feeds, SD/576/720 editions, HLS, and M3U8 references; https://aryqtv.tv/",ARY Digital; ARY News; ARY Musik; Geo Entertainment; HUM TV; HUM Masala; Samaa; Dunya,576p and 720p labels in rejected indexes,Not present as a reusable responding HLS in the official ARY public catalog; mirrors had unclear provenance.
Geo Kahani,Pakistan,Pakistan,"https://iptv-org.github.io/api/streams.json; https://iptv-org.github.io/iptv/index.m3u; https://raw.githubusercontent.com/Free-TV/IPTV/master/playlist.m3u8; GitHub code search and public IPTV repositories; Broadcaster websites and live pages; Public FAST distributions on Rakuten, Xumo, Tubi, Pluto, Samsung TV Plus, Plex, Amagi, Wurl, and Ottera; Web search for exact names, spelling variants, regional feeds, SD/576/720 editions, HLS, and M3U8 references; https://harpalgeo.tv/",ARY Digital; ARY News; ARY Musik; Geo Entertainment; HUM TV; HUM Masala; Samaa; Dunya,576p and 720p labels in rejected indexes,No stable licensed unauthenticated standalone HLS found; indexed mirrors were provider-restricted or unclear.
Public News,Pakistan,Pakistan,"https://iptv-org.github.io/api/streams.json; https://iptv-org.github.io/iptv/index.m3u; https://raw.githubusercontent.com/Free-TV/IPTV/master/playlist.m3u8; GitHub code search and public IPTV repositories; Broadcaster websites and live pages; Public FAST distributions on Rakuten, Xumo, Tubi, Pluto, Samsung TV Plus, Plex, Amagi, Wurl, and Ottera; Web search for exact names, spelling variants, regional feeds, SD/576/720 editions, HLS, and M3U8 references; https://publicnews.com/",ARY Digital; ARY News; ARY Musik; Geo Entertainment; HUM TV; HUM Masala; Samaa; Dunya,576p and 720p labels in rejected or nonresponding indexes,No responding broadcaster-published reusable HLS found; indexed candidates had unclear provenance.
HBO Family,Movies,International,"https://iptv-org.github.io/api/streams.json; https://iptv-org.github.io/iptv/index.m3u; https://raw.githubusercontent.com/Free-TV/IPTV/master/playlist.m3u8; GitHub code search and public IPTV repositories; Broadcaster websites and live pages; Public FAST distributions on Rakuten, Xumo, Tubi, Pluto, Samsung TV Plus, Plex, Amagi, Wurl, and Ottera; Web search for exact names, spelling variants, regional feeds, SD/576/720 editions, HLS, and M3U8 references; https://www.hbo.com/",None,720p and 1080p labels in rejected anonymous indexes,Premium authenticated network; no licensed unauthenticated public HLS found.
HBO Signature,Movies,International,"https://iptv-org.github.io/api/streams.json; https://iptv-org.github.io/iptv/index.m3u; https://raw.githubusercontent.com/Free-TV/IPTV/master/playlist.m3u8; GitHub code search and public IPTV repositories; Broadcaster websites and live pages; Public FAST distributions on Rakuten, Xumo, Tubi, Pluto, Samsung TV Plus, Plex, Amagi, Wurl, and Ottera; Web search for exact names, spelling variants, regional feeds, SD/576/720 editions, HLS, and M3U8 references; https://www.hbo.com/",None,720p and 1080p labels in rejected anonymous indexes,Premium authenticated network; no licensed unauthenticated public HLS found.
A Sports Pakistan,Sports,Pakistan,"https://iptv-org.github.io/api/streams.json; https://iptv-org.github.io/iptv/index.m3u; https://raw.githubusercontent.com/Free-TV/IPTV/master/playlist.m3u8; GitHub code search and public IPTV repositories; Broadcaster websites and live pages; Public FAST distributions on Rakuten, Xumo, Tubi, Pluto, Samsung TV Plus, Plex, Amagi, Wurl, and Ottera; Web search for exact names, spelling variants, regional feeds, SD/576/720 editions, HLS, and M3U8 references; https://a-sports.tv/",ESPN8: The Ocho (FAST); beIN SPORTS XTRA (free); CBS Sports Golazo; CBS Sports HQ; NBC Sports NOW (FAST); FIFA+; FIFA+ Women; Tennis Channel (free edition),HD branding; no acceptable responding standalone rendition,"The broadcaster site and current public indexes did not expose a stable reusable HLS; search hits were embedded players, raw-IP mirrors, or anonymous restreams."
Ten Sports Pakistan,Sports,Pakistan,"https://iptv-org.github.io/api/streams.json; https://iptv-org.github.io/iptv/index.m3u; https://raw.githubusercontent.com/Free-TV/IPTV/master/playlist.m3u8; GitHub code search and public IPTV repositories; Broadcaster websites and live pages; Public FAST distributions on Rakuten, Xumo, Tubi, Pluto, Samsung TV Plus, Plex, Amagi, Wurl, and Ottera; Web search for exact names, spelling variants, regional feeds, SD/576/720 editions, HLS, and M3U8 references; https://www.sonypicturesnetworks.com/",ESPN8: The Ocho (FAST); beIN SPORTS XTRA (free); CBS Sports Golazo; CBS Sports HQ; NBC Sports NOW (FAST); FIFA+; FIFA+ Women; Tennis Channel (free edition),"576p, 720p, and 1080p labels in rejected indexes",No stable licensed unauthenticated HLS was found; public hits were provider-authenticated or anonymous premium restreams.
Sports18,Sports,India,"https://iptv-org.github.io/api/streams.json; https://iptv-org.github.io/iptv/index.m3u; https://raw.githubusercontent.com/Free-TV/IPTV/master/playlist.m3u8; GitHub code search and public IPTV repositories; Broadcaster websites and live pages; Public FAST distributions on Rakuten, Xumo, Tubi, Pluto, Samsung TV Plus, Plex, Amagi, Wurl, and Ottera; Web search for exact names, spelling variants, regional feeds, SD/576/720 editions, HLS, and M3U8 references; https://www.jiocinema.com/sports",ESPN8: The Ocho (FAST); beIN SPORTS XTRA (free); CBS Sports Golazo; CBS Sports HQ; NBC Sports NOW (FAST); FIFA+; FIFA+ Women; Tennis Channel (free edition),"576p, 720p, and 1080p labels in rejected indexes",No stable licensed unauthenticated HLS was found; Jio/provider access and public hits were authenticated or unclear restreams.
SuperTennis,Sports,Italy,"https://iptv-org.github.io/api/streams.json; https://iptv-org.github.io/iptv/index.m3u; https://raw.githubusercontent.com/Free-TV/IPTV/master/playlist.m3u8; GitHub code search and public IPTV repositories; Broadcaster websites and live pages; Public FAST distributions on Rakuten, Xumo, Tubi, Pluto, Samsung TV Plus, Plex, Amagi, Wurl, and Ottera; Web search for exact names, spelling variants, regional feeds, SD/576/720 editions, HLS, and M3U8 references; https://www.supertennis.tv/",ESPN8: The Ocho (FAST); beIN SPORTS XTRA (free); CBS Sports Golazo; CBS Sports HQ; NBC Sports NOW (FAST); FIFA+; FIFA+ Women; Tennis Channel (free edition),1080p indexed candidate; HTTP 403,The official indexed HiWay master returned HTTP 403 during this pass; no alternate responding permitted HLS was found.
UEFA public programming,Sports,Europe,"https://iptv-org.github.io/api/streams.json; https://iptv-org.github.io/iptv/index.m3u; https://raw.githubusercontent.com/Free-TV/IPTV/master/playlist.m3u8; GitHub code search and public IPTV repositories; Broadcaster websites and live pages; Public FAST distributions on Rakuten, Xumo, Tubi, Pluto, Samsung TV Plus, Plex, Amagi, Wurl, and Ottera; Web search for exact names, spelling variants, regional feeds, SD/576/720 editions, HLS, and M3U8 references; https://www.uefa.tv/",ESPN8: The Ocho (FAST); beIN SPORTS XTRA (free); CBS Sports Golazo; CBS Sports HQ; NBC Sports NOW (FAST); FIFA+; FIFA+ Women; Tennis Channel (free edition),Web/player video only,"Official UEFA web/video programming was found, but no stable reusable linear HLS channel with clear public redistribution was exposed."
