channel_name,category,old_resolution,new_resolution,old_stream_url,new_stream_url,alternatives_checked,source_used,reason_for_replacement,reason_if_1080_remained
&TV International (FAST),India,1080p,1080p,https://3f56f997.wurl.com/master/f36d25e7e52f1ba8d7e56eb859c636563214f541/U2Ftc3VuZy1nYl9BbmRUVl9ITFM/playlist.m3u8,https://3f56f997.wurl.com/master/f36d25e7e52f1ba8d7e56eb859c636563214f541/U2Ftc3VuZy1nYl9BbmRUVl9ITFM/playlist.m3u8,"1080p; Exact name plus 576/576p/SD/720/720p/M3U/M3U8/HLS across current candidates, IPTV indexes, GitHub repositories/code search, broadcaster pages, regional lists, public stream directories, alternate feeds, and master-manifest renditions","https://iptv-org.github.io/api/streams.json; https://iptv-org.github.io/iptv/index.m3u; https://raw.githubusercontent.com/Free-TV/IPTV/master/playlist.m3u8; GitHub code search and public IPTV repositories; Broadcaster websites and live pages; Public FAST distributions on Rakuten, Xumo, Tubi, Pluto, Samsung TV Plus, Plex, Amagi, Wurl, and Ottera; Web search for exact names, spelling variants, regional feeds, SD/576/720 editions, HLS, and M3U8 references",,No stable responding 576p or 720p rendition with acceptable provenance survived the focused review; the important/current 1080p channel was retained.
ACC Digital Network,Sports,1080p,720p,https://aegis-cloudfront-1.tubi.video/a1e671ae-d1c2-4e39-99c7-889e83056fd2/playlist.m3u8,https://aegis-cloudfront-1.tubi.video/a1e671ae-d1c2-4e39-99c7-889e83056fd2/720p-cc/index.m3u8,"240p; 360p; 480p; 720p; 1080p; Exact name plus 576/576p/SD/720/720p/M3U/M3U8/HLS across current candidates, IPTV indexes, GitHub repositories/code search, broadcaster pages, regional lists, public stream directories, alternate feeds, and master-manifest renditions",Public HLS master manifests already referenced by curation/channels.json,Stable 720p rendition from the selected HLS master; media playlist and first media object responded twice.,
Al Arabiya Business,News,1080p,720p,https://live.alarabiya.net/alarabiapublish/aswaaq.smil/playlist.m3u8,https://live.alarabiya.net/alarabiapublish/aswaaq.smil/alarabiapublish/aswaaq_720p/chunks.m3u8,"240p; 360p; 720p; 1080p; Exact name plus 576/576p/SD/720/720p/M3U/M3U8/HLS across current candidates, IPTV indexes, GitHub repositories/code search, broadcaster pages, regional lists, public stream directories, alternate feeds, and master-manifest renditions",Public HLS master manifests already referenced by curation/channels.json,Stable 720p rendition from the selected HLS master; media playlist and first media object responded twice.,
Al Hadath,News,1080p,576p,https://shd-gcp-live.edgenextcdn.net/live/bitmovin-hadath/2ff87ec4c2f3ede35295a20637d9f8fd/index.m3u8,https://shd-gcp-live.edgenextcdn.net/live/bitmovin-hadath/2ff87ec4c2f3ede35295a20637d9f8fd/manifest/video/576p1200kbps/video.m3u8,"288p; 360p; 468p; 576p; 720p; 1080p; Exact name plus 576/576p/SD/720/720p/M3U/M3U8/HLS across current candidates, IPTV indexes, GitHub repositories/code search, broadcaster pages, regional lists, public stream directories, alternate feeds, and master-manifest renditions",Public HLS master manifests already referenced by curation/channels.json,Stable 576p rendition from the selected HLS master; media playlist and first media object responded twice.,
Al Jazeera Arabic,News,1080p,1080p,https://live-hls-apps-aja-fa.getaj.net/AJA/01.m3u8,https://live-hls-apps-aja-fa.getaj.net/AJA/01.m3u8,"1080p; Exact name plus 576/576p/SD/720/720p/M3U/M3U8/HLS across current candidates, IPTV indexes, GitHub repositories/code search, broadcaster pages, regional lists, public stream directories, alternate feeds, and master-manifest renditions","https://iptv-org.github.io/api/streams.json; https://iptv-org.github.io/iptv/index.m3u; https://raw.githubusercontent.com/Free-TV/IPTV/master/playlist.m3u8; GitHub code search and public IPTV repositories; Broadcaster websites and live pages; Public FAST distributions on Rakuten, Xumo, Tubi, Pluto, Samsung TV Plus, Plex, Amagi, Wurl, and Ottera; Web search for exact names, spelling variants, regional feeds, SD/576/720 editions, HLS, and M3U8 references",,No stable responding 576p or 720p rendition with acceptable provenance survived the focused review; the important/current 1080p channel was retained.
Al Jazeera Documentary,Documentary,1080p,1080p,https://live-hls-apps-ajd-fa.getaj.net/AJD/index.m3u8,https://live-hls-apps-ajd-fa.getaj.net/AJD/index.m3u8,"1080p; Exact name plus 576/576p/SD/720/720p/M3U/M3U8/HLS across current candidates, IPTV indexes, GitHub repositories/code search, broadcaster pages, regional lists, public stream directories, alternate feeds, and master-manifest renditions","https://iptv-org.github.io/api/streams.json; https://iptv-org.github.io/iptv/index.m3u; https://raw.githubusercontent.com/Free-TV/IPTV/master/playlist.m3u8; GitHub code search and public IPTV repositories; Broadcaster websites and live pages; Public FAST distributions on Rakuten, Xumo, Tubi, Pluto, Samsung TV Plus, Plex, Amagi, Wurl, and Ottera; Web search for exact names, spelling variants, regional feeds, SD/576/720 editions, HLS, and M3U8 references",,No stable responding 576p or 720p rendition with acceptable provenance survived the focused review; the important/current 1080p channel was retained.
Al Jazeera English,News,1080p,720p,https://live-hls-apps-aje-fa.getaj.net/AJE/index.m3u8,https://live-hls-apps-aje-fa.getaj.net/AJE/02.m3u8,"240p; 360p; 480p; 720p; 1080p; Exact name plus 576/576p/SD/720/720p/M3U/M3U8/HLS across current candidates, IPTV indexes, GitHub repositories/code search, broadcaster pages, regional lists, public stream directories, alternate feeds, and master-manifest renditions",Public HLS master manifests already referenced by curation/channels.json,Stable 720p rendition from the selected HLS master; media playlist and first media object responded twice.,
Al Jazeera Mubasher,News,1080p,720p,https://live-hls-apps-ajm-fa.getaj.net/AJM/index.m3u8,https://live-hls-apps-ajm-fa.getaj.net/AJM/02.m3u8,"240p; 360p; 480p; 720p; 1080p; Exact name plus 576/576p/SD/720/720p/M3U/M3U8/HLS across current candidates, IPTV indexes, GitHub repositories/code search, broadcaster pages, regional lists, public stream directories, alternate feeds, and master-manifest renditions",Public HLS master manifests already referenced by curation/channels.json,Stable 720p rendition from the selected HLS master; media playlist and first media object responded twice.,
Al Sharqiya News,News,1080p,1080p,https://5d94523502c2d.streamlock.net/alsharqiyalive/mystream/playlist.m3u8,https://5d94523502c2d.streamlock.net/alsharqiyalive/mystream/playlist.m3u8,"1080p; Exact name plus 576/576p/SD/720/720p/M3U/M3U8/HLS across current candidates, IPTV indexes, GitHub repositories/code search, broadcaster pages, regional lists, public stream directories, alternate feeds, and master-manifest renditions","https://iptv-org.github.io/api/streams.json; https://iptv-org.github.io/iptv/index.m3u; https://raw.githubusercontent.com/Free-TV/IPTV/master/playlist.m3u8; GitHub code search and public IPTV repositories; Broadcaster websites and live pages; Public FAST distributions on Rakuten, Xumo, Tubi, Pluto, Samsung TV Plus, Plex, Amagi, Wurl, and Ottera; Web search for exact names, spelling variants, regional feeds, SD/576/720 editions, HLS, and M3U8 references",,No stable responding 576p or 720p rendition with acceptable provenance survived the focused review; the important/current 1080p channel was retained.
Alarabiya,News,1080p,1080p,https://live.alarabiya.net/alarabiapublish/alarabiya.smil/alarabiapublish/alarabiya_1080p/chunks.m3u8,https://live.alarabiya.net/alarabiapublish/alarabiya.smil/alarabiapublish/alarabiya_1080p/chunks.m3u8,"1080p; Exact name plus 576/576p/SD/720/720p/M3U/M3U8/HLS across current candidates, IPTV indexes, GitHub repositories/code search, broadcaster pages, regional lists, public stream directories, alternate feeds, and master-manifest renditions","https://iptv-org.github.io/api/streams.json; https://iptv-org.github.io/iptv/index.m3u; https://raw.githubusercontent.com/Free-TV/IPTV/master/playlist.m3u8; GitHub code search and public IPTV repositories; Broadcaster websites and live pages; Public FAST distributions on Rakuten, Xumo, Tubi, Pluto, Samsung TV Plus, Plex, Amagi, Wurl, and Ottera; Web search for exact names, spelling variants, regional feeds, SD/576/720 editions, HLS, and M3U8 references",,No stable responding 576p or 720p rendition with acceptable provenance survived the focused review; the important/current 1080p channel was retained.
AMC,Afghanistan,1080p,1080p,https://amchls.wns.live/hls/stream.m3u8,https://amchls.wns.live/hls/stream.m3u8,"1080p; Exact name plus 576/576p/SD/720/720p/M3U/M3U8/HLS across current candidates, IPTV indexes, GitHub repositories/code search, broadcaster pages, regional lists, public stream directories, alternate feeds, and master-manifest renditions","https://iptv-org.github.io/api/streams.json; https://iptv-org.github.io/iptv/index.m3u; https://raw.githubusercontent.com/Free-TV/IPTV/master/playlist.m3u8; GitHub code search and public IPTV repositories; Broadcaster websites and live pages; Public FAST distributions on Rakuten, Xumo, Tubi, Pluto, Samsung TV Plus, Plex, Amagi, Wurl, and Ottera; Web search for exact names, spelling variants, regional feeds, SD/576/720 editions, HLS, and M3U8 references",,No stable responding 576p or 720p rendition with acceptable provenance survived the focused review; the important/current 1080p channel was retained.
ARY Musik,Pakistan,1080p,1080p,https://arymusik.aryzap.com/3fd38b2c62d0c3bbd74aedabb533c03a/6459fa78/v1/01847ac7a4930b8ed5aa6ed04aba/01847ac8f5f70b8ed5aa6ed04abd/main.m3u8,https://arymusik.aryzap.com/3fd38b2c62d0c3bbd74aedabb533c03a/6459fa78/v1/01847ac7a4930b8ed5aa6ed04aba/01847ac8f5f70b8ed5aa6ed04abd/main.m3u8,"1080p; Exact name plus 576/576p/SD/720/720p/M3U/M3U8/HLS across current candidates, IPTV indexes, GitHub repositories/code search, broadcaster pages, regional lists, public stream directories, alternate feeds, and master-manifest renditions","https://iptv-org.github.io/api/streams.json; https://iptv-org.github.io/iptv/index.m3u; https://raw.githubusercontent.com/Free-TV/IPTV/master/playlist.m3u8; GitHub code search and public IPTV repositories; Broadcaster websites and live pages; Public FAST distributions on Rakuten, Xumo, Tubi, Pluto, Samsung TV Plus, Plex, Amagi, Wurl, and Ottera; Web search for exact names, spelling variants, regional feeds, SD/576/720 editions, HLS, and M3U8 references",,No stable responding 576p or 720p rendition with acceptable provenance survived the focused review; the important/current 1080p channel was retained.
Asharq Discovery,Documentary,1080p,720p,https://svs.itworkscdn.net/asharqdiscoverylive/asharqd.smil/playlist_dvr.m3u8,https://svs.itworkscdn.net/asharqdiscoverylive/asharqd.smil/asharqdiscoverypublish/asharqd_720p/chunks_dvr.m3u8,"240p; 480p; 720p; 1080p; Exact name plus 576/576p/SD/720/720p/M3U/M3U8/HLS across current candidates, IPTV indexes, GitHub repositories/code search, broadcaster pages, regional lists, public stream directories, alternate feeds, and master-manifest renditions",Public HLS master manifests already referenced by curation/channels.json,Stable 720p rendition from the selected HLS master; media playlist and first media object responded twice.,
Asharq Documentary,Documentary,1080p,1080p,https://svs.itworkscdn.net/asharqdocumentarylive/asharqdocumentary.smil/playlist_dvr.m3u8,https://svs.itworkscdn.net/asharqdocumentarylive/asharqdocumentary.smil/playlist_dvr.m3u8,"1080p; Exact name plus 576/576p/SD/720/720p/M3U/M3U8/HLS across current candidates, IPTV indexes, GitHub repositories/code search, broadcaster pages, regional lists, public stream directories, alternate feeds, and master-manifest renditions","https://iptv-org.github.io/api/streams.json; https://iptv-org.github.io/iptv/index.m3u; https://raw.githubusercontent.com/Free-TV/IPTV/master/playlist.m3u8; GitHub code search and public IPTV repositories; Broadcaster websites and live pages; Public FAST distributions on Rakuten, Xumo, Tubi, Pluto, Samsung TV Plus, Plex, Amagi, Wurl, and Ottera; Web search for exact names, spelling variants, regional feeds, SD/576/720 editions, HLS, and M3U8 references",,No stable responding 576p or 720p rendition with acceptable provenance survived the focused review; the important/current 1080p channel was retained.
Asharq News,News,1080p,720p,https://live-news.asharq.com/asharq.m3u8,https://live-news.asharq.com/asharq_720p30.m3u8,"240p; 480p; 720p; 1080p; Exact name plus 576/576p/SD/720/720p/M3U/M3U8/HLS across current candidates, IPTV indexes, GitHub repositories/code search, broadcaster pages, regional lists, public stream directories, alternate feeds, and master-manifest renditions",Public HLS master manifests already referenced by curation/channels.json,Stable 720p rendition from the selected HLS master; media playlist and first media object responded twice.,
BBC Food,Lifestyle,1080p,576p,https://d1e9r0b71zfwk7.cloudfront.net/playlist.m3u8,https://d1e9r0b71zfwk7.cloudfront.net/playlist_1024x576.m3u8,"216p; 360p; 576p; 720p; 1080p; Exact name plus 576/576p/SD/720/720p/M3U/M3U8/HLS across current candidates, IPTV indexes, GitHub repositories/code search, broadcaster pages, regional lists, public stream directories, alternate feeds, and master-manifest renditions",Public HLS master manifests already referenced by curation/channels.json,Stable 576p rendition from the selected HLS master; media playlist and first media object responded twice.,
BBC Home & Garden,Lifestyle,1080p,576p,https://d11r33s5i066xh.cloudfront.net/playlist.m3u8,https://d11r33s5i066xh.cloudfront.net/playlist_1024x576.m3u8,"216p; 360p; 576p; 720p; 1080p; Exact name plus 576/576p/SD/720/720p/M3U/M3U8/HLS across current candidates, IPTV indexes, GitHub repositories/code search, broadcaster pages, regional lists, public stream directories, alternate feeds, and master-manifest renditions",Public HLS master manifests already referenced by curation/channels.json,Stable 576p rendition from the selected HLS master; media playlist and first media object responded twice.,
Billiard TV,Sports,1080p,1080p,https://pb-wm04vonaerv0k.akamaized.net/billi.m3u8,https://pb-wm04vonaerv0k.akamaized.net/billi.m3u8,"1080p; Exact name plus 576/576p/SD/720/720p/M3U/M3U8/HLS across current candidates, IPTV indexes, GitHub repositories/code search, broadcaster pages, regional lists, public stream directories, alternate feeds, and master-manifest renditions","https://iptv-org.github.io/api/streams.json; https://iptv-org.github.io/iptv/index.m3u; https://raw.githubusercontent.com/Free-TV/IPTV/master/playlist.m3u8; GitHub code search and public IPTV repositories; Broadcaster websites and live pages; Public FAST distributions on Rakuten, Xumo, Tubi, Pluto, Samsung TV Plus, Plex, Amagi, Wurl, and Ottera; Web search for exact names, spelling variants, regional feeds, SD/576/720 editions, HLS, and M3U8 references",,No stable responding 576p or 720p rendition with acceptable provenance survived the focused review; the important/current 1080p channel was retained.
Bloomberg Originals,Documentary,1080p,1080p,https://86fdc85a.wurl.com/master/f36d25e7e52f1ba8d7e56eb859c636563214f541/TEctZ2JfQmxvb21iZXJnT3JpZ2luYWxzX0hMUw/playlist.m3u8,https://86fdc85a.wurl.com/master/f36d25e7e52f1ba8d7e56eb859c636563214f541/TEctZ2JfQmxvb21iZXJnT3JpZ2luYWxzX0hMUw/playlist.m3u8,"1080p; unknown; Exact name plus 576/576p/SD/720/720p/M3U/M3U8/HLS across current candidates, IPTV indexes, GitHub repositories/code search, broadcaster pages, regional lists, public stream directories, alternate feeds, and master-manifest renditions","https://iptv-org.github.io/api/streams.json; https://iptv-org.github.io/iptv/index.m3u; https://raw.githubusercontent.com/Free-TV/IPTV/master/playlist.m3u8; GitHub code search and public IPTV repositories; Broadcaster websites and live pages; Public FAST distributions on Rakuten, Xumo, Tubi, Pluto, Samsung TV Plus, Plex, Amagi, Wurl, and Ottera; Web search for exact names, spelling variants, regional feeds, SD/576/720 editions, HLS, and M3U8 references",,No stable responding 576p or 720p rendition with acceptable provenance survived the focused review; the important/current 1080p channel was retained.
CNA,News,1080p,720p,https://d2e1asnsl7br7b.cloudfront.net/7782e205e72f43aeb4a48ec97f66ebbe/index.m3u8,https://d2e1asnsl7br7b.cloudfront.net/7782e205e72f43aeb4a48ec97f66ebbe/index_4.m3u8,"270p; 360p; 540p; 720p; 1080p; Exact name plus 576/576p/SD/720/720p/M3U/M3U8/HLS across current candidates, IPTV indexes, GitHub repositories/code search, broadcaster pages, regional lists, public stream directories, alternate feeds, and master-manifest renditions",Public HLS master manifests already referenced by curation/channels.json,Stable 720p rendition from the selected HLS master; media playlist and first media object responded twice.,
CNA Originals,Documentary,1080p,720p,https://amg01082-cna-amg01082c1-rlaxx-us-11304.playouts.now.amagi.tv/playlist.m3u8,https://amg01082-cna-amg01082c1-rlaxx-us-11304.playouts.now.amagi.tv/playlist720p.m3u8,"240p; 360p; 480p; 720p; 1080p; Exact name plus 576/576p/SD/720/720p/M3U/M3U8/HLS across current candidates, IPTV indexes, GitHub repositories/code search, broadcaster pages, regional lists, public stream directories, alternate feeds, and master-manifest renditions",Public HLS master manifests already referenced by curation/channels.json,Stable 720p rendition from the selected HLS master; media playlist and first media object responded twice.,
CNBC Arabiya,News,1080p,720p,https://cnbc-live.akamaized.net/cnbc/master.m3u8,https://cnbc-live.akamaized.net/cnbc/cnbcSource/cnbc_720p/chunks.m3u8,"480p; 720p; 1080p; Exact name plus 576/576p/SD/720/720p/M3U/M3U8/HLS across current candidates, IPTV indexes, GitHub repositories/code search, broadcaster pages, regional lists, public stream directories, alternate feeds, and master-manifest renditions",Public HLS master manifests already referenced by curation/channels.json,Stable 720p rendition from the selected HLS master; media playlist and first media object responded twice.,
CNBC Awaaz,India,1080p,720p,https://n18syndication.akamaized.net/bpk-tv/CNBC_Awaaz_NW18_MOB/output01/master.m3u8,https://n18syndication.akamaized.net/bpk-tv/CNBC_Awaaz_NW18_MOB/output01/CNBC_Awaaz_NW18_MOB-audio_98835_hin=98800-video=1272000.m3u8,"180p; 360p; 540p; 720p; 1080p; Exact name plus 576/576p/SD/720/720p/M3U/M3U8/HLS across current candidates, IPTV indexes, GitHub repositories/code search, broadcaster pages, regional lists, public stream directories, alternate feeds, and master-manifest renditions",Public HLS master manifests already referenced by curation/channels.json,Stable 720p rendition from the selected HLS master; media playlist and first media object responded twice.,
CNBC TV18,India,1080p,720p,https://n18syndication.akamaized.net/bpk-tv/CNBC_TV18_NW18_MOB/output01/index.m3u8,https://n18syndication.akamaized.net/bpk-tv/CNBC_TV18_NW18_MOB/output01/CNBC_TV18_NW18_MOB-audio_98835_hin=98800-video=1272000.m3u8,"180p; 360p; 540p; 720p; 1080p; Exact name plus 576/576p/SD/720/720p/M3U/M3U8/HLS across current candidates, IPTV indexes, GitHub repositories/code search, broadcaster pages, regional lists, public stream directories, alternate feeds, and master-manifest renditions",Public HLS master manifests already referenced by curation/channels.json,Stable 720p rendition from the selected HLS master; media playlist and first media object responded twice.,
Cricket Gold,Sports,1080p,720p,https://d382r3rgbxdixq.cloudfront.net/scheduler/scheduleMaster/418.m3u8,https://d382r3rgbxdixq.cloudfront.net/scheduler/scheduleMaster/418/variant/22100031.m3u8,"432p; 540p; 720p; 1080p; Exact name plus 576/576p/SD/720/720p/M3U/M3U8/HLS across current candidates, IPTV indexes, GitHub repositories/code search, broadcaster pages, regional lists, public stream directories, alternate feeds, and master-manifest renditions",Public HLS master manifests already referenced by curation/channels.json,Stable 720p rendition from the selected HLS master; media playlist and first media object responded twice.,
Curiosity NOW,Documentary,1080p,720p,https://amg00170-amg00170c4-samsung-gb-4232.playouts.now.amagi.tv/playlist.m3u8,https://amg00170-amg00170c4-samsung-gb-4232.playouts.now.amagi.tv/720p-vtt/index.m3u8,"360p; 480p; 720p; 1080p; Exact name plus 576/576p/SD/720/720p/M3U/M3U8/HLS across current candidates, IPTV indexes, GitHub repositories/code search, broadcaster pages, regional lists, public stream directories, alternate feeds, and master-manifest renditions",Public HLS master manifests already referenced by curation/channels.json,Stable 720p rendition from the selected HLS master; media playlist and first media object responded twice.,
Discover Pakistan,Pakistan,1080p,720p,https://livecdn.live247stream.com/discoverpakistan/web/playlist.m3u8,https://livecdn.live247stream.com/discoverpakistan/web/discoverpakistan/stream2/chunks.m3u8,"360p; 720p; 1080p; Exact name plus 576/576p/SD/720/720p/M3U/M3U8/HLS across current candidates, IPTV indexes, GitHub repositories/code search, broadcaster pages, regional lists, public stream directories, alternate feeds, and master-manifest renditions",Public HLS master manifests already referenced by curation/channels.json,Stable 720p rendition from the selected HLS master; media playlist and first media object responded twice.,
Documentary+,Documentary,1080p,576p,https://d1kx9y4yhe8h6h.cloudfront.net/playlist.m3u8,https://d1kx9y4yhe8h6h.cloudfront.net/playlist_1024x576.m3u8,"216p; 360p; 576p; 720p; 1080p; Exact name plus 576/576p/SD/720/720p/M3U/M3U8/HLS across current candidates, IPTV indexes, GitHub repositories/code search, broadcaster pages, regional lists, public stream directories, alternate feeds, and master-manifest renditions",Public HLS master manifests already referenced by curation/channels.json,Stable 576p rendition from the selected HLS master; media playlist and first media object responded twice.,
Docurama,Documentary,1080p,1080p,https://docurama-tcl.amagi.tv/playlist.m3u8,https://docurama-tcl.amagi.tv/playlist.m3u8,"1080p; Exact name plus 576/576p/SD/720/720p/M3U/M3U8/HLS across current candidates, IPTV indexes, GitHub repositories/code search, broadcaster pages, regional lists, public stream directories, alternate feeds, and master-manifest renditions","https://iptv-org.github.io/api/streams.json; https://iptv-org.github.io/iptv/index.m3u; https://raw.githubusercontent.com/Free-TV/IPTV/master/playlist.m3u8; GitHub code search and public IPTV repositories; Broadcaster websites and live pages; Public FAST distributions on Rakuten, Xumo, Tubi, Pluto, Samsung TV Plus, Plex, Amagi, Wurl, and Ottera; Web search for exact names, spelling variants, regional feeds, SD/576/720 editions, HLS, and M3U8 references",,No stable responding 576p or 720p rendition with acceptable provenance survived the focused review; the important/current 1080p channel was retained.
DraftKings Network,Sports,1080p,720p,https://d2obyvq5go60aw.cloudfront.net/DraftKings_Network.m3u8,https://d2obyvq5go60aw.cloudfront.net/DraftKings_Network720P.m3u8,"360p; 540p; 720p; 1080p; Exact name plus 576/576p/SD/720/720p/M3U/M3U8/HLS across current candidates, IPTV indexes, GitHub repositories/code search, broadcaster pages, regional lists, public stream directories, alternate feeds, and master-manifest renditions",Public HLS master manifests already referenced by curation/channels.json,Stable 720p rendition from the selected HLS master; media playlist and first media object responded twice.,
DUST,Movies,1080p,576p,https://dqi7ayt2o24fn.cloudfront.net/playlist.m3u8,https://dqi7ayt2o24fn.cloudfront.net/playlist_1024x576.m3u8,"216p; 360p; 576p; 720p; 1080p; Exact name plus 576/576p/SD/720/720p/M3U/M3U8/HLS across current candidates, IPTV indexes, GitHub repositories/code search, broadcaster pages, regional lists, public stream directories, alternate feeds, and master-manifest renditions",Public HLS master manifests already referenced by curation/channels.json,Stable 576p rendition from the selected HLS master; media playlist and first media object responded twice.,
DW Arabic,News,1080p,1080p,https://dwamdstream103.akamaized.net/hls/live/2015526/dwstream103/master.m3u8,https://dwamdstream103.akamaized.net/hls/live/2015526/dwstream103/master.m3u8,"1080p; Exact name plus 576/576p/SD/720/720p/M3U/M3U8/HLS across current candidates, IPTV indexes, GitHub repositories/code search, broadcaster pages, regional lists, public stream directories, alternate feeds, and master-manifest renditions","https://iptv-org.github.io/api/streams.json; https://iptv-org.github.io/iptv/index.m3u; https://raw.githubusercontent.com/Free-TV/IPTV/master/playlist.m3u8; GitHub code search and public IPTV repositories; Broadcaster websites and live pages; Public FAST distributions on Rakuten, Xumo, Tubi, Pluto, Samsung TV Plus, Plex, Amagi, Wurl, and Ottera; Web search for exact names, spelling variants, regional feeds, SD/576/720 editions, HLS, and M3U8 references",,No stable responding 576p or 720p rendition with acceptable provenance survived the focused review; the important/current 1080p channel was retained.
DW English,News,1080p,1080p,https://amg01644-amg01644c1-amgplt0343.playout.now3.amagi.tv/ts-eu-w1-n2/playlist/amg01644-amg01644c1-amgplt0343/playlist.m3u8,https://amg01644-amg01644c1-amgplt0343.playout.now3.amagi.tv/ts-eu-w1-n2/playlist/amg01644-amg01644c1-amgplt0343/playlist.m3u8,"1080p; Exact name plus 576/576p/SD/720/720p/M3U/M3U8/HLS across current candidates, IPTV indexes, GitHub repositories/code search, broadcaster pages, regional lists, public stream directories, alternate feeds, and master-manifest renditions","https://iptv-org.github.io/api/streams.json; https://iptv-org.github.io/iptv/index.m3u; https://raw.githubusercontent.com/Free-TV/IPTV/master/playlist.m3u8; GitHub code search and public IPTV repositories; Broadcaster websites and live pages; Public FAST distributions on Rakuten, Xumo, Tubi, Pluto, Samsung TV Plus, Plex, Amagi, Wurl, and Ottera; Web search for exact names, spelling variants, regional feeds, SD/576/720 editions, HLS, and M3U8 references",,No stable responding 576p or 720p rendition with acceptable provenance survived the focused review; the important/current 1080p channel was retained.
Ebony TV by Lionsgate,Movies,1080p,720p,https://aegis-cloudfront-1.tubi.video/a0ad4b53-ab3a-48dd-be12-bc7f533c372c/playlist.m3u8,https://aegis-cloudfront-1.tubi.video/a0ad4b53-ab3a-48dd-be12-bc7f533c372c/720p-cc/index.m3u8,"240p; 360p; 480p; 720p; 1080p; Exact name plus 576/576p/SD/720/720p/M3U/M3U8/HLS across current candidates, IPTV indexes, GitHub repositories/code search, broadcaster pages, regional lists, public stream directories, alternate feeds, and master-manifest renditions",Public HLS master manifests already referenced by curation/channels.json,Stable 720p rendition from the selected HLS master; media playlist and first media object responded twice.,
El-Heddaf TV,Sports,1080p,1080p,https://live.elheddaftv.com:8081/elheddaftv/index.m3u8,https://live.elheddaftv.com:8081/elheddaftv/index.m3u8,"1080p; Exact name plus 576/576p/SD/720/720p/M3U/M3U8/HLS across current candidates, IPTV indexes, GitHub repositories/code search, broadcaster pages, regional lists, public stream directories, alternate feeds, and master-manifest renditions","https://iptv-org.github.io/api/streams.json; https://iptv-org.github.io/iptv/index.m3u; https://raw.githubusercontent.com/Free-TV/IPTV/master/playlist.m3u8; GitHub code search and public IPTV repositories; Broadcaster websites and live pages; Public FAST distributions on Rakuten, Xumo, Tubi, Pluto, Samsung TV Plus, Plex, Amagi, Wurl, and Ottera; Web search for exact names, spelling variants, regional feeds, SD/576/720 editions, HLS, and M3U8 references",,No stable responding 576p or 720p rendition with acceptable provenance survived the focused review; the important/current 1080p channel was retained.
Epic Kids,India,1080p,1080p,https://cc-t8lqe1o99pszu.akamaized.net/v1/master/3722c60a815c199d9c0ef36c5b73da68a62b09d1/cc-t8lqe1o99pszu/playlist.m3u8,https://cc-t8lqe1o99pszu.akamaized.net/v1/master/3722c60a815c199d9c0ef36c5b73da68a62b09d1/cc-t8lqe1o99pszu/playlist.m3u8,"1080p; Exact name plus 576/576p/SD/720/720p/M3U/M3U8/HLS across current candidates, IPTV indexes, GitHub repositories/code search, broadcaster pages, regional lists, public stream directories, alternate feeds, and master-manifest renditions","https://iptv-org.github.io/api/streams.json; https://iptv-org.github.io/iptv/index.m3u; https://raw.githubusercontent.com/Free-TV/IPTV/master/playlist.m3u8; GitHub code search and public IPTV repositories; Broadcaster websites and live pages; Public FAST distributions on Rakuten, Xumo, Tubi, Pluto, Samsung TV Plus, Plex, Amagi, Wurl, and Ottera; Web search for exact names, spelling variants, regional feeds, SD/576/720 editions, HLS, and M3U8 references",,No stable responding 576p or 720p rendition with acceptable provenance survived the focused review; the important/current 1080p channel was retained.
Epic TV,India,1080p,1080p,https://cc-czbq30x55knit.akamaized.net/v1/master/3722c60a815c199d9c0ef36c5b73da68a62b09d1/cc-czbq30x55knit/DIYC/PMSL/IN10/Epic_TV_IN_B/Epic_TV_IN_B.m3u8,https://cc-czbq30x55knit.akamaized.net/v1/master/3722c60a815c199d9c0ef36c5b73da68a62b09d1/cc-czbq30x55knit/DIYC/PMSL/IN10/Epic_TV_IN_B/Epic_TV_IN_B.m3u8,"1080p; Exact name plus 576/576p/SD/720/720p/M3U/M3U8/HLS across current candidates, IPTV indexes, GitHub repositories/code search, broadcaster pages, regional lists, public stream directories, alternate feeds, and master-manifest renditions","https://iptv-org.github.io/api/streams.json; https://iptv-org.github.io/iptv/index.m3u; https://raw.githubusercontent.com/Free-TV/IPTV/master/playlist.m3u8; GitHub code search and public IPTV repositories; Broadcaster websites and live pages; Public FAST distributions on Rakuten, Xumo, Tubi, Pluto, Samsung TV Plus, Plex, Amagi, Wurl, and Ottera; Web search for exact names, spelling variants, regional feeds, SD/576/720 editions, HLS, and M3U8 references",,No stable responding 576p or 720p rendition with acceptable provenance survived the focused review; the important/current 1080p channel was retained.
ESPN8: The Ocho,Sports,1080p,720p,https://d3b6q2ou5kp8ke.cloudfront.net/ESPNTheOcho.m3u8,https://d3b6q2ou5kp8ke.cloudfront.net/ESPNTheOcho_1.m3u8,"360p; 540p; 720p; 1080p; Exact name plus 576/576p/SD/720/720p/M3U/M3U8/HLS across current candidates, IPTV indexes, GitHub repositories/code search, broadcaster pages, regional lists, public stream directories, alternate feeds, and master-manifest renditions",Public HLS master manifests already referenced by curation/channels.json,Stable 720p rendition from the selected HLS master; media playlist and first media object responded twice.,
F1 Channel,Sports,1080p,720p,https://amg12058-c15studio-amg12058c1-lg-us-5787.playouts.now.amagi.tv/playlist.m3u8,https://amg12058-c15studio-amg12058c1-lg-us-5787.playouts.now.amagi.tv/playlist720p.m3u8,"360p; 480p; 720p; 1080p; Exact name plus 576/576p/SD/720/720p/M3U/M3U8/HLS across current candidates, IPTV indexes, GitHub repositories/code search, broadcaster pages, regional lists, public stream directories, alternate feeds, and master-manifest renditions",Public HLS master manifests already referenced by curation/channels.json,Stable 720p rendition from the selected HLS master; media playlist and first media object responded twice.,
FashionTV Europe,Lifestyle,1080p,1080p,https://68f1accef2154d2195cae87dec183843.mediatailor.us-east-1.amazonaws.com/v1/master/44f73ba4d03e9607dcd9bebdcb8494d86964f1d8/RakutenTV-eu_FashionTV/playlist.m3u8,https://68f1accef2154d2195cae87dec183843.mediatailor.us-east-1.amazonaws.com/v1/master/44f73ba4d03e9607dcd9bebdcb8494d86964f1d8/RakutenTV-eu_FashionTV/playlist.m3u8,"1080p; unknown; Exact name plus 576/576p/SD/720/720p/M3U/M3U8/HLS across current candidates, IPTV indexes, GitHub repositories/code search, broadcaster pages, regional lists, public stream directories, alternate feeds, and master-manifest renditions","https://iptv-org.github.io/api/streams.json; https://iptv-org.github.io/iptv/index.m3u; https://raw.githubusercontent.com/Free-TV/IPTV/master/playlist.m3u8; GitHub code search and public IPTV repositories; Broadcaster websites and live pages; Public FAST distributions on Rakuten, Xumo, Tubi, Pluto, Samsung TV Plus, Plex, Amagi, Wurl, and Ottera; Web search for exact names, spelling variants, regional feeds, SD/576/720 editions, HLS, and M3U8 references",,No stable responding 576p or 720p rendition with acceptable provenance survived the focused review; the important/current 1080p channel was retained.
FloHockey,Sports,1080p,720p,https://amg02278-amg02278c2-flosports-worldwide-9916.playouts.now.amagi.tv/playlist.m3u8,https://amg02278-amg02278c2-flosports-worldwide-9916.playouts.now.amagi.tv/720p-cc/index.m3u8,"240p; 360p; 480p; 720p; 1080p; Exact name plus 576/576p/SD/720/720p/M3U/M3U8/HLS across current candidates, IPTV indexes, GitHub repositories/code search, broadcaster pages, regional lists, public stream directories, alternate feeds, and master-manifest renditions",Public HLS master manifests already referenced by curation/channels.json,Stable 720p rendition from the selected HLS master; media playlist and first media object responded twice.,
FloRacing,Sports,1080p,720p,https://amg02278-amg02278c1-flosports-worldwide-7592.playouts.now.amagi.tv/playlist.m3u8,https://amg02278-amg02278c1-flosports-worldwide-7592.playouts.now.amagi.tv/720p-cc/index.m3u8,"240p; 360p; 480p; 720p; 1080p; Exact name plus 576/576p/SD/720/720p/M3U/M3U8/HLS across current candidates, IPTV indexes, GitHub repositories/code search, broadcaster pages, regional lists, public stream directories, alternate feeds, and master-manifest renditions",Public HLS master manifests already referenced by curation/channels.json,Stable 720p rendition from the selected HLS master; media playlist and first media object responded twice.,
FUEL TV,Sports,1080p,720p,https://amg01074-fueltv-amg01074c1-stirr-us-4214.playouts.now.amagi.tv/playlist.m3u8,https://amg01074-fueltv-amg01074c1-stirr-us-4214.playouts.now.amagi.tv/playlist720.m3u8,"240p; 360p; 480p; 720p; 1080p; Exact name plus 576/576p/SD/720/720p/M3U/M3U8/HLS across current candidates, IPTV indexes, GitHub repositories/code search, broadcaster pages, regional lists, public stream directories, alternate feeds, and master-manifest renditions",Public HLS master manifests already referenced by curation/channels.json,Stable 720p rendition from the selected HLS master; media playlist and first media object responded twice.,
Gravitas Movies,Movies,1080p,720p,https://d6dg3ebeih71x.cloudfront.net/Gravitas_Movies.m3u8,https://d6dg3ebeih71x.cloudfront.net/Gravitas_Movies720p.m3u8,"360p; 480p; 720p; 1080p; Exact name plus 576/576p/SD/720/720p/M3U/M3U8/HLS across current candidates, IPTV indexes, GitHub repositories/code search, broadcaster pages, regional lists, public stream directories, alternate feeds, and master-manifest renditions",Public HLS master manifests already referenced by curation/channels.json,Stable 720p rendition from the selected HLS master; media playlist and first media object responded twice.,
GREAT! movies,Movies,1080p,1080p,https://amg01753-narrativeentert-greatmovies-samsunguk-7z6eh.amagi.tv/playlist/amg01753-narrativeentert-greatmovies-samsunguk/playlist.m3u8,https://amg01753-narrativeentert-greatmovies-samsunguk-7z6eh.amagi.tv/playlist/amg01753-narrativeentert-greatmovies-samsunguk/playlist.m3u8,"1080p; Exact name plus 576/576p/SD/720/720p/M3U/M3U8/HLS across current candidates, IPTV indexes, GitHub repositories/code search, broadcaster pages, regional lists, public stream directories, alternate feeds, and master-manifest renditions","https://iptv-org.github.io/api/streams.json; https://iptv-org.github.io/iptv/index.m3u; https://raw.githubusercontent.com/Free-TV/IPTV/master/playlist.m3u8; GitHub code search and public IPTV repositories; Broadcaster websites and live pages; Public FAST distributions on Rakuten, Xumo, Tubi, Pluto, Samsung TV Plus, Plex, Amagi, Wurl, and Ottera; Web search for exact names, spelling variants, regional feeds, SD/576/720 editions, HLS, and M3U8 references",,No stable responding 576p or 720p rendition with acceptable provenance survived the focused review; the important/current 1080p channel was retained.
GREAT! romance,Movies,1080p,1080p,https://amg01753-narrativeentert-greatchristmas-samsunguk-8atls.amagi.tv/playlist/amg01753-narrativeentert-greatchristmas-samsunguk/playlist.m3u8,https://amg01753-narrativeentert-greatchristmas-samsunguk-8atls.amagi.tv/playlist/amg01753-narrativeentert-greatchristmas-samsunguk/playlist.m3u8,"1080p; Exact name plus 576/576p/SD/720/720p/M3U/M3U8/HLS across current candidates, IPTV indexes, GitHub repositories/code search, broadcaster pages, regional lists, public stream directories, alternate feeds, and master-manifest renditions","https://iptv-org.github.io/api/streams.json; https://iptv-org.github.io/iptv/index.m3u; https://raw.githubusercontent.com/Free-TV/IPTV/master/playlist.m3u8; GitHub code search and public IPTV repositories; Broadcaster websites and live pages; Public FAST distributions on Rakuten, Xumo, Tubi, Pluto, Samsung TV Plus, Plex, Amagi, Wurl, and Ottera; Web search for exact names, spelling variants, regional feeds, SD/576/720 editions, HLS, and M3U8 references",,No stable responding 576p or 720p rendition with acceptable provenance survived the focused review; the important/current 1080p channel was retained.
HappyKids,Kids,1080p,720p,https://dil9xdvretp0f.cloudfront.net/index.m3u8,https://dil9xdvretp0f.cloudfront.net/index/2.m3u8,"216p; 288p; 404p; 720p; 1080p; Exact name plus 576/576p/SD/720/720p/M3U/M3U8/HLS across current candidates, IPTV indexes, GitHub repositories/code search, broadcaster pages, regional lists, public stream directories, alternate feeds, and master-manifest renditions",Public HLS master manifests already referenced by curation/channels.json,Stable 720p rendition from the selected HLS master; media playlist and first media object responded twice.,
Hard Knocks,Sports,1080p,720p,https://d3uyzhwvmemdyf.cloudfront.net/v1/master/9d062541f2ff39b5c0f48b743c6411d25f62fc25/Hard-Knocks-DistroTV/109.m3u8?ads.vf=6pOF6kgy418,https://d3uyzhwvmemdyf.cloudfront.net/v1/manifest/9d062541f2ff39b5c0f48b743c6411d25f62fc25/HardKnocks-PLEX/89071953-b65b-4444-bb84-33e74c7762c8/1.m3u8,"1080p; Exact name plus 576/576p/SD/720/720p/M3U/M3U8/HLS across current candidates, IPTV indexes, GitHub repositories/code search, broadcaster pages, regional lists, public stream directories, alternate feeds, and master-manifest renditions",https://iptv-org.github.io/api/streams.json,Repeated 404 on the original; replacement manifest and media object verified by the 2026-10-08 health run.,
Hasbro Legends,Kids,1080p,1080p,https://amg02713-amg02713c11-amgplt0852.playout.now3.amagi.tv/ts-us-e2-n2/playlist/amg02713-amg02713c11-amgplt0852/playlist.m3u8,https://amg02713-amg02713c11-amgplt0852.playout.now3.amagi.tv/ts-us-e2-n2/playlist/amg02713-amg02713c11-amgplt0852/playlist.m3u8,"1080p; Exact name plus 576/576p/SD/720/720p/M3U/M3U8/HLS across current candidates, IPTV indexes, GitHub repositories/code search, broadcaster pages, regional lists, public stream directories, alternate feeds, and master-manifest renditions","https://iptv-org.github.io/api/streams.json; https://iptv-org.github.io/iptv/index.m3u; https://raw.githubusercontent.com/Free-TV/IPTV/master/playlist.m3u8; GitHub code search and public IPTV repositories; Broadcaster websites and live pages; Public FAST distributions on Rakuten, Xumo, Tubi, Pluto, Samsung TV Plus, Plex, Amagi, Wurl, and Ottera; Web search for exact names, spelling variants, regional feeds, SD/576/720 editions, HLS, and M3U8 references",,No stable responding 576p or 720p rendition with acceptable provenance survived the focused review; the important/current 1080p channel was retained.
History TV18,Documentary,1080p,1080p,https://amg01448-amg01448c16-samsung-in-3495.playouts.now.amagi.tv/playlist/amg01448-samsungindia-historychannelenglish-samsungin/playlist.m3u8,https://amg01448-amg01448c16-samsung-in-3495.playouts.now.amagi.tv/playlist/amg01448-samsungindia-historychannelenglish-samsungin/playlist.m3u8,"1080p; Exact name plus 576/576p/SD/720/720p/M3U/M3U8/HLS across current candidates, IPTV indexes, GitHub repositories/code search, broadcaster pages, regional lists, public stream directories, alternate feeds, and master-manifest renditions","https://iptv-org.github.io/api/streams.json; https://iptv-org.github.io/iptv/index.m3u; https://raw.githubusercontent.com/Free-TV/IPTV/master/playlist.m3u8; GitHub code search and public IPTV repositories; Broadcaster websites and live pages; Public FAST distributions on Rakuten, Xumo, Tubi, Pluto, Samsung TV Plus, Plex, Amagi, Wurl, and Ottera; Web search for exact names, spelling variants, regional feeds, SD/576/720 editions, HLS, and M3U8 references",,No stable responding 576p or 720p rendition with acceptable provenance survived the focused review; the important/current 1080p channel was retained.
INFAST,Lifestyle,1080p,720p,https://amg00861-amg00861c11-rlaxx-uk-3950.playouts.now.amagi.tv/playlist.m3u8,https://amg00861-amg00861c11-rlaxx-uk-3950.playouts.now.amagi.tv/playlist720p.m3u8,"360p; 540p; 720p; 1080p; Exact name plus 576/576p/SD/720/720p/M3U/M3U8/HLS across current candidates, IPTV indexes, GitHub repositories/code search, broadcaster pages, regional lists, public stream directories, alternate feeds, and master-manifest renditions",Public HLS master manifests already referenced by curation/channels.json,Stable 720p rendition from the selected HLS master; media playlist and first media object responded twice.,
InTrouble,Sports,1080p,720p,https://amg00861-amg00861c6-stirr-us-8229.playouts.now.amagi.tv/playlist.m3u8,https://amg00861-amg00861c6-stirr-us-8229.playouts.now.amagi.tv/playlist720-p.m3u8,"360p; 540p; 720p; 1080p; Exact name plus 576/576p/SD/720/720p/M3U/M3U8/HLS across current candidates, IPTV indexes, GitHub repositories/code search, broadcaster pages, regional lists, public stream directories, alternate feeds, and master-manifest renditions",Public HLS master manifests already referenced by curation/channels.json,Stable 720p rendition from the selected HLS master; media playlist and first media object responded twice.,
ION TV,Entertainment,1080p,1080p,https://pb-xhb3ic8b61whm.akamaized.net/Ion_US.m3u8,https://pb-xhb3ic8b61whm.akamaized.net/Ion_US.m3u8,"1080p; Exact name plus 576/576p/SD/720/720p/M3U/M3U8/HLS across current candidates, IPTV indexes, GitHub repositories/code search, broadcaster pages, regional lists, public stream directories, alternate feeds, and master-manifest renditions","https://iptv-org.github.io/api/streams.json; https://iptv-org.github.io/iptv/index.m3u; https://raw.githubusercontent.com/Free-TV/IPTV/master/playlist.m3u8; GitHub code search and public IPTV repositories; Broadcaster websites and live pages; Public FAST distributions on Rakuten, Xumo, Tubi, Pluto, Samsung TV Plus, Plex, Amagi, Wurl, and Ottera; Web search for exact names, spelling variants, regional feeds, SD/576/720 editions, HLS, and M3U8 references",,No stable responding 576p or 720p rendition with acceptable provenance survived the focused review; the important/current 1080p channel was retained.
Jordan Sport,Sports,1080p,1080p,https://jrtv-live.ercdn.net/jordansporthd/jordansporthd.m3u8,https://jrtv-live.ercdn.net/jordansporthd/jordansporthd.m3u8,"1080p; Exact name plus 576/576p/SD/720/720p/M3U/M3U8/HLS across current candidates, IPTV indexes, GitHub repositories/code search, broadcaster pages, regional lists, public stream directories, alternate feeds, and master-manifest renditions","https://iptv-org.github.io/api/streams.json; https://iptv-org.github.io/iptv/index.m3u; https://raw.githubusercontent.com/Free-TV/IPTV/master/playlist.m3u8; GitHub code search and public IPTV repositories; Broadcaster websites and live pages; Public FAST distributions on Rakuten, Xumo, Tubi, Pluto, Samsung TV Plus, Plex, Amagi, Wurl, and Ottera; Web search for exact names, spelling variants, regional feeds, SD/576/720 editions, HLS, and M3U8 references",,No stable responding 576p or 720p rendition with acceptable provenance survived the focused review; the important/current 1080p channel was retained.
Jordan TV,Entertainment,1080p,1080p,https://jrtv-live.ercdn.net/jordanhd/jordanhd.m3u8,https://jrtv-live.ercdn.net/jordanhd/jordanhd.m3u8,"1080p; Exact name plus 576/576p/SD/720/720p/M3U/M3U8/HLS across current candidates, IPTV indexes, GitHub repositories/code search, broadcaster pages, regional lists, public stream directories, alternate feeds, and master-manifest renditions","https://iptv-org.github.io/api/streams.json; https://iptv-org.github.io/iptv/index.m3u; https://raw.githubusercontent.com/Free-TV/IPTV/master/playlist.m3u8; GitHub code search and public IPTV repositories; Broadcaster websites and live pages; Public FAST distributions on Rakuten, Xumo, Tubi, Pluto, Samsung TV Plus, Plex, Amagi, Wurl, and Ottera; Web search for exact names, spelling variants, regional feeds, SD/576/720 editions, HLS, and M3U8 references",,No stable responding 576p or 720p rendition with acceptable provenance survived the focused review; the important/current 1080p channel was retained.
Kidoodle.TV,Kids,1080p,1080p,https://amg07653-apmc-amg07653c9-samsung-us-8740.playouts.now.amagi.tv/playlist.m3u8,https://amg07653-apmc-amg07653c9-samsung-us-8740.playouts.now.amagi.tv/playlist.m3u8,"1080p; Exact name plus 576/576p/SD/720/720p/M3U/M3U8/HLS across current candidates, IPTV indexes, GitHub repositories/code search, broadcaster pages, regional lists, public stream directories, alternate feeds, and master-manifest renditions","https://iptv-org.github.io/api/streams.json; https://iptv-org.github.io/iptv/index.m3u; https://raw.githubusercontent.com/Free-TV/IPTV/master/playlist.m3u8; GitHub code search and public IPTV repositories; Broadcaster websites and live pages; Public FAST distributions on Rakuten, Xumo, Tubi, Pluto, Samsung TV Plus, Plex, Amagi, Wurl, and Ottera; Web search for exact names, spelling variants, regional feeds, SD/576/720 editions, HLS, and M3U8 references",,No stable responding 576p or 720p rendition with acceptable provenance survived the focused review; the important/current 1080p channel was retained.
KidsFlix,Kids,1080p,1080p,https://stream-us-east-1.getpublica.com/playlist.m3u8?network_id=50,https://stream-us-east-1.getpublica.com/playlist.m3u8?network_id=50,"1080p; Exact name plus 576/576p/SD/720/720p/M3U/M3U8/HLS across current candidates, IPTV indexes, GitHub repositories/code search, broadcaster pages, regional lists, public stream directories, alternate feeds, and master-manifest renditions","https://iptv-org.github.io/api/streams.json; https://iptv-org.github.io/iptv/index.m3u; https://raw.githubusercontent.com/Free-TV/IPTV/master/playlist.m3u8; GitHub code search and public IPTV repositories; Broadcaster websites and live pages; Public FAST distributions on Rakuten, Xumo, Tubi, Pluto, Samsung TV Plus, Plex, Amagi, Wurl, and Ottera; Web search for exact names, spelling variants, regional feeds, SD/576/720 editions, HLS, and M3U8 references",,No stable responding 576p or 720p rendition with acceptable provenance survived the focused review; the important/current 1080p channel was retained.
Kozoom TV,Sports,1080p,1080p,https://streams2.sofast.tv/v1/master/611d79b11b77e2f571934fd80ca1413453772ac7/fdd6f243-f971-4a1a-9510-97ac01d6b37f/manifest.m3u8,https://streams2.sofast.tv/v1/master/611d79b11b77e2f571934fd80ca1413453772ac7/fdd6f243-f971-4a1a-9510-97ac01d6b37f/manifest.m3u8,"1080p; Exact name plus 576/576p/SD/720/720p/M3U/M3U8/HLS across current candidates, IPTV indexes, GitHub repositories/code search, broadcaster pages, regional lists, public stream directories, alternate feeds, and master-manifest renditions","https://iptv-org.github.io/api/streams.json; https://iptv-org.github.io/iptv/index.m3u; https://raw.githubusercontent.com/Free-TV/IPTV/master/playlist.m3u8; GitHub code search and public IPTV repositories; Broadcaster websites and live pages; Public FAST distributions on Rakuten, Xumo, Tubi, Pluto, Samsung TV Plus, Plex, Amagi, Wurl, and Ottera; Web search for exact names, spelling variants, regional feeds, SD/576/720 editions, HLS, and M3U8 references",,No stable responding 576p or 720p rendition with acceptable provenance survived the focused review; the important/current 1080p channel was retained.
KTV Arabe,Entertainment,1080p,720p,https://kwtktvata.cdn.mangomolo.com/ktva/smil:tktva.stream.smil/chunklist.m3u8,https://kwtktvata.cdn.mangomolo.com/ktva/smil:tktva.stream.smil/chunklist_b1600000_t64NzIwcA==.m3u8,"240p; 360p; 720p; 1080p; Exact name plus 576/576p/SD/720/720p/M3U/M3U8/HLS across current candidates, IPTV indexes, GitHub repositories/code search, broadcaster pages, regional lists, public stream directories, alternate feeds, and master-manifest renditions",Public HLS master manifests already referenced by curation/channels.json,Stable 720p rendition from the selected HLS master; media playlist and first media object responded twice.,
KTV Sport,Sports,1080p,720p,https://kwtspta.cdn.mangomolo.com/sp/smil:sp.stream.smil/chunklist.m3u8,https://kwtspta.cdn.mangomolo.com/sp/smil:sp.stream.smil/chunklist_b2500000_t64NzIwcA==.m3u8,"240p; 360p; 720p; 1080p; Exact name plus 576/576p/SD/720/720p/M3U/M3U8/HLS across current candidates, IPTV indexes, GitHub repositories/code search, broadcaster pages, regional lists, public stream directories, alternate feeds, and master-manifest renditions",Public HLS master manifests already referenced by curation/channels.json,Stable 720p rendition from the selected HLS master; media playlist and first media object responded twice.,
KTV Sport Plus,Sports,1080p,720p,https://kwtsplta.cdn.mangomolo.com/spl/smil:spl.stream.smil/chunklist.m3u8,https://kwtsplta.cdn.mangomolo.com/spl/smil:spl.stream.smil/chunklist_b3500000_t64NzIwcA==.m3u8,"240p; 360p; 720p; 1080p; Exact name plus 576/576p/SD/720/720p/M3U/M3U8/HLS across current candidates, IPTV indexes, GitHub repositories/code search, broadcaster pages, regional lists, public stream directories, alternate feeds, and master-manifest renditions",Public HLS master manifests already referenced by curation/channels.json,Stable 720p rendition from the selected HLS master; media playlist and first media object responded twice.,
Lego Channel,Kids,1080p,720p,https://dh18i7whff86v.cloudfront.net/index.m3u8,https://dh18i7whff86v.cloudfront.net/2.m3u8,"216p; 288p; 404p; 720p; 1080p; Exact name plus 576/576p/SD/720/720p/M3U/M3U8/HLS across current candidates, IPTV indexes, GitHub repositories/code search, broadcaster pages, regional lists, public stream directories, alternate feeds, and master-manifest renditions",Public HLS master manifests already referenced by curation/channels.json,Stable 720p rendition from the selected HLS master; media playlist and first media object responded twice.,
Love The Planet,Documentary,1080p,1080p,https://amg01821-lovetvchannels-lovetheplanetuksamsung-samsunguk-apopw.amagi.tv/playlist/amg01821-lovetvchannels-lovetheplanetuksamsung-samsunguk/playlist.m3u8,https://amg01821-lovetvchannels-lovetheplanetuksamsung-samsunguk-apopw.amagi.tv/playlist/amg01821-lovetvchannels-lovetheplanetuksamsung-samsunguk/playlist.m3u8,"1080p; Exact name plus 576/576p/SD/720/720p/M3U/M3U8/HLS across current candidates, IPTV indexes, GitHub repositories/code search, broadcaster pages, regional lists, public stream directories, alternate feeds, and master-manifest renditions","https://iptv-org.github.io/api/streams.json; https://iptv-org.github.io/iptv/index.m3u; https://raw.githubusercontent.com/Free-TV/IPTV/master/playlist.m3u8; GitHub code search and public IPTV repositories; Broadcaster websites and live pages; Public FAST distributions on Rakuten, Xumo, Tubi, Pluto, Samsung TV Plus, Plex, Amagi, Wurl, and Ottera; Web search for exact names, spelling variants, regional feeds, SD/576/720 editions, HLS, and M3U8 references",,No stable responding 576p or 720p rendition with acceptable provenance survived the focused review; the important/current 1080p channel was retained.
M Sports,Sports,1080p,1080p,https://cdn.rabta.stream/M-Sports/index.m3u8,https://cdn.rabta.stream/M-Sports/index.m3u8,"1080p; unknown; Exact name plus 576/576p/SD/720/720p/M3U/M3U8/HLS across current candidates, IPTV indexes, GitHub repositories/code search, broadcaster pages, regional lists, public stream directories, alternate feeds, and master-manifest renditions","https://iptv-org.github.io/api/streams.json; https://iptv-org.github.io/iptv/index.m3u; https://raw.githubusercontent.com/Free-TV/IPTV/master/playlist.m3u8; GitHub code search and public IPTV repositories; Broadcaster websites and live pages; Public FAST distributions on Rakuten, Xumo, Tubi, Pluto, Samsung TV Plus, Plex, Amagi, Wurl, and Ottera; Web search for exact names, spelling variants, regional feeds, SD/576/720 editions, HLS, and M3U8 references",,No stable responding 576p or 720p rendition with acceptable provenance survived the focused review; the important/current 1080p channel was retained.
MagellanTV Now,Documentary,1080p,1080p,https://amg00376-magellan-amg00376c5-samsung-au-1708.playouts.now.amagi.tv/playlist/amg00376-magellantv-magellantvnowww-samsungau/playlist.m3u8,https://amg00376-magellan-amg00376c5-samsung-au-1708.playouts.now.amagi.tv/playlist/amg00376-magellantv-magellantvnowww-samsungau/playlist.m3u8,"1080p; Exact name plus 576/576p/SD/720/720p/M3U/M3U8/HLS across current candidates, IPTV indexes, GitHub repositories/code search, broadcaster pages, regional lists, public stream directories, alternate feeds, and master-manifest renditions","https://iptv-org.github.io/api/streams.json; https://iptv-org.github.io/iptv/index.m3u; https://raw.githubusercontent.com/Free-TV/IPTV/master/playlist.m3u8; GitHub code search and public IPTV repositories; Broadcaster websites and live pages; Public FAST distributions on Rakuten, Xumo, Tubi, Pluto, Samsung TV Plus, Plex, Amagi, Wurl, and Ottera; Web search for exact names, spelling variants, regional feeds, SD/576/720 editions, HLS, and M3U8 references",,No stable responding 576p or 720p rendition with acceptable provenance survived the focused review; the important/current 1080p channel was retained.
MBC 1,Entertainment,1080p,576p,https://shd-gcp-live.edgenextcdn.net/live/bitmovin-mbc-1/15cf99af5de54063fdabfefe66adc075/index.m3u8,https://shd-gcp-live.edgenextcdn.net/live/bitmovin-mbc-1/15cf99af5de54063fdabfefe66adc075/manifest/video/576p1200kbps/video.m3u8,"288p; 360p; 468p; 576p; 720p; 1080p; Exact name plus 576/576p/SD/720/720p/M3U/M3U8/HLS across current candidates, IPTV indexes, GitHub repositories/code search, broadcaster pages, regional lists, public stream directories, alternate feeds, and master-manifest renditions",Public HLS master manifests already referenced by curation/channels.json,Stable 576p rendition from the selected HLS master; media playlist and first media object responded twice.,
MBC 3 USA,Kids,1080p,576p,https://shd-gcp-live.edgenextcdn.net/live/bitmovin-mbc-3-usa/5d58265a862a476dc7f97694addb5ded/index.m3u8,https://shd-gcp-live.edgenextcdn.net/live/bitmovin-mbc-3-usa/5d58265a862a476dc7f97694addb5ded/manifest/video/576p1200kbps/video.m3u8,"288p; 360p; 468p; 576p; 720p; 1080p; Exact name plus 576/576p/SD/720/720p/M3U/M3U8/HLS across current candidates, IPTV indexes, GitHub repositories/code search, broadcaster pages, regional lists, public stream directories, alternate feeds, and master-manifest renditions",Public HLS master manifests already referenced by curation/channels.json,Stable 576p rendition from the selected HLS master; media playlist and first media object responded twice.,
MBC 4,Entertainment,1080p,576p,https://shd-gcp-live.edgenextcdn.net/live/bitmovin-mbc-4/24f134f1cd63db9346439e96b86ca6ed/index.m3u8,https://shd-gcp-live.edgenextcdn.net/live/bitmovin-mbc-4/24f134f1cd63db9346439e96b86ca6ed/manifest/video/576p1200kbps/video.m3u8,"288p; 360p; 468p; 576p; 720p; 1080p; Exact name plus 576/576p/SD/720/720p/M3U/M3U8/HLS across current candidates, IPTV indexes, GitHub repositories/code search, broadcaster pages, regional lists, public stream directories, alternate feeds, and master-manifest renditions",Public HLS master manifests already referenced by curation/channels.json,Stable 576p rendition from the selected HLS master; media playlist and first media object responded twice.,
MBC 5,Entertainment,1080p,576p,https://shd-gcp-live.edgenextcdn.net/live/bitmovin-mbc-5/ee6b000cee0629411b666ab26cb13e9b/index.m3u8,https://shd-gcp-live.edgenextcdn.net/live/bitmovin-mbc-5/ee6b000cee0629411b666ab26cb13e9b/manifest/video/576p1200kbps/video.m3u8,"288p; 360p; 468p; 576p; 720p; 1080p; Exact name plus 576/576p/SD/720/720p/M3U/M3U8/HLS across current candidates, IPTV indexes, GitHub repositories/code search, broadcaster pages, regional lists, public stream directories, alternate feeds, and master-manifest renditions",Public HLS master manifests already referenced by curation/channels.json,Stable 576p rendition from the selected HLS master; media playlist and first media object responded twice.,
MBC Bollywood,Movies,1080p,576p,https://shd-gcp-live.edgenextcdn.net/live/bitmovin-mbc-bollywood/546eb40d7dcf9a209255dd2496903764/index.m3u8,https://shd-gcp-live.edgenextcdn.net/live/bitmovin-mbc-bollywood/546eb40d7dcf9a209255dd2496903764/manifest/video/576p1200kbps/video.m3u8,"288p; 360p; 468p; 576p; 720p; 1080p; Exact name plus 576/576p/SD/720/720p/M3U/M3U8/HLS across current candidates, IPTV indexes, GitHub repositories/code search, broadcaster pages, regional lists, public stream directories, alternate feeds, and master-manifest renditions",Public HLS master manifests already referenced by curation/channels.json,Stable 576p rendition from the selected HLS master; media playlist and first media object responded twice.,
MBC Drama,Series,1080p,576p,https://shd-gcp-live.edgenextcdn.net/live/bitmovin-mbc-drama/2c28a458e2f3253e678b07ac7d13fe71/index.m3u8,https://shd-gcp-live.edgenextcdn.net/live/bitmovin-mbc-drama/2c28a458e2f3253e678b07ac7d13fe71/manifest/video/576p1200kbps/video.m3u8,"288p; 360p; 468p; 576p; 720p; 1080p; Exact name plus 576/576p/SD/720/720p/M3U/M3U8/HLS across current candidates, IPTV indexes, GitHub repositories/code search, broadcaster pages, regional lists, public stream directories, alternate feeds, and master-manifest renditions",Public HLS master manifests already referenced by curation/channels.json,Stable 576p rendition from the selected HLS master; media playlist and first media object responded twice.,
MBC Iraq,Entertainment,1080p,576p,https://shd-gcp-live.edgenextcdn.net/live/bitmovin-mbc-iraq/e38c44b1b43474e1c39cb5b90203691e/index.m3u8,https://shd-gcp-live.edgenextcdn.net/live/bitmovin-mbc-iraq/e38c44b1b43474e1c39cb5b90203691e/manifest/video/576p1200kbps/video.m3u8,"288p; 360p; 468p; 576p; 720p; 1080p; Exact name plus 576/576p/SD/720/720p/M3U/M3U8/HLS across current candidates, IPTV indexes, GitHub repositories/code search, broadcaster pages, regional lists, public stream directories, alternate feeds, and master-manifest renditions",Public HLS master manifests already referenced by curation/channels.json,Stable 576p rendition from the selected HLS master; media playlist and first media object responded twice.,
MBC Masr,Entertainment,1080p,576p,https://shd-gcp-live.edgenextcdn.net/live/bitmovin-mbc-masr/956eac069c78a35d47245db6cdbb1575/index.m3u8,https://shd-gcp-live.edgenextcdn.net/live/bitmovin-mbc-masr/956eac069c78a35d47245db6cdbb1575/manifest/video/576p1200kbps/video.m3u8,"288p; 360p; 468p; 576p; 720p; 1080p; Exact name plus 576/576p/SD/720/720p/M3U/M3U8/HLS across current candidates, IPTV indexes, GitHub repositories/code search, broadcaster pages, regional lists, public stream directories, alternate feeds, and master-manifest renditions",Public HLS master manifests already referenced by curation/channels.json,Stable 576p rendition from the selected HLS master; media playlist and first media object responded twice.,
MBC Masr 2,Entertainment,1080p,576p,https://shd-gcp-live.edgenextcdn.net/live/bitmovin-mbc-masr-2/754931856515075b0aabf0e583495c68/index.m3u8,https://shd-gcp-live.edgenextcdn.net/live/bitmovin-mbc-masr-2/754931856515075b0aabf0e583495c68/manifest/video/576p1200kbps/video.m3u8,"288p; 360p; 468p; 576p; 720p; 1080p; Exact name plus 576/576p/SD/720/720p/M3U/M3U8/HLS across current candidates, IPTV indexes, GitHub repositories/code search, broadcaster pages, regional lists, public stream directories, alternate feeds, and master-manifest renditions",Public HLS master manifests already referenced by curation/channels.json,Stable 576p rendition from the selected HLS master; media playlist and first media object responded twice.,
MBC Masr Drama,Series,1080p,576p,https://shd-gcp-live.edgenextcdn.net/live/bitmovin-mbc-masr-drama/567b703c19ede6598222de81b0e4508b/index.m3u8,https://shd-gcp-live.edgenextcdn.net/live/bitmovin-mbc-masr-drama/567b703c19ede6598222de81b0e4508b/manifest/video/576p1200kbps/video.m3u8,"288p; 360p; 468p; 576p; 720p; 1080p; Exact name plus 576/576p/SD/720/720p/M3U/M3U8/HLS across current candidates, IPTV indexes, GitHub repositories/code search, broadcaster pages, regional lists, public stream directories, alternate feeds, and master-manifest renditions",Public HLS master manifests already referenced by curation/channels.json,Stable 576p rendition from the selected HLS master; media playlist and first media object responded twice.,
Moonbug Kids,Kids,1080p,720p,https://dq2a9ghraf7sw.cloudfront.net/Moonbug.m3u8,https://dq2a9ghraf7sw.cloudfront.net/720p-vtt/index.m3u8,"360p; 480p; 720p; 1080p; Exact name plus 576/576p/SD/720/720p/M3U/M3U8/HLS across current candidates, IPTV indexes, GitHub repositories/code search, broadcaster pages, regional lists, public stream directories, alternate feeds, and master-manifest renditions",Public HLS master manifests already referenced by curation/channels.json,Stable 720p rendition from the selected HLS master; media playlist and first media object responded twice.,
MovieSphere Gold,Movies,1080p,1080p,https://cdn-uw2-prod.tsv2.amagi.tv/linear/amg01438-ewscrippscompan-ionmystery-tablo/playlist.m3u8,https://cdn-uw2-prod.tsv2.amagi.tv/linear/amg01438-ewscrippscompan-ionmystery-tablo/playlist.m3u8,"1080p; Exact name plus 576/576p/SD/720/720p/M3U/M3U8/HLS across current candidates, IPTV indexes, GitHub repositories/code search, broadcaster pages, regional lists, public stream directories, alternate feeds, and master-manifest renditions","https://iptv-org.github.io/api/streams.json; https://iptv-org.github.io/iptv/index.m3u; https://raw.githubusercontent.com/Free-TV/IPTV/master/playlist.m3u8; GitHub code search and public IPTV repositories; Broadcaster websites and live pages; Public FAST distributions on Rakuten, Xumo, Tubi, Pluto, Samsung TV Plus, Plex, Amagi, Wurl, and Ottera; Web search for exact names, spelling variants, regional feeds, SD/576/720 editions, HLS, and M3U8 references",,No stable responding 576p or 720p rendition with acceptable provenance survived the focused review; the important/current 1080p channel was retained.
Mr Bean Animated,Kids,1080p,720p,https://amg00627-amg00627c23-samsung-au-4110.playouts.now.amagi.tv/playlist.m3u8,https://amg00627-amg00627c23-samsung-au-4110.playouts.now.amagi.tv/720p-vtt-ar/index.m3u8,"360p; 480p; 720p; 1080p; Exact name plus 576/576p/SD/720/720p/M3U/M3U8/HLS across current candidates, IPTV indexes, GitHub repositories/code search, broadcaster pages, regional lists, public stream directories, alternate feeds, and master-manifest renditions",Public HLS master manifests already referenced by curation/channels.json,Stable 720p rendition from the selected HLS master; media playlist and first media object responded twice.,
MTV Biggest Pop,Music,1080p,1080p,https://jmp2.uk/plu-5d14fd1a252d35decbc4080c.m3u8,https://jmp2.uk/plu-5d14fd1a252d35decbc4080c.m3u8,"1080p; Exact name plus 576/576p/SD/720/720p/M3U/M3U8/HLS across current candidates, IPTV indexes, GitHub repositories/code search, broadcaster pages, regional lists, public stream directories, alternate feeds, and master-manifest renditions","https://iptv-org.github.io/api/streams.json; https://iptv-org.github.io/iptv/index.m3u; https://raw.githubusercontent.com/Free-TV/IPTV/master/playlist.m3u8; GitHub code search and public IPTV repositories; Broadcaster websites and live pages; Public FAST distributions on Rakuten, Xumo, Tubi, Pluto, Samsung TV Plus, Plex, Amagi, Wurl, and Ottera; Web search for exact names, spelling variants, regional feeds, SD/576/720 editions, HLS, and M3U8 references",,No stable responding 576p or 720p rendition with acceptable provenance survived the focused review; the important/current 1080p channel was retained.
MTV Spankin' New,Music,1080p,1080p,https://jmp2.uk/plu-5d14fdb8ca91eedee1633117.m3u8,https://jmp2.uk/plu-5d14fdb8ca91eedee1633117.m3u8,"1080p; Exact name plus 576/576p/SD/720/720p/M3U/M3U8/HLS across current candidates, IPTV indexes, GitHub repositories/code search, broadcaster pages, regional lists, public stream directories, alternate feeds, and master-manifest renditions","https://iptv-org.github.io/api/streams.json; https://iptv-org.github.io/iptv/index.m3u; https://raw.githubusercontent.com/Free-TV/IPTV/master/playlist.m3u8; GitHub code search and public IPTV repositories; Broadcaster websites and live pages; Public FAST distributions on Rakuten, Xumo, Tubi, Pluto, Samsung TV Plus, Plex, Amagi, Wurl, and Ottera; Web search for exact names, spelling variants, regional feeds, SD/576/720 editions, HLS, and M3U8 references",,No stable responding 576p or 720p rendition with acceptable provenance survived the focused review; the important/current 1080p channel was retained.
NatureTime,Documentary,1080p,1080p,https://amg00090-blueantllc-lovenature-au-samsungau-wggcn.amagi.tv/playlist/amg00090-blueantllc-lovenature-au-samsungau/playlist.m3u8,https://amg00090-blueantllc-lovenature-au-samsungau-wggcn.amagi.tv/playlist/amg00090-blueantllc-lovenature-au-samsungau/playlist.m3u8,"1080p; Exact name plus 576/576p/SD/720/720p/M3U/M3U8/HLS across current candidates, IPTV indexes, GitHub repositories/code search, broadcaster pages, regional lists, public stream directories, alternate feeds, and master-manifest renditions","https://iptv-org.github.io/api/streams.json; https://iptv-org.github.io/iptv/index.m3u; https://raw.githubusercontent.com/Free-TV/IPTV/master/playlist.m3u8; GitHub code search and public IPTV repositories; Broadcaster websites and live pages; Public FAST distributions on Rakuten, Xumo, Tubi, Pluto, Samsung TV Plus, Plex, Amagi, Wurl, and Ottera; Web search for exact names, spelling variants, regional feeds, SD/576/720 editions, HLS, and M3U8 references",,No stable responding 576p or 720p rendition with acceptable provenance survived the focused review; the important/current 1080p channel was retained.
NBA TV,Sports,1080p,720p,https://amg00556-amg00556c3-firetv-us-6060.playouts.now.amagi.tv/playlist.m3u8,https://amg00556-amg00556c3-firetv-us-6060.playouts.now.amagi.tv/playlist720p.m3u8,"240p; 360p; 480p; 720p; 1080p; Exact name plus 576/576p/SD/720/720p/M3U/M3U8/HLS across current candidates, IPTV indexes, GitHub repositories/code search, broadcaster pages, regional lists, public stream directories, alternate feeds, and master-manifest renditions",Public HLS master manifests already referenced by curation/channels.json,Stable 720p rendition from the selected HLS master; media playlist and first media object responded twice.,
NBC Comedy Vault,Series,1080p,720p,https://xumo-xumoent-vc-105-z0vpm.fast.nbcuni.com/live/master.m3u8,https://xumo-xumoent-vc-105-z0vpm.fast.nbcuni.com/live/master_3.m3u8,"240p; 360p; 432p; 720p; 1080p; Exact name plus 576/576p/SD/720/720p/M3U/M3U8/HLS across current candidates, IPTV indexes, GitHub repositories/code search, broadcaster pages, regional lists, public stream directories, alternate feeds, and master-manifest renditions",Public HLS master manifests already referenced by curation/channels.json,Stable 720p rendition from the selected HLS master; media playlist and first media object responded twice.,
Neo News,Pakistan,1080p,1080p,https://vodzong.mjunoon.tv:8087/streamtest/Neo-110/playlist.m3u8,https://vodzong.mjunoon.tv:8087/streamtest/Neo-110/playlist.m3u8,"1080p; Exact name plus 576/576p/SD/720/720p/M3U/M3U8/HLS across current candidates, IPTV indexes, GitHub repositories/code search, broadcaster pages, regional lists, public stream directories, alternate feeds, and master-manifest renditions","https://iptv-org.github.io/api/streams.json; https://iptv-org.github.io/iptv/index.m3u; https://raw.githubusercontent.com/Free-TV/IPTV/master/playlist.m3u8; GitHub code search and public IPTV repositories; Broadcaster websites and live pages; Public FAST distributions on Rakuten, Xumo, Tubi, Pluto, Samsung TV Plus, Plex, Amagi, Wurl, and Ottera; Web search for exact names, spelling variants, regional feeds, SD/576/720 editions, HLS, and M3U8 references",,No stable responding 576p or 720p rendition with acceptable provenance survived the focused review; the important/current 1080p channel was retained.
News18 India,India,1080p,720p,https://n18syndication.akamaized.net/bpk-tv/News18_India_NW18_MOB/output01/master.m3u8,https://n18syndication.akamaized.net/bpk-tv/News18_India_NW18_MOB/output01/News18_India_NW18_MOB-audio_98835_hin=98800-video=2293600.m3u8,"180p; 360p; 540p; 720p; 1080p; Exact name plus 576/576p/SD/720/720p/M3U/M3U8/HLS across current candidates, IPTV indexes, GitHub repositories/code search, broadcaster pages, regional lists, public stream directories, alternate feeds, and master-manifest renditions",Public HLS master manifests already referenced by curation/channels.json,Stable 720p rendition from the selected HLS master; media playlist and first media object responded twice.,
NHL Network,Sports,1080p,720p,https://aegis-cloudfront-1.tubi.video/1f4cbb33-cb23-40ab-b54b-2965cc551b32/playlist.m3u8,https://aegis-cloudfront-1.tubi.video/1f4cbb33-cb23-40ab-b54b-2965cc551b32/playlist720p.m3u8,"240p; 360p; 480p; 720p; 1080p; Exact name plus 576/576p/SD/720/720p/M3U/M3U8/HLS across current candidates, IPTV indexes, GitHub repositories/code search, broadcaster pages, regional lists, public stream directories, alternate feeds, and master-manifest renditions",Public HLS master manifests already referenced by curation/channels.json,Stable 720p rendition from the selected HLS master; media playlist and first media object responded twice.,
Oman Sports TV,Sports,1080p,1080p,https://partneta.cdn.mgmlcdn.com/omsport/smil:omsport.stream.smil/chunklist.m3u8,https://partneta.cdn.mgmlcdn.com/omsport/smil:omsport.stream.smil/chunklist.m3u8,"1080p; Exact name plus 576/576p/SD/720/720p/M3U/M3U8/HLS across current candidates, IPTV indexes, GitHub repositories/code search, broadcaster pages, regional lists, public stream directories, alternate feeds, and master-manifest renditions","https://iptv-org.github.io/api/streams.json; https://iptv-org.github.io/iptv/index.m3u; https://raw.githubusercontent.com/Free-TV/IPTV/master/playlist.m3u8; GitHub code search and public IPTV repositories; Broadcaster websites and live pages; Public FAST distributions on Rakuten, Xumo, Tubi, Pluto, Samsung TV Plus, Plex, Amagi, Wurl, and Ottera; Web search for exact names, spelling variants, regional feeds, SD/576/720 editions, HLS, and M3U8 references",,No stable responding 576p or 720p rendition with acceptable provenance survived the focused review; the important/current 1080p channel was retained.
Oman TV Mubashir,News,1080p,720p,https://partwota.cdn.mgmlcdn.com/omlive/smil:omlive.stream.smil/chunklist.m3u8,https://partwota.cdn.mgmlcdn.com/omlive/smil:omlive.stream.smil/chunklist_b2000000_t64NzIwcA==.m3u8,"240p; 480p; 720p; 1080p; Exact name plus 576/576p/SD/720/720p/M3U/M3U8/HLS across current candidates, IPTV indexes, GitHub repositories/code search, broadcaster pages, regional lists, public stream directories, alternate feeds, and master-manifest renditions",Public HLS master manifests already referenced by curation/channels.json,Stable 720p rendition from the selected HLS master; media playlist and first media object responded twice.,
OuterSphere,Movies,1080p,720p,https://aegis-cloudfront-1.tubi.video/27de4f2e-7f9c-418a-9b0d-e4b35b0843a0/playlist.m3u8,https://aegis-cloudfront-1.tubi.video/27de4f2e-7f9c-418a-9b0d-e4b35b0843a0/720p-cc/index.m3u8,"240p; 360p; 480p; 720p; 1080p; Exact name plus 576/576p/SD/720/720p/M3U/M3U8/HLS across current candidates, IPTV indexes, GitHub repositories/code search, broadcaster pages, regional lists, public stream directories, alternate feeds, and master-manifest renditions",Public HLS master manifests already referenced by curation/channels.json,Stable 720p rendition from the selected HLS master; media playlist and first media object responded twice.,
Overtime,Sports,1080p,576p,https://d1a8aq6t30gkqj.cloudfront.net/v1/amc_overtime_1/samsungheadend_us/latest/main/hls/playlist_hd.m3u8,https://d1a8aq6t30gkqj.cloudfront.net/v1/amc_overtime_1/samsungheadend_us/V00000001/0/HLS/playlist_hd_1024x576.m3u8,"216p; 360p; 576p; 720p; 1080p; Exact name plus 576/576p/SD/720/720p/M3U/M3U8/HLS across current candidates, IPTV indexes, GitHub repositories/code search, broadcaster pages, regional lists, public stream directories, alternate feeds, and master-manifest renditions",Public HLS master manifests already referenced by curation/channels.json,Stable 576p rendition from the selected HLS master; media playlist and first media object responded twice.,
PBS Travel,Lifestyle,1080p,720p,https://d3hqevbyoxtkoi.cloudfront.net/PBS_Travel.m3u8,https://d3hqevbyoxtkoi.cloudfront.net/720p-vtt/index.m3u8,"360p; 480p; 720p; 1080p; Exact name plus 576/576p/SD/720/720p/M3U/M3U8/HLS across current candidates, IPTV indexes, GitHub repositories/code search, broadcaster pages, regional lists, public stream directories, alternate feeds, and master-manifest renditions",Public HLS master manifests already referenced by curation/channels.json,Stable 720p rendition from the selected HLS master; media playlist and first media object responded twice.,
PMC Royale,Music,1080p,1080p,https://pmcrohls.wns.live/hls/stream.m3u8,https://pmcrohls.wns.live/hls/stream.m3u8,"1080p; Exact name plus 576/576p/SD/720/720p/M3U/M3U8/HLS across current candidates, IPTV indexes, GitHub repositories/code search, broadcaster pages, regional lists, public stream directories, alternate feeds, and master-manifest renditions","https://iptv-org.github.io/api/streams.json; https://iptv-org.github.io/iptv/index.m3u; https://raw.githubusercontent.com/Free-TV/IPTV/master/playlist.m3u8; GitHub code search and public IPTV repositories; Broadcaster websites and live pages; Public FAST distributions on Rakuten, Xumo, Tubi, Pluto, Samsung TV Plus, Plex, Amagi, Wurl, and Ottera; Web search for exact names, spelling variants, regional feeds, SD/576/720 editions, HLS, and M3U8 references",,No stable responding 576p or 720p rendition with acceptable provenance survived the focused review; the important/current 1080p channel was retained.
Qatar Television,Entertainment,1080p,1080p,https://live.kwikmotion.com/qtv1live/qtv1.smil/playlist.m3u8,https://live.kwikmotion.com/qtv1live/qtv1.smil/playlist.m3u8,"1080p; Exact name plus 576/576p/SD/720/720p/M3U/M3U8/HLS across current candidates, IPTV indexes, GitHub repositories/code search, broadcaster pages, regional lists, public stream directories, alternate feeds, and master-manifest renditions","https://iptv-org.github.io/api/streams.json; https://iptv-org.github.io/iptv/index.m3u; https://raw.githubusercontent.com/Free-TV/IPTV/master/playlist.m3u8; GitHub code search and public IPTV repositories; Broadcaster websites and live pages; Public FAST distributions on Rakuten, Xumo, Tubi, Pluto, Samsung TV Plus, Plex, Amagi, Wurl, and Ottera; Web search for exact names, spelling variants, regional feeds, SD/576/720 editions, HLS, and M3U8 references",,No stable responding 576p or 720p rendition with acceptable provenance survived the focused review; the important/current 1080p channel was retained.
Qello Concerts by Stingray,Music,1080p,1080p,https://d39g1vxj2ef6in.cloudfront.net/v1/master/3fec3e5cac39a52b2132f9c66c83dae043dc17d4/prod-rakuten-stitched/master.m3u8?ads.xumo_channelId=88883052,https://d39g1vxj2ef6in.cloudfront.net/v1/master/3fec3e5cac39a52b2132f9c66c83dae043dc17d4/prod-rakuten-stitched/master.m3u8?ads.xumo_channelId=88883052,"1080p; Exact name plus 576/576p/SD/720/720p/M3U/M3U8/HLS across current candidates, IPTV indexes, GitHub repositories/code search, broadcaster pages, regional lists, public stream directories, alternate feeds, and master-manifest renditions","https://iptv-org.github.io/api/streams.json; https://iptv-org.github.io/iptv/index.m3u; https://raw.githubusercontent.com/Free-TV/IPTV/master/playlist.m3u8; GitHub code search and public IPTV repositories; Broadcaster websites and live pages; Public FAST distributions on Rakuten, Xumo, Tubi, Pluto, Samsung TV Plus, Plex, Amagi, Wurl, and Ottera; Web search for exact names, spelling variants, regional feeds, SD/576/720 editions, HLS, and M3U8 references",,No stable responding 576p or 720p rendition with acceptable provenance survived the focused review; the important/current 1080p channel was retained.
Qwest TV,Music,1080p,1080p,https://amg00447-qwesttv-qwestjazz-cineverse-ve12d.amagi.tv/playlist/amg00447-qwesttv-qwestjazz-cineverse/playlist.m3u8,https://amg00447-qwesttv-qwestjazz-cineverse-ve12d.amagi.tv/playlist/amg00447-qwesttv-qwestjazz-cineverse/playlist.m3u8,"1080p; Exact name plus 576/576p/SD/720/720p/M3U/M3U8/HLS across current candidates, IPTV indexes, GitHub repositories/code search, broadcaster pages, regional lists, public stream directories, alternate feeds, and master-manifest renditions","https://iptv-org.github.io/api/streams.json; https://iptv-org.github.io/iptv/index.m3u; https://raw.githubusercontent.com/Free-TV/IPTV/master/playlist.m3u8; GitHub code search and public IPTV repositories; Broadcaster websites and live pages; Public FAST distributions on Rakuten, Xumo, Tubi, Pluto, Samsung TV Plus, Plex, Amagi, Wurl, and Ottera; Web search for exact names, spelling variants, regional feeds, SD/576/720 editions, HLS, and M3U8 references",,No stable responding 576p or 720p rendition with acceptable provenance survived the focused review; the important/current 1080p channel was retained.
RACER International,Sports,1080p,1080p,https://amg00378-mavtv-amg00378c2-rakuten-us-1048.playouts.now.amagi.tv/playlist/amg00378-mavtvfast-motorsportsnetwork-rakutenus/playlist.m3u8,https://amg00378-mavtv-amg00378c2-rakuten-us-1048.playouts.now.amagi.tv/playlist/amg00378-mavtvfast-motorsportsnetwork-rakutenus/playlist.m3u8,"1080p; Exact name plus 576/576p/SD/720/720p/M3U/M3U8/HLS across current candidates, IPTV indexes, GitHub repositories/code search, broadcaster pages, regional lists, public stream directories, alternate feeds, and master-manifest renditions","https://iptv-org.github.io/api/streams.json; https://iptv-org.github.io/iptv/index.m3u; https://raw.githubusercontent.com/Free-TV/IPTV/master/playlist.m3u8; GitHub code search and public IPTV repositories; Broadcaster websites and live pages; Public FAST distributions on Rakuten, Xumo, Tubi, Pluto, Samsung TV Plus, Plex, Amagi, Wurl, and Ottera; Web search for exact names, spelling variants, regional feeds, SD/576/720 editions, HLS, and M3U8 references",,No stable responding 576p or 720p rendition with acceptable provenance survived the focused review; the important/current 1080p channel was retained.
Racer Select,Sports,1080p,720p,https://amg00378-amg00378c4-freelivesports-emea-5637.playouts.now.amagi.tv/playlist.m3u8,https://amg00378-amg00378c4-freelivesports-emea-5637.playouts.now.amagi.tv/playlist720p.m3u8,"240p; 360p; 480p; 720p; 1080p; Exact name plus 576/576p/SD/720/720p/M3U/M3U8/HLS across current candidates, IPTV indexes, GitHub repositories/code search, broadcaster pages, regional lists, public stream directories, alternate feeds, and master-manifest renditions",Public HLS master manifests already referenced by curation/channels.json,Stable 720p rendition from the selected HLS master; media playlist and first media object responded twice.,
Rakuten TV Action Movies,Movies,1080p,1080p,https://54045f0c40fd442c8b06df076aaf1e85.mediatailor.eu-west-1.amazonaws.com/v1/master/0547f18649bd788bec7b67b746e47670f558b6b2/production-LiveChannel-6065/master.m3u8,https://54045f0c40fd442c8b06df076aaf1e85.mediatailor.eu-west-1.amazonaws.com/v1/master/0547f18649bd788bec7b67b746e47670f558b6b2/production-LiveChannel-6065/master.m3u8,"1080p; Exact name plus 576/576p/SD/720/720p/M3U/M3U8/HLS across current candidates, IPTV indexes, GitHub repositories/code search, broadcaster pages, regional lists, public stream directories, alternate feeds, and master-manifest renditions","https://iptv-org.github.io/api/streams.json; https://iptv-org.github.io/iptv/index.m3u; https://raw.githubusercontent.com/Free-TV/IPTV/master/playlist.m3u8; GitHub code search and public IPTV repositories; Broadcaster websites and live pages; Public FAST distributions on Rakuten, Xumo, Tubi, Pluto, Samsung TV Plus, Plex, Amagi, Wurl, and Ottera; Web search for exact names, spelling variants, regional feeds, SD/576/720 editions, HLS, and M3U8 references",,No stable responding 576p or 720p rendition with acceptable provenance survived the focused review; the important/current 1080p channel was retained.
Rakuten TV Comedy Movies,Movies,1080p,1080p,https://9be783d652cd4b099cf63e1dc134c4a3.mediatailor.eu-west-1.amazonaws.com/v1/master/0547f18649bd788bec7b67b746e47670f558b6b2/production-LiveChannel-6181/master.m3u8,https://9be783d652cd4b099cf63e1dc134c4a3.mediatailor.eu-west-1.amazonaws.com/v1/master/0547f18649bd788bec7b67b746e47670f558b6b2/production-LiveChannel-6181/master.m3u8,"1080p; Exact name plus 576/576p/SD/720/720p/M3U/M3U8/HLS across current candidates, IPTV indexes, GitHub repositories/code search, broadcaster pages, regional lists, public stream directories, alternate feeds, and master-manifest renditions","https://iptv-org.github.io/api/streams.json; https://iptv-org.github.io/iptv/index.m3u; https://raw.githubusercontent.com/Free-TV/IPTV/master/playlist.m3u8; GitHub code search and public IPTV repositories; Broadcaster websites and live pages; Public FAST distributions on Rakuten, Xumo, Tubi, Pluto, Samsung TV Plus, Plex, Amagi, Wurl, and Ottera; Web search for exact names, spelling variants, regional feeds, SD/576/720 editions, HLS, and M3U8 references",,No stable responding 576p or 720p rendition with acceptable provenance survived the focused review; the important/current 1080p channel was retained.
Rakuten TV Top Movies,Movies,1080p,1080p,https://0145451975a64b35866170fd2e8fa486.mediatailor.eu-west-1.amazonaws.com/v1/master/0547f18649bd788bec7b67b746e47670f558b6b2/production-LiveChannel-5987/master.m3u8,https://0145451975a64b35866170fd2e8fa486.mediatailor.eu-west-1.amazonaws.com/v1/master/0547f18649bd788bec7b67b746e47670f558b6b2/production-LiveChannel-5987/master.m3u8,"1080p; Exact name plus 576/576p/SD/720/720p/M3U/M3U8/HLS across current candidates, IPTV indexes, GitHub repositories/code search, broadcaster pages, regional lists, public stream directories, alternate feeds, and master-manifest renditions","https://iptv-org.github.io/api/streams.json; https://iptv-org.github.io/iptv/index.m3u; https://raw.githubusercontent.com/Free-TV/IPTV/master/playlist.m3u8; GitHub code search and public IPTV repositories; Broadcaster websites and live pages; Public FAST distributions on Rakuten, Xumo, Tubi, Pluto, Samsung TV Plus, Plex, Amagi, Wurl, and Ottera; Web search for exact names, spelling variants, regional feeds, SD/576/720 editions, HLS, and M3U8 references",,No stable responding 576p or 720p rendition with acceptable provenance survived the focused review; the important/current 1080p channel was retained.
Rotana Cinema Egypt,Movies,1080p,1080p,https://rotana.hibridcdn.net/rotananet/cinemamasr_net-7Y83PP5adWixDF93/playlist.m3u8,https://rotana.hibridcdn.net/rotananet/cinemamasr_net-7Y83PP5adWixDF93/playlist.m3u8,"1080p; Exact name plus 576/576p/SD/720/720p/M3U/M3U8/HLS across current candidates, IPTV indexes, GitHub repositories/code search, broadcaster pages, regional lists, public stream directories, alternate feeds, and master-manifest renditions","https://iptv-org.github.io/api/streams.json; https://iptv-org.github.io/iptv/index.m3u; https://raw.githubusercontent.com/Free-TV/IPTV/master/playlist.m3u8; GitHub code search and public IPTV repositories; Broadcaster websites and live pages; Public FAST distributions on Rakuten, Xumo, Tubi, Pluto, Samsung TV Plus, Plex, Amagi, Wurl, and Ottera; Web search for exact names, spelling variants, regional feeds, SD/576/720 editions, HLS, and M3U8 references",,No stable responding 576p or 720p rendition with acceptable provenance survived the focused review; the important/current 1080p channel was retained.
Rotana Cinema KSA,Movies,1080p,1080p,https://rotana.hibridcdn.net/rotananet/cinema_net-7Y83PP5adWixDF93/playlist.m3u8,https://rotana.hibridcdn.net/rotananet/cinema_net-7Y83PP5adWixDF93/playlist.m3u8,"1080p; Exact name plus 576/576p/SD/720/720p/M3U/M3U8/HLS across current candidates, IPTV indexes, GitHub repositories/code search, broadcaster pages, regional lists, public stream directories, alternate feeds, and master-manifest renditions","https://iptv-org.github.io/api/streams.json; https://iptv-org.github.io/iptv/index.m3u; https://raw.githubusercontent.com/Free-TV/IPTV/master/playlist.m3u8; GitHub code search and public IPTV repositories; Broadcaster websites and live pages; Public FAST distributions on Rakuten, Xumo, Tubi, Pluto, Samsung TV Plus, Plex, Amagi, Wurl, and Ottera; Web search for exact names, spelling variants, regional feeds, SD/576/720 editions, HLS, and M3U8 references",,No stable responding 576p or 720p rendition with acceptable provenance survived the focused review; the important/current 1080p channel was retained.
Rotana Classic,Movies,1080p,1080p,https://rotana.hibridcdn.net/rotananet/classical_net-7Y83PP5adWixDF93/playlist.m3u8,https://rotana.hibridcdn.net/rotananet/classical_net-7Y83PP5adWixDF93/playlist.m3u8,"1080p; Exact name plus 576/576p/SD/720/720p/M3U/M3U8/HLS across current candidates, IPTV indexes, GitHub repositories/code search, broadcaster pages, regional lists, public stream directories, alternate feeds, and master-manifest renditions","https://iptv-org.github.io/api/streams.json; https://iptv-org.github.io/iptv/index.m3u; https://raw.githubusercontent.com/Free-TV/IPTV/master/playlist.m3u8; GitHub code search and public IPTV repositories; Broadcaster websites and live pages; Public FAST distributions on Rakuten, Xumo, Tubi, Pluto, Samsung TV Plus, Plex, Amagi, Wurl, and Ottera; Web search for exact names, spelling variants, regional feeds, SD/576/720 editions, HLS, and M3U8 references",,No stable responding 576p or 720p rendition with acceptable provenance survived the focused review; the important/current 1080p channel was retained.
Rotana Clip,Music,1080p,1080p,https://rotana.hibridcdn.net/rotananet/clip_net-7Y83PP5adWixDF93/playlist.m3u8,https://rotana.hibridcdn.net/rotananet/clip_net-7Y83PP5adWixDF93/playlist.m3u8,"1080p; Exact name plus 576/576p/SD/720/720p/M3U/M3U8/HLS across current candidates, IPTV indexes, GitHub repositories/code search, broadcaster pages, regional lists, public stream directories, alternate feeds, and master-manifest renditions","https://iptv-org.github.io/api/streams.json; https://iptv-org.github.io/iptv/index.m3u; https://raw.githubusercontent.com/Free-TV/IPTV/master/playlist.m3u8; GitHub code search and public IPTV repositories; Broadcaster websites and live pages; Public FAST distributions on Rakuten, Xumo, Tubi, Pluto, Samsung TV Plus, Plex, Amagi, Wurl, and Ottera; Web search for exact names, spelling variants, regional feeds, SD/576/720 editions, HLS, and M3U8 references",,No stable responding 576p or 720p rendition with acceptable provenance survived the focused review; the important/current 1080p channel was retained.
Rotana Drama,Series,1080p,1080p,https://rotana.hibridcdn.net/rotananet/drama_net-7Y83PP5adWixDF93/playlist.m3u8,https://rotana.hibridcdn.net/rotananet/drama_net-7Y83PP5adWixDF93/playlist.m3u8,"1080p; Exact name plus 576/576p/SD/720/720p/M3U/M3U8/HLS across current candidates, IPTV indexes, GitHub repositories/code search, broadcaster pages, regional lists, public stream directories, alternate feeds, and master-manifest renditions","https://iptv-org.github.io/api/streams.json; https://iptv-org.github.io/iptv/index.m3u; https://raw.githubusercontent.com/Free-TV/IPTV/master/playlist.m3u8; GitHub code search and public IPTV repositories; Broadcaster websites and live pages; Public FAST distributions on Rakuten, Xumo, Tubi, Pluto, Samsung TV Plus, Plex, Amagi, Wurl, and Ottera; Web search for exact names, spelling variants, regional feeds, SD/576/720 editions, HLS, and M3U8 references",,No stable responding 576p or 720p rendition with acceptable provenance survived the focused review; the important/current 1080p channel was retained.
Rotana Music,Music,1080p,1080p,https://rotana.hibridcdn.net/rotananet/music_net-7Y83PP5adWixDF93/playlist.m3u8,https://rotana.hibridcdn.net/rotananet/music_net-7Y83PP5adWixDF93/playlist.m3u8,"1080p; Exact name plus 576/576p/SD/720/720p/M3U/M3U8/HLS across current candidates, IPTV indexes, GitHub repositories/code search, broadcaster pages, regional lists, public stream directories, alternate feeds, and master-manifest renditions","https://iptv-org.github.io/api/streams.json; https://iptv-org.github.io/iptv/index.m3u; https://raw.githubusercontent.com/Free-TV/IPTV/master/playlist.m3u8; GitHub code search and public IPTV repositories; Broadcaster websites and live pages; Public FAST distributions on Rakuten, Xumo, Tubi, Pluto, Samsung TV Plus, Plex, Amagi, Wurl, and Ottera; Web search for exact names, spelling variants, regional feeds, SD/576/720 editions, HLS, and M3U8 references",,No stable responding 576p or 720p rendition with acceptable provenance survived the focused review; the important/current 1080p channel was retained.
RTA,Afghanistan,1080p,720p,https://rta-tv.akamaized.net/live/SD/RTA-1/RTA/RTA-1.m3u8,https://rta-tv.akamaized.net/live/SD/RTA-1/RTA/RTA-1-avc1_3000000=10001.m3u8,"270p; 720p; 1080p; Exact name plus 576/576p/SD/720/720p/M3U/M3U8/HLS across current candidates, IPTV indexes, GitHub repositories/code search, broadcaster pages, regional lists, public stream directories, alternate feeds, and master-manifest renditions",Public HLS master manifests already referenced by curation/channels.json,Stable 720p rendition from the selected HLS master; media playlist and first media object responded twice.,
Ryan and Friends,Kids,1080p,1080p,https://cdn-apse1-prod.tsv2.amagi.tv/linear/amg00286-pocketwatch-ryanandfriends-samsungnz/playlist.m3u8,https://cdn-apse1-prod.tsv2.amagi.tv/linear/amg00286-pocketwatch-ryanandfriends-samsungnz/playlist.m3u8,"1080p; unknown; Exact name plus 576/576p/SD/720/720p/M3U/M3U8/HLS across current candidates, IPTV indexes, GitHub repositories/code search, broadcaster pages, regional lists, public stream directories, alternate feeds, and master-manifest renditions","https://iptv-org.github.io/api/streams.json; https://iptv-org.github.io/iptv/index.m3u; https://raw.githubusercontent.com/Free-TV/IPTV/master/playlist.m3u8; GitHub code search and public IPTV repositories; Broadcaster websites and live pages; Public FAST distributions on Rakuten, Xumo, Tubi, Pluto, Samsung TV Plus, Plex, Amagi, Wurl, and Ottera; Web search for exact names, spelling variants, regional feeds, SD/576/720 editions, HLS, and M3U8 references",,No stable responding 576p or 720p rendition with acceptable provenance survived the focused review; the important/current 1080p channel was retained.
Sat 7 Kids,Kids,1080p,1080p,https://svs.itworkscdn.net/sat7kidslive/sat7kids.smil/playlist_dvr.m3u8,https://svs.itworkscdn.net/sat7kidslive/sat7kids.smil/playlist_dvr.m3u8,"1080p; Exact name plus 576/576p/SD/720/720p/M3U/M3U8/HLS across current candidates, IPTV indexes, GitHub repositories/code search, broadcaster pages, regional lists, public stream directories, alternate feeds, and master-manifest renditions","https://iptv-org.github.io/api/streams.json; https://iptv-org.github.io/iptv/index.m3u; https://raw.githubusercontent.com/Free-TV/IPTV/master/playlist.m3u8; GitHub code search and public IPTV repositories; Broadcaster websites and live pages; Public FAST distributions on Rakuten, Xumo, Tubi, Pluto, Samsung TV Plus, Plex, Amagi, Wurl, and Ottera; Web search for exact names, spelling variants, regional feeds, SD/576/720 editions, HLS, and M3U8 references",,No stable responding 576p or 720p rendition with acceptable provenance survived the focused review; the important/current 1080p channel was retained.
Sharjah Sports,Sports,1080p,1080p,https://svs.itworkscdn.net/smc4sportslive/smc4tv.smil/playlist.m3u8,https://svs.itworkscdn.net/smc4sportslive/smc4tv.smil/playlist.m3u8,"1080p; unknown; Exact name plus 576/576p/SD/720/720p/M3U/M3U8/HLS across current candidates, IPTV indexes, GitHub repositories/code search, broadcaster pages, regional lists, public stream directories, alternate feeds, and master-manifest renditions","https://iptv-org.github.io/api/streams.json; https://iptv-org.github.io/iptv/index.m3u; https://raw.githubusercontent.com/Free-TV/IPTV/master/playlist.m3u8; GitHub code search and public IPTV repositories; Broadcaster websites and live pages; Public FAST distributions on Rakuten, Xumo, Tubi, Pluto, Samsung TV Plus, Plex, Amagi, Wurl, and Ottera; Web search for exact names, spelling variants, regional feeds, SD/576/720 editions, HLS, and M3U8 references",,No stable responding 576p or 720p rendition with acceptable provenance survived the focused review; the important/current 1080p channel was retained.
Sharq Radio TV,Afghanistan,1080p,1080p,https://59nyqa5elwap-hls-live.5centscdn.com/Sharq/eec89088ee408b80387155272b113256.sdp/playlist.m3u8,https://59nyqa5elwap-hls-live.5centscdn.com/Sharq/eec89088ee408b80387155272b113256.sdp/playlist.m3u8,"1080p; Exact name plus 576/576p/SD/720/720p/M3U/M3U8/HLS across current candidates, IPTV indexes, GitHub repositories/code search, broadcaster pages, regional lists, public stream directories, alternate feeds, and master-manifest renditions","https://iptv-org.github.io/api/streams.json; https://iptv-org.github.io/iptv/index.m3u; https://raw.githubusercontent.com/Free-TV/IPTV/master/playlist.m3u8; GitHub code search and public IPTV repositories; Broadcaster websites and live pages; Public FAST distributions on Rakuten, Xumo, Tubi, Pluto, Samsung TV Plus, Plex, Amagi, Wurl, and Ottera; Web search for exact names, spelling variants, regional feeds, SD/576/720 editions, HLS, and M3U8 references",,No stable responding 576p or 720p rendition with acceptable provenance survived the focused review; the important/current 1080p channel was retained.
SKI TV,Sports,1080p,1080p,https://d2xeo83q8fcni6.cloudfront.net/v1/master/9d062541f2ff39b5c0f48b743c6411d25f62fc25/SkiTV-SportsTribal/193.m3u8,https://d2xeo83q8fcni6.cloudfront.net/v1/master/9d062541f2ff39b5c0f48b743c6411d25f62fc25/SkiTV-SportsTribal/193.m3u8,"1080p; Exact name plus 576/576p/SD/720/720p/M3U/M3U8/HLS across current candidates, IPTV indexes, GitHub repositories/code search, broadcaster pages, regional lists, public stream directories, alternate feeds, and master-manifest renditions","https://iptv-org.github.io/api/streams.json; https://iptv-org.github.io/iptv/index.m3u; https://raw.githubusercontent.com/Free-TV/IPTV/master/playlist.m3u8; GitHub code search and public IPTV repositories; Broadcaster websites and live pages; Public FAST distributions on Rakuten, Xumo, Tubi, Pluto, Samsung TV Plus, Plex, Amagi, Wurl, and Ottera; Web search for exact names, spelling variants, regional feeds, SD/576/720 editions, HLS, and M3U8 references",,No stable responding 576p or 720p rendition with acceptable provenance survived the focused review; the important/current 1080p channel was retained.
Sohail TV,Afghanistan,1080p,720p,https://iptv.sohailtv.com/sohail/playlist/index.m3u8,https://iptv.sohailtv.com/sohailtv/playlist_mid/index.m3u8,"480p; 720p; 1080p; Exact name plus 576/576p/SD/720/720p/M3U/M3U8/HLS across current candidates, IPTV indexes, GitHub repositories/code search, broadcaster pages, regional lists, public stream directories, alternate feeds, and master-manifest renditions",Public HLS master manifests already referenced by curation/channels.json,Stable 720p rendition from the selected HLS master; media playlist and first media object responded twice.,
Sony KAL Hindi,India,1080p,1080p,https://wurlsonypicturestv.global.transmit.live/hls/68deeb1c0238cda82df543dd/v1/spt_sonykal_1/lg_us/latest/main/hls/playlist.m3u8,https://wurlsonypicturestv.global.transmit.live/hls/68deeb1c0238cda82df543dd/v1/spt_sonykal_1/lg_us/latest/main/hls/playlist.m3u8,"1080p; Exact name plus 576/576p/SD/720/720p/M3U/M3U8/HLS across current candidates, IPTV indexes, GitHub repositories/code search, broadcaster pages, regional lists, public stream directories, alternate feeds, and master-manifest renditions","https://iptv-org.github.io/api/streams.json; https://iptv-org.github.io/iptv/index.m3u; https://raw.githubusercontent.com/Free-TV/IPTV/master/playlist.m3u8; GitHub code search and public IPTV repositories; Broadcaster websites and live pages; Public FAST distributions on Rakuten, Xumo, Tubi, Pluto, Samsung TV Plus, Plex, Amagi, Wurl, and Ottera; Web search for exact names, spelling variants, regional feeds, SD/576/720 editions, HLS, and M3U8 references",,No stable responding 576p or 720p rendition with acceptable provenance survived the focused review; the important/current 1080p channel was retained.
Star Sports 1,Sports,1080p,1080p,http://41.205.93.154/STARSPORTS1/index.m3u8,http://41.205.93.154/STARSPORTS1/index.m3u8,"1080p; Exact name plus 576/576p/SD/720/720p/M3U/M3U8/HLS across current candidates, IPTV indexes, GitHub repositories/code search, broadcaster pages, regional lists, public stream directories, alternate feeds, and master-manifest renditions","https://iptv-org.github.io/api/streams.json; https://iptv-org.github.io/iptv/index.m3u; https://raw.githubusercontent.com/Free-TV/IPTV/master/playlist.m3u8; GitHub code search and public IPTV repositories; Broadcaster websites and live pages; Public FAST distributions on Rakuten, Xumo, Tubi, Pluto, Samsung TV Plus, Plex, Amagi, Wurl, and Ottera; Web search for exact names, spelling variants, regional feeds, SD/576/720 editions, HLS, and M3U8 references",,No stable responding 576p or 720p rendition with acceptable provenance survived the focused review; the important/current 1080p channel was retained.
Stingray Classic Rock,Music,1080p,1080p,https://lotus.stingray.com/manifest/ose-101ads-montreal/samsungtvplus/master.m3u8,https://lotus.stingray.com/manifest/ose-101ads-montreal/samsungtvplus/master.m3u8,"1080p; Exact name plus 576/576p/SD/720/720p/M3U/M3U8/HLS across current candidates, IPTV indexes, GitHub repositories/code search, broadcaster pages, regional lists, public stream directories, alternate feeds, and master-manifest renditions","https://iptv-org.github.io/api/streams.json; https://iptv-org.github.io/iptv/index.m3u; https://raw.githubusercontent.com/Free-TV/IPTV/master/playlist.m3u8; GitHub code search and public IPTV repositories; Broadcaster websites and live pages; Public FAST distributions on Rakuten, Xumo, Tubi, Pluto, Samsung TV Plus, Plex, Amagi, Wurl, and Ottera; Web search for exact names, spelling variants, regional feeds, SD/576/720 editions, HLS, and M3U8 references",,No stable responding 576p or 720p rendition with acceptable provenance survived the focused review; the important/current 1080p channel was retained.
Stingray Classica,Music,1080p,720p,https://lotus.stingray.com/manifest/classica-cla008-montreal/samsungtvplus/master.m3u8,https://lotus.stingray.com/manifest/classica-cla008-montreal/samsungtvplus/ab2001ec-760a-3ffc-94e5-f8a15e702859/3291200/manifest.m3u8,"144p; 360p; 474p; 720p; 1080p; Exact name plus 576/576p/SD/720/720p/M3U/M3U8/HLS across current candidates, IPTV indexes, GitHub repositories/code search, broadcaster pages, regional lists, public stream directories, alternate feeds, and master-manifest renditions",Public HLS master manifests already referenced by curation/channels.json,Stable 720p rendition from the selected HLS master; media playlist and first media object responded twice.,
Stingray DJAZZ,Music,1080p,720p,https://lotus.stingray.com/manifest/djazz-djaads-montreal/samsungtvplus/master.m3u8,https://lotus.stingray.com/manifest/djazz-djaads-montreal/samsungtvplus/73e02e1d-5121-3c33-b4f9-5fe1cc759880/3291200/manifest.m3u8,"144p; 360p; 474p; 720p; 1080p; Exact name plus 576/576p/SD/720/720p/M3U/M3U8/HLS across current candidates, IPTV indexes, GitHub repositories/code search, broadcaster pages, regional lists, public stream directories, alternate feeds, and master-manifest renditions",Public HLS master manifests already referenced by curation/channels.json,Stable 720p rendition from the selected HLS master; media playlist and first media object responded twice.,
Stingray Everything '80s,Music,1080p,1080p,https://lotus.stingray.com/manifest/ose-128ads-montreal/samsungtvplus/master.m3u8,https://lotus.stingray.com/manifest/ose-128ads-montreal/samsungtvplus/master.m3u8,"1080p; Exact name plus 576/576p/SD/720/720p/M3U/M3U8/HLS across current candidates, IPTV indexes, GitHub repositories/code search, broadcaster pages, regional lists, public stream directories, alternate feeds, and master-manifest renditions","https://iptv-org.github.io/api/streams.json; https://iptv-org.github.io/iptv/index.m3u; https://raw.githubusercontent.com/Free-TV/IPTV/master/playlist.m3u8; GitHub code search and public IPTV repositories; Broadcaster websites and live pages; Public FAST distributions on Rakuten, Xumo, Tubi, Pluto, Samsung TV Plus, Plex, Amagi, Wurl, and Ottera; Web search for exact names, spelling variants, regional feeds, SD/576/720 editions, HLS, and M3U8 references",,No stable responding 576p or 720p rendition with acceptable provenance survived the focused review; the important/current 1080p channel was retained.
Stingray Hit List,Music,1080p,1080p,https://d39g1vxj2ef6in.cloudfront.net/v1/master/3fec3e5cac39a52b2132f9c66c83dae043dc17d4/prod-rakuten-stitched/master.m3u8?ads.xumo_channelId=88883054,https://d39g1vxj2ef6in.cloudfront.net/v1/master/3fec3e5cac39a52b2132f9c66c83dae043dc17d4/prod-rakuten-stitched/master.m3u8?ads.xumo_channelId=88883054,"1080p; Exact name plus 576/576p/SD/720/720p/M3U/M3U8/HLS across current candidates, IPTV indexes, GitHub repositories/code search, broadcaster pages, regional lists, public stream directories, alternate feeds, and master-manifest renditions","https://iptv-org.github.io/api/streams.json; https://iptv-org.github.io/iptv/index.m3u; https://raw.githubusercontent.com/Free-TV/IPTV/master/playlist.m3u8; GitHub code search and public IPTV repositories; Broadcaster websites and live pages; Public FAST distributions on Rakuten, Xumo, Tubi, Pluto, Samsung TV Plus, Plex, Amagi, Wurl, and Ottera; Web search for exact names, spelling variants, regional feeds, SD/576/720 editions, HLS, and M3U8 references",,No stable responding 576p or 720p rendition with acceptable provenance survived the focused review; the important/current 1080p channel was retained.
Super Simple Songs,Kids,1080p,720p,https://janson-supersimplesongs-1-us.roku.wurl.tv/playlist.m3u8,https://janson-supersimplesongs-1-us.roku.wurl.tv/3000.m3u8,"216p; 360p; 540p; 720p; 1080p; Exact name plus 576/576p/SD/720/720p/M3U/M3U8/HLS across current candidates, IPTV indexes, GitHub repositories/code search, broadcaster pages, regional lists, public stream directories, alternate feeds, and master-manifest renditions",Public HLS master manifests already referenced by curation/channels.json,Stable 720p rendition from the selected HLS master; media playlist and first media object responded twice.,
Superyacht TV,Lifestyle,1080p,1080p,https://sy.wns.live/hls/stream.m3u8,https://sy.wns.live/hls/stream.m3u8,"1080p; Exact name plus 576/576p/SD/720/720p/M3U/M3U8/HLS across current candidates, IPTV indexes, GitHub repositories/code search, broadcaster pages, regional lists, public stream directories, alternate feeds, and master-manifest renditions","https://iptv-org.github.io/api/streams.json; https://iptv-org.github.io/iptv/index.m3u; https://raw.githubusercontent.com/Free-TV/IPTV/master/playlist.m3u8; GitHub code search and public IPTV repositories; Broadcaster websites and live pages; Public FAST distributions on Rakuten, Xumo, Tubi, Pluto, Samsung TV Plus, Plex, Amagi, Wurl, and Ottera; Web search for exact names, spelling variants, regional feeds, SD/576/720 editions, HLS, and M3U8 references",,No stable responding 576p or 720p rendition with acceptable provenance survived the focused review; the important/current 1080p channel was retained.
talkSPORT,Sports,1080p,1080p,https://af7a8b4e.wurl.com/master/f36d25e7e52f1ba8d7e56eb859c636563214f541/TEctZ2JfdGFsa1NQT1JUX0hMUw/playlist.m3u8,https://af7a8b4e.wurl.com/master/f36d25e7e52f1ba8d7e56eb859c636563214f541/TEctZ2JfdGFsa1NQT1JUX0hMUw/playlist.m3u8,"1080p; Exact name plus 576/576p/SD/720/720p/M3U/M3U8/HLS across current candidates, IPTV indexes, GitHub repositories/code search, broadcaster pages, regional lists, public stream directories, alternate feeds, and master-manifest renditions","https://iptv-org.github.io/api/streams.json; https://iptv-org.github.io/iptv/index.m3u; https://raw.githubusercontent.com/Free-TV/IPTV/master/playlist.m3u8; GitHub code search and public IPTV repositories; Broadcaster websites and live pages; Public FAST distributions on Rakuten, Xumo, Tubi, Pluto, Samsung TV Plus, Plex, Amagi, Wurl, and Ottera; Web search for exact names, spelling variants, regional feeds, SD/576/720 editions, HLS, and M3U8 references",,No stable responding 576p or 720p rendition with acceptable provenance survived the focused review; the important/current 1080p channel was retained.
Tastemade Travel,Lifestyle,1080p,720p,https://d6ef3usc6d9cl.cloudfront.net/Tastemade_Travel.m3u8,https://d6ef3usc6d9cl.cloudfront.net/720p-vtt/index.m3u8,"360p; 480p; 720p; 1080p; Exact name plus 576/576p/SD/720/720p/M3U/M3U8/HLS across current candidates, IPTV indexes, GitHub repositories/code search, broadcaster pages, regional lists, public stream directories, alternate feeds, and master-manifest renditions",Public HLS master manifests already referenced by curation/channels.json,Stable 720p rendition from the selected HLS master; media playlist and first media object responded twice.,
Terra Mater WILD,Documentary,1080p,1080p,https://amg01775-amg01775c1-amgplt0343.playout.now3.amagi.tv/playlist/amg01775-amg01775c1-amgplt0343/playlist.m3u8,https://amg01775-amg01775c1-amgplt0343.playout.now3.amagi.tv/playlist/amg01775-amg01775c1-amgplt0343/playlist.m3u8,"1080p; Exact name plus 576/576p/SD/720/720p/M3U/M3U8/HLS across current candidates, IPTV indexes, GitHub repositories/code search, broadcaster pages, regional lists, public stream directories, alternate feeds, and master-manifest renditions","https://iptv-org.github.io/api/streams.json; https://iptv-org.github.io/iptv/index.m3u; https://raw.githubusercontent.com/Free-TV/IPTV/master/playlist.m3u8; GitHub code search and public IPTV repositories; Broadcaster websites and live pages; Public FAST distributions on Rakuten, Xumo, Tubi, Pluto, Samsung TV Plus, Plex, Amagi, Wurl, and Ottera; Web search for exact names, spelling variants, regional feeds, SD/576/720 editions, HLS, and M3U8 references",,No stable responding 576p or 720p rendition with acceptable provenance survived the focused review; the important/current 1080p channel was retained.
The Design Network,Lifestyle,1080p,720p,https://amg00441-amg00441c1-rakuten-us-6050.playouts.now.amagi.tv/playlist.m3u8,https://amg00441-amg00441c1-rakuten-us-6050.playouts.now.amagi.tv/720p-en-cc/index.m3u8,"240p; 360p; 480p; 720p; 1080p; Exact name plus 576/576p/SD/720/720p/M3U/M3U8/HLS across current candidates, IPTV indexes, GitHub repositories/code search, broadcaster pages, regional lists, public stream directories, alternate feeds, and master-manifest renditions",Public HLS master manifests already referenced by curation/channels.json,Stable 720p rendition from the selected HLS master; media playlist and first media object responded twice.,
Tiny Pop,Kids,1080p,1080p,https://amg01753-narrativeentert-tinypop-samsunguk-hvvb7.amagi.tv/playlist/amg01753-narrativeentert-tinypop-samsunguk/playlist.m3u8,https://amg01753-narrativeentert-tinypop-samsunguk-hvvb7.amagi.tv/playlist/amg01753-narrativeentert-tinypop-samsunguk/playlist.m3u8,"1080p; Exact name plus 576/576p/SD/720/720p/M3U/M3U8/HLS across current candidates, IPTV indexes, GitHub repositories/code search, broadcaster pages, regional lists, public stream directories, alternate feeds, and master-manifest renditions","https://iptv-org.github.io/api/streams.json; https://iptv-org.github.io/iptv/index.m3u; https://raw.githubusercontent.com/Free-TV/IPTV/master/playlist.m3u8; GitHub code search and public IPTV repositories; Broadcaster websites and live pages; Public FAST distributions on Rakuten, Xumo, Tubi, Pluto, Samsung TV Plus, Plex, Amagi, Wurl, and Ottera; Web search for exact names, spelling variants, regional feeds, SD/576/720 editions, HLS, and M3U8 references",,No stable responding 576p or 720p rendition with acceptable provenance survived the focused review; the important/current 1080p channel was retained.
Trace Africa,Music,1080p,1080p,https://channels.trace.plus/Traceprod/AFRICA_FR_hd/index.m3u8,https://channels.trace.plus/Traceprod/AFRICA_FR_hd/index.m3u8,"1080p; Exact name plus 576/576p/SD/720/720p/M3U/M3U8/HLS across current candidates, IPTV indexes, GitHub repositories/code search, broadcaster pages, regional lists, public stream directories, alternate feeds, and master-manifest renditions","https://iptv-org.github.io/api/streams.json; https://iptv-org.github.io/iptv/index.m3u; https://raw.githubusercontent.com/Free-TV/IPTV/master/playlist.m3u8; GitHub code search and public IPTV repositories; Broadcaster websites and live pages; Public FAST distributions on Rakuten, Xumo, Tubi, Pluto, Samsung TV Plus, Plex, Amagi, Wurl, and Ottera; Web search for exact names, spelling variants, regional feeds, SD/576/720 editions, HLS, and M3U8 references",,No stable responding 576p or 720p rendition with acceptable provenance survived the focused review; the important/current 1080p channel was retained.
Trace Naija,Music,1080p,1080p,https://channels.trace.plus/Traceprod/NAIJA_hd/index.m3u8,https://channels.trace.plus/Traceprod/NAIJA_hd/index.m3u8,"1080p; Exact name plus 576/576p/SD/720/720p/M3U/M3U8/HLS across current candidates, IPTV indexes, GitHub repositories/code search, broadcaster pages, regional lists, public stream directories, alternate feeds, and master-manifest renditions","https://iptv-org.github.io/api/streams.json; https://iptv-org.github.io/iptv/index.m3u; https://raw.githubusercontent.com/Free-TV/IPTV/master/playlist.m3u8; GitHub code search and public IPTV repositories; Broadcaster websites and live pages; Public FAST distributions on Rakuten, Xumo, Tubi, Pluto, Samsung TV Plus, Plex, Amagi, Wurl, and Ottera; Web search for exact names, spelling variants, regional feeds, SD/576/720 editions, HLS, and M3U8 references",,No stable responding 576p or 720p rendition with acceptable provenance survived the focused review; the important/current 1080p channel was retained.
Trace Sport Stars,Sports,1080p,720p,https://amg01131-tracetv-amg01131c2-stirr-us-4392.playouts.now.amagi.tv/playlist.m3u8,https://amg01131-tracetv-amg01131c2-stirr-us-4392.playouts.now.amagi.tv/playlist720P.m3u8,"240p; 360p; 480p; 720p; 1080p; Exact name plus 576/576p/SD/720/720p/M3U/M3U8/HLS across current candidates, IPTV indexes, GitHub repositories/code search, broadcaster pages, regional lists, public stream directories, alternate feeds, and master-manifest renditions",Public HLS master manifests already referenced by curation/channels.json,Stable 720p rendition from the selected HLS master; media playlist and first media object responded twice.,
Trace UK,Music,1080p,1080p,https://channels.trace.plus/Traceprod/UK_FAST_hd/index.m3u8,https://channels.trace.plus/Traceprod/UK_FAST_hd/index.m3u8,"1080p; Exact name plus 576/576p/SD/720/720p/M3U/M3U8/HLS across current candidates, IPTV indexes, GitHub repositories/code search, broadcaster pages, regional lists, public stream directories, alternate feeds, and master-manifest renditions","https://iptv-org.github.io/api/streams.json; https://iptv-org.github.io/iptv/index.m3u; https://raw.githubusercontent.com/Free-TV/IPTV/master/playlist.m3u8; GitHub code search and public IPTV repositories; Broadcaster websites and live pages; Public FAST distributions on Rakuten, Xumo, Tubi, Pluto, Samsung TV Plus, Plex, Amagi, Wurl, and Ottera; Web search for exact names, spelling variants, regional feeds, SD/576/720 editions, HLS, and M3U8 references",,No stable responding 576p or 720p rendition with acceptable provenance survived the focused review; the important/current 1080p channel was retained.
Travelxp,Lifestyle,1080p,1080p,https://amg00416-amg00416c9-samsung-in-4882.playouts.now.amagi.tv/playlist/amg00416-travelxp-travelxphd-samsungin/playlist.m3u8,https://amg00416-amg00416c9-samsung-in-4882.playouts.now.amagi.tv/playlist/amg00416-travelxp-travelxphd-samsungin/playlist.m3u8,"1080p; Exact name plus 576/576p/SD/720/720p/M3U/M3U8/HLS across current candidates, IPTV indexes, GitHub repositories/code search, broadcaster pages, regional lists, public stream directories, alternate feeds, and master-manifest renditions","https://iptv-org.github.io/api/streams.json; https://iptv-org.github.io/iptv/index.m3u; https://raw.githubusercontent.com/Free-TV/IPTV/master/playlist.m3u8; GitHub code search and public IPTV repositories; Broadcaster websites and live pages; Public FAST distributions on Rakuten, Xumo, Tubi, Pluto, Samsung TV Plus, Plex, Amagi, Wurl, and Ottera; Web search for exact names, spelling variants, regional feeds, SD/576/720 editions, HLS, and M3U8 references",,No stable responding 576p or 720p rendition with acceptable provenance survived the focused review; the important/current 1080p channel was retained.
Unbeaten,Sports,1080p,720p,https://d1t5afz6qed3xk.cloudfront.net/Unbeaten.m3u8,https://d1t5afz6qed3xk.cloudfront.net/720p-vtt/index.m3u8,"360p; 480p; 720p; 1080p; Exact name plus 576/576p/SD/720/720p/M3U/M3U8/HLS across current candidates, IPTV indexes, GitHub repositories/code search, broadcaster pages, regional lists, public stream directories, alternate feeds, and master-manifest renditions",Public HLS master manifests already referenced by curation/channels.json,Stable 720p rendition from the selected HLS master; media playlist and first media object responded twice.,
Vevo '80s,Music,1080p,1080p,https://amg00056-vevotv-vevo80saunz-samsungau-rp5e3.amagi.tv/playlist/amg00056-vevotv-vevo80saunz-samsungau/playlist.m3u8,https://amg00056-vevotv-vevo80saunz-samsungau-rp5e3.amagi.tv/playlist/amg00056-vevotv-vevo80saunz-samsungau/playlist.m3u8,"1080p; unknown; Exact name plus 576/576p/SD/720/720p/M3U/M3U8/HLS across current candidates, IPTV indexes, GitHub repositories/code search, broadcaster pages, regional lists, public stream directories, alternate feeds, and master-manifest renditions","https://iptv-org.github.io/api/streams.json; https://iptv-org.github.io/iptv/index.m3u; https://raw.githubusercontent.com/Free-TV/IPTV/master/playlist.m3u8; GitHub code search and public IPTV repositories; Broadcaster websites and live pages; Public FAST distributions on Rakuten, Xumo, Tubi, Pluto, Samsung TV Plus, Plex, Amagi, Wurl, and Ottera; Web search for exact names, spelling variants, regional feeds, SD/576/720 editions, HLS, and M3U8 references",,No stable responding 576p or 720p rendition with acceptable provenance survived the focused review; the important/current 1080p channel was retained.
Vevo '90s,Music,1080p,1080p,https://amg00056-vevotv-vevo90saunz-samsungau-n6a0d.amagi.tv/playlist/amg00056-vevotv-vevo90saunz-samsungau/playlist.m3u8,https://amg00056-vevotv-vevo90saunz-samsungau-n6a0d.amagi.tv/playlist/amg00056-vevotv-vevo90saunz-samsungau/playlist.m3u8,"1080p; unknown; Exact name plus 576/576p/SD/720/720p/M3U/M3U8/HLS across current candidates, IPTV indexes, GitHub repositories/code search, broadcaster pages, regional lists, public stream directories, alternate feeds, and master-manifest renditions","https://iptv-org.github.io/api/streams.json; https://iptv-org.github.io/iptv/index.m3u; https://raw.githubusercontent.com/Free-TV/IPTV/master/playlist.m3u8; GitHub code search and public IPTV repositories; Broadcaster websites and live pages; Public FAST distributions on Rakuten, Xumo, Tubi, Pluto, Samsung TV Plus, Plex, Amagi, Wurl, and Ottera; Web search for exact names, spelling variants, regional feeds, SD/576/720 editions, HLS, and M3U8 references",,No stable responding 576p or 720p rendition with acceptable provenance survived the focused review; the important/current 1080p channel was retained.
Vevo 2K,Music,1080p,1080p,https://amg00056-vevotv-vevo2kau-samsungnz-tamaq.amagi.tv/playlist/amg00056-vevotv-vevo2kau-samsungnz/playlist.m3u8,https://amg00056-vevotv-vevo2kau-samsungnz-tamaq.amagi.tv/playlist/amg00056-vevotv-vevo2kau-samsungnz/playlist.m3u8,"1080p; unknown; Exact name plus 576/576p/SD/720/720p/M3U/M3U8/HLS across current candidates, IPTV indexes, GitHub repositories/code search, broadcaster pages, regional lists, public stream directories, alternate feeds, and master-manifest renditions","https://iptv-org.github.io/api/streams.json; https://iptv-org.github.io/iptv/index.m3u; https://raw.githubusercontent.com/Free-TV/IPTV/master/playlist.m3u8; GitHub code search and public IPTV repositories; Broadcaster websites and live pages; Public FAST distributions on Rakuten, Xumo, Tubi, Pluto, Samsung TV Plus, Plex, Amagi, Wurl, and Ottera; Web search for exact names, spelling variants, regional feeds, SD/576/720 editions, HLS, and M3U8 references",,No stable responding 576p or 720p rendition with acceptable provenance survived the focused review; the important/current 1080p channel was retained.
Vevo Hip Hop,Music,1080p,1080p,https://d3vgs3ro3x6v8a.cloudfront.net/Vevo_Hip_Hop.m3u8,https://d3vgs3ro3x6v8a.cloudfront.net/Vevo_Hip_Hop.m3u8,"1080p; Exact name plus 576/576p/SD/720/720p/M3U/M3U8/HLS across current candidates, IPTV indexes, GitHub repositories/code search, broadcaster pages, regional lists, public stream directories, alternate feeds, and master-manifest renditions","https://iptv-org.github.io/api/streams.json; https://iptv-org.github.io/iptv/index.m3u; https://raw.githubusercontent.com/Free-TV/IPTV/master/playlist.m3u8; GitHub code search and public IPTV repositories; Broadcaster websites and live pages; Public FAST distributions on Rakuten, Xumo, Tubi, Pluto, Samsung TV Plus, Plex, Amagi, Wurl, and Ottera; Web search for exact names, spelling variants, regional feeds, SD/576/720 editions, HLS, and M3U8 references",,No stable responding 576p or 720p rendition with acceptable provenance survived the focused review; the important/current 1080p channel was retained.
Vevo Pop,Music,1080p,720p,https://amg00056-amg00056c6-rakuten-uk-3235.playouts.now.amagi.tv/playlist.m3u8,https://amg00056-amg00056c6-rakuten-uk-3235.playouts.now.amagi.tv/playlist1280x720p.m3u8,"360p; 480p; 720p; 1080p; Exact name plus 576/576p/SD/720/720p/M3U/M3U8/HLS across current candidates, IPTV indexes, GitHub repositories/code search, broadcaster pages, regional lists, public stream directories, alternate feeds, and master-manifest renditions",Public HLS master manifests already referenced by curation/channels.json,Stable 720p rendition from the selected HLS master; media playlist and first media object responded twice.,
VoA TV Persian,News,1080p,720p,https://voa-ingest.akamaized.net/hls/live/2033876/tvmc07/playlist.m3u8,https://voa-ingest.akamaized.net/hls/live/2033876/tvmc07/playlist_0720.m3u8,"240p; 360p; 480p; 720p; 1080p; Exact name plus 576/576p/SD/720/720p/M3U/M3U8/HLS across current candidates, IPTV indexes, GitHub repositories/code search, broadcaster pages, regional lists, public stream directories, alternate feeds, and master-manifest renditions",Public HLS master manifests already referenced by curation/channels.json,Stable 720p rendition from the selected HLS master; media playlist and first media object responded twice.,
WaterBear,Documentary,1080p,1080p,https://amg01415-waterbearnetwor-waterbear-samsunguk-1h0y8.amagi.tv/playlist/amg01415-waterbearnetwor-waterbear-samsunguk/playlist.m3u8,https://amg01415-waterbearnetwor-waterbear-samsunguk-1h0y8.amagi.tv/playlist/amg01415-waterbearnetwor-waterbear-samsunguk/playlist.m3u8,"1080p; Exact name plus 576/576p/SD/720/720p/M3U/M3U8/HLS across current candidates, IPTV indexes, GitHub repositories/code search, broadcaster pages, regional lists, public stream directories, alternate feeds, and master-manifest renditions","https://iptv-org.github.io/api/streams.json; https://iptv-org.github.io/iptv/index.m3u; https://raw.githubusercontent.com/Free-TV/IPTV/master/playlist.m3u8; GitHub code search and public IPTV repositories; Broadcaster websites and live pages; Public FAST distributions on Rakuten, Xumo, Tubi, Pluto, Samsung TV Plus, Plex, Amagi, Wurl, and Ottera; Web search for exact names, spelling variants, regional feeds, SD/576/720 editions, HLS, and M3U8 references",,No stable responding 576p or 720p rendition with acceptable provenance survived the focused review; the important/current 1080p channel was retained.
Wedo Big Stories,Documentary,1080p,1080p,https://amg00735-videosolutionsa-wedobigdocs-ono-0urlz.amagi.tv/playlist/amg00735-videosolutionsa-wedobigdocs-ono/playlist.m3u8,https://amg00735-videosolutionsa-wedobigdocs-ono-0urlz.amagi.tv/playlist/amg00735-videosolutionsa-wedobigdocs-ono/playlist.m3u8,"1080p; Exact name plus 576/576p/SD/720/720p/M3U/M3U8/HLS across current candidates, IPTV indexes, GitHub repositories/code search, broadcaster pages, regional lists, public stream directories, alternate feeds, and master-manifest renditions","https://iptv-org.github.io/api/streams.json; https://iptv-org.github.io/iptv/index.m3u; https://raw.githubusercontent.com/Free-TV/IPTV/master/playlist.m3u8; GitHub code search and public IPTV repositories; Broadcaster websites and live pages; Public FAST distributions on Rakuten, Xumo, Tubi, Pluto, Samsung TV Plus, Plex, Amagi, Wurl, and Ottera; Web search for exact names, spelling variants, regional feeds, SD/576/720 editions, HLS, and M3U8 references",,No stable responding 576p or 720p rendition with acceptable provenance survived the focused review; the important/current 1080p channel was retained.
WildEarth,Documentary,1080p,1080p,https://cdn-ue1-prod.tsv2.amagi.tv/linear/amg01290-wildearth-oando/playlist.m3u8,https://cdn-ue1-prod.tsv2.amagi.tv/linear/amg01290-wildearth-oando/playlist.m3u8,"1080p; Exact name plus 576/576p/SD/720/720p/M3U/M3U8/HLS across current candidates, IPTV indexes, GitHub repositories/code search, broadcaster pages, regional lists, public stream directories, alternate feeds, and master-manifest renditions","https://iptv-org.github.io/api/streams.json; https://iptv-org.github.io/iptv/index.m3u; https://raw.githubusercontent.com/Free-TV/IPTV/master/playlist.m3u8; GitHub code search and public IPTV repositories; Broadcaster websites and live pages; Public FAST distributions on Rakuten, Xumo, Tubi, Pluto, Samsung TV Plus, Plex, Amagi, Wurl, and Ottera; Web search for exact names, spelling variants, regional feeds, SD/576/720 editions, HLS, and M3U8 references",,No stable responding 576p or 720p rendition with acceptable provenance survived the focused review; the important/current 1080p channel was retained.
XITE 90's Throwback,Music,1080p,1080p,https://d284aawtm5vi48.cloudfront.net/v1/master/3722c60a815c199d9c0ef36c5b73da68a62b09d1/cc-fjdfi2br1jtq7/XITE_90s_Throwback.m3u8,https://d284aawtm5vi48.cloudfront.net/v1/master/3722c60a815c199d9c0ef36c5b73da68a62b09d1/cc-fjdfi2br1jtq7/XITE_90s_Throwback.m3u8,"1080p; Exact name plus 576/576p/SD/720/720p/M3U/M3U8/HLS across current candidates, IPTV indexes, GitHub repositories/code search, broadcaster pages, regional lists, public stream directories, alternate feeds, and master-manifest renditions","https://iptv-org.github.io/api/streams.json; https://iptv-org.github.io/iptv/index.m3u; https://raw.githubusercontent.com/Free-TV/IPTV/master/playlist.m3u8; GitHub code search and public IPTV repositories; Broadcaster websites and live pages; Public FAST distributions on Rakuten, Xumo, Tubi, Pluto, Samsung TV Plus, Plex, Amagi, Wurl, and Ottera; Web search for exact names, spelling variants, regional feeds, SD/576/720 editions, HLS, and M3U8 references",,No stable responding 576p or 720p rendition with acceptable provenance survived the focused review; the important/current 1080p channel was retained.
XITE Hits,Music,1080p,1080p,https://amg01243-xitenetworksint-hitsuk-samsunguk-mvovq.amagi.tv/playlist/amg01243-xitenetworksint-hitsuk-samsunguk/playlist.m3u8,https://amg01243-xitenetworksint-hitsuk-samsunguk-mvovq.amagi.tv/playlist/amg01243-xitenetworksint-hitsuk-samsunguk/playlist.m3u8,"1080p; Exact name plus 576/576p/SD/720/720p/M3U/M3U8/HLS across current candidates, IPTV indexes, GitHub repositories/code search, broadcaster pages, regional lists, public stream directories, alternate feeds, and master-manifest renditions","https://iptv-org.github.io/api/streams.json; https://iptv-org.github.io/iptv/index.m3u; https://raw.githubusercontent.com/Free-TV/IPTV/master/playlist.m3u8; GitHub code search and public IPTV repositories; Broadcaster websites and live pages; Public FAST distributions on Rakuten, Xumo, Tubi, Pluto, Samsung TV Plus, Plex, Amagi, Wurl, and Ottera; Web search for exact names, spelling variants, regional feeds, SD/576/720 editions, HLS, and M3U8 references",,No stable responding 576p or 720p rendition with acceptable provenance survived the focused review; the important/current 1080p channel was retained.
YRF Music,India,1080p,1080p,https://cdn-uw2-prod.tsv2.amagi.tv/linear/amg01412-xiaomiasia-yrfmusic-xiaomi/playlist.m3u8,https://cdn-uw2-prod.tsv2.amagi.tv/linear/amg01412-xiaomiasia-yrfmusic-xiaomi/playlist.m3u8,"1080p; Exact name plus 576/576p/SD/720/720p/M3U/M3U8/HLS across current candidates, IPTV indexes, GitHub repositories/code search, broadcaster pages, regional lists, public stream directories, alternate feeds, and master-manifest renditions","https://iptv-org.github.io/api/streams.json; https://iptv-org.github.io/iptv/index.m3u; https://raw.githubusercontent.com/Free-TV/IPTV/master/playlist.m3u8; GitHub code search and public IPTV repositories; Broadcaster websites and live pages; Public FAST distributions on Rakuten, Xumo, Tubi, Pluto, Samsung TV Plus, Plex, Amagi, Wurl, and Ottera; Web search for exact names, spelling variants, regional feeds, SD/576/720 editions, HLS, and M3U8 references",,No stable responding 576p or 720p rendition with acceptable provenance survived the focused review; the important/current 1080p channel was retained.
Zee Cine Classic,India,1080p,1080p,https://amg00862-amg00862c8-amgplt0173.playout.now3.amagi.tv/playlist/amg00862-amg00862c8-amgplt0173/playlist.m3u8,https://amg00862-amg00862c8-amgplt0173.playout.now3.amagi.tv/playlist/amg00862-amg00862c8-amgplt0173/playlist.m3u8,"1080p; Exact name plus 576/576p/SD/720/720p/M3U/M3U8/HLS across current candidates, IPTV indexes, GitHub repositories/code search, broadcaster pages, regional lists, public stream directories, alternate feeds, and master-manifest renditions","https://iptv-org.github.io/api/streams.json; https://iptv-org.github.io/iptv/index.m3u; https://raw.githubusercontent.com/Free-TV/IPTV/master/playlist.m3u8; GitHub code search and public IPTV repositories; Broadcaster websites and live pages; Public FAST distributions on Rakuten, Xumo, Tubi, Pluto, Samsung TV Plus, Plex, Amagi, Wurl, and Ottera; Web search for exact names, spelling variants, regional feeds, SD/576/720 editions, HLS, and M3U8 references",,No stable responding 576p or 720p rendition with acceptable provenance survived the focused review; the important/current 1080p channel was retained.
Zee Comedy Nation,India,1080p,1080p,https://amg00862-amg00862c5-amgplt0173.playout.now3.amagi.tv/playlist/amg00862-amg00862c5-amgplt0173/playlist.m3u8,https://amg00862-amg00862c5-amgplt0173.playout.now3.amagi.tv/playlist/amg00862-amg00862c5-amgplt0173/playlist.m3u8,"1080p; Exact name plus 576/576p/SD/720/720p/M3U/M3U8/HLS across current candidates, IPTV indexes, GitHub repositories/code search, broadcaster pages, regional lists, public stream directories, alternate feeds, and master-manifest renditions","https://iptv-org.github.io/api/streams.json; https://iptv-org.github.io/iptv/index.m3u; https://raw.githubusercontent.com/Free-TV/IPTV/master/playlist.m3u8; GitHub code search and public IPTV repositories; Broadcaster websites and live pages; Public FAST distributions on Rakuten, Xumo, Tubi, Pluto, Samsung TV Plus, Plex, Amagi, Wurl, and Ottera; Web search for exact names, spelling variants, regional feeds, SD/576/720 editions, HLS, and M3U8 references",,No stable responding 576p or 720p rendition with acceptable provenance survived the focused review; the important/current 1080p channel was retained.
Zee Dil Se,India,1080p,1080p,https://amg00862-amg00862c6-amgplt0173.playout.now3.amagi.tv/playlist/amg00862-amg00862c6-amgplt0173/playlist.m3u8,https://amg00862-amg00862c6-amgplt0173.playout.now3.amagi.tv/playlist/amg00862-amg00862c6-amgplt0173/playlist.m3u8,"1080p; Exact name plus 576/576p/SD/720/720p/M3U/M3U8/HLS across current candidates, IPTV indexes, GitHub repositories/code search, broadcaster pages, regional lists, public stream directories, alternate feeds, and master-manifest renditions","https://iptv-org.github.io/api/streams.json; https://iptv-org.github.io/iptv/index.m3u; https://raw.githubusercontent.com/Free-TV/IPTV/master/playlist.m3u8; GitHub code search and public IPTV repositories; Broadcaster websites and live pages; Public FAST distributions on Rakuten, Xumo, Tubi, Pluto, Samsung TV Plus, Plex, Amagi, Wurl, and Ottera; Web search for exact names, spelling variants, regional feeds, SD/576/720 editions, HLS, and M3U8 references",,No stable responding 576p or 720p rendition with acceptable provenance survived the focused review; the important/current 1080p channel was retained.
Zee Horror Nights,India,1080p,1080p,https://amg00862-amg00862c7-amgplt0173.playout.now3.amagi.tv/playlist/amg00862-amg00862c7-amgplt0173/playlist.m3u8,https://amg00862-amg00862c7-amgplt0173.playout.now3.amagi.tv/playlist/amg00862-amg00862c7-amgplt0173/playlist.m3u8,"1080p; Exact name plus 576/576p/SD/720/720p/M3U/M3U8/HLS across current candidates, IPTV indexes, GitHub repositories/code search, broadcaster pages, regional lists, public stream directories, alternate feeds, and master-manifest renditions","https://iptv-org.github.io/api/streams.json; https://iptv-org.github.io/iptv/index.m3u; https://raw.githubusercontent.com/Free-TV/IPTV/master/playlist.m3u8; GitHub code search and public IPTV repositories; Broadcaster websites and live pages; Public FAST distributions on Rakuten, Xumo, Tubi, Pluto, Samsung TV Plus, Plex, Amagi, Wurl, and Ottera; Web search for exact names, spelling variants, regional feeds, SD/576/720 editions, HLS, and M3U8 references",,No stable responding 576p or 720p rendition with acceptable provenance survived the focused review; the important/current 1080p channel was retained.
Zee South Flix,India,1080p,1080p,https://amg00862-amg00862c9-amgplt0173.playout.now3.amagi.tv/playlist/amg00862-amg00862c9-amgplt0173/playlist.m3u8,https://amg00862-amg00862c9-amgplt0173.playout.now3.amagi.tv/playlist/amg00862-amg00862c9-amgplt0173/playlist.m3u8,"1080p; Exact name plus 576/576p/SD/720/720p/M3U/M3U8/HLS across current candidates, IPTV indexes, GitHub repositories/code search, broadcaster pages, regional lists, public stream directories, alternate feeds, and master-manifest renditions","https://iptv-org.github.io/api/streams.json; https://iptv-org.github.io/iptv/index.m3u; https://raw.githubusercontent.com/Free-TV/IPTV/master/playlist.m3u8; GitHub code search and public IPTV repositories; Broadcaster websites and live pages; Public FAST distributions on Rakuten, Xumo, Tubi, Pluto, Samsung TV Plus, Plex, Amagi, Wurl, and Ottera; Web search for exact names, spelling variants, regional feeds, SD/576/720 editions, HLS, and M3U8 references",,No stable responding 576p or 720p rendition with acceptable provenance survived the focused review; the important/current 1080p channel was retained.
